source_rank,blockchain,earning_address,registered,receiving_base_address,registered_at_ms,registered_at_utc,all_seasons_total_dp,season_1_total_dp,season_2_total_dp,all_seasons_deposit_dp,all_seasons_referrer_dp,all_seasons_referee_dp,source_status,query_status,http_status,attempts,queried_at_utc,error
1,xrpl,rBgUp678tJLr9zr7xZAZaEQ1VSjLAD3xb4,true,0x0796343999a48d4da7f7f451d534a8f1122e5155,1785009652216,2026-07-25T20:00:52.216Z,379461029.03203,343630618.073918,35830410.958112,371934194.355019,7526834.677,0,ok,ok,200,1,2026-08-05T02:31:21.588Z,
2,xrpl,r3RRC1WofhM2EhE4NQgBV5x5DjQ1hCgeEe,true,0x878b91e76d8d35f682a46f698436a2b2632b85ea,1784986887510,2026-07-25T13:41:27.510Z,373353254.312869,278247618.421963,95105635.890906,373353254.312869,0,0,ok,ok,200,1,2026-08-05T02:31:21.779Z,
3,xrpl,rUaD1SAXfjKyaLgyseK3kfwiPUx6wFbfhE,true,0x27206c6c93a396d35c2689211e4d4900a2b5bb1e,1784644414289,2026-07-21T14:33:34.289Z,303030455.784459,228245249.65566,74785206.128799,275483426.104613,0,27547029.679846,ok,ok,200,1,2026-08-05T02:31:21.902Z,
4,xrpl,rhZPsauApniy7KQKpntDYfwz4w862xpHef,true,0x52b4d4ab470a99a61d00dad3de0b9f8d997f67f8,1784637242973,2026-07-21T12:34:02.973Z,239378604.559867,183663124.123581,55715480.436286,239378604.559867,0,0,ok,ok,200,1,2026-08-05T02:31:22.088Z,
5,xrpl,rNULmyNwiKCgsNWNX8H2Tqm1wfn3tJWyXJ,true,0x338631548bdc0800fd5a50cc92d421783abaacf6,1784644233167,2026-07-21T14:30:33.167Z,175127698.501315,167091739.413825,8035959.08749,175127698.501315,0,0,ok,ok,200,1,2026-08-05T02:31:21.954Z,
6,xrpl,r4FXVjJrwtSp3LCt3YFvH5tDLj5fXJJF7D,true,0xd7266bdfe20b53f0255774812d6ab387a27af77e,1784680305656,2026-07-22T00:31:45.656Z,163621238.410622,85299967.598967,78321270.811655,151354289.981098,4756914.37,7510034.059,ok,ok,200,1,2026-08-05T02:31:22.187Z,
7,xrpl,rhgwVeEHt7vgBpEp4mKVvBe3LxRU4pDG8n,true,0x19e24bd38a27ba7eff0a7491e307134e3e19f167,1784673985918,2026-07-21T22:46:25.918Z,161351430.348068,95470634.62111,65880795.726958,161351430.348068,0,0,ok,ok,200,1,2026-08-05T02:31:22.353Z,
8,xrpl,rhuWZw5czyQ6oKBpbUqPma9dFM6zrhbEyE,true,0x76467d7de017b2192b14c96313aeb658708995a9,1784668952805,2026-07-21T21:22:32.805Z,154863070.107339,118847302.726106,36015767.381233,144255069.591660996,3959137.1529,6648863.3627780001,ok,ok,200,1,2026-08-05T02:31:23.156Z,
9,xrpl,rPwPitd8jok5wFd4e6aRDjPAbgskqG7qT6,true,0x84a71d95187364f52b0465ada46e0370ba2685d0,1784782796819,2026-07-23T04:59:56.819Z,128659091.862296,0,128659091.862296,116962810.783913,0,11696281.078383,ok,ok,200,1,2026-08-05T02:31:23.309Z,
10,xrpl,rhZ7qFWrZMqykBJQf32zfFD8ApnMjERjR1,true,0xae4783c3afda170d7b29cee976e1187c6e79fe84,1784896735282,2026-07-24T12:38:55.282Z,120682689.838323,111580546.372868,9102143.465455,114802072.447873999,0,5880617.390449,ok,ok,200,1,2026-08-05T02:31:23.465Z,
11,xrpl,ra1mCow3yCPN8JRnExKXXgQKNnEfWbjzEp,true,0x27206c6c93a396d35c2689211e4d4900a2b5bb1e,1784644759484,2026-07-21T14:39:19.484Z,103833984.279559001327,81083588.305013999343,22750395.974544998258,64366337.329920999706,33236815.627370998263,6230831.322266999632,ok,ok,200,1,2026-08-05T02:31:23.869Z,
12,xrpl,rDeZub9G4X8G3rQEtsrGDnouJdxsUiDu24,true,0xfaf97b50e112bb1044813dcc5b8b0336bfb54742,1784644942580,2026-07-21T14:42:22.580Z,95194194.888669,83556185.8,11638009.085479,60232041.5255570016,28940131.565957999,6022021.797,ok,ok,200,1,2026-08-05T02:31:24.055Z,
13,xrpl,rBiQNvYT9moiQua352bdZt8aox7bXxZ7j6,true,0xdf54b322123811d5aafef1e588e345ba5ae51cc9,1784638280406,2026-07-21T12:51:20.406Z,94877592.388575,67912422.714566,26965169.674009,93843164.812662,1034427.576,0,ok,ok,200,1,2026-08-05T02:31:24.050Z,
15,xrpl,rs6knvLaBxcxwvPRjwayqvvaq4USjt4TLE,true,0xf723bc950fabb459be458c7e85f82dc18d252ae9,1784638592173,2026-07-21T12:56:32.173Z,90754195.854261,63297008.842614,27457187.011647,82503814.412957005,0,8250381.441304,ok,ok,200,1,2026-08-05T02:31:24.098Z,
16,xrpl,rPDKeb4EXGHtx1d8MkJQEnwQgqjYxEKf37,true,0xe79210c952a8944bd6d820ff4e624ed3272aafb4,1784824487542,2026-07-23T16:34:47.542Z,89599088.063036009669,89537561.327866002917,61526.73517,89599088.063036009669,0,0,ok,ok,200,1,2026-08-05T02:31:24.299Z,
17,xrpl,rGxLCDnWrsvq1wpk3iLG3NJ1MJ1w8zoAJz,true,0x7b2bb473d54bd55dc6b0cdbff4520bce96c91deb,1784641307187,2026-07-21T13:41:47.187Z,86564482.49315,20543067.439046,66021415.054104,79460668.721473998,64745.317362,7039068.454314,ok,ok,200,1,2026-08-05T02:31:24.538Z,
19,xrpl,rpywUEGcVySL4QXuCEtuBbM6zAqCFXd1CD,true,0xeb3eabfa281c0c82258941fc8efa76f83f762827,1785257606331,2026-07-28T16:53:26.331Z,80964553.336635,74183025.418452,6781527.918183,73694994.992963,1357.165133,7268201.178539,ok,ok,200,1,2026-08-05T02:31:24.905Z,
22,xrpl,rBsuNnsRB6yBz1FmYQ3T2dVgZXjdrjf5Gw,true,0x76addf75c40177c0e50d80df89d23c4847dbf349,1784723571454,2026-07-22T12:32:51.454Z,72152726.625551,29306307.619902,42846419.005649,65593387.841432,0,6559338.784,ok,ok,200,1,2026-08-05T02:31:25.497Z,
23,xrpl,r3sezzaWzHg4KEjBgKz43FCsFYq4LE76Ah,true,0xb2fa7182a4aad85fd7bcd4fa74097d60fedb37ea,1784647615178,2026-07-21T15:26:55.178Z,70764195.107865,45943557.148646,24820637.959219,63727190.145405,759690.2475,6277314.715,ok,ok,200,1,2026-08-05T02:31:25.739Z,
24,xrpl,r3XSyeXci4Hp51ZR5u1Hd9rYFNG6zhdgiR,true,0x27206c6c93a396d35c2689211e4d4900a2b5bb1e,1784644649511,2026-07-21T14:37:29.511Z,68740973.267557,53969207.738848,14771765.528709,56830789.372664001,6229377.333615,5680806.561278,ok,ok,200,1,2026-08-05T02:31:25.943Z,
26,ethereum,0x4f2dbdb2b1723063344f1d5695cab4eae76aa104,true,0x4f2dbdb2b1723063344f1d5695cab4eae76aa104,1784639768629,2026-07-21T13:16:08.629Z,68178772.892919,0,68178772.892919,3146766.4499240057,64402653.153013,629353.29,ok,ok,200,1,2026-08-05T02:31:26.339Z,
27,xrpl,rYAYM2Jwm4YwSB5sHWwE5vN2YeN7Lxief,true,0x30d63d9e30f424f067d640e46663c97a554cbc01,1785263078906,2026-07-28T18:24:38.906Z,54302139.573049,31880726.721904,22421412.851145,54302139.573049,0,0,ok,ok,200,1,2026-08-05T02:31:26.538Z,
28,xrpl,rHaeBYRmtHxZRhMAdeUMpeDrTdf2QGu8Xt,true,0xa6088b87759c7b8747f8c6634b4c6fb3e1d6094e,1785265046108,2026-07-28T18:57:26.108Z,53905316.993409,31483465.372796,22421851.620613,53905316.993409,0,0,ok,ok,200,1,2026-08-05T02:31:26.734Z,
31,xrpl,rwVvWq9SQGVuLYBzjCpQygV7sDfCKjKVNu,true,0x0c20d9c872475fa722876c90459bb387c56a2ecb,1784726375550,2026-07-22T13:19:35.550Z,49728844.169227,29859700.885751,19869143.283476,49728844.169227,0,0,ok,ok,200,1,2026-08-05T02:31:27.345Z,
32,xrpl,rJ3aSqKTj8shjZaoZqiSM1yxQQe3f2bDtf,true,0x9c0202c7d0008bf8ca42b885543480cde820c788,1784671537941,2026-07-21T22:05:37.941Z,48883563.420914,36011220.183808,12872343.237106,44725257.649767999,166030.599256,3992275.17189,ok,ok,200,1,2026-08-05T02:31:27.546Z,
34,xrpl,rn9ywUXWQ8LJTiCmfmuECH2C7sdez3RVR6,true,0xa4acdace5b8a39eb2f900a8a0e333082525d70e1,1784795863958,2026-07-23T08:37:43.958Z,46306071.203247003257,21365606.881808001548,24940464.321439001709,39651820.889989003539,706486.985898999963,5947763.327359000221,ok,ok,200,1,2026-08-05T02:31:27.945Z,
35,xrpl,rpamw7orxhuDm3MApXtXBtvaAB5vKanFuU,true,0x8a2d12cf5c93631ecd558df8e8e0d1317a46fb35,1784641109701,2026-07-21T13:38:29.701Z,44445962.101105003,25214416.358604003,19231545.742501,38648945.994315006,0,5797016.10679,ok,ok,200,1,2026-08-05T02:31:28.155Z,
36,xrpl,rKGkSUDaWS7JaaEWfCCrPQXKJdVnUnYJ6c,true,0x5f405b8e0d066ac97ffaf9bdbffe0596b1416054,1784721711038,2026-07-22T12:01:51.038Z,43836037.527352,35605022.856964,8231014.670388,43836037.527352,0,0,ok,ok,200,1,2026-08-05T02:31:28.345Z,
37,xrpl,rDXc287ggtcrsmtpJxXRJnWqwhCgqA5j4d,true,0xfcc81ebf56841258cf027d823e5cfdc50f4e659a,1784728745203,2026-07-22T13:59:05.203Z,43108963.058193,26378769.201175,16730193.857018,35140962.480314,4675099.8890130003,3292900.688866,ok,ok,200,1,2026-08-05T02:31:28.583Z,
40,xrpl,rByPjW3ENx7yPgJpwStdPNotv3K9SJqAMc,true,0xd3b877c0afe99e760e5596b1520fd00cf568b4e7,1784767621483,2026-07-23T00:47:01.483Z,39506469.928309,22274423.45608,17232046.472229,39506469.928309,0,0,ok,ok,200,1,2026-08-05T02:31:29.153Z,
41,xrpl,rpGi4ydGnXypYkDWkGwhfjTMc2LMq4BVXF,true,0x663f5fe05233acedaf5e4876d3ad01de46991318,1784684218883,2026-07-22T01:36:58.883Z,38711713.828375,30623679.26396,8088034.564415,31951462.908609002,3565220.891894,3195030.027872,ok,ok,200,1,2026-08-05T02:31:29.388Z,
49,xrpl,raFPmtVeJ9pXha3jPyJ2mhzWvRzeGixZMS,true,0x5471c5c88134b32a2e56b98b493f934098b50edc,1784683320441,2026-07-22T01:22:00.441Z,37573098.788391,29216778.673582,8356320.114809,34157362.534875998,0,3415736.253515,ok,ok,200,1,2026-08-05T02:31:31.028Z,
50,xrpl,rB1fmCwtMLxMFD3juQ8P5D3Drs1i92QHnQ,true,0x79bcb20738663cdbc48185af2e15492f00acda5d,1784646040787,2026-07-21T15:00:40.787Z,37002119.972872,22345995.699865,14656124.273007,33672459.105236,0,3329660.868,ok,ok,200,1,2026-08-05T02:31:31.211Z,
51,xrpl,rHCEV2MrLusTdWuqT3WQPM5wmt8Zd1XeW2,true,0xc1b3c2bcf4a51257e2bd5f0ef01826aa07fa0ed7,1784640053875,2026-07-21T13:20:53.875Z,36596370.144889,3215681.283843,33380688.861046,36596370.144889,0,0,ok,ok,200,1,2026-08-05T02:31:31.412Z,
53,xrpl,rhuBJXngRnHzgA5jiNZoUVwd66Pe8v894Q,true,0x2d1f95beb2a6c7e163b70756b18d03db1fcd7a6a,1784985863828,2026-07-25T13:24:23.828Z,35687625.296659,0,35687625.296659,35687625.296659,0,0,ok,ok,200,1,2026-08-05T02:31:31.811Z,
54,xrpl,rK2xGSg1sUuq4iReimigVf5vpTgT9TmhwF,true,0xca09d3e2ece2b05b3058f07678828ae8bdb0845c,1784653989620,2026-07-21T17:13:09.620Z,33804543.670845,25309410.656769,8495133.014076,33804543.670845,0,0,ok,ok,200,1,2026-08-05T02:31:32.011Z,
56,xrpl,rJBmiqkFVDEVXXKay84qmbdcWvFMwJ8BdB,true,0x5cababe9fb9d47c53be7619285f9702d70965f6b,1784902174752,2026-07-24T14:09:34.752Z,32507001.517966002,23914865.396668002,8592136.121298,31575577.917908002,463427.66928800003,467995.93077,ok,ok,200,1,2026-08-05T02:31:32.416Z,
57,xrpl,rDp1h3FLepyALKLSmGLvbCiNsJCkxNecCs,true,0xfcc81ebf56841258cf027d823e5cfdc50f4e659a,1784728882907,2026-07-22T14:01:22.907Z,31877064.090394998,13022497.511435,18854566.578959998,28979149.173158997,0,2897914.917,ok,ok,200,1,2026-08-05T02:31:32.628Z,
58,xrpl,rGDEfD5DA8naSx9jy3iUwpxncrv23TGP7N,true,0xe027b87e116aab1ea608de1e1489f7c6d1bfb9f8,1784680736046,2026-07-22T00:38:56.046Z,31729986.265891,2665079.102513,29064907.163378,22103764.978031,7512938.307455,2113282.980405,ok,ok,200,1,2026-08-05T02:31:32.816Z,
59,xrpl,rJjoM3ZSp2tt4rMDW3z4zthKCNVX7Mgzjn,true,0x5cababe9fb9d47c53be7619285f9702d70965f6b,1784901902204,2026-07-24T14:05:02.204Z,31618879.323146,23025132.252336,8593747.07081,30538433.948704,617017.705154,463427.66928800003,ok,ok,200,1,2026-08-05T02:31:33.029Z,
60,xrpl,rfuidaEGqnnjxzoeJrvCt42GHhnARnbhvm,true,0xad1f6a12f59ede17b709f560f464981c3c34aead,1784637264739,2026-07-21T12:34:24.739Z,31603749.399275001138,0,31603749.399275001138,28068839.126509003341,728026.360123999999,2806883.912641999777,ok,ok,200,1,2026-08-05T02:31:33.228Z,
62,xrpl,rMUy7Lz6vXMQYzvehSfVCdwvrGgkTPcsK6,true,0xa09702df4754ed369ef4c003da4582c25a29fd19,1784707515115,2026-07-22T08:05:15.115Z,30870768.036252,10335358.877062,20535409.15919,27398398.938759,748238.029194,2724131.068299,ok,ok,200,1,2026-08-05T02:31:33.633Z,
63,xrpl,rsCrfHvqU544u7qakondAojAPyfMqtr5hY,true,0x4f3046c4a371a6ae0f4fbb151e62d9db02c3caba,1784806755540,2026-07-23T11:39:15.540Z,30847786.8350959979,18658168.725258998573,12189618.109836999327,30847786.8350959979,0,0,ok,ok,200,1,2026-08-05T02:31:33.853Z,
64,xrpl,rECss31jATQVjThCKLsATdEydfg7whjh3z,true,0xc758cd6a39a8eb18e98df2a4f38dc8ac72742994,1785027398316,2026-07-26T00:56:38.316Z,30808758.053637,1643580.834,29165177.220021,27734469.552239998,412119.2328,2662169.269,ok,ok,200,1,2026-08-05T02:31:34.052Z,
65,xrpl,rngzNiMZePQFgqqgRcHqP3Gh7R1bBvMn29,true,0xc029c9c68335acd7087c329206003954d2590ad3,1785096602983,2026-07-26T20:10:02.983Z,30592187.314414,23733222.561745,6858964.752669,30592187.314414,0,0,ok,ok,200,1,2026-08-05T02:31:34.262Z,
66,xrpl,rHFzzMQUQYomQ5vkCGRPe2x9PYzNGhgDDq,true,0xa4831d804c1b87121bdc2c75cb234ee548d04d75,1784680552274,2026-07-22T00:35:52.274Z,29112121.868557,0,29112121.868557,26465565.335024,0,2646556.533533,ok,ok,200,1,2026-08-05T02:31:34.456Z,
67,xrpl,rEacm7X6sF5ioxbreuX46s3uKvCSSLQjeY,true,0x32ebb56c577be0dff5efec557e60c9aeb76822f2,1784643785333,2026-07-21T14:23:05.333Z,28797137.820172003,21011306.748563003,7785831.071609,26397748.351163,181998.975326,2217390.493683,ok,ok,200,1,2026-08-05T02:31:34.659Z,
68,xrpl,rwG3Fo3f3hyjp9wwbLJLWwiobonpgQBswA,true,0xc97d57c9b287835f735d0c51145cf7d0310f838b,1784639669821,2026-07-21T13:14:29.821Z,28587043.1089299999,27973576.31266,613466.7962699999,28587043.1089299999,0,0,ok,ok,200,1,2026-08-05T02:31:34.853Z,
69,xrpl,rUv4X1NEcqA6rtnd8DjiYycSCDYVrn1Tc8,true,0x96095d01d40b4f8c6e33a7d4f888cc2d320537cc,1784701824733,2026-07-22T06:30:24.733Z,27798820.295338,16130725.085743,11668095.209595,3538575.95128000005288,23906701.058119,353543.285939,ok,ok,200,1,2026-08-05T02:31:35.075Z,
71,xrpl,rra3X4fYVLkTv9sy3kVxCYdL5oYmDTtetM,true,0x6d66b68ac2b09f6f0a727105778e452dc55cbd1c,1784806675878,2026-07-23T11:37:55.878Z,26921401.18953999877,24792443.579753000289,2128957.609786999878,26921401.18953999877,0,0,ok,ok,200,1,2026-08-05T02:31:35.473Z,
72,xrpl,rEZDzFEwgF2uJ3QZ89p6n2StAFaCcfKe5P,true,0xf5b556db02f5053d9a7cdf5ddeb2a140f35cc9c4,1784636911662,2026-07-21T12:28:31.662Z,26412057.474118999,10363002.420671,16049055.053447999,26401990.755479,10066.718640000001,0,ok,ok,200,1,2026-08-05T02:31:35.659Z,
74,xrpl,rpzox9WmmAY5EhG4p2KjWgqAvtCczDHJWq,true,0x92771256fdb01c0ddf86d18f6def572b34e61906,1784726235702,2026-07-22T13:17:15.702Z,25994994.492936000228,18147402.590397998691,7847591.902537999675,25994994.492936000228,0,0,ok,ok,200,1,2026-08-05T02:31:36.053Z,
75,xrpl,razvfQF7cCGo7ZaMNyiiaeJDNFoU1W2hH,true,0x12de74113e4b7cabafddb2fdd96341acc59f4e68,1784772450265,2026-07-23T02:07:30.265Z,24864608.050027,0,24864608.050027,22604189.136408,0,2260418.913619,ok,ok,200,1,2026-08-05T02:31:36.272Z,
76,xrpl,rsUpBoEi6i5YvqASMZqSwEHD9UfQ9qRjem,true,0x4efbb9981e76bbc260da1a629619c736852d2fcf,1784644780735,2026-07-21T14:39:40.735Z,24774077.903198,19133470.158555,5640607.744643,24774077.903198,0,0,ok,ok,200,1,2026-08-05T02:31:36.466Z,
77,xrpl,rpRifGzBVDxw6VG2DUk7FS9TywU4ypx6zY,true,0xfcc81ebf56841258cf027d823e5cfdc50f4e659a,1784728860300,2026-07-22T14:01:00.300Z,24700641.70386,16206170.484937,8494471.218923,19629288.9070499985,3293745.334713,1777607.462097,ok,ok,200,1,2026-08-05T02:31:36.672Z,
78,xrpl,rLxa9UaYRCSauhhTjFyGJrdD5NARCbB7rB,true,0xb022d4be0908305104f41697232b8aa9bb652fcb,1784960463949,2026-07-25T06:21:03.949Z,23961783.03427,8450678.338988,15511104.695282,23961783.03427,0,0,ok,ok,200,1,2026-08-05T02:31:36.863Z,
79,xrpl,rMEG83XR9WaePCFXTfzfTgXPodhp4F4BrD,true,0x5ed50983f763b3cd288acf6557e081a882416771,1784647741810,2026-07-21T15:29:01.810Z,23699085.223475,16765892.300396,6933192.923079,23699085.223475,0,0,ok,ok,200,1,2026-08-05T02:31:37.092Z,
80,xrpl,rDwjT7wqS3EwEwBD7oJ6uD5ed1emDCYSBd,true,0x4a09c2a642e7a0a4f2a5f3864acdd2cd4e43aecb,1785226039710,2026-07-28T08:07:19.710Z,23486310.183261,11443319.260589,12042990.922672,23486310.183261,0,0,ok,ok,200,1,2026-08-05T02:31:37.308Z,
83,xrpl,rBoGf3bMt17Vkwxn48j6zGBnEvucFdLzgj,true,0x79bcb20738663cdbc48185af2e15492f00acda5d,1784646282913,2026-07-21T15:04:42.913Z,23080528.719169,9907045.413,13173483.305841,23080528.719169,0,0,ok,ok,200,1,2026-08-05T02:31:37.900Z,
85,xrpl,rfG3CGdvgtntPLimGzpKa4jRmtRjgpXqsh,true,0x6fd4dbd24d96e8631654728ed646bc554471d0db,1784647507102,2026-07-21T15:25:07.102Z,22655862.880719,10762984.866733,11892878.013986,22655862.880719,0,0,ok,ok,200,1,2026-08-05T02:31:38.312Z,
86,xrpl,rUjqWAsbSvdU2psWcizkUEcvWo4FJ2Q9U9,true,0xdb7002325e2f50a7baac7d5ab3d40a6b62463bcf,1784712548956,2026-07-22T09:29:08.956Z,22263358.036573,13519366.935411,8743991.101162,20389005.118238,0,1874352.918335,ok,ok,200,1,2026-08-05T02:31:38.499Z,
87,xrpl,rwbUoJUovQ5cQ89NeFwyMwGTBtZVqrz5Dd,true,0x338631548bdc0800fd5a50cc92d421783abaacf6,1784643494204,2026-07-21T14:18:14.204Z,20803873.979570999742,0,20803873.979570999742,20803873.979570999742,0,0,ok,ok,200,1,2026-08-05T02:31:38.713Z,
89,xrpl,rM2LJLhwdQRxXE3HjfgxR9YSkhdK1SMMtv,true,0x54b9a69e7b8da1466209bfb42bc58ffa16c91771,1784787584657,2026-07-23T06:19:44.657Z,20731695.588389,15320347.906194,5411347.682195,19314925.370649,0,1416770.21774,ok,ok,200,1,2026-08-05T02:31:39.123Z,
90,xrpl,r94f4HeBwpco6WDVamrWXaJCUuSt1NhtGJ,true,0xa2097aeb6270f72929dbf0131dd4e5053bb26e04,1784643832856,2026-07-21T14:23:52.856Z,20495101.550778,14583915.023643,5911186.527,20495101.550778,0,0,ok,ok,200,1,2026-08-05T02:31:39.331Z,
92,xrpl,rPHsKXEAy4FWHg2pCYdw2NNRT9VoEqQWLB,true,0xd9ac832fb3204ea41e342e69206ec775caf7d641,1784647295022,2026-07-21T15:21:35.022Z,20334040.061266,6668946.019187,13665094.042079,19934411.253428,399628.807838,0,ok,ok,200,1,2026-08-05T02:31:39.711Z,
93,xrpl,rfvYB7ZgB3BwwZsUBiAUGmUtwtjJcqm6JD,true,0x10b0bcca3bcbcc766a25922ccfdd6c44b279f3a0,1784658076531,2026-07-21T18:21:16.531Z,20087753.725613,15069246.648442,5018507.077171,20087753.725613,0,0,ok,ok,200,1,2026-08-05T02:31:39.936Z,
95,xrpl,rpXoWhds14zJsBAPp7CD85ZmG3YMtRYvig,true,0xd666fcc6feba608695631d29549032066f0df751,1784643669403,2026-07-21T14:21:09.403Z,20011518.389220997691,14439049.307455999777,5572469.081764999777,18590566.435809999704,0,1420951.953411000082,ok,ok,200,1,2026-08-05T02:31:40.349Z,
96,xrpl,rGrVV48CxsrsJpkXKXqJFr84uZjCcL3G6h,true,0x8ea32c5cd13f878b418b72b7d19cdfeb75e56f96,1784669653132,2026-07-21T21:34:13.132Z,19971460.050853,4011384.674516,15960075.376337,18445600.004102,596931.929041,928928.11771,ok,ok,200,1,2026-08-05T02:31:40.532Z,
97,xrpl,rfrzV8NCiJrbAvcryXX17yqmLCiop7dm6s,true,0xbe58ccef0dd486d45204290e19407f7b88ca40d5,1784642956258,2026-07-21T14:09:16.258Z,19581731.416274,10946734.929068,8634996.487206,15928049.203557999,2140020.0434370001,1513662.169279,ok,ok,200,1,2026-08-05T02:31:40.751Z,
98,xrpl,rhkDzb39YmaZJwRDhJRQrUiGfcZJaEbZYZ,true,0x0185c899a945b3957f67647aa8b36dd591f921f5,1784800844651,2026-07-23T10:00:44.651Z,19277953.372015999,13222039.310557,6055914.061458999,17578510.798806999,0,1699442.573209,ok,ok,200,1,2026-08-05T02:31:40.967Z,
99,xrpl,rB9FwiL6DixToZRw2HNkQM2UTURVPZQqCm,true,0xa288b2e5e68ad23a15893cbd0de563b9b7739b20,1785168493266,2026-07-27T16:08:13.266Z,19188445.8509630031,18206250.332746003,982195.5182170001,13980978.92221300301368,5207466.929,0,ok,ok,200,1,2026-08-05T02:31:41.176Z,
100,xrpl,rGzR5NDkcy8ipcYGf3AYatz4cPdkhTGRCV,true,0x2391f49bd8d5860b7dc39f521a00998195ce5fcf,1784862889593,2026-07-24T03:14:49.593Z,18966850.149078,14614390.652547,4352459.496531,18966850.149078,0,0,ok,ok,200,1,2026-08-05T02:31:41.359Z,
101,xrpl,rUpLMzth1rGttKB5E5CH8aLSDJeD8fMuPt,true,0x55055f0efe364d103c43bb84af01219b0fd356b4,1784753940836,2026-07-22T20:59:00.836Z,18719151.57727399841,13664012.974022999406,5055138.603250999935,17028970.381790999323,0,1690181.195483000018,ok,ok,200,1,2026-08-05T02:31:41.546Z,
102,xrpl,rPGDxkTcCo6Wkq6jLwsA4o4pfP7dLgdVK1,true,0xdcb272d0046f55be87b80323a33b835a605320e1,1784702149565,2026-07-22T06:35:49.565Z,18589039.038027,11837604.989567,6751434.04846,16899126.398202,0,1689912.639825,ok,ok,200,1,2026-08-05T02:31:41.775Z,
103,xrpl,r4pAprYdduxQxNLutp2XhyEvphwYSdFypK,true,0x6c029a2ad992b325619659046808912a38a214b2,1784638773482,2026-07-21T12:59:33.482Z,18434994.065624,18137164.789613,297829.276011,17903085.9926340029725,531908.07299,0,ok,ok,200,1,2026-08-05T02:31:41.974Z,
108,xrpl,rnkUQror22D5SuLiV2fdqDZjYnzBvdJ9bu,true,0xeb9d38a57535702b1a2d2b3c70573f58359ba304,1784912279425,2026-07-24T16:57:59.425Z,17339234.109912,14076768.226088,3262465.883824,17339234.109912,0,0,ok,ok,200,1,2026-08-05T02:31:42.981Z,
109,xrpl,rPPQZ9aRVqY7Wt3Kc3bx33EUYxRMjYwpLu,true,0xba4d8b4e3425b0dc658605f67b673c3ccae47bd4,1784726623576,2026-07-22T13:23:43.576Z,17219313.322274,0,17219313.322274,2935310.019424,13990472.300963,293531.001887,ok,ok,200,1,2026-08-05T02:31:43.156Z,
110,xrpl,rBqwJfXbJc7BbUJrQDjePvSYfwYasQxtNJ,true,0xf723bc950fabb459be458c7e85f82dc18d252ae9,1784639041342,2026-07-21T13:04:01.342Z,17126080.619902,14631190.979109,2494889.641,7744591.5857300008605251312,8249163.168,1132325.866,ok,ok,200,1,2026-08-05T02:31:43.382Z,
112,xrpl,r4VeTMJHJstk8eUzmwhGJ11MVoVg3ith8K,true,0x0c942177451bcdc35a6baace48e603ba2d3d1b12,1784791520438,2026-07-23T07:25:20.438Z,17034128.583582,10771493.786124,6262634.797458,17034128.583582,0,0,ok,ok,200,1,2026-08-05T02:31:43.783Z,
113,xrpl,r49Jfo8aQUJH8A3qDTpehuLZbdKEEReUdD,true,0x32e8c066eeede83282cd6e04bec406b055d9521e,1784775790485,2026-07-23T03:03:10.485Z,16634461.649258,5967272.386869,10667189.262389,16634461.649258,0,0,ok,ok,200,1,2026-08-05T02:31:43.992Z,
114,xrpl,r34SvwHcLirCtnF3zDusaiFkhWM3xVrWWC,true,0x03b239c1502e447fdc19757ae4ef35bb5cac523a,1784677629429,2026-07-21T23:47:09.429Z,16590753.867113,11416934.293039,5173819.574,16590753.867113,0,0,ok,ok,200,1,2026-08-05T02:31:44.176Z,
116,xrpl,rfJK5p8iBYYCjQD2P5Zdrw2rc741aRt8tK,true,0x2d7d2d0021b5ec7b54ec9e2209adce82634bbe4b,1784695973891,2026-07-22T04:52:53.891Z,15899497.970993999392,9795260.761021999642,6104237.20997199975,15899497.970993999392,0,0,ok,ok,200,1,2026-08-05T02:31:44.609Z,
117,xrpl,rHxcqu52aanSehhCibCpmfKXqiFEDMKQXa,true,0xc81bd18aa9a5cba42ea79501242808d51d2fcf35,1785243779170,2026-07-28T13:02:59.170Z,15805723.660156,11452404.218273,4353319.441883,15805723.660156,0,0,ok,ok,200,1,2026-08-05T02:31:44.816Z,
118,xrpl,rN2b4Nq4XsEj99JyrPLjdN6inWbNjSQHDe,true,0xdf54b322123811d5aafef1e588e345ba5ae51cc9,1784637945204,2026-07-21T12:45:45.204Z,15786908.900963,0,15786908.900963,14752426.676971,0,1034482.223992,ok,ok,200,1,2026-08-05T02:31:45.010Z,
119,xrpl,rwuZnotJ2u5vXhFK2jfUf7KeBAx98nEtmK,true,0x65ceb1fbf9dd2adb49892f51b6ca8bde0d3cab50,1784640051525,2026-07-21T13:20:51.525Z,15734717.596679998562,4825632.112441999838,10909085.484237998724,14771290.206672998145,372303.435934000008,591123.954073000001,ok,ok,200,1,2026-08-05T02:31:45.227Z,
129,xrpl,rsB8VW4U9WgLtNEdxqxt15SthLuv6ANomd,true,0xe79210c952a8944bd6d820ff4e624ed3272aafb4,1784824151072,2026-07-23T16:29:11.072Z,14892637.129557,0,14892637.129557,14892637.129557,0,0,ok,ok,200,1,2026-08-05T02:32:25.697Z,
130,xrpl,rEqEfeu4xcU5UPDTiWBfRKZ8gntGsD7Awg,true,0xce5ca792dad0ec6e1a72d3016219c2da24ab1b87,1785248698049,2026-07-28T14:24:58.049Z,14851383.329099,0,14851383.329099,14851383.329099,0,0,ok,ok,200,1,2026-08-05T02:32:25.879Z,
131,xrpl,rMoi9TB9TXvWRa8EaKACc1i4GWGZY7qv9a,true,0x962829767aba797c02a0ef03aeafd07dd44a2daf,1784642749797,2026-07-21T14:05:49.797Z,14627499.886064,12608187.618042,2019312.268022,14627499.886064,0,0,ok,ok,200,1,2026-08-05T02:32:26.098Z,
132,xrpl,rBZYzm4DqD9FM6PPKK8Uj1VjXiy5y1v6sP,true,0x501cecbada313ea1c35292c77e166dd9a243cb52,1784678714783,2026-07-22T00:05:14.783Z,13858257.066044,6274173.435,7584083.631,13357461.89,54741.87052,446053.3097,ok,ok,200,1,2026-08-05T02:32:26.295Z,
133,xrpl,rBJYwt9QqDMqxKQ8Fa8UW3Y8f9hHFLnjdo,true,0x02f5109b97591a7dd17e0f2a01e0a57a34addefd,1784647452833,2026-07-21T15:24:12.833Z,13831441.365457,0,13831441.365457,12627831.812339,0,1203609.553118,ok,ok,200,1,2026-08-05T02:32:26.896Z,
138,xrpl,rGgYVcq4DhtE355FToz16ZUWFu8AmT1ysD,true,0x4ac899415e173866fc66f908df9e2cecccf6db55,1784731830792,2026-07-22T14:50:30.792Z,13498914.311306,11918611.152184,1580303.159122,12411547.630412,111167.600452,976199.08044200002,ok,ok,200,1,2026-08-05T02:32:27.917Z,
140,xrpl,rfy9jK3L7SzHZxaEsHAiwVk1AJDPdhFjwA,true,0x4963a74477e288218ddb71ae58458ad8680ab363,1784996245714,2026-07-25T16:17:25.714Z,13294806.081297,9899294.369113,3395511.712184,12212454.6715930007,0,1082351.409704,ok,ok,200,1,2026-08-05T02:32:28.321Z,
142,xrpl,rayKhiVDxuu46bBsrgwNXC2LYZoahsV6Yh,true,0x8614c23cc4cdda62224904b7868c06629d4e8df6,1784856376408,2026-07-24T01:26:16.408Z,13175527.764971,9208552.126038,3966975.638933,13175527.764971,0,0,ok,ok,200,1,2026-08-05T02:32:28.727Z,
143,xrpl,rUkc7ECz4zVVTJFnQuefHnds6A2mun7tEi,true,0x1e8428282924c7480017976ea412ffcf7a571026,1784940848583,2026-07-25T00:54:08.583Z,13125600.6727790003,10202740.978517,2922859.6942620003,13125600.6727790003,0,0,ok,ok,200,1,2026-08-05T02:32:28.917Z,
144,xrpl,rB6XqmuuJa9xd1wbS7A8w9TYX8pLABZrPY,true,0xca31e628218e70c7fc1b3202a984ec029c157570,1784652331489,2026-07-21T16:45:31.489Z,12943085.049419,5842391.530672,7100693.518747,12943085.049419,0,0,ok,ok,200,1,2026-08-05T02:32:29.136Z,
145,xrpl,r3DZomLTxSJGNxtHRwWxNeEEF2cpEBTDkX,true,0x21728bae85dabbe3d7ef43e58dc43450e884062d,1784679117687,2026-07-22T00:11:57.687Z,12919204.568410999,4652823.454,8266381.114712999,12412728.225611999,31684.14309,474792.1997,ok,ok,200,1,2026-08-05T02:32:29.317Z,
147,xrpl,rU42koyoCNoqnrjPVZqizqawyyEkF9ex8B,true,0x76addf75c40177c0e50d80df89d23c4847dbf349,1784723775680,2026-07-22T12:36:15.680Z,12693029.571164,9414746.702197,3278282.868967,11208450.1954450015,743265.226876,741314.148843,ok,ok,200,1,2026-08-05T02:32:29.740Z,
148,xrpl,rLJW698QaF3bGm7SkkN1nm1rRKPJ1ZXj5Z,true,0x61de98e5f4ece243ca23e4bf08bae61dce4af7a8,1784642974614,2026-07-21T14:09:34.614Z,12584102.820720001,2971137.632852,9612965.187868001,6009344.618600002,6370205.640125999,204552.561994,ok,ok,200,1,2026-08-05T02:32:29.945Z,
149,xrpl,rhrSB4y6paV7Sz46qhCLme7vDSvdyCBMSv,true,0x114d59a07589d3a6c3cc66dc9f286e1752a531e4,1784698354172,2026-07-22T05:32:34.172Z,12550467.196612,0,12550467.196612,11739374.226704001,0,811092.969908,ok,ok,200,1,2026-08-05T02:32:30.131Z,
151,xrpl,raGPEysUA2kDA3LHxm7gqdzkHmkFH4W52y,true,0x1328208f82d86083ae0c5419d61c285bedf89c14,1784674312475,2026-07-21T22:51:52.475Z,12239282.972539,0,12239282.972539,11151446.882826,0,1087836.089713,ok,ok,200,1,2026-08-05T02:32:30.536Z,
152,xrpl,r9KNdRhv4cKGsA3c9r4gHGFJYzT1m89kU7,true,0xa0ca0524705b796ae118464b64b5a4333fc006be,1784694104531,2026-07-22T04:21:44.531Z,12201084.912012,9379674.031,2821410.881,12201084.912012,0,0,ok,ok,200,1,2026-08-05T02:32:30.752Z,
154,xrpl,rNo1GKwGq1YPoegTSC8XAY4cmCaSryT3bM,true,0x599476726620b594e80cdbd5466a8e2beaee4f67,1784636596766,2026-07-21T12:23:16.766Z,12015014.255343,6173524.904208,5841489.351135,11657428.102972999,0,357586.15237,ok,ok,200,1,2026-08-05T02:32:31.155Z,
157,xrpl,rw2HWgcCDKbo1QsXsLS5stjriHAxmUyBMK,true,0xc8d603150bf1bfb1782f0167e6065a083cf7a1ec,1784808056295,2026-07-23T12:00:56.295Z,11835265.115824999288,1932745.300322999945,9902519.81550199911,11835265.115824999288,0,0,ok,ok,200,1,2026-08-05T02:32:31.763Z,
158,xrpl,raUUUEnFRQttHhLNQwC3ioTj3aq1fpjj2F,true,0x591f226fb4ecee74f3ad4675efd47cc3c5e848f2,1784716625809,2026-07-22T10:37:05.809Z,11765814.47877600044,0,11765814.47877600044,10789164.765875000507,0,976649.71290100005,ok,ok,200,1,2026-08-05T02:32:31.957Z,
159,xrpl,rwpg6dHtiydd5M57Pwzz9vdJ2Xo45FZKWN,true,0x8df9a299ab154b11dc4af97c8fc509b9ea529db8,1784858354302,2026-07-24T01:59:14.302Z,11686553.135797,7227688.865658,4458864.270139,11686553.135797,0,0,ok,ok,200,1,2026-08-05T02:32:32.171Z,
160,xrpl,ra2xeWKs3BV2cHDDcdWiydcVV3hatS1VDL,true,0xc7ccb50c2d46ada42d4b015dde28271698fa06c5,1784677881714,2026-07-21T23:51:21.714Z,11547272.45352,9546698.835539,2000573.617981,11547272.45352,0,0,ok,ok,200,1,2026-08-05T02:32:32.372Z,
161,xrpl,rNnYqXjjDnuT1n3RxZeimJts6BdaV1VnK3,true,0x5663e4672375a32b65a207d81a83352eb830e064,1784636772024,2026-07-21T12:26:12.024Z,11273628.072235,0,11273628.072235,7743010.4372459985,2803308.614647,727309.020342,ok,ok,200,1,2026-08-05T02:32:32.575Z,
163,xrpl,rBybuUgJyEamTZwWVvVYapEw7PX4xtB3PV,true,0x8b8291f4d43cd878ec58cf1136af321d4dda4756,1784639809638,2026-07-21T13:16:49.638Z,11242983.050954,0,11242983.050954,11242983.050954,0,0,ok,ok,200,1,2026-08-05T02:32:32.971Z,
164,xrpl,rUqCrxQovm9pt5E6aaKpTweS3ixxwHPNYZ,true,0xa99e62e106ebc441b6359b7d89424228e59e6a48,1785039419550,2026-07-26T04:16:59.550Z,11241106.065155,45600.761964,11195505.303191,11241106.065155,0,0,ok,ok,200,1,2026-08-05T02:32:33.184Z,
165,xrpl,rUAk1x3GyXZTXrCSigDiQ7Q8nNAvNp911n,true,0x9ebd931fc653f0725051157a1b8dc2152e09a029,1784710781042,2026-07-22T08:59:41.042Z,11185756.810394000262,8593009.472715999931,2592747.337677999865,10141121.655722001567,41238.290947000001,1003396.863725000061,ok,ok,200,1,2026-08-05T02:32:33.389Z,
166,xrpl,r9V4pTbiauKC47LXt56NetD8GAjiomECzK,true,0xa0be6e7f9b35914fce5a45a8c9a0ac2d4051a941,1784642118292,2026-07-21T13:55:18.292Z,11106984.263313,6328963.894,4778020.37,10469376.470855001,0,637607.7925,ok,ok,200,1,2026-08-05T02:32:33.584Z,
167,xrpl,rBRLWPf2eTmwSHeh7NewzzURgWTQ8KB9w,true,0x8ea32c5cd13f878b418b72b7d19cdfeb75e56f96,1784669736491,2026-07-21T21:35:36.491Z,11091851.630383,2523026.915,8568824.715,9714071.4329899995,928606.2354,449173.962,ok,ok,200,1,2026-08-05T02:32:33.796Z,
169,xrpl,rhJ2qo8mwWfSvMKQdE28P2Y54azhcGCaxW,true,0x179cebb70d1eabe3926a03067e3e73dd6cb38fc8,1784893024352,2026-07-24T11:37:04.352Z,11043971.132524,9461864.256227,1582106.876297,11043971.132524,0,0,ok,ok,200,1,2026-08-05T02:32:34.184Z,
170,xrpl,rhXe1Y8jGKNFpsxTsFdzLLfAxVyRcRLHZd,true,0xf47c30c858516fbf4fff0d4b41f6db0586d9504e,1784640885562,2026-07-21T13:34:45.562Z,11042719.912063,10859486.152873,183233.75919,11042719.912063,0,0,ok,ok,200,1,2026-08-05T02:32:34.396Z,
171,xrpl,rpocusZ8xm1RokFnjobxo4hy2o1CtV1GY4,true,0x93d46570db19afdd9f5aa60faed5fd49c35e0214,1784712664258,2026-07-22T09:31:04.258Z,11032611.223977,7474689.980065,3557921.243912,11032611.223977,0,0,ok,ok,200,1,2026-08-05T02:32:34.582Z,
172,xrpl,rfgJnLg1sxzS5gRKMbQHjwd5M4qgPsjGnd,true,0xf0f253dc93f67399b18378f831a63118662b0095,1784647207347,2026-07-21T15:20:07.347Z,10868989.596825,10587333.217117,281656.379708,10868989.596825,0,0,ok,ok,200,1,2026-08-05T02:32:34.795Z,
173,xrpl,rN6Whhdtk519XXRBG9yysJS8E4rAdmbpdZ,true,0x1fc2d7241ef3692167dd0f66a52ebf5730345563,1784679553684,2026-07-22T00:19:13.684Z,10764651.964512,4811189.786118,5953462.178394,10764651.964512,0,0,ok,ok,200,1,2026-08-05T02:32:34.996Z,
175,xrpl,rajQGCYdTV5wBEaDcCk1YAtLQNnyXKGFhU,true,0xadf3194180fc874d03587fea704a062ee4a2fe36,1784643040899,2026-07-21T14:10:40.899Z,10739741.474702998996,6825674.634037999436,3914066.840665000025,9067291.73361299932,358129.660104999959,1314320.080984999891,ok,ok,200,1,2026-08-05T02:32:35.421Z,
176,xrpl,rn4RG26fFa74i9FaDvPFnfB8vPpcTu9oov,true,0x03b239c1502e447fdc19757ae4ef35bb5cac523a,1784677286912,2026-07-21T23:41:26.912Z,10525076.582889,7168925.271432,3356151.311457,10525076.582889,0,0,ok,ok,200,1,2026-08-05T02:32:35.631Z,
179,xrpl,r9GY1noMDCDaPefNb6Uh9rY7ULnN7PWeDA,true,0x8ef0d5349ef9b388f2fc5b3c045f7f2fac253ddb,1784643605047,2026-07-21T14:20:05.047Z,10453831.101251,6604744.009,3849087.092,10453831.101251,0,0,ok,ok,200,1,2026-08-05T02:32:36.211Z,
181,xrpl,rM7Tg2jva86u79NFvKKJioni2eynbzZmuS,true,0x511e8d0cb85a381625bed53ba6d785e2d526b586,1784639209612,2026-07-21T13:06:49.612Z,10240088.892524,0,10240088.892524,8884725.810713,590514.654698,764848.427113,ok,ok,200,1,2026-08-05T02:32:36.714Z,
183,ethereum,0x73c2e8d7cb588434a2b188719a00132a335642ce,true,0x73c2e8d7cb588434a2b188719a00132a335642ce,1784696501728,2026-07-22T05:01:41.728Z,10086604.179029,0,10086604.179029,10086604.179029,0,0,ok,ok,200,1,2026-08-05T02:32:37.026Z,
186,xrpl,rk2EbQCu4bv3uQ4xbsUQd3Vz3WRgEP1TN,true,0x0954412cd3d1dec71e24b5792cc7ce00aebf1891,1785213110852,2026-07-28T04:31:50.852Z,9532367.786622,4173072.771408,5359295.015214,9532367.786622,0,0,ok,ok,200,1,2026-08-05T02:32:37.652Z,
188,xrpl,rUv5THwKeVLqYBJsefBgtjEXNTHaN8nUvD,true,0xddd057ef9f96578e8b070b7a89ab6204642e0390,1784638357640,2026-07-21T12:52:37.640Z,9437408.665064,4402166.855558,5035241.809506,8901916.164978,184887.684486,350604.81560000003,ok,ok,200,1,2026-08-05T02:32:38.068Z,
189,xrpl,rne6HVFteL61Frxg2G9CBdcodptkJvoaLs,true,0x6e8d556f9519f40c1ed377010b17306e30006f14,1785072694223,2026-07-26T13:31:34.223Z,9425477.148953000084,1926384.405215000035,7499092.743738000281,8573513.22203399986,0,851963.92691899999,ok,ok,200,1,2026-08-05T02:32:38.252Z,
190,xrpl,rLfpf9ANaHkjtbCnHbE5xv5mki8ihhxgPk,true,0xba3c161fe5aa27e81b234cfa08a17acc2ad5b034,1784839046466,2026-07-23T20:37:26.466Z,9413260.678277,980538.944175,8432721.734102,9413260.678277,0,0,ok,ok,200,1,2026-08-05T02:32:38.458Z,
191,xrpl,rGiZdwPeN6bj5PFrVeXrW34XqEaARXM1pg,true,0x8614c23cc4cdda62224904b7868c06629d4e8df6,1784856456529,2026-07-24T01:27:36.529Z,9377894.882917,5060506.685892,4317388.197025,9377894.882917,0,0,ok,ok,200,1,2026-08-05T02:32:38.670Z,
192,xrpl,rGT6SgQevfqnwJLSjBBwfzEhyCMYYuM8Vw,true,0xaaf4c0bc93be91c5c1238ba9f7421199b063c6fa,1784682568391,2026-07-22T01:09:28.391Z,9366657.676051,5224075.048383,4142582.627668,9365066.09188,1591.584171,0,ok,ok,200,1,2026-08-05T02:32:38.865Z,
193,xrpl,rNcVJ37xBzVk15fBhn7FNiZo2y9gj41F21,true,0xb53b896d46e6f5eeec653d91082c4d885212bc60,1785401147329,2026-07-30T08:45:47.329Z,9347434.523091,8661404.072541,686030.45055,9347434.523091,0,0,ok,ok,200,1,2026-08-05T02:32:39.071Z,
194,xrpl,rpELmgJ2AJU6R5B5j5mMc8hS2s9tKW3MvU,true,0x65ceb1fbf9dd2adb49892f51b6ca8bde0d3cab50,1784640199074,2026-07-21T13:23:19.074Z,9334719.204063000157,2273046.574442000128,7061672.629621000029,8196779.564257000573,765636.203871999984,372303.435934000008,ok,ok,200,1,2026-08-05T02:32:39.276Z,
195,xrpl,r4pBYBtZtmAAUKd8cPa4dukEAxa8A5uYP1,true,0x46a51eed722f10df7a5b5c50ab5b8ed18f8ad6a5,1785287380437,2026-07-29T01:09:40.437Z,9306923.29237,7479619.351183,1827303.941187,9306923.29237,0,0,ok,ok,200,1,2026-08-05T02:32:39.467Z,
196,xrpl,rMGCmcMeZkJE1LbD2SLbt5yGG6UVF2WdDc,true,0xb7b3c02f75cb4e9785cdb222cb6b1283675bce37,1784989740112,2026-07-25T14:29:00.112Z,9300495.612916,3324305.776586,5976189.83633,8455856.172255,0,844639.440661,ok,ok,200,1,2026-08-05T02:32:39.732Z,
198,xrpl,rL8vvW4Zbo7HZwmsue5ucPHk2MwmqVeMGm,true,0xdefd4f7af597970d5f2cedda3d1894e3e5680963,1785158161960,2026-07-27T13:16:01.960Z,9173958.0986499995,6532917.9987119995,2641040.099938,9092713.971168999,81244.127481,0,ok,ok,200,1,2026-08-05T02:32:40.076Z,
200,xrpl,rUnppP9XjxuacmDmHdcRYS6jR6V64cVrn1,true,0x78eb593cc4d8f63933f0d0f70b318defbc3ac706,1784911033402,2026-07-24T16:37:13.402Z,9010795.545959,7921236.988104,1089558.557855,7682296.9322469995,589948.886418,738549.727294,ok,ok,200,1,2026-08-05T02:32:40.476Z,
203,xrpl,rE2UmrPvPVFW8STrFSFAhTGoDPyD3jX9Nb,true,0xe894f6607c343f9851d69173831d5f07d67a3700,1784736035834,2026-07-22T16:00:35.834Z,8676324.223,5590034.986,3086289.237,8676324.223,0,0,ok,ok,200,1,2026-08-05T02:32:41.073Z,
205,xrpl,rmnmGLRJPn4HEJcwo8owdPgPh6EbxFRQc,true,0x6ed6148ad74b0639d014547a3587901a7903eb25,1784700694724,2026-07-22T06:11:34.724Z,8565934.076526999474,7242171.821390000172,1323762.255137,8565934.076526999474,0,0,ok,ok,200,1,2026-08-05T02:32:41.479Z,
207,xrpl,rEj7epXerU6ToQfTt92tyXNgZBXZjudeqA,true,0x59c2a86bb8042933575688c44fe2c1ba6378d49f,1784700214245,2026-07-22T06:03:34.245Z,8468938.73108,0,8468938.73108,8468938.73108,0,0,ok,ok,200,1,2026-08-05T02:32:41.892Z,
211,xrpl,rwK1LDUGD6NyjPt1J9uSgwsrznrPPQUwu7,true,0x0bb7343d4157902f6fe21dc7674f7f8d6d038f13,1784787385002,2026-07-23T06:16:25.002Z,8417265.006672000512,1017380.841756999958,7399884.164915000089,7652059.097043000162,0,765205.909629000118,ok,ok,200,1,2026-08-05T02:32:42.707Z,
217,xrpl,rPrbAACYAtY7y7tEWtvmhz33ujpzF9CCi,true,0x69f4b605bfbb04ad544792756581c7653fe0fd03,1784636997800,2026-07-21T12:29:57.800Z,8325105.527006,4685729.405224,3639376.121782,7568277.751652,0,756827.775354,ok,ok,200,1,2026-08-05T02:32:43.941Z,
218,xrpl,rnmgpNpghnMDBHvgFMfbrNcAxLBMasABFQ,true,0x023a01bec16bfc5a8849796a5a297aca04428090,1784700041980,2026-07-22T06:00:41.980Z,8320297.505758999847,7101960.402422999963,1218337.103335999884,8320297.505758999847,0,0,ok,ok,200,1,2026-08-05T02:32:44.131Z,
219,xrpl,rUNPxo2JLSvzEoYNHyhENDNCAmbRkjguk9,true,0x0c8b8749b06bcaad73cd5854db79142bbb5bd0fe,1785013754769,2026-07-25T21:09:14.769Z,8315512.652004,0,8315512.652004,8315512.652004,0,0,ok,ok,200,1,2026-08-05T02:32:44.344Z,
220,xrpl,raRw5o7EJpjaUgFqvY2Sm7Qm4vRSkEJR4F,true,0xf24f43d58d79fd48b0bab17b16146d76a6666592,1784640878173,2026-07-21T13:34:38.173Z,8223241.841475,4115091.105883,4108150.735592,7893248.3207480005,48178.469485,281815.051242,ok,ok,200,1,2026-08-05T02:32:44.540Z,
221,xrpl,r4chxoeKCwCHxgjHDDP5wtbLQEYPT1ZhEt,true,0xb9fa848a6f81ce6d203ab2b6a2de7eaff5c1960e,1784672855869,2026-07-21T22:27:35.869Z,8193407.827,3523199.084,4670208.743,7458165.6675209996,0,735242.1593,ok,ok,200,1,2026-08-05T02:32:44.756Z,
222,xrpl,rUveHcqrr3y88vqt7YRVdBnJJXmy55uML4,true,0xb7b3c02f75cb4e9785cdb222cb6b1283675bce37,1784946775869,2026-07-25T02:32:55.869Z,8132427.342864999548,4210345.875300999731,3922081.467563999817,7198101.860130999237,934325.482733999961,0,ok,ok,200,1,2026-08-05T02:32:44.957Z,
227,xrpl,rErRht6iBVAvJWD8tHjksm1T8PeqYLRZMu,true,0x1b1c61f8732e2443e8a66bf1adefc72ea4eb01c8,1785026808145,2026-07-26T00:46:48.145Z,7775172.308434,7476657.750211,298514.558223,6821649.5656840010495,295922.386846,657600.355904,ok,ok,200,1,2026-08-05T02:32:45.954Z,
228,xrpl,rpw2DkERpAMMCTNWbXxzKdZmUEMdYxdhvN,true,0xd8ab5e80fac8165dd36c9e4ff64b89ed8c4fdf6e,1784808832538,2026-07-23T12:13:52.538Z,7768662.988579,1619152.634124,6149510.354455,7062420.898692,0,706242.089887,ok,ok,200,1,2026-08-05T02:32:46.144Z,
230,xrpl,r4io6812bZBnMUFXaVHdQbMfo5SMYpErWb,true,0xe03f081290affbefe3f3748b9cb42d6af75e0219,1784648022878,2026-07-21T15:33:42.878Z,7696979.0077170002,4921689.95,2775289.0576090002,1027423.43659900004,6570193.976,99361.59516,ok,ok,200,1,2026-08-05T02:32:46.560Z,
231,xrpl,rMotRKoZU7JGdwakQMrZcgSuY3vEbwMoLB,true,0x222c62f97b8787314a5b90ea5fce8051399a2542,1784645376500,2026-07-21T14:49:36.500Z,7692182.627244,3441085.460821,4251097.166423,7001537.6109150001,0,690645.016329,ok,ok,200,1,2026-08-05T02:32:46.758Z,
232,xrpl,rMwMTxdrqgJ2EJPbUbZ3HmGNdwHHY5csvk,true,0x82340448986d9788a7ba3a8d400d751432977d1a,1785000466647,2026-07-25T17:27:46.647Z,7666523.728294,6123836.267575,1542687.460719,7666523.728294,0,0,ok,ok,200,1,2026-08-05T02:32:47.028Z,
233,xrpl,rDwKkhEsPrLmqAbg2KFRUj3uziMPRgCHf9,true,0x78eb593cc4d8f63933f0d0f70b318defbc3ac706,1784911119840,2026-07-24T16:38:39.840Z,7613519.099,6291603.406,1321915.693,6269918.341,738493.0383,605107.7204,ok,ok,200,1,2026-08-05T02:32:47.179Z,
236,xrpl,rn1Hkynya67x4sm6JFytHCPr9aoPJkCz6W,true,0x9ca556748f3acaf1e4f04d6d6fc63d288a0c58c3,1784681046461,2026-07-22T00:44:06.461Z,7559764.311590000987,4279142.328754000366,3280621.982836000156,7559764.311590000987,0,0,ok,ok,200,1,2026-08-05T02:32:47.763Z,
237,xrpl,rpaNretCLE8AWjYUjTkD7aBVE7L6yPKSY9,true,0x1797ac6361879cc2da6b922bb0f060c6be109cf9,1784988873400,2026-07-25T14:14:33.400Z,7556855.444886,0,7556855.444886,6321879.044788,0,1234976.400098,ok,ok,200,1,2026-08-05T02:32:47.978Z,
238,xrpl,rsCVybatJ7bmhqzArsY9A8AXPkWYar5B5Q,true,0x6e46fd8067089427bd61a16787e44fd4d2f24482,1784991006857,2026-07-25T14:50:06.857Z,7499430.945705,5662089.209012,1837341.736693,6817664.496127,0,681766.449578,ok,ok,200,1,2026-08-05T02:32:48.186Z,
239,xrpl,r4MmmDPffdDMSJvFSxunKGw6d4vw841NG7,true,0x8d7175fbafe46924bcd3010c6c28040cf987824e,1784639143387,2026-07-21T13:05:43.387Z,7451959.4981189999,6832966.774,618992.7237209999,7142934.292,252894.0946,56131.1113,ok,ok,200,1,2026-08-05T02:32:48.415Z,
241,xrpl,rMBdBNQypTpVBpZZ74RWsvsXSUxJs2dwu8,true,0x208943c711abf2a1e81b42194be4df8c47f9d583,1784640069577,2026-07-21T13:21:09.577Z,7414576.616493,4880268.939941,2534307.676552,6740524.196802,0,674052.419691,ok,ok,200,1,2026-08-05T02:32:48.795Z,
243,xrpl,rEks8rH6G9YTuzUBbeDhwhozn3UQopFVHQ,true,0x6920f48b0a09ebe511c0ccced45d14e9458085c9,1784642324682,2026-07-21T13:58:44.682Z,7402175.7358680004,4048087.429492,3354088.3063760004,7402175.7358680004,0,0,ok,ok,200,1,2026-08-05T02:32:49.201Z,
244,xrpl,r4cFf1BeDgWTDy4XzprEXaQh8BrnSWqBTn,true,0xae057f2e3ed70ad4add00f6d67e76f3a6fae41ef,1784685756389,2026-07-22T02:02:36.389Z,7352723.115,0,7352723.115,7352723.115,0,0,ok,ok,200,1,2026-08-05T02:32:49.387Z,
250,xrpl,r4udnFvHtLzzkSyg2KJLUNaqwd4NWKNKAN,true,0x78eb593cc4d8f63933f0d0f70b318defbc3ac706,1784911474522,2026-07-24T16:44:34.522Z,7136690.6,706766.4056,6429924.194,6487900.5455779999,0,648790.0546,ok,ok,200,4,2026-08-05T02:33:23.902Z,
251,xrpl,rBdvQwV2VLxeH4wBxMsYKu6Dbb1hXVoyiC,true,0x1bd10da97b9dc92ab7f83ce4ca17ee33bc0eba0d,1784709989152,2026-07-22T08:46:29.152Z,7124118.885256,5178459.079728,1945659.805528,7124118.885256,0,0,ok,ok,200,4,2026-08-05T02:33:23.302Z,
256,xrpl,rGPiRUWAN9NPQuVTJSjfMkjrxxV7vN7eZj,true,0xbf4d92a917fdbe845aeb3b0ebea4d15d7bfc8e1c,1784728475640,2026-07-22T13:54:35.640Z,7052612.426709,0,7052612.426709,7052612.426709,0,0,ok,ok,200,1,2026-08-05T02:33:24.296Z,
257,xrpl,rPkQpmty21yHzWVwMSwB6Yb4zkAQjHiCs1,true,0xc9d5f0e6a8c49057b347d168b37b1d1aebaa70ec,1784641132065,2026-07-21T13:38:52.065Z,7050148.696601999924,3681744.24618700007,3368404.450414999854,7050148.696601999924,0,0,ok,ok,200,1,2026-08-05T02:33:24.512Z,
258,xrpl,rwagSUtNn9aHNAgMzP9dSCZKPh4wbNpVDC,true,0x2ac19b2935eb5036f2279381261fa0f7ff3c73b1,1784719966986,2026-07-22T11:32:46.986Z,7049840.876928000711,1416417.734810000053,5633423.142118000425,6408946.251767000183,0,640894.625160999945,ok,ok,200,1,2026-08-05T02:33:24.700Z,
261,xrpl,rpGvJ6c5ujcEDZEzF1SNipb11uftJkouGY,true,0x144ffb342ca31940729e93b6e9a03c9ba5c88c84,1784639856492,2026-07-21T13:17:36.492Z,7017346.815716,0,7017346.815716,6382125.572896,0,635221.24282,ok,ok,200,1,2026-08-05T02:33:25.332Z,
262,xrpl,rHDhxk7XfWkK7iwmzr9nwYGVvfpAHYUdJS,true,0xd742b047d3575f2a6ac08dddc7af911d894f362f,1785047534939,2026-07-26T06:32:14.939Z,6928749.937265,1755215.761546,5173534.175719,6928749.937265,0,0,ok,ok,200,1,2026-08-05T02:33:25.537Z,
265,xrpl,rJXnZ3MyQYaWHd162YvC8x4p8K2iZavYwe,true,0x9ebd931fc653f0725051157a1b8dc2152e09a029,1785266754723,2026-07-28T19:25:54.723Z,6893838.453982,5328078.356703,1565760.097279,5358258.1205600003,1003192.271823,532388.061599,ok,ok,200,1,2026-08-05T02:33:26.386Z,
266,xrpl,rBKkhFFoknAD24UDrvmH9ZrSEE8XjoNM6n,true,0x13f03a839a0870d8834e250a7ac13dd9965a9e53,1784641461607,2026-07-21T13:44:21.607Z,6784185.223,6784185.223,0,6177245.047,0,606940.1758,ok,ok,200,1,2026-08-05T02:33:26.334Z,
267,xrpl,rsY3qCsnp41rucmj8GPeVBAKWCoifhPdVJ,true,0x890a06323d4258313d8888939a49712d6f02e7d8,1784759558945,2026-07-22T22:32:38.945Z,6775558.06279,0,6775558.06279,6775558.06279,0,0,ok,ok,200,1,2026-08-05T02:33:26.679Z,
268,xrpl,rE1c4XdWPW7Lhef7a7J3nmnkiqBD5LYEya,true,0xdcd08f7bab070b20058c585ccd73af035e573076,1784903355704,2026-07-24T14:29:15.704Z,6738027.012,0,6738027.012,6738027.012,0,0,ok,ok,200,1,2026-08-05T02:33:26.727Z,
270,xrpl,rnBbKqc2GfG8TaonP5JBA75g43ErfRvxUV,true,0x6a429b4d20c2443acb42d6130067f1c8cbf2f135,1784683303593,2026-07-22T01:21:43.593Z,6683031.126962,2390237.289289,4292793.837673,5728511.330829,381774.286679,572745.509454,ok,ok,200,1,2026-08-05T02:33:27.138Z,
271,xrpl,rL1Z1pqtSf3pDUb6d1P8qPyL7tFcyv9q2U,true,0x9213ce770feea746c2fc96a07d6d54cf52c7d539,1784644725840,2026-07-21T14:38:45.840Z,6675871.0564050003,3140935.033191,3534936.0232140003,6503992.3364880005,0,171878.719917,ok,ok,200,1,2026-08-05T02:33:27.344Z,
272,xrpl,rKQPacdtuG6Rhi8ou3BfTKaH3Gv1x5Shn8,true,0x0f5ff3e4dd5a376535abf02d6887ae08b22adfb6,1784637594887,2026-07-21T12:39:54.887Z,6660481.526242,3136820.846483,3523660.679759,6431124.695867,42198.637637,187158.192738,ok,ok,200,1,2026-08-05T02:33:27.547Z,
273,xrpl,r4RkA2WrZWtyJ5hZTseSUJWuDcvBp2Wesf,true,0x1c24b770c10df912d5dceda3de5be925fcd45713,1784636929483,2026-07-21T12:28:49.483Z,6635094.299,4781385.207,1853709.092,6010718.043,33335.66396,591040.5917,ok,ok,200,1,2026-08-05T02:33:27.744Z,
274,xrpl,r3LzW3k8vfEwJZQhx6vctpvpof1hs4DCtE,true,0x28e6425f12208133748b684d82dc6de3d730156a,1784640920485,2026-07-21T13:35:20.485Z,6620193.821557,0,6620193.821557,6018419.460177001,0,601774.36138,ok,ok,200,1,2026-08-05T02:33:27.946Z,
277,xrpl,rBx1ATaz6JHMZPQRmEj2dEG8ESYpNRUkBJ,true,0xa07aeeb24ad8f043feb599cbe81ddbb34930ebec,1784770989861,2026-07-23T01:43:09.861Z,6525959.172513,4980729.383539,1545229.788974,6525959.172513,0,0,ok,ok,200,1,2026-08-05T02:33:28.572Z,
280,xrpl,rWkw6BrdZBKXxAnk2A8rDmCABcAvEtVZv,true,0x9aea29a1a0eb5b6a2db345d97358223a73f2e936,1784657177450,2026-07-21T18:06:17.450Z,6495936.762975,4804058.856403,1691877.906572,6495936.762975,0,0,ok,ok,200,1,2026-08-05T02:33:29.178Z,
281,xrpl,rswBdXUXwYxoru3BUrXqzfmrg372vs9v1t,true,0x76399c125d8c976f33f1b1fe4e0d99928140a8f8,1784638616998,2026-07-21T12:56:56.998Z,6455813.547947000712,3312812.085204000119,3143001.462743000127,6057886.587302000262,197933.729110999993,199993.231533999991,ok,ok,200,1,2026-08-05T02:33:29.380Z,
282,xrpl,rHq3X9AB6AfBW19w8NCmcnkWkhQy1S7WgK,true,0xe18cc4d3d2fd71750b103c18871a0fbd42260322,1784935286700,2026-07-24T23:21:26.700Z,6453900.81619,3793939.84501,2659960.97118,6453900.81619,0,0,ok,ok,200,1,2026-08-05T02:33:29.600Z,
283,xrpl,rpFBZckrtffPcjbkckMJoavtWRBDXRwuCT,true,0xb3376facc6c3feaf2016c6b489fa8cbc64ebe6f8,1784991919665,2026-07-25T15:05:19.665Z,6407906.608303000219,0,6407906.608303000219,6407906.608303000219,0,0,ok,ok,200,1,2026-08-05T02:33:29.782Z,
284,xrpl,r4pbia6vsKFaMDLaWfvHXbmyfkSMwRfymb,true,0x097b9b398f2f8cfe94ffb70dccded22017b01557,1784784440419,2026-07-23T05:27:20.419Z,6407178.650169,0,6407178.650169,6407178.650169,0,0,ok,ok,200,1,2026-08-05T02:33:30.004Z,
285,xrpl,rsbMnJNyQpMMQqTz1ZoUHxZG9K1WpD9AMZ,true,0xd742b047d3575f2a6ac08dddc7af911d894f362f,1785047267716,2026-07-26T06:27:47.716Z,6405220.057184999809,4971809.117808000185,1433410.93937700009,6405220.057184999809,0,0,ok,ok,200,1,2026-08-05T02:33:30.183Z,
288,xrpl,rfYniyPPz3fwbDr1twmnCoZuj77MvuKgM6,true,0xce5ca792dad0ec6e1a72d3016219c2da24ab1b87,1785163840786,2026-07-27T14:50:40.786Z,6247514.123272,0,6247514.123272,6247514.123272,0,0,ok,ok,200,1,2026-08-05T02:33:30.833Z,
291,xrpl,rD3aRLGGqaBcvmcM91fYxKz35APYLmf2GD,true,0x242a0db6fd799d19eab1d7150373e511828e0e25,1784647570388,2026-07-21T15:26:10.388Z,6116942.8358670003,3533384.009,2583558.8265130003,6116942.8358670003,0,0,ok,ok,200,1,2026-08-05T02:33:31.432Z,
292,xrpl,rpWQGVegtTNSggAtvqrmWBpSWbwXNvyMuX,true,0x69421fd0099582730233083da0ff79f33c865476,1784725467984,2026-07-22T13:04:27.984Z,6104610.990776,0,6104610.990776,4814053.992919,342432.566791,948124.431066,ok,ok,200,1,2026-08-05T02:33:31.628Z,
293,xrpl,rw2wAzfBoo5ex2KbtE9BQtrGKQ5LhNunoA,true,0x7441bbf4296ced3d88ef7ef8230f3fafa2a5a63c,1785141622472,2026-07-27T08:40:22.472Z,6055970.687878999859,2713837.582737999968,3342133.105140999891,6055970.687878999859,0,0,ok,ok,200,1,2026-08-05T02:33:31.829Z,
294,xrpl,rMLQjZDfyp5TxpvQ1SaNVcgivcCGZLH7XP,true,0xb8c53fdb2ed1ef8a7107918bd4b22ee1e07e3841,1784978072301,2026-07-25T11:14:32.301Z,6051577.561362,6050801.956352,775.60501,6051577.561362,0,0,ok,ok,200,1,2026-08-05T02:33:32.021Z,
295,xrpl,rPbgEMSyozcb9Z2ezVfChv7r2Tv1ieR1Fy,true,0xdab9381b813cfd4c67ce8ee26ca5dc959c6d09dd,1784551020079,2026-07-20T12:37:00.079Z,6023845.502019999549,5953505.696095000021,70339.805924999993,1364.465003000211,5722505.574113000184,299975.462903999956,ok,ok,200,1,2026-08-05T02:33:32.237Z,
297,ethereum,0xcb076d36063853ac0370125146ffc421b5fcf888,true,0xbf5543cad481aa1246bcb2154a7f57aa1d0ead6b,1784778298313,2026-07-23T03:44:58.313Z,5998983.661,0,5998983.661,5154400.991,0,844582.6699,ok,ok,200,1,2026-08-05T02:33:32.652Z,
299,xrpl,rShenS9ypAPnLc1k3fNKtPMmPGjSSxcTb,true,0xe7fa4b561d6bcf68e96d2aac6fd833fbd3d03beb,1784805867265,2026-07-23T11:24:27.265Z,5968246.629967000335,4449962.232762999833,1518284.397204000037,5968246.629967000335,0,0,ok,ok,200,1,2026-08-05T02:33:33.053Z,
300,xrpl,rsKXAhMRqZPaNhsqBYScWhbmokUmikthzG,true,0x78eb593cc4d8f63933f0d0f70b318defbc3ac706,1784910593244,2026-07-24T16:29:53.244Z,5963875.781923,5363235.448967,600640.332956,4854945.497788000042,649444.7413,459485.542835,ok,ok,200,1,2026-08-05T02:33:33.263Z,
301,xrpl,r3yyb7VgEnJ7N8Kwe5A4hrC4qyKiLWyQxV,true,0xfc9c7ef4ca6daf81f6276c40213afa7791bd0569,1784702699848,2026-07-22T06:44:59.848Z,5961258.515683,0,5961258.515683,5419325.923354,0,541932.592329,ok,ok,200,1,2026-08-05T02:33:33.465Z,
303,xrpl,r3vnHoNTMcHtCmVC46Mxh2HQX8rtbc2egK,true,0xfb0361db937b42f0c68bf21556005f636672f4e1,1785144271023,2026-07-27T09:24:31.023Z,5883371.414,2590098.368,3293273.046,5883371.414,0,0,ok,ok,200,1,2026-08-05T02:33:33.917Z,
304,xrpl,rpHQsHmjYP2h482FQZD4y4nQEHzC4YMxqi,true,0xe35069667e7555024f2811ab8b55a282dd179d12,1784638854157,2026-07-21T13:00:54.157Z,5853078.325148,2644194.584157,3208883.740991,5320980.2955669997,0,532098.029581,ok,ok,200,1,2026-08-05T02:33:34.062Z,
305,xrpl,raje22GXBrq72pDkb6NMv42qyka3vpCLXB,true,0x81231357a913ec6e1f3afbce8e662632c1c8eee5,1784645780959,2026-07-21T14:56:20.959Z,5831895.801283000037,0,5831895.801283000037,5831895.801283000037,0,0,ok,ok,200,1,2026-08-05T02:33:34.292Z,
306,xrpl,rHrr5Hn1huC9SCTXxHT1aYBXEQPybsqC7J,true,0x6909e319f1f06e889cbea77ad8519e99355532b8,1784651740224,2026-07-21T16:35:40.224Z,5811691.681316,0,5811691.681316,5146378.30929,158175.491302,507137.880724,ok,ok,200,1,2026-08-05T02:33:34.469Z,
307,xrpl,r3KNmQ3Q4gaD6Ems6Y9j44eAEmUxjRmaYy,true,0x2c30f2aae8ec10238806030a73bd1ee38d2bf9dd,1785401398810,2026-07-30T08:49:58.810Z,5776800.507,0,5776800.507,4451904.469,884909.2623,439986.7763,ok,ok,200,1,2026-08-05T02:33:34.663Z,
308,xrpl,rMGWf6Z3MAUPDJvB4PziZUkmzSDQJjG7TK,true,0x8471540baa67574b5a08570df0631e09e8778bee,1784644885357,2026-07-21T14:41:25.357Z,5776710.72662,2728649.402705,3048061.323915,5776710.72662,0,0,ok,ok,200,1,2026-08-05T02:33:34.875Z,
310,xrpl,rLzbi6D7PXtmMALC6hxUZeSj1cLuqwYYio,true,0xce5ca792dad0ec6e1a72d3016219c2da24ab1b87,1785240574832,2026-07-28T12:09:34.832Z,5743479.418732,0,5743479.418732,5743479.418732,0,0,ok,ok,200,1,2026-08-05T02:33:35.267Z,
311,xrpl,r3VF2AReAz4VfSf2He4GMk5fGJZCWCoD4D,true,0x966d8d1d4dfb2f6e61011cfdc86660e435eb4490,1784688153982,2026-07-22T02:42:33.982Z,5734878.395362,0,5734878.395362,4419580.321084,432782.268469,882515.805809,ok,ok,200,1,2026-08-05T02:33:35.492Z,
312,xrpl,rDEVdZhe1Fb8acH2ompmkgBb2HNhgjnbsW,true,0x386b5abd868370755ecc7a7a1a42c789ac3019ef,1784638735436,2026-07-21T12:58:55.436Z,5727919.186084,0,5727919.186084,5210470.510482,0,517448.675602,ok,ok,200,1,2026-08-05T02:33:35.659Z,
313,xrpl,rqDCjfg32juwFqc5XAZBoJgprWzG7eqhi,true,0xba5254b0357e4d6e48390f0a30ca14f62e08bc35,1784637676836,2026-07-21T12:41:16.836Z,5725257.723729,2269945.75008,3455311.973649,5507742.812891,10629.086895,206885.823943,ok,ok,200,1,2026-08-05T02:33:35.911Z,
315,xrpl,rUko2tsoFgN8yWMKZTHecJn77YHkBSmJiN,true,0x85fc6d9989fbb368cc0513a77ac9cc5dfc0d53ce,1784648109824,2026-07-21T15:35:09.824Z,5651485.381357,0,5651485.381357,4730570.818186,0,920914.563171,ok,ok,200,1,2026-08-05T02:33:36.308Z,
317,xrpl,r982t4yqK3PBfmbUCyVLKKb5b9PprfaA1s,true,0x73ef3321aa8aa8a60b95558a522ca71023b9e92a,1784645045994,2026-07-21T14:44:05.994Z,5644232,0,5644232,5286281.477,0,357950.5227,ok,ok,200,1,2026-08-05T02:33:36.690Z,
318,xrpl,rEnbSBp6X3wu5vJA1cB2k7a67sssFGYcCe,true,0xd9eba6cd776e57db63673dfb60ea0bda955c9c4d,1784646153070,2026-07-21T15:02:33.070Z,5632689.159544,0,5632689.159544,4706407.081193,0,926282.078351,ok,ok,200,1,2026-08-05T02:33:36.876Z,
319,xrpl,rHrYHuHiQmfeFaoQyMS7FhS7zvmFgYxXo4,true,0x738024e835b9a94634d4b1c593bb34529b4c688b,1784667389923,2026-07-21T20:56:29.923Z,5595092.258515,0,5595092.258515,5595092.258515,0,0,ok,ok,200,1,2026-08-05T02:33:37.090Z,
320,xrpl,rDYFajFQWEafjCaA6TdDjwJfCdnpzWy34B,true,0x1d33357193861773acfd78f0a4924c9539ad5043,1784707286650,2026-07-22T08:01:26.650Z,5574327.290379,0,5574327.290379,4664271.5841729995,0,910055.706206,ok,ok,200,1,2026-08-05T02:33:37.300Z,
322,xrpl,rGJq2ZJLMBzaz9AFVhvXPfV3tvKEvkWpdV,true,0xff0c0747f8228e1f7f53a43b5bab270a81049c84,1784858611547,2026-07-24T02:03:31.547Z,5534778.877949,0,5534778.877949,5534778.877949,0,0,ok,ok,200,1,2026-08-05T02:33:37.682Z,
323,xrpl,rpFWHjPuecaqG6cR6v7QkkY5rmy6gaWdyy,true,0x8ef660873b3fcd49c70843947f65ae1c57444771,1785139933548,2026-07-27T08:12:13.548Z,5529559.505808999762,0,5529559.505808999762,5529559.505808999762,0,0,ok,ok,200,1,2026-08-05T02:33:37.892Z,
324,xrpl,r3sfroM962V3oWjqrS1YBQjPyNc3uDGDLh,true,0x84925497e6d5c8a9ac48255002b9151dee017e35,1784638297530,2026-07-21T12:51:37.530Z,5520995.851,0,5520995.851,4613079.38,0,907916.4704,ok,ok,200,1,2026-08-05T02:33:38.089Z,
325,xrpl,rGfWBtjL3o2kWuXFuTXMnxdWU1ToC8jg68,true,0x88350be0e9fcdd44ec5999c2edcc24aeefaa00b5,1784782146732,2026-07-23T04:49:06.732Z,5499014.3120209999,4068021.437557,1430992.8744639999,4998127.8364339998,26723.180952,474163.294635,ok,ok,200,1,2026-08-05T02:33:38.300Z,
326,xrpl,rBLLpkU17YbNY6WAiYb1iF4oiGGaFdy7pc,true,0x0faf7ad4ef3d250216bdde08991d16f397981a6d,1784716755781,2026-07-22T10:39:15.781Z,5496731.661,3788518.546,1708213.115,4997028.787,0,499702.874,ok,ok,200,1,2026-08-05T02:33:38.499Z,
327,xrpl,rna2NLi6FhyYem7oUmVizv6c24i8UyX5tY,true,0x5d4121530c66f87314754f822d1d5808469706b2,1784677144134,2026-07-21T23:39:04.134Z,5488108.184636,0,5488108.184636,5488108.184636,0,0,ok,ok,200,1,2026-08-05T02:33:38.692Z,
328,xrpl,rUNfgh93S6TyoZ3VeZj6G3mK3aA5etQaV9,true,0x750a5987cc789fbdb815cb4e727dde22dbbb2479,1784743009333,2026-07-22T17:56:49.333Z,5473424.311372,0,5473424.311372,5473424.311372,0,0,ok,ok,200,1,2026-08-05T02:33:38.895Z,
329,xrpl,rNHZQhNgp38n5ehwQFpHeJNWsADFBjHx3Y,true,0x4dd7e31cfde65368bc13cd494ee33a08b0815f9b,1784774176186,2026-07-23T02:36:16.186Z,5461906.1257569995,0,5461906.1257569995,5461906.1257569995,0,0,ok,ok,200,1,2026-08-05T02:33:39.105Z,
330,xrpl,raWdtMKKLE788SiUgHB2dPzz4AZhSFMEG3,true,0xb6493cf01d61add98d043e075ef0bce18a69dcbd,1784754870712,2026-07-22T21:14:30.712Z,5450740.805178,0,5450740.805178,5450740.805178,0,0,ok,ok,200,1,2026-08-05T02:33:39.304Z,
331,xrpl,r3RfVtEwou6jsfooi1xxeGt9vHRdYteFpR,true,0x6f2c4676f8750e4d5751ba72af21fbd33f325444,1784638677238,2026-07-21T12:57:57.238Z,5437219.015,0,5437219.015,5437219.015,0,0,ok,ok,200,1,2026-08-05T02:33:39.523Z,
332,xrpl,r3Eox4fsSvLCZPLJRAjKGHmU8f6BsB3wxy,true,0x76addf75c40177c0e50d80df89d23c4847dbf349,1784727316076,2026-07-22T13:35:16.076Z,5417037.391,5417037.391,0,5417037.391,0,0,ok,ok,200,1,2026-08-05T02:33:39.732Z,
333,xrpl,rw9S3FjUaJtrqkopykahkB7jwZFPZi1J3x,true,0x90f41050665ba29ab7a1f53a64af7981b77f1288,1784696870857,2026-07-22T05:07:50.857Z,5416506.031968000345,0,5416506.031968000345,5416506.031968000345,0,0,ok,ok,200,1,2026-08-05T02:33:39.928Z,
334,xrpl,rBWa99kxYCDGaYpnd5dXdBVUvvsFonW3AX,true,0xa5c3dace9af11ac1c3cf0c6528edda25bbd5f392,1785404010483,2026-07-30T09:33:30.483Z,5395871.562,3197337.338,2198534.224,5395871.562,0,0,ok,ok,200,1,2026-08-05T02:33:40.131Z,
335,xrpl,rKxRHLtrNhzkqm5jYE17pcDRFBfkCESrNg,true,0x440a9778aa5bb0df9c0f0b6ea2a93aee850fb465,1785028512264,2026-07-26T01:15:12.264Z,5385999.756807,4574214.570997,811785.18581,4952949.1012879995,0,433050.655519,ok,ok,200,1,2026-08-05T02:33:40.336Z,
337,xrpl,rEQSxFhkPzxgCw4Y2LhYeycTrJojyDDi7f,true,0xeca0814b85953386c93002fe1178d1131fd61718,1784648156055,2026-07-21T15:35:56.055Z,5365312.883,0,5365312.883,4479593.513,0,885719.37,ok,ok,200,1,2026-08-05T02:33:40.744Z,
338,xrpl,rpU54ycpk6BWhXV9ihA4xubBsJS4BzbjxM,true,0x64e31fea2da2e6ead8501ccdbfd24460643431ea,1784668474746,2026-07-21T21:14:34.746Z,5357244.290281,0,5357244.290281,4875674.193228999,0,481570.097052,ok,ok,200,1,2026-08-05T02:33:40.960Z,
339,xrpl,rDZj8CYVW2BUpUAiBQ5REN7Dz8EAaHED6W,true,0x9c24a1f1b8f6091cb3b56ca124da472c977cccef,1785399504196,2026-07-30T08:18:24.196Z,5334578.408,0,5334578.408,4449668.765,439942.7664,444966.8765,ok,ok,200,1,2026-08-05T02:33:41.145Z,
341,xrpl,rJZeN3kJMXhVQBNsJpmajnPjzdQvGB3g53,true,0x9ea0d30e2c80171e1aece22d41f67c0b4aa02bf8,1784763562706,2026-07-22T23:39:22.706Z,5315042.826677,4033077.576689,1281965.249988,5315042.826677,0,0,ok,ok,200,1,2026-08-05T02:33:41.559Z,
342,xrpl,rNpJ5dwyw1XEivC94cMmTKutbcrKfMdp32,true,0xce5ca792dad0ec6e1a72d3016219c2da24ab1b87,1785163417587,2026-07-27T14:43:37.587Z,5313495.728775,0,5313495.728775,5313495.728775,0,0,ok,ok,200,1,2026-08-05T02:33:41.767Z,
343,xrpl,rVewqEUJQzq8Yqy6XgDQ7Yxf6D8LswopJ,true,0x19a461e3132ab3c9013003403088d69645129209,1784640334260,2026-07-21T13:25:34.260Z,5312875.583686,0,5312875.583686,4252413.037049999,635221.24282,425241.303816,ok,ok,200,1,2026-08-05T02:33:41.957Z,
344,xrpl,rQnW4SffScZQUuDUcurLMTnGBGaGRAcNmo,true,0x8dbe9ca7870a32003f38942fea25ffc324b30def,1785400965881,2026-07-30T08:42:45.881Z,5279357.501703,0,5279357.501703,4399427.903262999,439986.808121,439942.790319,ok,ok,200,1,2026-08-05T02:33:42.167Z,
348,xrpl,rJtX9oypPT1hLZffp5QQpgYtPzu6vXXJ3T,true,0x0d51c861e828e760702575b835965f231c9ba8e3,1784668977431,2026-07-21T21:22:57.431Z,5256293.506007,5255788.615396,504.890611,4778447.770358001,0.958722,477844.776927,ok,ok,200,1,2026-08-05T02:33:42.967Z,
349,xrpl,rsNJtUkVYERTugWxkJ8mamaEhrXUVGin3E,true,0xba69b0736563f951a21ab0749c82b9c08dcca298,1784703356258,2026-07-22T06:55:56.258Z,5224177.141445,3164942.252995,2059234.88845,5224177.141445,0,0,ok,ok,200,1,2026-08-05T02:33:43.192Z,
350,xrpl,rP95m8gexw5R42RtzLGb3PNLf1oGR8cR8k,true,0x12c1a950e35ef1521832472971c8714b7e7428d9,1784637783718,2026-07-21T12:43:03.718Z,5211407.991647,2317186.508167,2894221.48348,4813904.599866,199781.471653,197721.920128,ok,ok,200,1,2026-08-05T02:33:43.381Z,
352,xrpl,rEgEb9gkeXdk2J9voxsySzp83HXxwWzLXS,true,0x1d33357193861773acfd78f0a4924c9539ad5043,1784706432972,2026-07-22T07:47:12.972Z,5203797.625853,0,5203797.625853,4730725.114399,0,473072.511454,ok,ok,200,1,2026-08-05T02:33:43.780Z,
353,xrpl,rEhY5gT7CiUez2kYsQFasWoGbbZQwvBqWc,true,0x7d57b8b8a731cc1fc1e661842790e1864d5cf4e8,1784706937567,2026-07-22T07:55:37.567Z,5200478.554194,0,5200478.554194,5200478.554194,0,0,ok,ok,200,1,2026-08-05T02:33:43.993Z,
355,xrpl,rBAUN2SYQQugfsR6vBYnqW8F6xzFK4tmuA,true,0x580bbc7040e3db9d828854e923f47ffef1b399a1,1784708852411,2026-07-22T08:27:32.411Z,5185645.288,0,5185645.288,4405445.890861999,346254.4283,433944.9691,ok,ok,200,1,2026-08-05T02:33:44.417Z,
356,xrpl,rhcaMR5YMDtWxKqBU4Kq4Bou8jXxCpRwTT,true,0x51b0eab5e7aef09d268d20d2c2c0c147220d6535,1784643442678,2026-07-21T14:17:22.678Z,5178752.314217,0,5178752.314217,4315626.928489001,0,863125.385728,ok,ok,200,1,2026-08-05T02:33:44.584Z,
357,xrpl,rEtRqvqbPdhh33NJ3p9Cp3V24DvLWQaBvZ,true,0x9ce85a3ce526d04346f0a95f24b2c0425c063837,1784653459173,2026-07-21T17:04:19.173Z,5177402.014653,1562057.361213,3615344.65344,5177402.014653,0,0,ok,ok,200,1,2026-08-05T02:33:44.808Z,
358,xrpl,rUstsoxEpMKQqYkJknmsysjohjoQgLMn5o,true,0x7e8eaf65ec69de635bede717fb215a296b51b50b,1784653492941,2026-07-21T17:04:52.941Z,5168403.52706,0,5168403.52706,4307002.93925,0,861400.58781,ok,ok,200,1,2026-08-05T02:33:45.012Z,
360,xrpl,rnAcZsJ3CsRV2J44F5M3Maf3ZeGRHBsxNB,true,0x24da44100a7ce93424fa0c5c6b1899a9acf2b61d,1784639153883,2026-07-21T13:05:53.883Z,5157096.631573,0,5157096.631573,5157096.631573,0,0,ok,ok,200,1,2026-08-05T02:33:45.418Z,
361,xrpl,raD88ntW7jfcZvs6ifZyRpVNg5Ku6k4dnJ,true,0x1d33357193861773acfd78f0a4924c9539ad5043,1784706307407,2026-07-22T07:45:07.407Z,5140363.559334,0,5140363.559334,4667290.987225,473072.572109,0,ok,ok,200,1,2026-08-05T02:33:45.604Z,
362,xrpl,rGajuM9n1LYMHJ3ZGpE2RKJU1UkgFHA1Pf,true,0x8d192f13fb6e368c42e846d23175084a31277128,1784669577339,2026-07-21T21:32:57.339Z,5117959.351901,2522177.190662,2595782.161239,4456673.55081,0,661285.801091,ok,ok,200,1,2026-08-05T02:33:45.811Z,
363,xrpl,rhsg5BQuSAu4advnbdy1XegfvHzV18D2dL,true,0x707c56fb7cb7a12ef3d149a48042003cb1c1d547,1784684810843,2026-07-22T01:46:50.843Z,5114826.196198,4788485.277516,326340.918682,5114826.196198,0,0,ok,ok,200,1,2026-08-05T02:33:46.004Z,
364,xrpl,rNv1dRW4fhozQ7YDSKJzpu3gt8AuaMpRbk,true,0xff627edfbd87bd8203f989c72f1be585c2a5b48e,1785015594553,2026-07-25T21:39:54.553Z,5111955.212128,3041896.167144,2070059.044984,4445238.278772,0,666716.933356,ok,ok,200,1,2026-08-05T02:33:46.212Z,
365,xrpl,rB7TUz76GhKfekwv6ToDjGLqvn4eW3hyiQ,true,0xd8e6200bb0239c1c743d89e06a90b4e22b574f07,1784786793512,2026-07-23T06:06:33.512Z,5101705.655047,3789524.633998,1312181.021049,4331488.428845,282159.484069,488057.742133,ok,ok,200,1,2026-08-05T02:33:46.437Z,
366,xrpl,rhp6CJm4mXFaaNqCBavxEKu95c13kAhaDG,true,0x119738637ac64d5965df6039e1b77054c28b47ee,1784979564120,2026-07-25T11:39:24.120Z,5094780.916376,2211667.151835,2883113.764541,4559288.4162900004,350604.81560000003,184887.684486,ok,ok,200,1,2026-08-05T02:33:46.624Z,
367,xrpl,rUPPwnXMA8rdB8h6f5tNSaR2uSrHRLBHmP,true,0xa09702df4754ed369ef4c003da4582c25a29fd19,1784707787495,2026-07-22T08:09:47.495Z,5093226.680789,1311286.102891,3781940.577898,4630206.073452,0,463020.607337,ok,ok,200,1,2026-08-05T02:33:46.831Z,
368,xrpl,rnaqrujyGGyrSRBQJUzQ45jdHepBnjLCBN,true,0x01c5ea3d7d142b7120e2b01814596dcd4cbbab08,1784638721834,2026-07-21T12:58:41.834Z,5091024.115302,3042774.718403,2048249.396899,4993841.808783,0,97182.30651899999,ok,ok,200,1,2026-08-05T02:33:47.051Z,
373,xrpl,rPDKEVyZW4sqSaw9unxGLfHcELMtF59AWU,true,0x407e6f878cd8f7761463ce1c107b667e82221b0e,1785197849664,2026-07-28T00:17:29.664Z,5015602.014928000048,1677816.136238999898,3337785.878688999917,5015602.014928000048,0,0,ok,ok,200,5,2026-08-05T02:34:27.658Z,
374,xrpl,rGbhZYN7HvWbWdYZf4ufBP3UxiU5z3g9vA,true,0x1f5dba68f40f1105ae8c88ebeb027a03529095bb,1784637624874,2026-07-21T12:40:24.874Z,5011755.524878,982775.976345,4028979.548533,4889249.252381,122506.272497,0,ok,ok,200,4,2026-08-05T02:34:20.748Z,
375,xrpl,rGvNA6FGSxSC8gJz2UP5WXvCJVaNKs23Du,true,0x46f26b08dac8697b8e7d71f755f0c591e2af4246,1784640825934,2026-07-21T13:33:45.934Z,4984766.119387,3293690.966383,1691075.153004,4567334.351712,0,417431.767675,ok,ok,200,4,2026-08-05T02:34:21.580Z,
376,xrpl,rNbMnXL1sPXgT2GRVCzFj9PEKhLUVVprfr,true,0x9f0d4cbe68011bf22619927b43d52e910cdc49ac,1784940258567,2026-07-25T00:44:18.567Z,4973540.976218,0,4973540.976218,4150950.533958,0,822590.44226,ok,ok,200,4,2026-08-05T02:34:20.967Z,
378,xrpl,rBruRvpr4B2t1BaTBjgagCCb7YrM1FVcVb,true,0x242934ced2ee393909e3e5a3ac124e61c65a48c1,1784940405484,2026-07-25T00:46:45.484Z,4971056.293,0,4971056.293,4148713.3269769996,0,822342.9658,ok,ok,200,1,2026-08-05T02:34:21.369Z,
380,xrpl,ra8n3KY5GhHVgsNhZRvbqCu41yCn8tPjKw,true,0x5cf91569ccfea5718645c526d3e5d513683818b0,1784687003126,2026-07-22T02:23:23.126Z,4932267.164676,0,4932267.164676,3387545.5549140004,873612.18666,671109.423102,ok,ok,200,1,2026-08-05T02:34:21.983Z,
381,xrpl,r4MoGz19iHEW8GJDmL3JXKZuSzhLXmPgh8,true,0x43d1c9438055899d6b01cdaed4f364b8a8eaeed0,1784932804348,2026-07-24T22:40:04.348Z,4921349.817,0,4921349.817,4487770.846,0,433578.9706,ok,ok,200,1,2026-08-05T02:34:22.174Z,
382,xrpl,rLqoFJKuSXHht8U1dV3Vbgh3e9JqnGiQgb,true,0xd411c4a86725c28321aa2fffa8e69c4cc20681d7,1784639097058,2026-07-21T13:04:57.058Z,4915364.948895,0,4915364.948895,4915364.948895,0,0,ok,ok,200,1,2026-08-05T02:34:22.381Z,
383,xrpl,r3na8dte3sajbD66V6bjLeo5ky8kGaDwXw,true,0xba7a63376f6754647bd6a9a97298e5592c7208f5,1784673642006,2026-07-21T22:40:42.006Z,4908532.78,0,4908532.78,4908532.78,0,0,ok,ok,200,1,2026-08-05T02:34:22.583Z,
385,xrpl,rM56ienMNvdAzoicevGn2CsSau6ScoKAUv,true,0x171adf423458ce551013392f53ae9801abb11048,1784693587317,2026-07-22T04:13:07.317Z,4892130.518799,2300063.832844,2592066.685955,4729929.68494,162200.833859,0,ok,ok,200,1,2026-08-05T02:34:22.987Z,
386,xrpl,rG1Shjs8iDi96FiWqf5CtgNdXSershhxyc,true,0xa0fc0aa50e77539a5ee2e2c11fb7dbed9b5226fb,1784725932483,2026-07-22T13:12:12.483Z,4875786.50387,1903977.585641,2971808.918229,3860796.329471,633366.476408,381623.697991,ok,ok,200,1,2026-08-05T02:34:23.510Z,
387,xrpl,rMmTDKsnxBvrgAiFwu8e27Azv6ZzBErhtc,true,0x3cdd9cfcd00186bf2279ffe0057ee2817666bd08,1784694832266,2026-07-22T04:33:52.266Z,4851150.153636,0,4851150.153636,4422134.809977001,0,429015.343659,ok,ok,200,1,2026-08-05T02:34:23.390Z,
388,xrpl,rUSBNCwJfrNBRLGmLYfjgTTp4kPJcukKvq,true,0x277666232e0c594c406d4fcb2e65d07164f01a0d,1784688222272,2026-07-22T02:43:42.272Z,4850602.370468,0,4850602.370468,4417820.101909,0,432782.268559,ok,ok,200,1,2026-08-05T02:34:23.610Z,
390,xrpl,r4EPiR6gW4pq2VWxiJh3qTK51amFLZUPRK,true,0x9b5088998fb847295e02b21993d603e7f6afdb7e,1785400675125,2026-07-30T08:37:55.125Z,4839366.33,0,4839366.33,4399423.936,0,439942.3936,ok,ok,200,1,2026-08-05T02:34:24.012Z,
392,xrpl,r4jExwTxu5D69RTqjKsaeUrVwSU6ggrBPh,true,0x0105b190386b14b2d1b77b085507dbb40fe7151a,1784695748667,2026-07-22T04:49:08.667Z,4806503.892,0,4806503.892,4408703.648,0,397800.24419199995,ok,ok,200,1,2026-08-05T02:34:24.407Z,
393,xrpl,rKgsc9yu2y5RwsuBLPVjszoYcN9Gug7ZMB,true,0x00bb49a71042d0b391f05de68b81827c24db2aef,1784795922184,2026-07-23T08:38:42.184Z,4795953.879007,2400769.06543,2395184.813577,4795953.879007,0,0,ok,ok,200,1,2026-08-05T02:34:24.639Z,
394,xrpl,rPgkPp6hV6tiRxLkqETZCcozmNAEJQq2AS,true,0xf15ddaf69dc4870600606402033bcf5c4d5c0adf,1784721614422,2026-07-22T12:00:14.422Z,4744085.82902,2707828.377099,2036257.451921,4744085.82902,0,0,ok,ok,200,1,2026-08-05T02:34:24.819Z,
395,xrpl,rGLUwv7RyfsTjZTRoThrxLszLGZdpZmLJD,true,0x67dfaedeed55a1e2a3876f38221c2db85daeb891,1784652780053,2026-07-21T16:53:00.053Z,4739811.113111,0,4739811.113111,4308919.193746,0,430891.919365,ok,ok,200,1,2026-08-05T02:34:25.050Z,
398,xrpl,rf4UFtdjVM1dZdM91rDKR9GmZ5j2rgn8Vq,true,0x27b482f3418c6c15b39df8d4e28ab1811e8000c2,1784771501064,2026-07-23T01:51:41.064Z,4717944.958434,4717938.467907,6.490527,4717944.958434,0,0,ok,ok,200,1,2026-08-05T02:34:25.641Z,
399,xrpl,rKYmg7NM7kBK8UrSRYaxpS2nKNGRA2242A,true,0xfba8a2943d7c6c6dd5a9a48187df7ed755293eb1,1784954221932,2026-07-25T04:37:01.932Z,4707181.466786,2872626.490747,1834554.976039,4279255.878873,0,427925.587913,ok,ok,200,1,2026-08-05T02:34:25.849Z,
401,xrpl,rpjVPG7mwtZM2MJbKugUi5iddwn3T6GXuH,true,0x9137914b86dd6a85e2558774d925b47816ed9bd8,1784707171707,2026-07-22T07:59:31.707Z,4695103.888361,0,4695103.888361,4085931.4012800003,0,609172.487081,ok,ok,200,1,2026-08-05T02:34:26.266Z,
402,xrpl,rUptoYGnUuXh7z9MjknLviGNnBqqzvEdNT,true,0xdfff0e5e950eb6f985803384ad3c3c32d7c610ad,1784639784783,2026-07-21T13:16:24.783Z,4694426.000219,0,4694426.000219,3913354.6688059997,0,781071.331413,ok,ok,200,1,2026-08-05T02:34:26.453Z,
403,xrpl,rfykhkFuh2oT2jWEi2JkUbknYMncHfzs1U,true,0xf28fd3584a8ab3dcdc2b4dc91b42b28ed3361d0c,1784665031617,2026-07-21T20:17:11.617Z,4684196.24076,0,4684196.24076,4258360.218734001,0,425836.022026,ok,ok,200,1,2026-08-05T02:34:26.649Z,
404,xrpl,r3fZuHmcVDJHQ8YTAhBQHHs4iXqvsvD8bL,true,0x8cb8cd4dc37983e7fb58afe1b610bc68a4fa9a20,1785252748874,2026-07-28T15:32:28.874Z,4682551.97462,0,4682551.97462,4682551.97462,0,0,ok,ok,200,1,2026-08-05T02:34:26.851Z,
407,xrpl,rPsJquHtFCS13ig7RGdC4RZAjFoKrkLt1b,true,0xbf4e84e2b743438f713e23300d3a7f8cc94c221c,1784677778566,2026-07-21T23:49:38.566Z,4645161.082758,3618889.904471,1026271.178287,4645161.082758,0,0,ok,ok,200,1,2026-08-05T02:34:27.470Z,
408,xrpl,r3rvgoHadX9zP1oSYF23ehUgm9w7JtuKXt,true,0x30c8828dc032bfbac8d81dcf4f3f1d2a7dd87447,1784638469312,2026-07-21T12:54:29.312Z,4643324.293,0,4643324.293,4643324.293,0,0,ok,ok,200,1,2026-08-05T02:34:27.866Z,
409,xrpl,rJjLiM6eaaXz5TDoZXaqd2Sas9RhVoVKcg,true,0xe7bccf52cc5a5d0b8bb4ce5c6d42887529e5826e,1784660283135,2026-07-21T18:58:03.135Z,4636001.340817,0,4636001.340817,3863334.4506929996,0,772666.890124,ok,ok,200,1,2026-08-05T02:34:28.071Z,
410,xrpl,rGn7jUw9MESvX6ux2EPvxkVqDUXYowQitU,true,0x893dcbdcd7492174d2773d9f20999fac5ed758a5,1784657871875,2026-07-21T18:17:51.875Z,4635789.064034,0,4635789.064034,3863324.2039179998,0,772464.860116,ok,ok,200,1,2026-08-05T02:34:28.261Z,
411,ethereum,0xe5e512a9822d5e79648daa1a82f64ba8ec205999,true,0xe5e512a9822d5e79648daa1a82f64ba8ec205999,1784642027315,2026-07-21T13:53:47.315Z,4634414.206,0,4634414.206,4213103.823,0,421310.3823,ok,ok,200,1,2026-08-05T02:34:28.499Z,
415,xrpl,rhxKpWt23oPxKfuySH8Xw55vLyYBTYVsmG,true,0x5b2ce80ef174eaff32846cfad8135ee6bbe4d48d,1784719606562,2026-07-22T11:26:46.562Z,4625923.470091000199,3624928.833232999779,1000994.636857999954,4625923.470091000199,0,0,ok,ok,200,1,2026-08-05T02:34:29.308Z,
417,xrpl,rHRKceDzhtXS3FPVGJN7H7vB36gCcPB9xv,true,0x3fb8b98e40de6ba0d0433b282c4a28a897af5d05,1784649810960,2026-07-21T16:03:30.960Z,4619444.545469,0,4619444.545469,4619444.545469,0,0,ok,ok,200,1,2026-08-05T02:34:29.719Z,
418,xrpl,r3AfyagSSL2WsRQBF6GNYHt5r91E8ShJZa,true,0x1d80c423bdca9ff6750301a4cff47aeae6cf937c,1784649176059,2026-07-21T15:52:56.059Z,4619393.172198,0,4619393.172198,4619393.172198,0,0,ok,ok,200,1,2026-08-05T02:34:29.900Z,
419,xrpl,rNRYZU3mMZL9HUehr7w6ecmeusrkH2bBrN,true,0xba272f5445fcb0b50c8de1bb9c64160aa1490028,1785400737557,2026-07-30T08:38:57.557Z,4605514.379614,0,4605514.379614,4605514.379614,0,0,ok,ok,200,1,2026-08-05T02:34:30.112Z,
420,xrpl,rLNXaVoKW3jxQL428Qpzqg6V7yQxCZGaxU,true,0x89d7012c445e3ab32117f003ca9a2c2d31a10938,1784646075882,2026-07-21T15:01:15.882Z,4601350.81019,2879427.040261,1721923.769929,4183046.205191,0,418304.604999,ok,ok,200,1,2026-08-05T02:34:30.316Z,
421,xrpl,rhB874YTubZ6JwDEYEcGpnHripik43hHJ2,true,0x73548b73a78d1966e91a59421c304effcfbe0f96,1784692597371,2026-07-22T03:56:37.371Z,4582066.805778999813,2099050.707539999858,2483016.098238999955,4582066.805778999813,0,0,ok,ok,200,1,2026-08-05T02:34:30.512Z,
422,xrpl,rZ5TAvnt8eyPb3VcwnfzE56ZZ9EYtiKZ3,true,0xfd0bbda87eda043c75899d5ad23164ac775677ce,1784639916884,2026-07-21T13:18:36.884Z,4570972.64140000008,0,4570972.64140000008,4155429.674037999939,0,415542.967362000025,ok,ok,200,1,2026-08-05T02:34:30.716Z,
423,xrpl,r4eRKW7LfSqM2MpZMoP6Qw8B3w5cVSJCMP,true,0x48cadd085e157a3f1c1c4bd6f9bc0d6ef6215adb,1784638140593,2026-07-21T12:49:00.593Z,4561070.101516,0,4561070.101516,4561070.101516,0,0,ok,ok,200,1,2026-08-05T02:34:30.917Z,
424,xrpl,rUAuDEriGSkYC6omdg8KiEnhNnVqxpLK6R,true,0xcc9e4b93706be27e85ecd49b00fa52ce20ba29e5,1784638119621,2026-07-21T12:48:39.621Z,4555560.086937000044,0,4555560.086937000044,4555560.086937000044,0,0,ok,ok,200,1,2026-08-05T02:34:31.141Z,
425,xrpl,rsPXJ8FgmX75B5bzKctZtGD6gGDBpHLjKE,true,0xef3f9dbee239439225f55fffc40e725e69631174,1784895324527,2026-07-24T12:15:24.527Z,4552896.6071159998,491510.943713,4061385.6634029998,4552896.6071159998,0,0,ok,ok,200,1,2026-08-05T02:34:31.404Z,
426,xrpl,rJHKXN1g4TKXoSfnK6EnzeLjSuuPpRmBb1,true,0x38fea85332bc11f15b4e2da18d75e7323e994be9,1784721455349,2026-07-22T11:57:35.349Z,4539320.030576,0,4539320.030576,4127808.128596,0,411511.90198,ok,ok,200,1,2026-08-05T02:34:31.528Z,
427,xrpl,rfHyoTyM66kwwm1pLd5zrMX1uqm3uuQ5ad,true,0x443150376157e2ffe19dd3a948dd7dfb2c278bbd,1785027769476,2026-07-26T01:02:49.476Z,4538682.14043799974,0,4538682.14043799974,4126074.673108999617,0,412607.467329000006,ok,ok,200,1,2026-08-05T02:34:31.733Z,
428,xrpl,rDLNdd34Dhy6JPMusZtsaTUF23YzNyNkga,true,0xe8440b9d12129dbce154167bcb8d07936c54c184,1784722220013,2026-07-22T12:10:20.013Z,4521435.279,0,4521435.279,3774528.95,0,746906.3297,ok,ok,200,1,2026-08-05T02:34:31.998Z,
431,xrpl,r4YE5Ngdr41ufVpX7nR2dDPzNdW2g5HSdw,true,0x78520ddb65486e81bffb624682f7b0a7f9084a2b,1784722323159,2026-07-22T12:12:03.159Z,4476040.26,0,4476040.26,3734032.91,0,742007.3495,ok,ok,200,1,2026-08-05T02:34:32.654Z,
432,xrpl,rGfR4PrF5yQ22VQ861UBPKXyP2Z4xNtS3W,true,0x51ea109fda3217df19ebe043c32038461c40ca95,1784648780838,2026-07-21T15:46:20.838Z,4463680.970783,0,4463680.970783,3721400.7550439998,0,742280.215739,ok,ok,200,1,2026-08-05T02:34:32.806Z,
433,xrpl,rUuGyQ8uopubPd3aWQw53BcYua6AZdopFP,true,0xec22414227b4d4ae14669569a6d0050bec081654,1784649449862,2026-07-21T15:57:29.862Z,4462254.165997,0,4462254.165997,4462254.165997,0,0,ok,ok,200,1,2026-08-05T02:34:33.130Z,
434,xrpl,rpejjunbtGTHUyHdrU3vfSBeqCUWr1vkko,true,0x0544868b896316a53b01090a7c4505353b008c15,1784676440262,2026-07-21T23:27:20.262Z,4446740.890918,0,4446740.890918,3666541.4677799996,433944.994822,346254.428316,ok,ok,200,1,2026-08-05T02:34:33.295Z,
435,xrpl,rhkk8ZFsZDACU4FYnbMZkpbPFbJphUKhDs,true,0x3d57d4f16a8604f96a2c3698675af55980496b17,1784637188589,2026-07-21T12:33:08.589Z,4440216.063248,1725802.533186,2714413.530062,4281876.0666119996,158339.996636,0,ok,ok,200,1,2026-08-05T02:34:33.500Z,
439,xrpl,rp6SmtP3zcsVifySJEGG5n7QTVGwBNwaaC,true,0xe3908825ccf40cf700708ba2990e9a4a799b1c38,1784641759719,2026-07-21T13:49:19.719Z,4418718.125315,2419164.209625,1999553.91569,4418718.125315,0,0,ok,ok,200,1,2026-08-05T02:34:34.251Z,
443,xrpl,roxfu4hUnL5kLPzo8itsRmGJWedHzUr29,true,0xf0669ef23b776bb5998920647996bb3a137ca52a,1784695272041,2026-07-22T04:41:12.041Z,4395706.383772,0,4395706.383772,4395706.383772,0,0,ok,ok,200,1,2026-08-05T02:34:35.012Z,
446,xrpl,rBa8uYnSUrsPRDoRLWP85i539XUJWjx1kH,true,0xea11cfc7965ee7223e7c16b97ffec26a948d6a4e,1785274196541,2026-07-28T21:29:56.541Z,4379375.892,0,4379375.892,4379375.892,0,0,ok,ok,200,1,2026-08-05T02:34:35.606Z,
447,xrpl,rEPqCDWi79vo89bomtgXBWgJdWLsaowCrQ,true,0x302892a9a3fe7094e4ba96fe5a20a28e05f408ea,1784643348139,2026-07-21T14:15:48.139Z,4369011.949,0,4369011.949,4369011.949,0,0,ok,ok,200,1,2026-08-05T02:34:35.812Z,
448,xrpl,rpwARMjby1VuZyHfmYhh7qMzrSkvd6E6gG,true,0x3406a82ff70acbf444234d1ef5d50e1161d7b160,1784688649680,2026-07-22T02:50:49.680Z,4366413.372447,0,4366413.372447,3640342.32737,0,726071.045077,ok,ok,200,1,2026-08-05T02:34:36.010Z,
450,xrpl,rsf7rZDtSiUgFRuT62pR5VARigBMjuNo3m,true,0x5fd8b4335394d72bafbd25b4a88d3dcabfb70b8d,1785278477301,2026-07-28T22:41:17.301Z,4358827.569679,0,4358827.569679,4358827.569679,0,0,ok,ok,200,1,2026-08-05T02:34:36.411Z,
451,xrpl,rBgstmbq1abmDXERiANnWL2ysmGtGShuVq,true,0xe952dfb675f6530d9e96ea4bccc60cc72df2b33e,1785267239390,2026-07-28T19:33:59.390Z,4355051.856,0,4355051.856,4355051.856,0,0,ok,ok,200,1,2026-08-05T02:34:36.616Z,
453,xrpl,rExEKmKWN78usiyavhn39j5P7TLyMQNM3H,true,0x1556c9987ae0137571ac0826222feecb54860236,1784638066949,2026-07-21T12:47:46.949Z,4342013.315468,823576.174511,3518437.140957,3951188.34582,0,390824.969648,ok,ok,200,1,2026-08-05T02:34:37.028Z,
454,xrpl,r4oqMpCMfYQYNA9AHcYNQ5BxGKKv5L6ujM,true,0x791f73cd165c0fd49e266aa0fd6768e94231b553,1784654859298,2026-07-21T17:27:39.298Z,4335481.28351,0,4335481.28351,4335481.28351,0,0,ok,ok,200,1,2026-08-05T02:34:37.239Z,
455,xrpl,r4iRiZ1APyNpbAQGD1T44jV8oGbyiiow8C,true,0x782986d08da356ecad5bafa9748e7720e290a435,1784645400344,2026-07-21T14:50:00.344Z,4328599.95,3169431.96,1159167.99,4328599.95,0,0,ok,ok,200,1,2026-08-05T02:34:37.460Z,
456,xrpl,raG2TRXivgdMTBYBJ3gjGZnbLMRCNccrGp,true,0x88381360e8c3afcf760c968bccb791e0b0737f24,1784646009200,2026-07-21T15:00:09.200Z,4326240.308243,0,4326240.308243,3611533.310565,0,714706.997678,ok,ok,200,1,2026-08-05T02:34:37.652Z,
457,xrpl,rwf7Tf7BMkT9oJrQqVNeD96rADmf8AYiDQ,true,0xdebc30e36cd812151d24dc2508fe506081e15755,1784696161692,2026-07-22T04:56:01.692Z,4312041.19267,3031578.745403,1280462.447267,3948221.3994890004,0,363819.793181,ok,ok,200,1,2026-08-05T02:34:37.849Z,
459,xrpl,rKNb7cT1GQ8dwK9hdwiGius92ZRDu1cBfu,true,0x90391efb8e32e362adf704d18accff010b4a25d7,1784688343946,2026-07-22T02:45:43.946Z,4305863.688826,0,4305863.688826,3312835.878018,661744.222995,331283.587813,ok,ok,200,1,2026-08-05T02:34:38.252Z,
460,xrpl,rnskQbdHnyPDznQ8tMZPs9F4z4ng35yykk,true,0x41387ae4670776a323bbaac442c3c65d9d0375dc,1784679128926,2026-07-22T00:12:08.926Z,4302446.053348,0,4302446.053348,3585371.7111290004,0,717074.342219,ok,ok,200,1,2026-08-05T02:34:38.463Z,
461,xrpl,rKHjD9PWBaGCHc6wEAnojfFjeoi1JpCTT1,true,0xbdca3d9fc180fb5c9bec0449f441e437e8567d9f,1785176976645,2026-07-27T18:29:36.645Z,4298951.117793,0,4298951.117793,4298951.117793,0,0,ok,ok,200,1,2026-08-05T02:34:38.662Z,
463,xrpl,r9uwbHqn99ySABQSLdS7vFt9c5ABpmTrvb,true,0x79f4cc59de034a3f514289bca65e4c04dca040c0,1784654183191,2026-07-21T17:16:23.191Z,4284312.79,0,4284312.79,3562447.4160229997,366590.779,355274.5947,ok,ok,200,1,2026-08-05T02:34:39.063Z,
464,xrpl,rwc2i3kVy3nzc7h1FC2sMzfQV1gLtdXP6r,true,0x0a3a6eef246ed15dbf97f8a237e20a3bc091cba3,1784897836402,2026-07-24T12:57:16.402Z,4272057.644895000383,3584157.86998500023,687899.774910000036,3857457.117934000213,28968.861714999999,385631.66524599999,ok,ok,200,1,2026-08-05T02:34:39.276Z,
466,ethereum,0x759432b16552ac0baed0a7de892f4ab295041dcd,true,0x759432b16552ac0baed0a7de892f4ab295041dcd,1784640047608,2026-07-21T13:20:47.608Z,4269372.387,0,4269372.387,3503481.309,415542.947,350348.1309,ok,ok,200,1,2026-08-05T02:34:39.692Z,
467,xrpl,rDE58fuxPs89tqV19M5E9gpb6XiV2YA1rr,true,0x845f2855f42c99c798bdd8171abc34c9816ce8a1,1784964333720,2026-07-25T07:25:33.720Z,4263005.404405,0,4263005.404405,3875459.4587449995,0,387545.94566,ok,ok,200,1,2026-08-05T02:34:39.897Z,
468,xrpl,rNo3x9FbuqHL46edngv4mJTbS3vH9cn5iN,true,0x2ef8bd5232d7f97493ad0a760e04a29f789d537b,1784646512420,2026-07-21T15:08:32.420Z,4260951.545828,0,4260951.545828,4260951.545828,0,0,ok,ok,200,1,2026-08-05T02:34:40.089Z,
469,xrpl,rMLg27T7oHqkc7G8tA1uU3DTsFu388tFwj,true,0x55dd61770526691c57a2b65447e3385f2c2fadb8,1784990160006,2026-07-25T14:36:00.006Z,4258833.43204,0,4258833.43204,3871666.7563830004,0,387166.675657,ok,ok,200,1,2026-08-05T02:34:40.292Z,
470,xrpl,rfMz5P38SNZqxFommhLq55nXZWaBVA9K6S,true,0x27ba37d658c9c1e7f3175d662fdb21f0ae347871,1784654145528,2026-07-21T17:15:45.528Z,4258480.501475,0,4258480.501475,3871345.982976,0,387134.518499,ok,ok,200,1,2026-08-05T02:34:40.496Z,
471,xrpl,r9rME7avxY6wtvtzRs8JNQ2YvTfg85mMSS,true,0x2a63bc8f638b9241d453a7276c9dca0a46c33ced,1784645672603,2026-07-21T14:54:32.603Z,4254095.932,0,4254095.932,4254095.932,0,0,ok,ok,200,1,2026-08-05T02:34:40.701Z,
473,xrpl,rBNfUTfUMJH2QjVZgSJw82zVyUSMpmNhmp,true,0xef167e2e0f90096d0eff6920696c591e422f5e80,1784944115390,2026-07-25T01:48:35.390Z,4214174.487,1443805.07,2770369.417,4214174.487,0,0,ok,ok,200,1,2026-08-05T02:34:41.101Z,
474,xrpl,rKh7FR9bXS7qoNtcjvAqJHHGrZKwaEEavU,true,0xb396ecaf2e68def8739d61d7f8a095eda63ed736,1784638513218,2026-07-21T12:55:13.218Z,4213926.214234,0,4213926.214234,3732344.235638,146817.752467,334764.226129,ok,ok,200,1,2026-08-05T02:34:41.295Z,
475,xrpl,rHSquvBihR2QVp977D6sLs9Cj3EMt3Qnjm,true,0x9fd2e0789fd55a11c8b2f98772ee53f4223c2e89,1784639268399,2026-07-21T13:07:48.399Z,4194357.037997,1862458.087356,2331898.950641,4194357.037997,0,0,ok,ok,200,1,2026-08-05T02:34:41.498Z,
477,xrpl,rGZ2ZGaBseiPoDyMa8TEWV54SpQhjuZqeG,true,0xb5446787ee2d36c293b6a6e87649cba67d2c268c,1784677470748,2026-07-21T23:44:30.748Z,4174964.315782,0,4174964.315782,4174964.315782,0,0,ok,ok,200,1,2026-08-05T02:34:41.926Z,
479,xrpl,rE8LHdGGqVHkhvd4zdhASvxzKt6j4Db9Hr,true,0x3caca7ffc6080ae6f5cac3e143f5018966c11173,1784637836015,2026-07-21T12:43:56.015Z,4164457.638,2125118.213,2039339.425,3699413.3942490003,95412.776922999999,369631.4669,ok,ok,200,1,2026-08-05T02:34:42.305Z,
480,xrpl,r49jrboqKWbYoShe8DZ1dqJPRHArYasXiW,true,0xf2d30303be152318bdb4278ab58c514641ce47f7,1784660725592,2026-07-21T19:05:25.592Z,4160051.599317,0,4160051.599317,3466709.666117,0,693341.9332,ok,ok,200,1,2026-08-05T02:34:42.509Z,
482,xrpl,rTKKhoZW7QEs6r3nD9tGHKqVjFRT4XeLt,true,0xd48db280b8161023186bcf7133d4f3e3d94aaf34,1784651195611,2026-07-21T16:26:35.611Z,4143764.220518999733,1937968.798021000111,2205795.422497999854,4143764.220518999733,0,0,ok,ok,200,1,2026-08-05T02:34:42.920Z,
483,xrpl,rUbnDbEZ5PhH3Td4gfGMV21HhFffx64Hd6,true,0x13e8a7867a4690bf1ebd2aa0f77bee13b5290450,1785227794724,2026-07-28T08:36:34.724Z,4141394.482913999818,0,4141394.482913999818,4141394.482913999818,0,0,ok,ok,200,1,2026-08-05T02:34:43.141Z,
484,xrpl,rwZANzmZxts67hFaeZAtA5jTm6YFsJdn2s,true,0x72caad4e5209e2030d8b09697044ec0ca95d46dc,1784640363238,2026-07-21T13:26:03.238Z,4130921.203408,2118439.403546,2012481.799862,3772229.8187929997,1409.591987,357281.792628,ok,ok,200,1,2026-08-05T02:34:43.349Z,
485,xrpl,rMmrvXECgsrsnZH4S6CfA4Xk3rDeYCnhC9,true,0xb62c1f04dc818bffd9f8b368749fdf445858978b,1784991853417,2026-07-25T15:04:13.417Z,4128004.822179,0,4128004.822179,4128004.822179,0,0,ok,ok,200,1,2026-08-05T02:34:43.529Z,
486,xrpl,rL6FSaoyNQC6qbPA5cKuLJfjhFH2AkgDvk,true,0x7a30e7d652d48743e6e7905746ca186063d01d97,1784679434612,2026-07-22T00:17:14.612Z,4125754.637233,0,4125754.637233,4125754.637233,0,0,ok,ok,200,1,2026-08-05T02:34:43.735Z,
489,xrpl,rhH5MjA9gSV6ePeXfDcXCEhStbZ1JuxfFD,true,0x7b5d2ff5dbfd12a11b5d8e6f2e42a5a151efba60,1784741795090,2026-07-22T17:36:35.090Z,4099503.307268,0,4099503.307268,4099503.307268,0,0,ok,ok,200,1,2026-08-05T02:34:44.352Z,
490,xrpl,r91oZqg4AAVixNdMpLaYaEQ7oukYNb2W7R,true,0x97709e9cf70de5746136c783fb8b349ffd3ac0cd,1784865218990,2026-07-24T03:53:38.990Z,4093799.056144,2871007.233445,1222791.822699,4093799.056144,0,0,ok,ok,200,1,2026-08-05T02:34:44.574Z,
497,xrpl,rPpfG8Hwwo8XHL2HMtu2qnVo7z38zVq64V,true,0x57d354d3a0e55a47c253782e302fa871924696e0,1785221305211,2026-07-28T06:48:25.211Z,4064284.81519,933396.411195,3130888.403995,3694923.2304639997,0,369361.584726,ok,ok,200,5,2026-08-05T02:35:24.824Z,
498,xrpl,rGFtqLErKk1uCNmwEyA5VFLi4MdJdzThF5,true,0xaf450b87e7e3c6349f3b279917680b416c13ff15,1784653721452,2026-07-21T17:08:41.452Z,4051680.631528,3189992.400669,861688.230859,3668312.693861,23788.756291,359579.181376,ok,ok,200,5,2026-08-05T02:35:25.072Z,
499,xrpl,rK3btVdHrMpMs3KNA53mqrsFMK6HRfK61V,true,0xef3f9dbee239439225f55fffc40e725e69631174,1784894883650,2026-07-24T12:08:03.650Z,4051322.448267,73488.589085,3977833.859182,4051322.448267,0,0,ok,ok,200,5,2026-08-05T02:35:25.333Z,
501,xrpl,rnQ9iDLwj6sJtevmFedMtq8fg8LFsuPDfX,true,0x2d76a833925722713c851b544d4914ab4f307ab1,1784655959093,2026-07-21T17:45:59.093Z,4042498.045082,0,4042498.045082,3675907.26605,0,366590.779032,ok,ok,200,1,2026-08-05T02:35:25.144Z,
504,xrpl,r4TPphEsswocERDwJcLdqpzEactDwG5foD,true,0xaf3f23f6aaffb6506ec8e70e51d778734c811cfd,1784688931350,2026-07-22T02:55:31.350Z,4023693.961,3094664.45,929029.5109,4023693.961,0,0,ok,ok,200,1,2026-08-05T02:35:25.957Z,
505,xrpl,rffFgn1Qg4H5tEYB9DDtHNQBjrcCYArsLG,true,0x309e64c85a87954e35dacf9cef60e8a750e66562,1784640514262,2026-07-21T13:28:34.262Z,4022657.201238,0,4022657.201238,3352214.367009,0,670442.834229,ok,ok,200,1,2026-08-05T02:35:26.360Z,
508,xrpl,r3L84fcQfsSJjgBq56Y3ce8MnBic54FTyy,true,0x7cbe8545bf40cffa28c270589d87c3a1e0fb5019,1784723152293,2026-07-22T12:25:52.293Z,3976482.539,0,3976482.539,3313735.4488040004,0,662747.0898,ok,ok,200,1,2026-08-05T02:35:26.948Z,
509,xrpl,rDCvm35kXsEVcYCphZo78tU9LAbosswPhh,true,0x75fa8ddd692edd6cf2b7bc4d1e1331301a1cde3b,1784857784829,2026-07-24T01:49:44.829Z,3965015.478887,0,3965015.478887,3604559.526286,0,360455.952601,ok,ok,200,1,2026-08-05T02:35:27.174Z,
510,xrpl,r3nqDBU8FbaWWsXhy73aUnqEmZ2YRY2fzK,true,0x737a1bb616dd069e113743bf154700b1a2c44941,1784848793177,2026-07-23T23:19:53.177Z,3953618.618,3014023.395,939595.2227,3953618.618,0,0,ok,ok,200,1,2026-08-05T02:35:27.365Z,
514,xrpl,r9MBNbGx9EvCZTiXgxWv5Y3uA2oq88j7Cy,true,0x71d18e41a536f58b61667da6c0724257b51e860b,1784641872020,2026-07-21T13:51:12.020Z,3906428.454,0,3906428.454,3168471.451,421109.8577,316847.1458,ok,ok,200,1,2026-08-05T02:35:28.174Z,
516,xrpl,rnSZgHg2EdnHNFt1pYguF6UmxeCvhu8LVm,true,0xdcbeeb2034f810f095482b7f577487d2a17172b5,1784554253483,2026-07-20T13:30:53.483Z,3876729.491655,2538754.755503,1337974.736152,3876729.491655,0,0,ok,ok,200,1,2026-08-05T02:35:28.584Z,
518,xrpl,rpmi138fro8rFNySW5kpE85cNkR6av7XRA,true,0xd40ac8d6e6154473ee1163fedfd4be5224910b81,1785179459738,2026-07-27T19:10:59.738Z,3856833.036775,3091176.206901,765656.829874,3856833.036775,0,0,ok,ok,200,1,2026-08-05T02:35:29.013Z,
520,xrpl,rJSbpCuaT87TpbKFe4C1XAMGfzQpoTujeJ,true,0x8b545dba9d6debea6820dff122fbf6493d7f71e7,1784654003777,2026-07-21T17:13:23.777Z,3845349.714323,0,3845349.714323,3845349.714323,0,0,ok,ok,200,1,2026-08-05T02:35:29.378Z,
522,xrpl,r3crwBRpdQvHDrTqNvJWJ7FsKPa6QSuUom,true,0x15f93dbb4f9d3a5f1967eb946792783b033ad50b,1784641571847,2026-07-21T13:46:11.847Z,3821779.041,0,3821779.041,3184815.8673630003,0,636963.1736,ok,ok,200,1,2026-08-05T02:35:30.009Z,
523,xrpl,rGWuzKBU5TTLkvMGeNX7MRHk68s7eNzLks,true,0xb1258633a8f7eeb78dbb8aaddcc4cca1d33666c2,1784649883778,2026-07-21T16:04:43.778Z,3813932.208388,0,3813932.208388,3467574.5915039997,0,346357.616884,ok,ok,200,1,2026-08-05T02:35:30.006Z,
524,xrpl,rHqtm7HpbgXdr2s4AUn617gAc5dz8y2LKU,true,0x5db63f987817910bbb9656b5210990408d3831fb,1784642434048,2026-07-21T14:00:34.048Z,3810555.266661,0,3810555.266661,3180795.853394,0,629759.413267,ok,ok,200,1,2026-08-05T02:35:30.199Z,
526,xrpl,rHGqhWhFwE3HSmbUTDduV6bio6NGPMR26K,true,0x27f52001162cd8d396dc4513142c9a0b54cddd89,1784638140077,2026-07-21T12:49:00.077Z,3780418.108705,2251565.977864,1528852.130841,2078578.287835,1513386.547164,188453.273706,ok,ok,200,1,2026-08-05T02:35:30.614Z,
528,xrpl,rEvtHE3LeqNEe6YhTtND1jD6XBJh1ujqFi,true,0x6eec912b9ec053b1988ee17c9b31493e510226ef,1784679306822,2026-07-22T00:15:06.822Z,3769910.971375,2729543.077747,1040367.893628,3316408.4063020001,127485.134554,326017.430519,ok,ok,200,1,2026-08-05T02:35:31.012Z,
529,xrpl,rBCfBDNbmrc4YviksFG28cyiLtxe7qt2a3,true,0xf95a6073941cfd8b96c1484e0bcabf151a5fa0f4,1785311690111,2026-07-29T07:54:50.111Z,3766757.762,0,3766757.762,3424325.2381209997,0,342432.5238,ok,ok,200,1,2026-08-05T02:35:31.462Z,
530,xrpl,rUupmJvUQKCYF8PajkrLWuEM58L1rWAAzM,true,0x1a0b5f2eade71626d051c29ef425d9c49dc87aea,1784701634080,2026-07-22T06:27:14.080Z,3766159.640326,0,3766159.640326,3138466.366947,0,627693.273379,ok,ok,200,1,2026-08-05T02:35:31.413Z,
531,xrpl,rGxBBP9YbzRYkRFNfWvnotMrL6m5wTzmym,true,0x00cb1524de844004827288f3a9922e28a0a1fdb1,1784638465999,2026-07-21T12:54:25.999Z,3763729.705452,0,3763729.705452,3763729.705452,0,0,ok,ok,200,1,2026-08-05T02:35:31.619Z,
534,xrpl,rMYvn9eH1GibX5rqTT3rYnvGCiV13xePXm,true,0x591cec912adae946effb0bf4fdfe9b4f130fbfc6,1784696921627,2026-07-22T05:08:41.627Z,3738353.229084,1636090.473417,2102262.755667,3624615.3707540001,0,113737.85833,ok,ok,200,1,2026-08-05T02:35:32.214Z,
535,xrpl,rM5BxWfCriEqFEhNJwyQuTP72Us5yTqJqU,true,0x0c7cdee7f65f2be9d3d241a8caf43fd2773e263b,1784645760341,2026-07-21T14:56:00.341Z,3719278.505304,0,3719278.505304,3099398.754587,0,619879.750717,ok,ok,200,1,2026-08-05T02:35:32.424Z,
536,xrpl,rUKxS7S2CMCNK8zGkywwJJDnBF6vYhAgoV,true,0xe4e915f8db132fcfc5b6180f3bac3b2997b20fab,1784650267697,2026-07-21T16:11:07.697Z,3703404.891170000192,0,3703404.891170000192,3703404.891170000192,0,0,ok,ok,200,1,2026-08-05T02:35:32.613Z,
538,xrpl,rLuNxKUy379jeu18pErn4vYwPbZFYbWsEg,true,0xff1882511a5673194b252c35f2530562f74f47e4,1784643030884,2026-07-21T14:10:30.884Z,3688302.798325,0,3688302.798325,3363499.190204,0,324803.608121,ok,ok,200,1,2026-08-05T02:35:33.040Z,
539,xrpl,rKGwPyfcv4R1wNaSm2UYbTsuQ5EoFnodn8,true,0xd6d9af69fb43e194d63edccdb93b2de7b7d991c4,1784944570476,2026-07-25T01:56:10.476Z,3683604.563277,0,3683604.563277,3078458.698828,0,605145.864449,ok,ok,200,1,2026-08-05T02:35:33.229Z,
540,xrpl,rLguMYfw6mB2JSoWC4THWvQTCCTKgxyJcP,true,0xeb121823e5f3b1bfe13d45fdd1e7416a6b26ad81,1784681243220,2026-07-22T00:47:23.220Z,3679118.366586,0,3679118.366586,3066098.6228750004,0,613019.743711,ok,ok,200,1,2026-08-05T02:35:33.448Z,
541,xrpl,ruZFF1f9yRbQcQN5CyHFs3PyLkPbdAx3U,true,0x5335f4ed37257881ca20dae09f61e8c6aa2568fb,1784653886926,2026-07-21T17:11:26.926Z,3672204.980635,0,3672204.980635,3672204.980635,0,0,ok,ok,200,1,2026-08-05T02:35:33.844Z,
542,xrpl,rQpKxzQzEF8HfLSCmAAuH1oFjPVpD2ZWvu,true,0x66f9fb275ea60e7d6f65604bfedd7e281da122ac,1784680416467,2026-07-22T00:33:36.467Z,3650970.91273,0,3650970.91273,3049423.312624,0,601547.600106,ok,ok,200,1,2026-08-05T02:35:33.844Z,
543,xrpl,rH9W9viqFUW3upuCiemqHWjFp1x9G4TgUs,true,0x68c681fe934026b548fd4b99a13fb8c7e3365ef6,1784711711542,2026-07-22T09:15:11.542Z,3650030.892659,0,3650030.892659,3041692.4105620002,0,608338.482097,ok,ok,200,1,2026-08-05T02:35:34.062Z,
544,xrpl,rfcbanZeQ8ZwY1TKq1Qtwn13LnAgfr4H69,true,0x24e183e935d5b769c91439cc5b112e4869f8536b,1784761997824,2026-07-22T23:13:17.824Z,3649930.276786,0,3649930.276786,3649930.276786,0,0,ok,ok,200,1,2026-08-05T02:35:34.262Z,
547,xrpl,rE7kWc5qiZsCY3zcixL1xHeSGDLSA8Ebd1,true,0xd0ca433de06ef7dd09e1e073da61baf32dde679e,1784807868405,2026-07-23T11:57:48.405Z,3645484.871,677282.5577,2968202.313,3645484.871,0,0,ok,ok,200,1,2026-08-05T02:35:34.854Z,
551,xrpl,rMUM6xn6vVGygsBaGWMfLyw1d3H784PUJz,true,0xd4aad4e868e8d1b5744857449ea0a56ee9087063,1784734863277,2026-07-22T15:41:03.277Z,3623350.572098,0,3623350.572098,3623350.572098,0,0,ok,ok,200,1,2026-08-05T02:35:35.670Z,
552,xrpl,rHLg7x6rewf2LjTUSqW2pitwAZgiHuZ7gr,true,0xf25c929ddae44c8439cec27934526f81e933568b,1784637659057,2026-07-21T12:40:59.057Z,3620072.583659,3554985.076301,65087.507358,3224927.01426400001,72696.93605,322448.633345,ok,ok,200,1,2026-08-05T02:35:35.876Z,
557,xrpl,rHzaP3H4ivoSJai3SmDFK8GzjcoKJmAJDk,true,0xd2ac5cef7e3f21f08f4a25b03f242893c99c5a47,1784649025887,2026-07-21T15:50:25.887Z,3599409.568623,0,3599409.568623,3183664.966554,97378.105402,318366.496667,ok,ok,200,1,2026-08-05T02:35:36.902Z,
561,xrpl,rNf3B35ntodhxoTkMLQsfxrhfCbaxXEEL4,true,0xe5b314fa02f366b136685ef322a91586ef2364de,1784639925460,2026-07-21T13:18:45.460Z,3583843.830538,0,3583843.830538,2828744.835128,205549.376887,549549.618523,ok,ok,200,1,2026-08-05T02:35:37.696Z,
563,xrpl,rhLeheUhi2tc1ju5T4hwY8x7B31hWVTfaJ,true,0xd9f5e8f2d2262853b7c38f1c44feb4f39842e9c4,1784637724507,2026-07-21T12:42:04.507Z,3567256.730028999969,2501506.881734999828,1065749.848294000141,3567256.730028999969,0,0,ok,ok,200,1,2026-08-05T02:35:38.098Z,
564,xrpl,rwRdSoAsrXEQ7pLntV5oyLWTpTPRc14G2T,true,0x120848211c1bee2e7db6d5883bcc498b318719bb,1784741814981,2026-07-22T17:36:54.981Z,3565450.173381999601,3164969.140166999772,400481.033215000003,3170957.444266999606,142964.41793299999,251528.311182000005,ok,ok,200,1,2026-08-05T02:35:38.304Z,
566,xrpl,rabZfZwYVqV6hKzCtgCBZffD6mnjVGJGxD,true,0x617b6f838f8810b7ec8d6ecb9bda212778d139e4,1785200815680,2026-07-28T01:06:55.680Z,3553202.550046000164,3552887.181998000015,315.368048,3553202.550046000164,0,0,ok,ok,200,1,2026-08-05T02:35:38.934Z,
567,xrpl,rBajqAQMRJ9mc4hmZhpUySoDykk341gRxR,true,0xa1e1818820aa623c5e7378d97d522088a401731a,1784674361642,2026-07-21T22:52:41.642Z,3549223.956,0,3549223.956,3549223.956,0,0,ok,ok,200,1,2026-08-05T02:35:38.934Z,
568,xrpl,rUpvxYSkfvWQhiAS8sV1jBRqhrGyTKVboY,true,0x3a2c24307f1316e934ca331a15e83171bacec3f0,1784889073231,2026-07-24T10:31:13.231Z,3545971.830677,0,3545971.830677,2961176.736764,0,584795.093913,ok,ok,200,1,2026-08-05T02:35:39.141Z,
571,xrpl,rhBPArUex5sc1F9W7VKop2EBw3z8r6AbyF,true,0xb7859d330b0681ff18db80112502d210e0a990e7,1784900064431,2026-07-24T13:34:24.431Z,3521955.915862999856,0,3521955.915862999856,3025844.111231999937,496111.804631000035,0,ok,ok,200,1,2026-08-05T02:35:39.712Z,
572,xrpl,rRERjJGwpLZWUNeUMSDQ4HPqCgoRcvjyU,true,0xa8aaf191a44f94d9ab6e6d5ac3117f02473bd0dd,1784740785902,2026-07-22T17:19:45.902Z,3521868.627969,0,3521868.627969,3521868.627969,0,0,ok,ok,200,1,2026-08-05T02:35:39.941Z,
573,xrpl,rJERW6jjbp72QW7yD7JQego668BQXDyiyi,true,0xc2665ae24982a2f896c6a707b97ab8b8b7d51452,1784663696770,2026-07-21T19:54:56.770Z,3506877.231074,0,3506877.231074,3506877.231074,0,0,ok,ok,200,1,2026-08-05T02:35:40.142Z,
577,xrpl,rKYDJTkFparusif5djcN4VD23YUYX64HuG,true,0xaee181ca0cbabde2c63115787f75af4f6d4b9e54,1784716740737,2026-07-22T10:39:00.737Z,3462306.22152,2408011.059633,1054295.161887,3462306.22152,0,0,ok,ok,200,1,2026-08-05T02:35:40.934Z,
580,xrpl,rNr8eRh5DpM1ENLAQRmHSJWumtHUFAK5oX,true,0xd1aa2cc7e7c2116638a90a28987dc6d35a84946d,1784679794536,2026-07-22T00:23:14.536Z,3440332.360511,0,3440332.360511,3440332.360511,0,0,ok,ok,200,1,2026-08-05T02:35:41.553Z,
581,xrpl,rGXoqCi2EiD9MwdwDU6Wn2hyG3Fz6Ps6uy,true,0x4ddf9a330decb4ec67e2d253c76c81014433fed6,1784639346804,2026-07-21T13:09:06.804Z,3439407.176286,0,3439407.176286,2878314.117869,0,561093.058417,ok,ok,200,1,2026-08-05T02:35:41.748Z,
585,xrpl,rPE96XWow2m7ACcLGWodmvVmiLytY1qDya,true,0x1256bc3652ca85f962d613d5f91f0167c2ff2218,1784716301084,2026-07-22T10:31:41.084Z,3418305.741489000153,0,3418305.741489000153,3418305.741489000153,0,0,ok,ok,200,1,2026-08-05T02:35:42.555Z,
588,xrpl,rJsxEMu6p3jtVox1HsuiVPF68jdUR5H7LT,true,0x115253c6430ecdedba1864a032bd4fcc3e9ca7da,1784637655795,2026-07-21T12:40:55.795Z,3385875.233602,2689246.090799,696629.142803,3385875.233602,0,0,ok,ok,200,1,2026-08-05T02:35:43.159Z,
589,xrpl,r9YeLLySDY6b5jXNwQq576n6tW8dgRMo1j,true,0x95ad61b0a150d79219dcf64e1e6cc01f0b64c4ce,1784655219050,2026-07-21T17:33:39.050Z,3373435.631,159272.2433,3214163.388,3373435.631,0,0,ok,ok,200,1,2026-08-05T02:35:43.369Z,
591,xrpl,rEmLMgmVm2pDDc7JkQNtLPfR9Cx3ZiSjwo,true,0x5690431fea79b1a01801fc6e77782ccb571ed114,1784654754973,2026-07-21T17:25:54.973Z,3365899.97914,0,3365899.97914,3365899.97914,0,0,ok,ok,200,1,2026-08-05T02:35:43.776Z,
593,xrpl,rsUpF791vdpAwXC4tiQKUjxfTe45qsEJ82,true,0xb8f0a03955d97dd3f81aa6eed70a076e19d59c83,1784723874336,2026-07-22T12:37:54.336Z,3355841.310988,0,3355841.310988,3355841.310988,0,0,ok,ok,200,1,2026-08-05T02:35:44.186Z,
594,xrpl,rwDCWx9V2Jz1Nt4gGT3aeuyeUmXbncLfwS,true,0x936215be33ad684abc6044d40ec09f6c6c6c28e8,1784775113833,2026-07-23T02:51:53.833Z,3343894.144549,0,3343894.144549,2800922.327165,262879.58465,280092.232734,ok,ok,200,1,2026-08-05T02:35:44.382Z,
595,xrpl,rHh97vZEM1ngtY8dQvSpK788wfHuACTbYS,true,0xb10b8442aeaeed7726567e7fdc9f17185c16be69,1784947322063,2026-07-25T02:42:02.063Z,3342808.03242,1822501.696929,1520306.335491,2840089.232296,76711.254107,426007.546017,ok,ok,200,1,2026-08-05T02:35:44.571Z,
596,xrpl,rQwcFrtKh1R6tqF37tPkTdi4myAgX7o9Ha,true,0x3d882d2ec2fabf462d368a42bdf798138d7030e6,1784652421014,2026-07-21T16:47:01.014Z,3335233.370809,2413543.825147,921689.545662,3032030.337081,0,303203.033728,ok,ok,200,1,2026-08-05T02:35:44.783Z,
601,xrpl,rKG8SSZBgwWsjh9AVEaj17voQRT2VVtt76,true,0x8e224973441ea9230ea45ae1d32319dbc84c41c3,1784684418089,2026-07-22T01:40:18.089Z,3279208.927425,2386887.704517,892321.222908,3279208.927425,0,0,ok,ok,200,1,2026-08-05T02:35:46.038Z,
602,xrpl,rane1MZq9BVP2rb4fkqhQubktakGbjbkcV,true,0xcef06232ade15f73ddb352d8e6c5e1da3be61f51,1784985309756,2026-07-25T13:15:09.756Z,3278629.213578,182771.740028,3095857.47355,3278629.213578,0,0,ok,ok,200,1,2026-08-05T02:35:46.009Z,
606,xrpl,rP6x8jfNVarKgtTeyLGUneLxP83R3AFPVm,true,0x89513239eb60e3a1ddf5cd568b08144a493290de,1784650976795,2026-07-21T16:22:56.795Z,3268587.048664,0,3268587.048664,2725655.6241619997,0,542931.424502,ok,ok,200,1,2026-08-05T02:35:46.839Z,
607,xrpl,rEywNxSTjeDU8LnJpGEH8cyqA2CzHsmq21,true,0x1b1c61f8732e2443e8a66bf1adefc72ea4eb01c8,1785026734545,2026-07-26T00:45:34.545Z,3255146.255184,0,3255146.255184,2959223.868338,0,295922.386846,ok,ok,200,1,2026-08-05T02:35:47.049Z,
609,xrpl,rferhMeYzFvKSmBfoiYAhY4pd12zxs8Z2Y,true,0x370686138046a262dd32a3e92128112160a14db9,1784728870605,2026-07-22T14:01:10.605Z,3248043.473199,1345113.882237,1902929.590962,2824385.6289,0,423657.844299,ok,ok,200,1,2026-08-05T02:35:47.445Z,
610,xrpl,r4kMUGZpUZYVHUNNNvBVtmjo7oztPjp9Dk,true,0xd2ac5cef7e3f21f08f4a25b03f242893c99c5a47,1784649131554,2026-07-21T15:52:11.554Z,3245666.0179739998,1508690.353985,1736975.6639889998,2804635.353431,357684.88358,83345.780963,ok,ok,200,1,2026-08-05T02:35:47.616Z,
611,ethereum,0xb4eebb9fb8d6ec26052947070a085524d6f2b3ed,true,0xb4eebb9fb8d6ec26052947070a085524d6f2b3ed,1784638029177,2026-07-21T12:47:09.177Z,3236386.945,0,3236386.945,2696989.1206719996,0,539397.8241,ok,ok,200,1,2026-08-05T02:35:47.827Z,
612,xrpl,rUbrKMh7ZkaK9rUX4r2bNM9dENj49HSaQ4,true,0xe3919e198a759388dde32d31a1aa30518be4027e,1784678288101,2026-07-21T23:58:08.101Z,3232116.332837,524757.895649,2707358.437188,3232116.332837,0,0,ok,ok,200,1,2026-08-05T02:35:48.031Z,
616,xrpl,r3k5UqKFJHXenbDBRomzdTkQnVXLXpAwf4,true,0xba5ebecb14e6b951bac87996f737c80812819214,1784764535362,2026-07-22T23:55:35.362Z,3214031.453,2351123.011,862908.4421,2921846.776,0,292184.6776,ok,ok,200,1,2026-08-05T02:35:48.866Z,
622,xrpl,rhDeUvXuHzdsXqno3H3T8XE1a8tq6ZgE81,true,0x83fbf2718cf447d2d1ce6bd2ba3f18f7ad1a2a79,1784641319600,2026-07-21T13:41:59.600Z,3163124.974766,0,3163124.974766,3163124.974766,0,0,ok,ok,200,4,2026-08-05T02:36:22.792Z,
623,xrpl,rsgfMoNhNBqaWtXBiNmaQA6fhDtktXc5AN,true,0x1900cd53dde697c6b81e2b1ae131c4b12814c7e2,1784706684220,2026-07-22T07:51:24.220Z,3160766.947214,0,3160766.947214,3160766.947214,0,0,ok,ok,200,4,2026-08-05T02:36:23.204Z,
626,xrpl,r9ESuWqf9bPV9SiyatzKqkKGeRQvWACKwz,true,0x1ccebb5a708fdb37bca49222f51177025a06d860,1784637970709,2026-07-21T12:46:10.709Z,3132545.278,0,3132545.278,3132545.278,0,0,ok,ok,200,1,2026-08-05T02:36:22.583Z,
627,xrpl,rUt7Pc9k3eXijrFojsVDt3vqLeV8eZWQZ6,true,0xaadcb7befeb532bb58ece4fe85f26a376b3463fc,1784685279439,2026-07-22T01:54:39.439Z,3130045.425656,2139148.964998,990896.460658,2853299.4726709999,0,276745.952985,ok,ok,200,1,2026-08-05T02:36:22.992Z,
628,xrpl,r3hwZLN75LHt1JJE2tYDqJJ7SYXTVzr5XU,true,0xc72805b81193152aea2ad80db0d2e06987390fac,1784698197298,2026-07-22T05:29:57.298Z,3127488.042011,1493399.61434,1634088.427671,3127488.042011,0,0,ok,ok,200,1,2026-08-05T02:36:23.397Z,
631,xrpl,raRfcstDQHN65yhv52CHBZJCH3tvMcvzVb,true,0xd7f78448582d9dcd14c97b5ff2439b4c0917978f,1784638820802,2026-07-21T13:00:20.802Z,3119308.146219,873001.249488,2246306.896731,2790395.2012749998,207065.739851,121847.205093,ok,ok,200,1,2026-08-05T02:36:24.216Z,
633,xrpl,rwbP6rwPxPBFaVJ4zogeZM9tAL2kh49eBn,true,0x2f1d2f3699f437da19a5c9c5f253f189e5ec93a2,1784646412652,2026-07-21T15:06:52.652Z,3109216.239889999852,0,3109216.239889999852,3109216.239889999852,0,0,ok,ok,200,1,2026-08-05T02:36:24.616Z,
636,xrpl,rsUc5XaKXKLvao3uv8QNjMDq3QhWVnCfTA,true,0x23ae61c3148da24494bbee207a465945403da2bf,1784687443271,2026-07-22T02:30:43.271Z,3088813.26835,0,3088813.26835,3088813.26835,0,0,ok,ok,200,1,2026-08-05T02:36:25.212Z,
638,xrpl,rGE8J79w5B2NmMx3sG1WfBCpFFHfZa2ZLP,true,0x24cad18aa8f763ef38070f276cc3c19e80845670,1784643094802,2026-07-21T14:11:34.802Z,3077147.041706,2732286.796004,344860.245702,3077147.041706,0,0,ok,ok,200,1,2026-08-05T02:36:25.627Z,
639,xrpl,rsz2tTW8rZq2jiDkUTtbTW2y1UCJWUkm7a,true,0x82ad80243d30eb02d4586cd8bfc925bcab43c494,1784703854514,2026-07-22T07:04:14.514Z,3070929.584676,2224193.324692,846736.259984,2825769.9902479999,0,245159.594428,ok,ok,200,1,2026-08-05T02:36:25.833Z,
640,xrpl,rB8BiSNV1BrZz9P4v2Ru11FNyihjkDJQya,true,0x2eef6a6bac8254454485d6f8917478ef7653c38b,1784714454514,2026-07-22T10:00:54.514Z,3067628.777561,0,3067628.777561,3067628.777561,0,0,ok,ok,200,1,2026-08-05T02:36:26.039Z,
644,xrpl,rwkVPVDofYUtHiDR9Citr5RsWgZ1YRGhuw,true,0xf0465060e7be0c2d3dc8d0ee784b840f04c3d92f,1784688257795,2026-07-22T02:44:17.795Z,3012834.003281999845,0,3012834.003281999845,2522522.617548999842,0,490311.385733000003,ok,ok,200,1,2026-08-05T02:36:26.854Z,
646,xrpl,rGn5FZR3oCnN9RdnW6qFZHQcf2PfEokD5a,true,0x2441c62138271d5fa6852850471319a427189c89,1784800879458,2026-07-23T10:01:19.458Z,3005074.798941,1287074.312663,1718000.486278,3005074.798941,0,0,ok,ok,200,1,2026-08-05T02:36:27.253Z,
649,xrpl,rUZBKNrWtXSaCTtvpBS36L3VBNuZnb295Y,true,0xd5b68af0761535999218befc4af3925ee45340e3,1784886053174,2026-07-24T09:40:53.174Z,2987965.4998,0,2987965.4998,2716332.272533,0,271633.227267,ok,ok,200,1,2026-08-05T02:36:27.893Z,
650,xrpl,rDVVXohriWF87qVFbFkdiwX53bta6aW3Yx,true,0x2013d2868c582613cf73127a6df0e64ca7ee9d8f,1784650360550,2026-07-21T16:12:40.550Z,2987843.332,0,2987843.332,2716221.2103440003,0,271622.1213,ok,ok,200,1,2026-08-05T02:36:28.133Z,
651,xrpl,r9kLS2jy6BnC2KZJpPjvW2tMw5cQ3nTPp1,true,0xe3200db493615ac9481bb6ae38264f8d3d613e2b,1784732158723,2026-07-22T14:55:58.723Z,2983937.425,1959722.283,1024215.142,2983937.425,0,0,ok,ok,200,1,2026-08-05T02:36:28.294Z,
652,xrpl,r48RfjVRgHSAXoLK5ew7XMU4ZQEGUM4Z3P,true,0xb69f6cabbe3f438385dcfd0069e4284d3edac135,1784662663787,2026-07-21T19:37:43.787Z,2983132.428384,1668442.98075,1314689.447634,2711938.5712930001,0,271193.857091,ok,ok,200,1,2026-08-05T02:36:28.492Z,
654,xrpl,raiirBkiGfxP6XoDokVsqTppfcj8H7Mnwg,true,0xefa911756a790e0f9e806189dfa97e3fc96fb096,1784642073254,2026-07-21T13:54:33.254Z,2979736.259705000091,0,2979736.259705000091,2979736.259705000091,0,0,ok,ok,200,1,2026-08-05T02:36:28.958Z,
656,xrpl,rEVyCXAS16VzNdGXbYpL9HEvXwzzKfXg2H,true,0xed98a20f9fe21f003a37cf951b789f4f736384a0,1784684095901,2026-07-22T01:34:55.901Z,2957899.343,1929447.386,1028451.957,2957899.343,0,0,ok,ok,200,1,2026-08-05T02:36:29.303Z,
659,xrpl,rP3MRNSkaiTxBgesNGuqC8ppEY4ozDPJgV,true,0x201955545784e998ef5b54b5fc576281070f9c0c,1784678271176,2026-07-21T23:57:51.176Z,2931707.321189,2110627.260855,821080.060334,2931707.321189,0,0,ok,ok,200,1,2026-08-05T02:36:29.954Z,
660,xrpl,rfdzkyJBeM4XETostfS3JYk9snkX8xL4dB,true,0x107597f3ba5c71b2243fce285cd9128f5b0a2729,1784903714450,2026-07-24T14:35:14.450Z,2931489.449847,0,2931489.449847,2931489.449847,0,0,ok,ok,200,1,2026-08-05T02:36:30.107Z,
661,xrpl,rnTyZAH3ifxiMd81zZ8MxHK9zrbkSrkVZn,true,0x757f0acae0c930a324122e7693a597190e96e840,1784904307807,2026-07-24T14:45:07.807Z,2927465.620600999799,0,2927465.620600999799,2927465.620600999799,0,0,ok,ok,200,1,2026-08-05T02:36:30.305Z,
663,xrpl,rDBhwe4tt9fC6HvKtdqk2m6BcxZUNokkFN,true,0x0d52e0062a8e268a4f4aa42959d76ef221e70379,1784876226970,2026-07-24T06:57:06.970Z,2914002.994,1126687.857,1787315.137,2914002.994,0,0,ok,ok,200,1,2026-08-05T02:36:30.709Z,
665,xrpl,rE9DhRNCA5saYbs4hufQxG63C8b9AsKtk7,true,0x936215be33ad684abc6044d40ec09f6c6c6c28e8,1784775057921,2026-07-23T02:50:57.921Z,2889499.006,0,2889499.006,2626817.278,0,262681.7278,ok,ok,200,1,2026-08-05T02:36:31.133Z,
667,xrpl,rKmBCDsd5vDAvcBkgkjWsHA5yuqBBHtW7d,true,0x73c31560107a7fb424ed5dae505d581de22f16d6,1784807525195,2026-07-23T11:52:05.195Z,2880363.858921,2096009.225323,784354.633598,2880363.858921,0,0,ok,ok,200,1,2026-08-05T02:36:31.517Z,
669,xrpl,rBCJ2geRQYaZwQ4FJpcrXursGvJcf7h6bA,true,0xfb2bf6fee9b96f8d9af0f0f426dc0f5c0308a7ba,1784691877302,2026-07-22T03:44:37.302Z,2867369.306,515234.5166,2352134.79,2867369.306,0,0,ok,ok,200,1,2026-08-05T02:36:31.938Z,
671,xrpl,rGGvhu7QjGKqY7RP2Q8RWvCBbCFi6eZb9X,true,0x55055f0efe364d103c43bb84af01219b0fd356b4,1784753494810,2026-07-22T20:51:34.810Z,2859872.359619,0,2859872.359619,2498537.508742,182792.229362,178542.621515,ok,ok,200,1,2026-08-05T02:36:32.344Z,
673,xrpl,rhF9Z9aWgLbkJnmsC4zHjPkWqegueaxMRT,true,0xe740bda977ad09a5268fb1312430dbf7fa2f5fd7,1784874374960,2026-07-24T06:26:14.960Z,2850892.807888,1541201.030507,1309691.777381,2850892.807888,0,0,ok,ok,200,1,2026-08-05T02:36:32.738Z,
674,xrpl,rMmfpgSV6e5bgJbMutt3agmegGqTX4WZKK,true,0xdfc6b01277538673d95237a17a072ce7ff0c06fa,1785412575820,2026-07-30T11:56:15.820Z,2841283.606697,0,2841283.606697,2582985.097,0,258298.509697,ok,ok,200,1,2026-08-05T02:36:32.934Z,
677,xrpl,rJakSYcN7H9ECD8DnbiL4yXWUCBk6dee7H,true,0x3b5a65e487dc75d59b7b7fa79eff414393d603fa,1784807869226,2026-07-23T11:57:49.226Z,2834679.47312,2064675.489655,770003.983465,2834679.47312,0,0,ok,ok,200,1,2026-08-05T02:36:33.541Z,
678,xrpl,rDshwj325h8RyTaqzgKYskJf8Mp6TSj1mM,true,0xd24e860a67c4447c9d1245ccaeba384a977efd91,1784648980611,2026-07-21T15:49:40.611Z,2833530.936527,2062177.729084,771353.207443,2833530.936527,0,0,ok,ok,200,1,2026-08-05T02:36:33.738Z,
680,xrpl,r45yHEEYkrswqmfSHk4Ha673Mb2ePh25Mw,true,0x0000d0f13d7a96934241f43520f8042835a40000,1784644424084,2026-07-21T14:33:44.084Z,2809107.473,0,2809107.473,2160771.87,216181.2281,432154.3742,ok,ok,200,1,2026-08-05T02:36:34.155Z,
681,xrpl,rUEdaNboyghiH9Ri277qpEkDF4dvSXt7dj,true,0x77874297ab4b6dc23bd156ac0483cfded291d9dc,1784690158907,2026-07-22T03:15:58.907Z,2806600.192909,0,2806600.192909,2806600.192909,0,0,ok,ok,200,1,2026-08-05T02:36:34.347Z,
682,xrpl,rM2mV1vaQXf1dXjfc75brcWezw4YeBEkWY,true,0xee8be1022501de68f3ae65a825924ea1a0cf6ab1,1784675093388,2026-07-21T23:04:53.388Z,2800446.565568000078,0,2800446.565568000078,2800446.565568000078,0,0,ok,ok,200,1,2026-08-05T02:36:34.541Z,
683,xrpl,rKzxUA7Z1RvAmcnz6iQoyov7eQpEzB14nW,true,0x15a81a140e3e08d13afba229e68ce6d0a6de2862,1784640083664,2026-07-21T13:21:23.664Z,2791877.173447,0,2791877.173447,2326690.855296,0,465186.318151,ok,ok,200,1,2026-08-05T02:36:34.757Z,
686,xrpl,rh38TDsNQwLkP7GbaLTGALoZCTsDN9PueG,true,0xf0c09d91aa30e491e1a3a20c6fd35838257e2648,1784654616629,2026-07-21T17:23:36.629Z,2764485.34577499982,0,2764485.34577499982,2764485.34577499982,0,0,ok,ok,200,1,2026-08-05T02:36:35.372Z,
688,xrpl,rBkLUt3csEVD4kfLnp4oZvv4xLvCThLHAa,true,0x01c9edb18330e11dec89bc2d1f64979a402a2acd,1784643154352,2026-07-21T14:12:34.352Z,2758808.438759,1418068.525874,1340739.912885,2758808.438759,0,0,ok,ok,200,1,2026-08-05T02:36:35.777Z,
690,xrpl,rMNWhmPvxar1fw7cCme3oEfaBWpcnirigY,true,0xf5c1602d54aa2587d973e969d3066346d3b73469,1784638816357,2026-07-21T13:00:16.357Z,2749848.92716,1346431.883686,1403417.043474,2672970.975757,0,76877.951403,ok,ok,200,1,2026-08-05T02:36:36.192Z,
691,xrpl,rHyJ3BW38TnrU6N32Js7fEYcYtmVdF3MWy,true,0xe57398590d11f5aacc6e0b120d532044f7af3e2b,1784880187332,2026-07-24T08:03:07.332Z,2748334.85777,0,2748334.85777,2282387.6012730002,280829.623876,185117.632621,ok,ok,200,1,2026-08-05T02:36:36.379Z,
692,xrpl,rwehr8LtutuzF1j4RGGGocgrdKmZJRtmEF,true,0xa46a2e5ce58d4c7f51055024ac865831cf5ab880,1784987548281,2026-07-25T13:52:28.281Z,2746722.943732,0,2746722.943732,2746722.943732,0,0,ok,ok,200,1,2026-08-05T02:36:36.583Z,
693,xrpl,rwq9MWkCVEp8Px3vLcEx11M867cyqV8eD1,true,0xe1d10c379bd7bd8480513cad879a002288c3ba88,1784704596357,2026-07-22T07:16:36.357Z,2745306.195024,2127853.05911,617453.135914,2745306.195024,0,0,ok,ok,200,1,2026-08-05T02:36:36.781Z,
694,xrpl,rMQR4ZvDNvTPMxHD4EAmxkqURa2k1qGpeF,true,0xc5a78b4cc7f0d7a8b913650dccb1075881b1df70,1784991003418,2026-07-25T14:50:03.418Z,2744846.144708,0,2744846.144708,2744846.144708,0,0,ok,ok,200,1,2026-08-05T02:36:36.995Z,
697,xrpl,rEGz2fmnBXSutCqnLm7drwWN64XjmvwNTo,true,0xa09702df4754ed369ef4c003da4582c25a29fd19,1784708073909,2026-07-22T08:14:33.909Z,2733906.842,914636.691,1819270.151,523.61404599991598,2733361.568,21.659197,ok,ok,200,1,2026-08-05T02:36:37.627Z,
699,xrpl,rLjUNsu45N7ZajMNDjaDCb51HkCDtHjNJn,true,0xd954a55e5a058ffd65cc5092cc7f5d7ecd73036c,1785396588365,2026-07-30T07:29:48.365Z,2722418.667138,2402355.109856,320063.557282,2722418.667138,0,0,ok,ok,200,1,2026-08-05T02:36:38.023Z,
701,xrpl,rBxEsp6gjH4LwGJMHDn91JFkJJGheuw9Bq,true,0xb81b1da7ed7c2deeb3e9465a643025e5865f5bf2,1784786896460,2026-07-23T06:08:16.460Z,2702182.580914,0,2702182.580914,2246265.898168,231290.092962,224626.589784,ok,ok,200,1,2026-08-05T02:36:38.424Z,
702,xrpl,rJW8S5s2VsSzhAqfHmwojGvL5U1UffRy2M,true,0x0381921bbe62423f3c7d210266b0748291eca611,1784639054474,2026-07-21T13:04:14.474Z,2697135.791525,0,2697135.791525,2697135.791525,0,0,ok,ok,200,1,2026-08-05T02:36:38.700Z,
703,xrpl,r9MeptPSWycpYfJ24k6EnXUCxsUChk3AXb,true,0x791c846128f52cada721f5134f44d41f90c98202,1784693079092,2026-07-22T04:04:39.092Z,2691227.796,0,2691227.796,2691227.796,0,0,ok,ok,200,1,2026-08-05T02:36:38.816Z,
705,xrpl,rBaxoexvSHwF2KBKdeMRqS92kwYZSihVWT,true,0x1d567e55140563968fe038d665b3cef0fdfdb768,1784782171339,2026-07-23T04:49:31.339Z,2678812.197,1909170.78,769641.4173,2678812.197,0,0,ok,ok,200,1,2026-08-05T02:36:39.219Z,
708,xrpl,rJndbPJwgph6GZkYs3b8sKtgUW2eFHWFnH,true,0x7091450edcc9d3aa56d5e7ffc77624dd6d1df31c,1785032927946,2026-07-26T02:28:47.946Z,2669307.449764,1981668.662367,687638.787397,2669307.449764,0,0,ok,ok,200,1,2026-08-05T02:36:39.829Z,
709,xrpl,r3mEHBjG1GVLKumeBPXe5Nr8vXmjwKcF78,true,0x3a82b65ce44d5edb8b47e2ce1c38feadc78ea04f,1784641876961,2026-07-21T13:51:16.961Z,2658792.627,1572736.961,1086055.666,2585914.7990200001,13987.42016,58890.40783,ok,ok,200,1,2026-08-05T02:36:40.028Z,
710,xrpl,ra1EXNRjZdUzUsG47p8qet4uF2Yniu71wr,true,0x9ef66de869cc775f1bd57d80e9d12b610e7d63d5,1785400180508,2026-07-30T08:29:40.508Z,2651539.422371000051,2651336.522671999875,202.899699,2651539.422371000051,0,0,ok,ok,200,1,2026-08-05T02:36:40.261Z,
711,xrpl,rGP2v3WgojL14jrKiTCKFJrYNgyWDaCUWp,true,0xbb3ef562b61bec9ae22ed9c5c67bd73cc50ed179,1784940506915,2026-07-25T00:48:26.915Z,2651390.514762,0,2651390.514762,2215658.4996470003,0,435732.015115,ok,ok,200,1,2026-08-05T02:36:40.437Z,
712,xrpl,rKJEyfMREiiRFVTruKRrkhjF86iEKxnUUV,true,0xc4eddceb2d245e6f8d0832d015d6ea050896d0b1,1784666084051,2026-07-21T20:34:44.051Z,2648607.204458,0,2648607.204458,2648607.204458,0,0,ok,ok,200,1,2026-08-05T02:36:40.653Z,
714,xrpl,rBFSiPBYmRtQE48YV4VmFao5gryXXDnsev,true,0xacf279dae7de6ad12bb81c7b727c17d797e8375b,1784643079819,2026-07-21T14:11:19.819Z,2644049.427,1799036.667,845012.7597,2405972.5207789998,0,238076.9059,ok,ok,200,1,2026-08-05T02:36:41.020Z,
715,xrpl,rEi1WsBuvXpyf2vChadj7HbVTGVbqAcM6C,true,0x6b7a7feecfe0e7c698b94df86254ec3e6a1e4c42,1784752154247,2026-07-22T20:29:14.247Z,2641592.762738,1184290.010444,1457302.752294,2401447.966126,0,240144.796612,ok,ok,200,1,2026-08-05T02:36:41.232Z,
717,xrpl,rJpoLgxWwaRUnjkpAsSt1PwzEjxssjcAXh,true,0x5ea195ef701e625ab400d7cacf60a74a81d8a812,1785130293464,2026-07-27T05:31:33.464Z,2640438.036818,1859796.019278,780642.01754,2640438.036818,0,0,ok,ok,200,1,2026-08-05T02:36:41.640Z,
719,xrpl,rHLC6U8K17LAjnZ3PkXq5YdCZ256mSEZkN,true,0xf9eb0f723e2f56e6ed1111eea2a2e985cfef5018,1784983524764,2026-07-25T12:45:24.764Z,2639551.19396,1998193.941785,641357.252175,2639551.19396,0,0,ok,ok,200,1,2026-08-05T02:36:42.067Z,
721,xrpl,rHzNJoDv3guv9VQ2XMjmdXpXfe2WkWhHC9,true,0xe645204c3b504612af551d9021d34f8fa5f27bad,1784638910601,2026-07-21T13:01:50.601Z,2619059.589153,782471.278441,1836588.310712,2619059.589153,0,0,ok,ok,200,1,2026-08-05T02:36:42.481Z,
722,xrpl,rEBjeMBRGRVjEPmyFei9cFKjj89Z7qRqt8,true,0xa2566e9727ec6af83de8648e7e12d46e1b24d3f6,1784655410758,2026-07-21T17:36:50.758Z,2617289.296,0,2617289.296,2617289.296,0,0,ok,ok,200,1,2026-08-05T02:36:42.664Z,
723,xrpl,rs8uzotVc1ZFhv3mPbS1BQrRR2Jb32wKCb,true,0x9d26ef1330f0d92bdd8b2cf05501956a7edec8bb,1784678579078,2026-07-22T00:02:59.078Z,2613663.172038,615487.198567,1998175.973471,1160705.46064,1420027.36223,32930.349168,ok,ok,200,1,2026-08-05T02:36:42.856Z,
724,xrpl,rhrf6J36dMMNBwQqoSgzvp6L8icH2X9WtT,true,0xc7caec991e8dba9e872c38773a1f8342637d871e,1784660008222,2026-07-21T18:53:28.222Z,2612350.31238,0,2612350.31238,2612350.31238,0,0,ok,ok,200,1,2026-08-05T02:36:43.081Z,
726,xrpl,r9ZAEAcG3FUcaANcSbmbKrFdaKMQSVNi3L,true,0xc35ba930b0fe45a54aea36fbeb2d03da99117c37,1784642868684,2026-07-21T14:07:48.684Z,2610595.7600020002,811717.3954,1798878.3645720002,2339651.5352270003,36979.07126,233965.1535,ok,ok,200,1,2026-08-05T02:36:43.494Z,
727,xrpl,rPfuiWcabjfiojhCQC3wAxGm2iHwKugPmk,true,0xc3db95786ef5bfa792ec3c30f323d46e4b67285e,1784783586685,2026-07-23T05:13:06.685Z,2609975.670806,2271168.116915,338807.553891,2372710.9048960002,0,237264.76591,ok,ok,200,1,2026-08-05T02:36:43.695Z,
729,xrpl,rawSXGojNkUBwC3xGtP9tbo41WWW8pFika,true,0x4ec28f4ba6b558b41a4efc30b760c3d32bfc81e5,1784715497843,2026-07-22T10:18:17.843Z,2600498.871777,1860703.000599,739795.871178,2600498.871777,0,0,ok,ok,200,1,2026-08-05T02:36:44.101Z,
730,xrpl,rK7wiiYv2M97LxNh6MUyXYa3Kcg4kW8uZY,true,0xcfc9a680aa3c7d2479da802cac9246110a442694,1785386587654,2026-07-30T04:43:07.654Z,2572982.748535,2572676.299608,306.448927,2354935.481196,0,218047.267339,ok,ok,200,1,2026-08-05T02:36:44.300Z,
731,xrpl,rEAVD9TM2xp9eKU86nccwbjVdySTh4Ugx6,true,0xcf0a7df50ab429182fdfa93292d150c35d7808c9,1784700040883,2026-07-22T06:00:40.883Z,2572219.954,0,2572219.954,2143516.628,0,428703.3257,ok,ok,200,1,2026-08-05T02:36:44.497Z,
733,xrpl,r9w5dT2DvnBcmNiR5yckcnr67CBZLXdQXU,true,0x27e5fe4690dbc5674a1ee83d985dbeb6ee4ff868,1784942424345,2026-07-25T01:20:24.345Z,2563013.97,0,2563013.97,2330194.5109340004,0,232819.4591,ok,ok,200,1,2026-08-05T02:36:44.905Z,
735,xrpl,rEyYzBM7GcR5ZKCjd9WrqThpJ4ivfhuKBu,true,0x27e5fe4690dbc5674a1ee83d985dbeb6ee4ff868,1784942818035,2026-07-25T01:26:58.035Z,2562220.367568,0,2562220.367568,2330200.228761,0,232020.138807,ok,ok,200,1,2026-08-05T02:36:45.314Z,
736,xrpl,rfbBXJduxSVBkgoDkovZ34gFKH8RnymG2n,true,0xa09702df4754ed369ef4c003da4582c25a29fd19,1784707963445,2026-07-22T08:12:43.445Z,2559311.376441000029,0,2559311.376441000029,2326646.705843999982,0,232664.670596999989,ok,ok,200,1,2026-08-05T02:36:45.511Z,
737,xrpl,rKJF1UwmwMbxxPutXLwzWr3tnsZzxgQoCF,true,0x27e5fe4690dbc5674a1ee83d985dbeb6ee4ff868,1784942121182,2026-07-25T01:15:21.182Z,2558781.221887,0,2558781.221887,2326164.7471539997,0,232616.474733,ok,ok,200,1,2026-08-05T02:36:45.714Z,
738,xrpl,ra5RqHvEgZbgnY6daoJyPDP5dNyewsqfiH,true,0xc9323346fe5f0a0c6378327c4445db2ee7bee5f9,1784645834445,2026-07-21T14:57:14.445Z,2548245.022519,1841374.458568,706870.563951,2512369.042305,0,35875.980214,ok,ok,200,1,2026-08-05T02:36:45.932Z,
740,xrpl,rLJ1v5MnuEZnWk39vaRk8sQCE5n6BMWerQ,true,0x40ab8a1022619547265a328c82d29181903dcbfe,1784637289116,2026-07-21T12:34:49.116Z,2540567.719734999817,1838167.819163999986,702399.900570999947,2016332.392007000046,323236.120785999985,200999.20694199999,ok,ok,200,1,2026-08-05T02:36:46.330Z,
745,xrpl,rG8WWdDFUo8JKwD7b75d5eAcF8tFNSz8Lx,true,0x06cf5ab6e600753ece50b88df8cc88c96945e92f,1784641418832,2026-07-21T13:43:38.832Z,2525600.201963,0,2525600.201963,1976233.3170299998,154120.221524,395246.663409,ok,ok,200,5,2026-08-05T02:37:26.905Z,
748,xrpl,rp1YYhZHzwP5CWopxZEddPBZ6fED8ZHzbj,true,0xef3f9dbee239439225f55fffc40e725e69631174,1784895991436,2026-07-24T12:26:31.436Z,2518728.012678,0,2518728.012678,2518728.012678,0,0,ok,ok,200,4,2026-08-05T02:37:20.859Z,
750,xrpl,r47d21xWAEcDxbgBmWoq6cCo1i769F95nB,true,0xc1a932918e99f6a86ffc3c4b915de09efe68574d,1784640768888,2026-07-21T13:32:48.888Z,2480901.11,0,2480901.11,2071515.558,0,409385.5525,ok,ok,200,1,2026-08-05T02:37:21.232Z,
751,xrpl,rPn8An88iaEEs1oGHgaAkFbW7R3kU4msJq,true,0xf0f743d8250540853360981bbf42d3fba6ffb312,1784764950559,2026-07-23T00:02:30.559Z,2460684.781810999848,0,2460684.781810999848,2236986.165024999995,0,223698.616785999999,ok,ok,200,1,2026-08-05T02:37:21.458Z,
755,xrpl,rE8WQj2J2LEueUMfDEvWmNBcxzFRh8SqMA,true,0x2d9bfb85475fcebdee4882383d0236d20591c68c,1785209841422,2026-07-28T03:37:21.422Z,2438050.118,1189040.309,1249009.809,2438050.118,0,0,ok,ok,200,1,2026-08-05T02:37:22.268Z,
756,xrpl,rnhfmNaAgFxAc3qd3Upn2uhyBPyGWJ1WxG,true,0xdac604e08d3ddf86d02e162551c2f7e9431255e1,1784637739234,2026-07-21T12:42:19.234Z,2437393.762711,0,2437393.762711,2031161.4685030002,0,406232.294208,ok,ok,200,1,2026-08-05T02:37:22.459Z,
757,xrpl,rh19rdQjGU7MVTRPweuFbpvetfJtt9ZS3Y,true,0xae057f2e3ed70ad4add00f6d67e76f3a6fae41ef,1784687292094,2026-07-22T02:28:12.094Z,2425121.880266999826,2424441.375277999789,680.504989,2425121.880266999826,0,0,ok,ok,200,1,2026-08-05T02:37:22.659Z,
758,xrpl,rPbGTAoN5sbTrqxpgEwgPToPMvs9z1tX5Q,true,0xa5071ac108aaab4facc7844f824464b667536dc9,1784640187850,2026-07-21T13:23:07.850Z,2415733.843464,0,2415733.843464,2218809.332979,0,196924.510485,ok,ok,200,1,2026-08-05T02:37:22.859Z,
761,xrpl,rU5aD5XVbMmrXMeSsCSUUuFWMBZ8DfQmEX,true,0x34849aa4a9fe71fd27b923345d65fdb35d49c6e1,1784637752719,2026-07-21T12:42:32.719Z,2401829.768995,68043.05454,2333786.714455,2401829.768995,0,0,ok,ok,200,1,2026-08-05T02:37:23.478Z,
763,xrpl,rB5H2wpFWKioS3Wv3Fkai27tB2RdTanRq4,true,0x0034adecf948df30ffadf40a60c225f8074b533d,1784645874893,2026-07-21T14:57:54.893Z,2395636.094,119714.3126,2275921.781,2179388.9519340003,0,216247.1418,ok,ok,200,1,2026-08-05T02:37:23.882Z,
765,xrpl,racQSohfBovG2vDwGaxSZj4UdJ57tmopiz,true,0xcda9ba93a39939e71c45c9a2a5516276ad10bd83,1784869755594,2026-07-24T05:09:15.594Z,2393345.080095999874,216017.93082400001,2177327.149271999951,2393345.080095999874,0,0,ok,ok,200,1,2026-08-05T02:37:24.300Z,
767,xrpl,rsNDdZQZR6N32yVvHsbVW41xRnxbTEraJn,true,0xb14ea654faa586a6adf0feee9ce5a7e41c3a949d,1785297667353,2026-07-29T04:01:07.353Z,2389100.552014,1616734.286663,772366.265351,2389100.552014,0,0,ok,ok,200,1,2026-08-05T02:37:24.677Z,
769,xrpl,rJ3eDzLzrF6h7vxwZdEP24c2aDce3tjKzw,true,0xc985b7d130664d16f6f713156ab3ccc16e8ed74f,1784719414053,2026-07-22T11:23:34.053Z,2381009.331231,1545429.420389,835579.910842,2204297.9829060002,0,176711.348325,ok,ok,200,1,2026-08-05T02:37:25.086Z,
770,xrpl,rPewnzKA8GtRF4hqhtz83RWGZGpLgseXQ4,true,0x3115a7ed650bf5c75e7827e2cd62e3cc524be77e,1784645652563,2026-07-21T14:54:12.563Z,2377993.507176,0,2377993.507176,2161812.279042,0,216181.228134,ok,ok,200,1,2026-08-05T02:37:25.296Z,
771,xrpl,rJE4fD6XcDnNu7EJvnVhqasSrcPF12Pvmh,true,0x542812ea579a811ea285a433a9315a2200144a3c,1784641244486,2026-07-21T13:40:44.486Z,2375867.609662,609148.088048,1766719.521614,2282234.709467,0,93632.900195,ok,ok,200,1,2026-08-05T02:37:25.500Z,
772,xrpl,r936ATHEnXoTJpntC8w2dcsrJ1P94DsPGM,true,0x27326bd8e518183c5266b031cf90734e17dc4800,1784694143485,2026-07-22T04:22:23.485Z,2375526.728,0,2375526.728,1417397.428,958129.3,0,ok,ok,200,1,2026-08-05T02:37:25.701Z,
773,xrpl,rhFe3yanhMtBmTGKr47DWGpF415QBdJkYQ,true,0xe6886e52dd57c83cf4db86088e94f6ad62ee1add,1784651586459,2026-07-21T16:33:06.459Z,2370065.565009,0,2370065.565009,1704752.1929809998,507137.880724,158175.491304,ok,ok,200,1,2026-08-05T02:37:25.912Z,
776,xrpl,rGyNWwtXJqrBrTM39FFsNqUFJwPnrRKUhy,true,0xecc311c1414f6aea42a3d40b9d6a8844bb144a76,1784951879689,2026-07-25T03:57:59.689Z,2360346.0931810002,712546.888138,1647799.2050430002,2360346.0931810002,0,0,ok,ok,200,1,2026-08-05T02:37:26.497Z,
777,xrpl,rGkztFz1UEm84kxjs1H3YDv3K9BsJR2RG3,true,0x9c5ce97032847414cd484199d71f3b63a1f02f50,1785286152734,2026-07-29T00:49:12.734Z,2356111.258642,0,2356111.258642,2356111.258642,0,0,ok,ok,200,1,2026-08-05T02:37:26.704Z,
779,xrpl,rw5xxzANcRoSZhJCPeWRFAUh6jGPN7cgRj,true,0xa33dc14729067eeb9a5273ebe2c808d3127324cf,1784727808561,2026-07-22T13:43:28.561Z,2350772.283754,1126070.713937,1224701.569817,2044149.8119359999,0,306622.471818,ok,ok,200,1,2026-08-05T02:37:27.578Z,
780,xrpl,rLZB7GjUD3ZqGKQ95xPs8WQD8T3nJgeHF4,true,0x061a6b29c230b9300cdb8f69d9a2ec3dd5fbf045,1784638777769,2026-07-21T12:59:37.769Z,2340533.8345600003,0,2340533.8345600003,2005380.3158570006,153655.647848,181497.870855,ok,ok,200,1,2026-08-05T02:37:27.745Z,
781,xrpl,rLPJpZtAN2gtPb7DthBh3FdTherfREZoTE,true,0x00d2430f94e1075ab324d8cbb18ed6aa91e7fd01,1784640491505,2026-07-21T13:28:11.505Z,2338335.280075,0,2338335.280075,2129851.139382,0,208484.140693,ok,ok,200,1,2026-08-05T02:37:27.988Z,
783,xrpl,rgVwg9S5KHFMh9SBdPTW8gXaFmLbTd2wJ,true,0x0e8ef6ef0e1b064c1755980bd4d4031011b1f6e9,1784641610654,2026-07-21T13:46:50.654Z,2316106.738037,0,2316106.738037,2105551.57952,0,210555.158517,ok,ok,200,1,2026-08-05T02:37:28.389Z,
784,xrpl,rJe2nodoxXh5viRPm2EiywfctguNfm4LeZ,true,0x682b6b54bd54d3195eac9b6083ad3225eca17ff6,1784641833367,2026-07-21T13:50:33.367Z,2316101.685675,0,2316101.685675,2105546.986456,0,210554.699219,ok,ok,200,1,2026-08-05T02:37:28.545Z,
786,xrpl,rUhWr1g9ZGv1pabRP8iYKWRySHi6fpyj3v,true,0xc7355af2b7bb511fa190668a8b5d49efdf337b7b,1784643337730,2026-07-21T14:15:37.730Z,2309438.716414,0,2309438.716414,2099780.652254,0,209658.06416,ok,ok,200,1,2026-08-05T02:37:28.960Z,
788,xrpl,rJCFLbjjA5Ct92wbdgbTwquezgdFguXHz3,true,0xc5226077e8ffb86e5d5a9ec8ef36af624845dc5a,1784777596109,2026-07-23T03:33:16.109Z,2297054.568493,0,2297054.568493,2297054.568493,0,0,ok,ok,200,1,2026-08-05T02:37:29.340Z,
789,xrpl,rN7FS2AJesn9s1QcrZesxA7oVxt8adUKGL,true,0xbff974091bd69be4a768889be14c5ff3f990cce6,1784676919590,2026-07-21T23:35:19.590Z,2290204.71692,0,2290204.71692,1922169.895254,0,368034.821666,ok,ok,200,1,2026-08-05T02:37:29.551Z,
791,xrpl,raFxSd1byjL4sdL6NuAPTKrgKSYBhFnYdY,true,0xda24bf9ed2b19ff923ae0257e230b39c68bb0721,1784688347418,2026-07-22T02:45:47.418Z,2279107.066948,0,2279107.066948,2092753.6409059996,363.305215,185990.120827,ok,ok,200,1,2026-08-05T02:37:29.952Z,
792,xrpl,rEbZuZ9CdjC5UWXEHV79Yn3yuqPoRbZTJR,true,0x7865f7724ccb280ee12c69d140c8c2a359609c75,1784640196647,2026-07-21T13:23:16.647Z,2279042.736683,0,2279042.736683,2073493.361879,0,205549.374804,ok,ok,200,1,2026-08-05T02:37:30.157Z,
795,xrpl,rL2U3YJLagqZpctaaviiNHJbsJMwScaeHv,true,0x8e030e8c279c9aa350d7e8267b87e7a5c8b2b8fb,1784642032518,2026-07-21T13:53:52.518Z,2260653.540135,1230591.151084,1030062.389051,2199417.912545,0,61235.62759,ok,ok,200,1,2026-08-05T02:37:30.786Z,
796,xrpl,rfkezCbQvJoJrDU7L5aAKNr9oSVJUzdHQ,true,0x9532c428ce3926522ff606b09d151ac3da09eefd,1784816552198,2026-07-23T14:22:32.198Z,2260412.5391409999,1137469.2050939999,1122943.334047,2210206.9021649999,30719.405878,19486.231098,ok,ok,200,1,2026-08-05T02:37:30.986Z,
797,xrpl,rwMo3438FucwxHNEfgUfseHjMsszhgaZYc,true,0x0796343999a48d4da7f7f451d534a8f1122e5155,1785009931748,2026-07-25T20:05:31.748Z,2258290.981718,1257953.660769,1000337.320949,2052991.805794,0,205299.175924,ok,ok,200,1,2026-08-05T02:37:31.186Z,
800,xrpl,rEoa4iZCfrkHTF6FnfNfva1KNq9owPiVGA,true,0x64903cc05b387c6e775f5a5e5aebb054505000f2,1784688110829,2026-07-22T02:41:50.829Z,2252551.084587,0,2252551.084587,1092572.4794099997,1050721.357242,109257.247935,ok,ok,200,1,2026-08-05T02:37:31.781Z,
801,xrpl,r3e2msuRCWKP6WkhVwWUjnrV6tKVEkHr2c,true,0x836aeacbedc6747b1448d629003aea90e89d2a2a,1785161404196,2026-07-27T14:10:04.196Z,2252258.066,0,2252258.066,1784903.4102309998,303671.6959,163682.9601,ok,ok,200,1,2026-08-05T02:37:31.978Z,
804,xrpl,rHfDxcp6E5nUxwzCmP831AKdCoTaaNSBeN,true,0xcbd83b2e464011c8de8701c00dd83b75a71f6c03,1784782100806,2026-07-23T04:48:20.806Z,2249718.592626,0,2249718.592626,2045334.7838579998,0,204383.808768,ok,ok,200,1,2026-08-05T02:37:32.590Z,
805,xrpl,rPLza5wPw17rWBDT1nMTJwKyw4ihbzQ96y,true,0x323cde160d63ff09a0c8c348a7ba237c2ae084ee,1784699611750,2026-07-22T05:53:31.750Z,2248466.767111,0,2248466.767111,2224661.763534,23805.003577,0,ok,ok,200,1,2026-08-05T02:37:32.802Z,
806,xrpl,raBdPvkzVFRnGUMTKqZr4VZeg9NKFZoTE7,true,0xa45ed6971f6e009740736acf0fcdc603983ba61a,1785226207579,2026-07-28T08:10:07.579Z,2247542.356313,0,2247542.356313,2043220.32387,0,204322.032443,ok,ok,200,1,2026-08-05T02:37:33.000Z,
807,xrpl,rDqRAkqTQcnVoHSyKCtZU2bonBg4cMha6d,true,0x7395a601b715e002ad098fb508ee0062e74eca19,1784639175974,2026-07-21T13:06:15.974Z,2247212.039,65193.17606,2182018.863,2048391.553,7572.497157,191247.9886,ok,ok,200,1,2026-08-05T02:37:33.211Z,
808,xrpl,r4HoMxm7VEbwVguPVpCZqtnwYSEJKuM6My,true,0x87a8eaf122d8ca8d5612ae522a0460bceae09989,1784656504389,2026-07-21T17:55:04.389Z,2238455.601,0,2238455.601,1868529.583,0,369926.0179,ok,ok,200,1,2026-08-05T02:37:33.389Z,
810,xrpl,rMDAqVPZivG9axtykDtwAKcD9o4bsCtKjz,true,0x196ae86a22b8f906b07317016f94f5495a639f6b,1784639418665,2026-07-21T13:10:18.665Z,2223487.580552,0,2223487.580552,1933901.455059,0,289586.125493,ok,ok,200,1,2026-08-05T02:37:33.820Z,
811,xrpl,rLLt6nnGDs2uK4ekYMhYUALohdHuk9wTsU,true,0x7c4209c075b667bbc7e4471688030764b047eb7c,1784859228882,2026-07-24T02:13:48.882Z,2221254.887381,532730.433523,1688524.453858,1985157.95728099995,37581.134397,198515.795703,ok,ok,200,1,2026-08-05T02:37:34.026Z,
813,xrpl,rM3dHThyoDQroj9C1EADhSpn8E9U6MDXm6,true,0x42519060a0723af3467e7d68a6407b9134d99e87,1784697884663,2026-07-22T05:24:44.663Z,2219088.95775699988,1353128.836671000114,865960.121085999999,2021227.169174000155,0,197861.788583000016,ok,ok,200,1,2026-08-05T02:37:34.417Z,
815,xrpl,r3RPuaXjgS7jqfw7QvGcjsjoRNUm1Yg8iA,true,0xf0a18247af0d3bb1bbac60897a2ee8633ec66223,1784690769683,2026-07-22T03:26:09.683Z,2207770.892,0,2207770.892,2207770.892,0,0,ok,ok,200,1,2026-08-05T02:37:34.819Z,
816,xrpl,rD8ECa5WTQ1hCvTfuxL5kHbmhGTZsejhuW,true,0x5b7003d5308cfccc81f468395ffc9216d82a6f83,1784653219757,2026-07-21T17:00:19.757Z,2206444.035,1273028.06,933415.9744,2206444.035,0,0,ok,ok,200,1,2026-08-05T02:37:35.019Z,
817,xrpl,rEU75puSh2zxKj84QPX7J4XsPSdXPkA9uj,true,0x5b5f837c84995c7dc2512afb56287dc569d8cc97,1784727178515,2026-07-22T13:32:58.515Z,2205503.861,1536161.193,669342.6682,2029342.815,0,176161.046,ok,ok,200,1,2026-08-05T02:37:35.217Z,
818,xrpl,r4jMWYiZzD6ASDNYnqkr9fA1B7itUvgB6h,true,0x26742a3c29f9075b77d7dbe4c80e8c6441c1eb62,1784687971434,2026-07-22T02:39:31.434Z,2201276.294,0,2201276.294,1834396.912,0,366879.3824,ok,ok,200,1,2026-08-05T02:37:35.417Z,
820,xrpl,rLsiCKWWAUGF3MQ8e9RrxEKaUv7iFSboxQ,true,0x5cababe9fb9d47c53be7619285f9702d70965f6b,1784903356865,2026-07-24T14:29:16.865Z,2198325.363131,1355798.30307,842527.060061,2049270.37683,0,149054.986301,ok,ok,200,1,2026-08-05T02:37:35.837Z,
821,ethereum,0x1b7606a0f5f5a3e74c85fa122181d968f10698ab,true,0x1b7606a0f5f5a3e74c85fa122181d968f10698ab,1784694564147,2026-07-22T04:29:24.147Z,2188774.517,0,2188774.517,1989523.7315679998,298.412473,198952.3732,ok,ok,200,1,2026-08-05T02:37:36.040Z,
823,xrpl,rL8ueVA9pNtkkLmSHg2cLB1YzbKXr4Jf44,true,0xca0138d811383ddbb97cd01672c11293f249c6e1,1784697347362,2026-07-22T05:15:47.362Z,2174678.680141,0,2174678.680141,1929584.868894,52963.794813,192130.016434,ok,ok,200,1,2026-08-05T02:37:36.440Z,
824,xrpl,r9V8nnDSTmf2a2vHSMeFJDoRPCm92nzqis,true,0x523bd2676d1939005d8980864b2dcd5a29cf8a2e,1784736087275,2026-07-22T16:01:27.275Z,2170559.862,0,2170559.862,2170559.862,0,0,ok,ok,200,1,2026-08-05T02:37:36.667Z,
825,xrpl,rszwXoSjjpFpbAB1vLcaZQwCTuz5DtjZAg,true,0x5e851bf126ec24ad5fb8624ba5a4b52f68fb28b7,1784647763769,2026-07-21T15:29:23.769Z,2170346.460725,811003.33888,1359343.121845,1775926.0436260001,216827.81272900001,177592.60437,ok,ok,200,1,2026-08-05T02:37:36.865Z,
826,xrpl,rMoWa7pty9yXiQHhDbpgaMpkh3JmWDRU1y,true,0x7d32f4efd5a209c48126c0f8d707aa02c3190382,1784699285411,2026-07-22T05:48:05.411Z,2161296.358034,0,2161296.358034,1968895.7156579997,0,192400.642376,ok,ok,200,1,2026-08-05T02:37:37.057Z,
829,xrpl,rHHzRANeU2ZiobSV6QhbrdbWcQX6w4HvKU,true,0x9e0d2c07a4e2aa382c95ca2f62a85b4b23f0e2e9,1784637695130,2026-07-21T12:41:35.130Z,2155735.787833,1936697.446185,219038.341648,1982540.800313,0,173194.98752,ok,ok,200,1,2026-08-05T02:37:37.678Z,
831,xrpl,rDwyk4phDczZcJ5tBzrNjViGQCE3LSg8oz,true,0xdc1f6b1e9af4387b3a9b337644614ac678ac76b8,1784979448368,2026-07-25T11:37:28.368Z,2150377.499,0,2150377.499,1669139.7727420002,334526.5556,146711.1709,ok,ok,200,1,2026-08-05T02:37:38.060Z,
832,xrpl,r9hTRLoi7kNPEAxq8qrGhhstwZ8YL8igq4,true,0x5783663bedc590ccd5b5be910925c3b928a46fae,1784645666030,2026-07-21T14:54:26.030Z,2144738.573,0,2144738.573,2144738.573,0,0,ok,ok,200,1,2026-08-05T02:37:38.267Z,
833,xrpl,rwpmny39t6PF254jfNr3WyZ9UGzDhEp5TH,true,0xa66f5ebcba94b863477a703b78c45975540c1db9,1784779650510,2026-07-23T04:07:30.510Z,2143407.649006,0,2143407.649006,2143407.649006,0,0,ok,ok,200,1,2026-08-05T02:37:38.470Z,
834,xrpl,raeSdhcMBc7vxjBv2zpGCFKwBDbqzr8Mct,true,0x1eb57ee1098d48260a3e7e927b114d28d5a013b8,1784779834656,2026-07-23T04:10:34.656Z,2143397.825611,0,2143397.825611,2143397.825611,0,0,ok,ok,200,1,2026-08-05T02:37:38.677Z,
835,xrpl,ra366Mw7tAdYtjzusc7btTa2KWBwePzXRf,true,0x71a7c77d3925f47b09c2ac73cd4592af2932dd6c,1784639309393,2026-07-21T13:08:29.393Z,2134340.52677,1309184.265811,825156.260959,2085278.9130479999,0,49061.613721999995,ok,ok,200,1,2026-08-05T02:37:38.869Z,
837,xrpl,rn3j5NXRkeaddoe9kr11Lh8rwBUPUv272v,true,0x64c42a068e41af95edb2b2657db1521b2d7d8d21,1784640541277,2026-07-21T13:29:01.277Z,2129912.791579,0,2129912.791579,1936284.3559710002,0,193628.435608,ok,ok,200,1,2026-08-05T02:37:39.294Z,
838,xrpl,rh1XFuY8dbCvAcERTAWFiQCYmKTk4Vadx1,true,0x3396a2d0482c1115e834a3de4f38e9051b4e2048,1784640604183,2026-07-21T13:30:04.183Z,2129342.799381,503434.159228,1625908.640153,2129342.799381,0,0,ok,ok,200,1,2026-08-05T02:37:39.480Z,
839,xrpl,r98X7NkU79wn7Vgbp7zaQQBwkHZN9o1aCm,true,0x93b1cd88d2cc4f619bdb21593bcb30b48bc47781,1784648261516,2026-07-21T15:37:41.516Z,2116189.362,0,2116189.362,1881717.654,46372.40404,188099.30355399998,ok,ok,200,1,2026-08-05T02:37:39.722Z,
840,xrpl,r9gmqW4LXaDuLnoaN6nGviMuXofLbczqWr,true,0x510198e303b554a1fd963298186d645159238369,1785105365492,2026-07-26T22:36:05.492Z,2115003.041,1512280.681,602722.3602,2013593.48026499997,43580.53878,57829.02222,ok,ok,200,1,2026-08-05T02:37:39.885Z,
841,xrpl,rJngBoZyDC1vQVP4AQnhe1EMWKFqVmH3xY,true,0xa9b37037f1d91557ca1cc60b2e08a277e868ff60,1784817146229,2026-07-23T14:32:26.229Z,2110503.407748,0,2110503.407748,2110503.407748,0,0,ok,ok,200,1,2026-08-05T02:37:40.108Z,
844,xrpl,rpEXU5Tf2YLXDnAkjYn1yF8szpuV9XfbHw,true,0xcc96419d8945bcc7ee18552ad093de5ef18de854,1784642709944,2026-07-21T14:05:09.944Z,2099436.491833,0,2099436.491833,2099436.491833,0,0,ok,ok,200,1,2026-08-05T02:37:40.704Z,
845,xrpl,rapKmCnbycYt12RyG3w7PfD2zsiutmQP7o,true,0xf9e6d837f585971eafc9dc07ccc4bfeaf827f839,1784638528078,2026-07-21T12:55:28.078Z,2095197.785811,0,2095197.785811,2095197.785811,0,0,ok,ok,200,1,2026-08-05T02:37:40.920Z,
846,xrpl,rURzFHF3uCQRQbxwycNkXwp2Vm6uqBfcvC,true,0x65e9b33973691e3ad488c9e9871c67c730ef036d,1784639527650,2026-07-21T13:12:07.650Z,2087962.92504,0,2087962.92504,1740302.4238759999,0,347660.501164,ok,ok,200,1,2026-08-05T02:37:41.110Z,
849,xrpl,rM1mY4MdnY6PG97LPXgUwSzzRBrN2Dh7Br,true,0x510198e303b554a1fd963298186d645159238369,1785105116166,2026-07-26T22:31:56.166Z,2071441.470698,1507379.595074,564061.875624,2013612.442493,0,57829.028205,ok,ok,200,1,2026-08-05T02:37:41.720Z,
850,xrpl,rN3NUm4wok4Ka9scCCE7NWvmhyLrX97BnT,true,0x7dbd51a8d701b3a37121052bb29c192a5c49e427,1784717599357,2026-07-22T10:53:19.357Z,2071209.769746,0,2071209.769746,1727476.88838,0,343732.881366,ok,ok,200,1,2026-08-05T02:37:41.909Z,
853,xrpl,rKUPVTRQdYtUFUk2DnwSbfJnmWEV9XhcLy,true,0x27c217c6737ffade20459fc65d8102494202a953,1784690627812,2026-07-22T03:23:47.812Z,2062746.67446,0,2062746.67446,1719215.420405,0,343531.254055,ok,ok,200,1,2026-08-05T02:37:42.521Z,
855,xrpl,rDaYEMdXMCAWFDgsDtRvaEJLgtCrCMGq8u,true,0x152b4c68fa08a271d1de51e45f04a9de7d38d7ab,1784637202209,2026-07-21T12:33:22.209Z,2060815.7365010001,0,2060815.7365010001,1725899.9092440002,181365.9118,153549.9155,ok,ok,200,1,2026-08-05T02:37:42.938Z,
856,xrpl,rHVqKDjKmwaAqpXo7v3cfUitrdMrFdz55n,true,0xc859a1bebf8ffed665a8c1d384c54670da847c7e,1784809998004,2026-07-23T12:33:18.004Z,2054320.151782,0,2054320.151782,1876740.3081409999,0,177579.843641,ok,ok,200,1,2026-08-05T02:37:43.137Z,
859,xrpl,rsrpZQKVrLitLYqg2cYKBmoL5iVvMEjVQW,true,0x3f46e01c1cdef67288a9b6c99925387be4f31612,1784952305431,2026-07-25T04:05:05.431Z,2047644.133287,0,2047644.133287,2047644.133287,0,0,ok,ok,200,1,2026-08-05T02:37:43.746Z,
860,xrpl,rJwX1iCNmu536hE2RV9NctAMAGi1j3SV3u,true,0xb5fd70e7ec5bc82db066c196fcad0545cee1e252,1784693143525,2026-07-22T04:05:43.525Z,2047335.732377,0,2047335.732377,2047335.732377,0,0,ok,ok,200,1,2026-08-05T02:37:43.942Z,
864,xrpl,rh62gNf7g3uwSMsEEA8jG7vFA1RFLiir74,true,0x510198e303b554a1fd963298186d645159238369,1785104824854,2026-07-26T22:27:04.854Z,2041678.88361,1496961.004863,544717.878747,1864672.30010700005,133426.044691,43580.538812,ok,ok,200,1,2026-08-05T02:37:44.743Z,
870,xrpl,rwcdCMezRTdDQfst3LXQDL1ZArFTJ5c86s,true,0x108add13f7a5a5b50f0af3eef9ed1117cfc8d885,1784643079046,2026-07-21T14:11:19.046Z,2002474.130091000115,0,2002474.130091000115,2002474.130091000115,0,0,ok,ok,200,5,2026-08-05T02:38:25.315Z,
871,xrpl,rGQhYwnofABwx3ytKdZA8ogkyzkXxG3TPv,true,0xa000ad1221c525037504452819116941338e70b2,1784643725132,2026-07-21T14:22:05.132Z,2002367.469484,0,2002367.469484,1539817.894061,154985.983355,307563.592068,ok,ok,200,5,2026-08-05T02:38:25.963Z,
873,xrpl,rNMiQEwSqNCKutivgTek9kuiqCMzGC21Kq,true,0xa7624abb5d9f9776f497b634c58c0892fe31c916,1784640767614,2026-07-21T13:32:47.614Z,2001483.604932,0,2001483.604932,1830297.271482,0,171186.33345,ok,ok,200,1,2026-08-05T02:38:25.360Z,
874,xrpl,r4ccvx52uVqKV96rcGTfMC5rwgAEE2W7ac,true,0x13caa9549e39e1c4b495943db88802c6320a4a9c,1784650781592,2026-07-21T16:19:41.592Z,1996831.93492399982,1824384.1195009998,172447.81542300002,1996831.93492399982,0,0,ok,ok,200,1,2026-08-05T02:38:25.570Z,
875,xrpl,rsLdA6dm2BJufpNyn6xAKC5CXTVTv4hRep,true,0x8826fe78e33d88e08603e5eae439456f4bdf0bc1,1784640139339,2026-07-21T13:22:19.339Z,1994694.984157,0,1994694.984157,1994694.984157,0,0,ok,ok,200,1,2026-08-05T02:38:25.790Z,
877,xrpl,rfBn7bFAYLW2gK6Y5L4uznqLMyPEuPNVZ7,true,0x4cea6550bea8a6f09e08268f9ecde5b2204623ec,1784648577141,2026-07-21T15:42:57.141Z,1967909.570044,0,1967909.570044,1639924.641879,0,327984.928165,ok,ok,200,1,2026-08-05T02:38:26.580Z,
878,xrpl,ra9A74Fc3pTNPcWKhiBrT5w6Pb3w7VoVsB,true,0xf166547ce3e1d3ddf110904775fd5436bd879039,1785141893098,2026-07-27T08:44:53.098Z,1966909.098062000005,1567424.246278000064,399484.851783999999,1572416.36894700001,251528.311182000005,142964.41793299999,ok,ok,200,1,2026-08-05T02:38:26.790Z,
881,xrpl,rGG6o2qAK7rSrEMYzngLJHGiF46VPLQFqh,true,0x473f0429c628b42e29feaa42098115620592be74,1784648528825,2026-07-21T15:42:08.825Z,1958482.867956,0,1958482.867956,1958482.867956,0,0,ok,ok,200,1,2026-08-05T02:38:27.388Z,
884,xrpl,rBtvLC73FUFotJLEYWRbsvEc5hE7QtWoSN,true,0xe24a8e52d296dcd881dc8e506cba58d87e62d5c8,1784637856950,2026-07-21T12:44:16.950Z,1945361.66,1535906.363,409455.297,1860702.685,84658.97522,0,ok,ok,200,1,2026-08-05T02:38:27.990Z,
885,xrpl,rptR1SH4fXpqLLJMW25p4N494AjrgAKmaD,true,0xf3c7a504d00d531759d40b907566804a995985ba,1784667983260,2026-07-21T21:06:23.260Z,1945167.492261999985,1731639.988849000074,213527.503412999999,1945167.492261999985,0,0,ok,ok,200,1,2026-08-05T02:38:28.220Z,
887,xrpl,rHWtaHRG3PYYi1v4CJLSBnJUaivwSiN826,true,0x99c887e1143a7a5e3eed2180d14a076d4fc562fe,1784642344425,2026-07-21T13:59:04.425Z,1935292.452239,0,1935292.452239,827837.777964,1025034.380545,82420.29373,ok,ok,200,1,2026-08-05T02:38:28.601Z,
889,xrpl,rJKkYtXdrh6xYDpKz8rumHXTodZX5qy12E,true,0x945276fb8750c8ee5b86df4804903ce66b25eb59,1785111489344,2026-07-27T00:18:09.344Z,1929362.553758,1491637.980655,437724.573103,1929362.553758,0,0,ok,ok,200,1,2026-08-05T02:38:29.020Z,
892,xrpl,rEodMn8miWYLq6ApFN1z52d3NvvadxxSEW,true,0x0322ba672d608cdbe74510c1c493b7231580ddcc,1784895242977,2026-07-24T12:14:02.977Z,1917285.882524,979190.835835,938095.046689,1917285.882524,0,0,ok,ok,200,1,2026-08-05T02:38:29.628Z,
893,xrpl,rHMmmimHo2S9M2ss4EkmzrrWn7AywDHV1N,true,0x7a4d0c11e6777839b63e6d5e4a44793f73a6dbc2,1784880538708,2026-07-24T08:08:58.708Z,1915481.643139,0,1915481.643139,1741346.9483150002,0,174134.694824,ok,ok,200,1,2026-08-05T02:38:29.817Z,
894,xrpl,r4u9uqQzNmfuMubbao7CcW5GriGL3p3gQ3,true,0xa05c7f8861ad61588b3df5251be47676669d6ed5,1784886836131,2026-07-24T09:53:56.131Z,1915425.07,0,1915425.07,1596187.558,0,319237.5117,ok,ok,200,1,2026-08-05T02:38:30.023Z,
897,xrpl,rHWraWqxCpebub9EoTAzefpPxMd6dbecSX,true,0xb61eb95fc92c42deab9fadde0a57e77259f9fb91,1784955342787,2026-07-25T04:55:42.787Z,1905178.454732,0,1905178.454732,1905178.454732,0,0,ok,ok,200,1,2026-08-05T02:38:30.620Z,
901,xrpl,rnRnyYDrBZHkbmWBw6TEN3ymTMbMGSEoFJ,true,0xbff720373cf1bc0fd0e2ebeb5d790e265d9d2c58,1784673850239,2026-07-21T22:44:10.239Z,1902195.648395,1088434.116339,813761.532056,1739287.8595999999,0,162907.788795,ok,ok,200,1,2026-08-05T02:38:31.442Z,
903,xrpl,rUUosEtNoGZG6dQtP4jEpCqx5uLs7SGNZA,true,0x42815da54ef031524dc406a3c72a1b64c74514f3,1784678309740,2026-07-21T23:58:29.740Z,1900462.749343999894,0,1900462.749343999894,1900462.749343999894,0,0,ok,ok,200,1,2026-08-05T02:38:31.832Z,
905,xrpl,rPWG7jgDofgNosXj3e2oWyPZJZwQJRqXHG,true,0xbc7ef3e9abaa45e58bd76984d0076544af675ade,1784697603962,2026-07-22T05:20:03.962Z,1897264.968987,1497839.290782,399425.678205,1897264.968987,0,0,ok,ok,200,1,2026-08-05T02:38:32.263Z,
906,xrpl,r9h4RtBveVEnN2t8tXqF5S7BVHMGewqZHx,true,0x62bcef4ec7727df5d25054e8722f5864674447ae,1784672694456,2026-07-21T22:24:54.456Z,1896727.88,507822.7822,1388905.098,1896727.88,0,0,ok,ok,200,1,2026-08-05T02:38:32.441Z,
907,xrpl,rDH92pwhCvcBmDaGrne6X6hfyPiA9Cmphn,true,0xb0ee7604a425f75315454fca28ed12573b0bf97a,1785115980616,2026-07-27T01:33:00.616Z,1892867.158,0,1892867.158,1892867.158,0,0,ok,ok,200,1,2026-08-05T02:38:32.663Z,
909,xrpl,rpPoKVo1NmMgyonpjt9CAvidoK2BvF81dY,true,0x5e4cc59fafb3627267d56b33070a45eff049a42f,1784773280236,2026-07-23T02:21:20.236Z,1882189.537716000108,122572.058747999996,1759617.478968000039,1882189.537716000108,0,0,ok,ok,200,1,2026-08-05T02:38:33.056Z,
915,xrpl,rBU1JW9CXrkrgLzEZ9ioeuSAnBYv24hNb3,true,0xca2618726883df2112b6a5bc14ac27a4efbd469b,1785036826014,2026-07-26T03:33:46.014Z,1856376.6751,448843.428255,1407533.246845,1773055.641098,0,83321.034002,ok,ok,200,1,2026-08-05T02:38:34.304Z,
916,xrpl,r4rXcxyuc58hUyQydXYyZkC1zbCBapUGVC,true,0xe40825b2aab7ffd3f1b6ff18e7e2acdac1f8fd5d,1784641999135,2026-07-21T13:53:19.135Z,1846368.335,0,1846368.335,1539841.053,0,306527.2822,ok,ok,200,1,2026-08-05T02:38:34.490Z,
917,xrpl,rLB9fiyNrDAjGeaKEZjQYc9CqAXXys493f,true,0xdffbc3c43b4a27db9086d0e774d954ba00759659,1784761961553,2026-07-22T23:12:41.553Z,1845132.481377,0,1845132.481377,1845132.481377,0,0,ok,ok,200,1,2026-08-05T02:38:34.788Z,
919,xrpl,rPvwmcEi2zHWFi4VUASQrCsCcHMhUCsVh7,true,0x42f17bc6350b4a20dba9430536d49724de12a053,1784852711848,2026-07-24T00:25:11.848Z,1842135.938795000082,0,1842135.938795000082,1842135.938795000082,0,0,ok,ok,200,1,2026-08-05T02:38:35.135Z,
920,xrpl,r9DmJbkzGHKoVksvJDZJvTyCzWgPnsQLFa,true,0x13b968dab9b3f219623fe9f1b4352938d785258b,1784961925812,2026-07-25T06:45:25.812Z,1840798,1442498.144,398299.8563,1840798,0,0,ok,ok,200,1,2026-08-05T02:38:35.495Z,
925,xrpl,r3vMb8BBag4Y1gpnvRUMQQj6LH3RHgW2TD,true,0xb4aea8e3e7ee5daf980438a99c37fde6bd07c0fe,1784783708627,2026-07-23T05:15:08.627Z,1826241.796,532650.3454,1293591.45,1826241.796,0,0,ok,ok,200,1,2026-08-05T02:38:36.728Z,
926,xrpl,raKcmh4i8PtKQ4ZCJd9Ui8i359iHFcEa6w,true,0x83e7df3a4b44c7131352b1bce6bafc6f80c60bc2,1784639759799,2026-07-21T13:15:59.799Z,1825048.58374199993,0,1825048.58374199993,1825048.58374199993,0,0,ok,ok,200,1,2026-08-05T02:38:36.744Z,
929,xrpl,rhhrruuCQYsvp4Ac82i54Ae5ftLYUN4Qcu,true,0x4fbaa8611b0434004d474df78bc98c56e1d91486,1785127930797,2026-07-27T04:52:10.797Z,1814503.971295,0,1814503.971295,1814503.971295,0,0,ok,ok,200,1,2026-08-05T02:38:37.176Z,
931,xrpl,rwyC9MN7gFeVZ9jdNnuzQ1ZBkWxHPVYtDq,true,0xa69331879615dd832c069a38c9c1e22d3dadb8a1,1784642994250,2026-07-21T14:09:54.250Z,1811209.262318,0,1811209.262318,1647289.345144,0,163919.917174,ok,ok,200,1,2026-08-05T02:38:37.584Z,
935,xrpl,rGXSw9iyabcHkpQDxm285juvbPyGBAtNwF,true,0x5ab06bd9453028c553d7203ef612b1200ff34fa2,1784989470633,2026-07-25T14:24:30.633Z,1799105.593761,1799073.128848,32.464913,1799105.593761,0,0,ok,ok,200,1,2026-08-05T02:38:38.393Z,
937,xrpl,rUFsWoVfL1DRqqtkpCGmBTL9ZWTjUGddha,true,0xfda762c084f3ca32c23e6240832c5d529dad1483,1784652310909,2026-07-21T16:45:10.909Z,1795443.78753,0,1795443.78753,1795443.78753,0,0,ok,ok,200,1,2026-08-05T02:38:38.810Z,
938,xrpl,rG5Md17q6YCL3DKa6Bm83e1TGjUhsJqjwH,true,0xd5900a44bee4fb80156d0efffb762adee3575b70,1785116428728,2026-07-27T01:40:28.728Z,1790832.517411,0,1790832.517411,1790832.517411,0,0,ok,ok,200,1,2026-08-05T02:38:39.019Z,
941,xrpl,rGFrWRKZgsFnKWSnrLV24QyL2CqLPPycvL,true,0xdc80e65dcbeb34664ebeffea51ef763db28106a1,1785208243502,2026-07-28T03:10:43.502Z,1777648.074424,0,1777648.074424,1777648.074424,0,0,ok,ok,200,1,2026-08-05T02:38:39.597Z,
942,xrpl,rJ9FSwUcYuu4EhbtiX5yUcgWwKeJrJ1nwu,true,0x25da853ac666c02562c8b947a56ef0e1eca489dd,1784691319049,2026-07-22T03:35:19.049Z,1777162.326656,0,1777162.326656,1615602.1151379999,0,161560.211518,ok,ok,200,1,2026-08-05T02:38:39.824Z,
946,xrpl,rspSJYqqdMaGjF66mQAigU868LtA4r7vCE,true,0x0e29d33dcb3c868070720cd7a3747dba79af7115,1784642023027,2026-07-21T13:53:43.027Z,1768800.519776,0,1768800.519776,1478816.248773,0,289984.271003,ok,ok,200,1,2026-08-05T02:38:40.624Z,
947,xrpl,rBqhW2q1R5rSzRTtfkTEw2e7iSNamgUV5D,true,0xa7e881ba0212c0a30398972975c6298b8d2098dd,1784696111247,2026-07-22T04:55:11.247Z,1766950.642,1287845.326,479105.3158,1606608.145,0,160342.4971,ok,ok,200,1,2026-08-05T02:38:40.848Z,
948,ethereum,0x4a279994b0ec87db2e4ada7f6a076d8c841faff6,true,0x4a279994b0ec87db2e4ada7f6a076d8c841faff6,1784796378474,2026-07-23T08:46:18.474Z,1762778.14,0,1762778.14,1639392.213,0,123385.9268,ok,ok,200,1,2026-08-05T02:38:41.031Z,
950,xrpl,r9HGC4Thbgk92XP9S4GEJe8pmF5TZaHrTS,true,0x01b0d1dd8302374403b5f6697bb4f5992f1c75a3,1784640289932,2026-07-21T13:24:49.932Z,1756357.82,0,1756357.82,1756357.82,0,0,ok,ok,200,1,2026-08-05T02:38:41.432Z,
954,xrpl,rpCgj8R113hm7E5Mc7akDxngB344kxSVWq,true,0x522946e9796d25285c47ca3cc51094106e32fc6d,1784688031882,2026-07-22T02:40:31.882Z,1748285.78836,981569.332034,766716.456326,1748285.78836,0,0,ok,ok,200,1,2026-08-05T02:38:42.268Z,
955,xrpl,rG8vt6pqXHjyvWrKPhrMrX4MGc5vMNjGKb,true,0x7f530fefd5a402ecffa37340a063c9ce391791f2,1784798029382,2026-07-23T09:13:49.382Z,1747542.509183,1390162.216072,357380.293111,1747542.509183,0,0,ok,ok,200,1,2026-08-05T02:38:42.466Z,
956,xrpl,r9XGKCSWSaFHLBLagdtYsDj8YBVhCbUVBi,true,0x537ae362ae32589f67d8e0f98034f94c695110f6,1784637038773,2026-07-21T12:30:38.773Z,1741105.817,1010717.208,730388.6094,1582823.4702940001,0,158282.347,ok,ok,200,1,2026-08-05T02:38:42.706Z,
959,xrpl,rETPnuh5Y1yFPucC4MXcSff3NZ968YymCg,true,0x554fec89db514e1392f23b4bea7b3927e6cfb3cd,1784654061528,2026-07-21T17:14:21.528Z,1731833.071,0,1731833.071,1443194.2259789999,0,288638.845,ok,ok,200,1,2026-08-05T02:38:43.272Z,
960,xrpl,rGizdxTuc2HWbrtomXA6w7Me2mDvRAA9PJ,true,0xeea99fa8883b25479f2ccf3320182654a3387619,1784640090742,2026-07-21T13:21:30.742Z,1728477.22888,0,1728477.22888,1728477.22888,0,0,ok,ok,200,1,2026-08-05T02:38:43.475Z,
961,xrpl,rEbrYix9KJbiv5kHgJRzcJ5JnkFBxM6Rdu,true,0xae057f2e3ed70ad4add00f6d67e76f3a6fae41ef,1784687676801,2026-07-22T02:34:36.801Z,1725856.229955,1724188.408941,1667.821014,1725856.229955,0,0,ok,ok,200,1,2026-08-05T02:38:43.704Z,
962,xrpl,rHLbt1HVhMfSQXnLq3BB3jaYJbdj9FUnn8,true,0x7fafb7e20d6e301bb28b6ba2d4bcc156c17e6915,1784642107784,2026-07-21T13:55:07.784Z,1724151.209332,692917.190828,1031234.018504,1724151.209332,0,0,ok,ok,200,1,2026-08-05T02:38:43.910Z,
963,xrpl,r3kS7VSTdHHAMZunjTtJwM7ZwG65kC2hz4,true,0xeaa443cd69738e781470ef31247cebb808988525,1784773890619,2026-07-23T02:31:30.619Z,1719802.07,1053854.258,665947.8126,1719802.07,0,0,ok,ok,200,1,2026-08-05T02:38:44.110Z,
965,xrpl,rDZtRkeyHSmqsKf4x3SeyXT4TPb9TKtUg4,true,0x15d692afcfe208ff139bb4dad0c16a17a457d498,1784669584784,2026-07-21T21:33:04.784Z,1717028.704,0,1717028.704,1569425.342,0,147603.3617,ok,ok,200,1,2026-08-05T02:38:44.515Z,
966,xrpl,rhTeqqR2NJjyU6vaSbLS1EtejA1fT56SWA,true,0xdcc9e42b5cfbc9f55d0d073015491189cd6fc0b1,1785001236534,2026-07-25T17:40:36.534Z,1714658.901287,158305.626143,1556353.275144,1714658.901287,0,0,ok,ok,200,1,2026-08-05T02:38:44.702Z,
969,xrpl,rK78jwFDMi6pHvMNb7SnLcCJBheuHZeUAP,true,0xa16eeca3e9e03ebafe08f1151b36a59cd3bcc7bd,1784643901896,2026-07-21T14:25:01.896Z,1706845.75351,0,1706845.75351,1551859.770155,0,154985.983355,ok,ok,200,1,2026-08-05T02:38:45.301Z,
970,xrpl,r4oivmLLZ9WEafnL7dYkjkFStC4KF5x28L,true,0x4f51da66283d7ea8c945da9571fc7332ccc47579,1784641426826,2026-07-21T13:43:46.826Z,1695322.440167,0,1695322.440167,1541202.2186430001,0,154120.221524,ok,ok,200,1,2026-08-05T02:38:45.510Z,
971,xrpl,rKozaL9v4VD2FPW4TBvEt3bN5im8HKZNaw,true,0xcb2ac426a2b926524558229826c3102621239301,1784640449866,2026-07-21T13:27:29.866Z,1694414.627361,0,1694414.627361,1533749.3665850002,7311.791357,153353.469419,ok,ok,200,1,2026-08-05T02:38:45.704Z,
973,ethereum,0x9f939b630510d1d92ad7bdb40ce2348c31860603,true,0x9f939b630510d1d92ad7bdb40ce2348c31860603,1784639953771,2026-07-21T13:19:13.771Z,1687511.591,0,1687511.591,1534101.446,0,153410.1446,ok,ok,200,1,2026-08-05T02:38:46.111Z,
975,ethereum,0x4dee3358da4537a6b4428a551feb95c9a54c8fdc,true,0x4dee3358da4537a6b4428a551feb95c9a54c8fdc,1784639545798,2026-07-21T13:12:25.798Z,1685653.281,0,1685653.281,1532412.073,0,153241.2073,ok,ok,200,1,2026-08-05T02:38:46.523Z,
977,xrpl,rDLFt6r9ZHDBHz393MWBipfUzcodRQJuA3,true,0xfe969b6a91a6f1a136114e732f78d70b773f8968,1785328777472,2026-07-29T12:39:37.472Z,1685327.057,1030527.638,654799.4184,1685327.057,0,0,ok,ok,200,1,2026-08-05T02:38:46.920Z,
978,xrpl,rUZ1U2FkPNSLco2HSJXSCYduXibvKFGou8,true,0x8031b11996975a7da893985998f5006a943189b8,1784963354211,2026-07-25T07:09:14.211Z,1683812.4399899999,0,1683812.4399899999,1683812.4399899999,0,0,ok,ok,200,1,2026-08-05T02:38:47.139Z,
979,xrpl,rErEe2X1Jmygds6CmiTy8Y9L5Ma3U8TatG,true,0x00efa50a8e262bbf767f14a0943dd9e6b6751f77,1784680164265,2026-07-22T00:29:24.265Z,1680238.504898,1241175.554478,439062.95042,1680238.504898,0,0,ok,ok,200,1,2026-08-05T02:38:47.344Z,
981,xrpl,rDcHLrmHt4PrbnyScLJUEDgAu4ZxRiuoWm,true,0x339df5812dbb06c0a8f1b020041de7ce6828ef74,1784646925711,2026-07-21T15:15:25.711Z,1678735.199,0,1678735.199,1426272,113405.3179,139057.8807,ok,ok,200,1,2026-08-05T02:38:47.749Z,
982,xrpl,rDMhpPS85ray29dz8b7bvDBXRmey1MT42x,true,0x4eec8c94b37cd31cc96a8d0125db9c34f1ab89e2,1785024723376,2026-07-26T00:12:03.376Z,1675370.885179,0,1675370.885179,1675370.885179,0,0,ok,ok,200,1,2026-08-05T02:38:47.961Z,
984,xrpl,r4Rovcob6ZTk5YyYhT4awFGubVkTQZAtPN,true,0x1c21fc315633866ed03d75616a3b8e24fd2052b6,1784643166152,2026-07-21T14:12:46.152Z,1661803.144,0,1661803.144,1088774.5268030001,355274.5947,217754.0222,ok,ok,200,1,2026-08-05T02:38:48.351Z,
985,xrpl,rDFLQ1t61UGmE7vpSiExLattjawoZm4yzn,true,0x31d2621184901ea3fb3b11299a40f495f8e08ed1,1784726988442,2026-07-22T13:29:48.442Z,1660143.852228,0,1660143.852228,1383617.5171730001,0,276526.335055,ok,ok,200,1,2026-08-05T02:38:48.543Z,
986,xrpl,rabguEuNkh6izwLk169mdHb9kBmE3b6MjV,true,0x05e73d1e4db3880ce44108a183900500617fd2ee,1785407850687,2026-07-30T10:37:30.687Z,1659409.09627999994,0,1659409.09627999994,1659409.09627999994,0,0,ok,ok,200,1,2026-08-05T02:38:48.769Z,
994,xrpl,rsJTvSyk4cpg6d3qxVKCWX3kXkX8a6mMfk,true,0x8c1e32f5f8c4634a245407fc9e09fc3dd1ceeacc,1784982940384,2026-07-25T12:35:40.384Z,1639737.241158,0,1639737.241158,1639737.241158,0,0,ok,ok,200,4,2026-08-05T02:39:24.509Z,
996,xrpl,rsbDpvnwew96SrAwMc69PxnG7LrSrqNV8F,true,0xc2e44860e8324aaff4fe11afbc0a1680d5d4955a,1784639100231,2026-07-21T13:05:00.231Z,1635944.634303000057,0,1635944.634303000057,1371100.913633000106,0,264843.72067000001,ok,ok,200,3,2026-08-05T02:39:20.764Z,
997,xrpl,rHesup2NHdp4vXRisbn5n2MiyYgzBRfK4B,true,0xb57557601b3adb74bd4a9346c8268248eb9a9f41,1784653225521,2026-07-21T17:00:25.521Z,1633873.774043,0,1633873.774043,1364467.27374,0,269406.500303,ok,ok,200,1,2026-08-05T02:39:20.991Z,
1000,xrpl,rGPxcezJEgj4SYqRMV9kdqCvhFuy8geyEC,true,0x55073ac87ce7ca473b4f6d32a9b045b6e4e7f32c,1784708164341,2026-07-22T08:16:04.341Z,1627320.42804,1477078.000064,150242.427976,1627320.42804,0,0,ok,ok,200,1,2026-08-05T02:39:21.678Z,
1001,xrpl,r3Jw6MEtDU3HUQLXG8intwtW1PEPjC2j85,true,0x9fe99bfba47bc4623ccbea0411a4888164fec1f3,1784996446564,2026-07-25T16:20:46.564Z,1626724.602,5037.195863,1621687.406,1524841.614,0,101882.9873,ok,ok,200,1,2026-08-05T02:39:21.897Z,
1002,xrpl,rLoXk7fpGwHNHVvwo9D3NYvzAYSXXLyou6,true,0x23016915343e4861137bfcf4c6ca9eca3563396f,1784681523831,2026-07-22T00:52:03.831Z,1625234.148638,1625234.109766,0.038872,1625234.148638,0,0,ok,ok,200,1,2026-08-05T02:39:22.121Z,
1003,xrpl,rKTSp18Vx5JJjwmQCwy5jAhsrmyrMj62Cr,true,0x4ea1b54e7b0a40d6bfe17895efd217c93c8180e1,1784649663810,2026-07-21T16:01:03.810Z,1617894.716467,0,1617894.716467,1470813.3786250001,0,147081.337842,ok,ok,200,1,2026-08-05T02:39:22.341Z,
1004,xrpl,rD8X2pFoSycqi4tw7ExUimonV9d3kULVgR,true,0xb7b3c02f75cb4e9785cdb222cb6b1283675bce37,1784945811221,2026-07-25T02:16:51.221Z,1614284.083,1190288.441,423995.6421,1525022.088,0,89261.99531,ok,ok,200,1,2026-08-05T02:39:22.571Z,
1005,xrpl,rw8SEazkU3aBDgUomWyXiWJoPJetv2KhZU,true,0x439d12eac4aa6c261910a653cd21e7ca5daea0e5,1784699297658,2026-07-22T05:48:17.658Z,1612590.94798,803737.143483,808853.804497,1612590.94798,0,0,ok,ok,200,1,2026-08-05T02:39:22.789Z,
1007,xrpl,rPsnESThgiRA3mULN2hCy6xBeNa6n7wDeT,true,0x6aa128e2d5c4dcee05a612dc8cee1f56ac59acd7,1784641652369,2026-07-21T13:47:32.369Z,1599459.616676,0,1599459.616676,1599459.616676,0,0,ok,ok,200,1,2026-08-05T02:39:23.252Z,
1010,xrpl,r4cyhRoMNYvTTZHqpvixoGjDDGmUREFKHd,true,0x12b5201d97195d01ff47429f35d64e2e8ac6921e,1784905139635,2026-07-24T14:58:59.635Z,1590578.693395,765567.97502,825010.718375,1590578.693395,0,0,ok,ok,200,1,2026-08-05T02:39:24.284Z,
1016,xrpl,r4S8StgWd9AeXR4dSBhTSF6ahDvhsX2mKc,true,0x1019937c18e47c2996d4410f6850749ae4f33f4b,1784713553833,2026-07-22T09:45:53.833Z,1573850.951,41244.26566,1532606.685,1573850.951,0,0,ok,ok,200,1,2026-08-05T02:39:25.709Z,
1018,xrpl,rUknXtHRJ4Fm1eQL544aJhJiADTd5VgQcu,true,0xf10452a4cdd4cf0a3dc50ea9b4e22358ad0a5428,1784640853112,2026-07-21T13:34:13.112Z,1563984.481588,0,1563984.481588,1413935.861339,9680.612297,140368.007952,ok,ok,200,1,2026-08-05T02:39:26.108Z,
1022,xrpl,rfCfsbw1DYuhenwH1A3cCXvKEt3J2ctrXi,true,0x27326bd8e518183c5266b031cf90734e17dc4800,1784716063720,2026-07-22T10:27:43.720Z,1554334.433387,0,1554334.433387,1417394.6708540001,0,136939.762533,ok,ok,200,1,2026-08-05T02:39:26.924Z,
1023,xrpl,rEfR592Lfm276aChUoUCHkQLCF8B5LX9BN,true,0x27326bd8e518183c5266b031cf90734e17dc4800,1784715827858,2026-07-22T10:23:47.858Z,1554333.579538,0,1554333.579538,1417393.894461,0,136939.685077,ok,ok,200,1,2026-08-05T02:39:27.134Z,
1024,xrpl,rwhA3GsX1yFUbiTcQp82dekKxedQfFyH7G,true,0x27326bd8e518183c5266b031cf90734e17dc4800,1784693287972,2026-07-22T04:08:07.972Z,1554321.481382,0,1554321.481382,1417382.857089,0,136938.624293,ok,ok,200,1,2026-08-05T02:39:27.349Z,
1026,xrpl,r9n4pv2ZGpn9sJYKitmYmkJXjV3iupi9U9,true,0xc90688d0e2629b9cc1d8c9ab2fbe5975f104f59b,1784865704923,2026-07-24T04:01:44.923Z,1552952.253,1159433.826,393518.4274,1552952.253,0,0,ok,ok,200,1,2026-08-05T02:39:27.713Z,
1027,xrpl,rPi21gqAsq7TKHLf33UaXee3HWXerCxvk4,true,0x27326bd8e518183c5266b031cf90734e17dc4800,1784716030558,2026-07-22T10:27:10.558Z,1552332.815637,0,1552332.815637,1415393.2099199998,0,136939.605717,ok,ok,200,1,2026-08-05T02:39:27.948Z,
1029,xrpl,rLJRGhpeWG2UtU4TgxdFKRjDwdbwsMeh7E,true,0x27326bd8e518183c5266b031cf90734e17dc4800,1784693482590,2026-07-22T04:11:22.590Z,1550779.86746,0,1550779.86746,1413977.25716,0,136802.6103,ok,ok,200,1,2026-08-05T02:39:28.387Z,
1030,xrpl,rEeRMaEjP1LZFsR1kEapCyHcqh5pz6gt9x,true,0x27326bd8e518183c5266b031cf90734e17dc4800,1784693747204,2026-07-22T04:15:47.204Z,1550779.310495,0,1550779.310495,1413976.7507270002,0,136802.559768,ok,ok,200,1,2026-08-05T02:39:28.540Z,
1032,xrpl,r4MCWteUC2k3FfLa7LggBKR5LKEezp6WnK,true,0x27326bd8e518183c5266b031cf90734e17dc4800,1784715703148,2026-07-22T10:21:43.148Z,1550370.030724,0,1550370.030724,1413603.578313,0,136766.452411,ok,ok,200,1,2026-08-05T02:39:29.009Z,
1034,xrpl,raSmdXYfyQT12174csuoptuNYCQPYBgSZC,true,0xf50f30405212551317aa5c0ae8fa6d1a2d88f37e,1784945257422,2026-07-25T02:07:37.422Z,1549683.838649000041,0,1549683.838649000041,1408803.489693999989,0,140880.348954999994,ok,ok,200,1,2026-08-05T02:39:29.386Z,
1035,xrpl,rpmtSpuWBn57ZjTaWctDpn3LcAprDSm7h9,true,0x4d07dea1feeabc67bac331710549e0177382a4cf,1784716129894,2026-07-22T10:28:49.894Z,1546950.25077,0,1546950.25077,1546950.25077,0,0,ok,ok,200,1,2026-08-05T02:39:29.621Z,
1036,xrpl,rNZHJ3iZryVMzXFGme1aL8nUXf9X66eQgk,true,0x6529f35723a510f0a1e4f1bdb8c49843e2ddffbd,1784648754478,2026-07-21T15:45:54.478Z,1546894.733208,0,1546894.733208,1546894.733208,0,0,ok,ok,200,1,2026-08-05T02:39:29.785Z,
1043,xrpl,rsyuvJkhbuJ6uJWr3mWj2LMs8eSFHVQgq7,true,0x96d434063cf4ca608f69da46a31f14db673c5929,1784651546370,2026-07-21T16:32:26.370Z,1525632.92865,0,1525632.92865,1525632.92865,0,0,ok,ok,200,1,2026-08-05T02:39:31.197Z,
1044,xrpl,rBZv7fuxaYnV83hNqEqaUNCjFEk5P2cwdg,true,0x4f3046c4a371a6ae0f4fbb151e62d9db02c3caba,1784806214031,2026-07-23T11:30:14.031Z,1524736.895,0,1524736.895,1524736.895,0,0,ok,ok,200,1,2026-08-05T02:39:31.401Z,
1045,xrpl,rapcQXTPbzFt3Vb3iJ1fYtZjuaHc8XKNKA,true,0x5c43cc98d64ccdebf700dae4b90935584971eddc,1784636722884,2026-07-21T12:25:22.884Z,1522925.206165,0,1522925.206165,1522925.206165,0,0,ok,ok,200,1,2026-08-05T02:39:31.626Z,
1046,xrpl,rEshodjMdAAGXh4zJtXGidh6RkpnjR7Lfq,true,0x4073e18cdc1e81241da3732a105553cc34627fa0,1784642846261,2026-07-21T14:07:26.261Z,1519441.176121,0,1519441.176121,1274743.270428,0,244697.905693,ok,ok,200,1,2026-08-05T02:39:31.801Z,
1047,xrpl,rh6DVhuCWGxi4USrCo13DW8Prn5CbMwHQ2,true,0x02f5109b97591a7dd17e0f2a01e0a57a34addefd,1784651001668,2026-07-21T16:23:21.668Z,1513221.095384,0,1513221.095384,308830.3819360002,1204390.713448,0,ok,ok,200,1,2026-08-05T02:39:31.996Z,
1048,xrpl,rNeiKkgSCev2cXvYHukwjikAddvpk7iZfT,true,0xc253597299f172787906f6f00d8ebdd2a54f9102,1784870644718,2026-07-24T05:24:04.718Z,1509635.883908,738735.133323,770900.750585,1509635.883908,0,0,ok,ok,200,1,2026-08-05T02:39:32.199Z,
1049,xrpl,rNAT1WJpgFD7ThQoshbGm1fzYAzQvZf4VN,true,0x3e7ef24383826cdfc73256ae8c4b4eb884ead8d4,1784735733668,2026-07-22T15:55:33.668Z,1507724.100536,0,1507724.100536,1507724.100536,0,0,ok,ok,200,1,2026-08-05T02:39:32.394Z,
1051,xrpl,rpeVYJcYAh1A4PQZQyNikydcbYAdeR8y5g,true,0x171adf423458ce551013392f53ae9801abb11048,1784694006467,2026-07-22T04:20:06.467Z,1506691.758805,106270.326843,1400421.431962,1506691.758805,0,0,ok,ok,200,1,2026-08-05T02:39:32.801Z,
1052,xrpl,rQfUQgVnkYfCo6aBji5aAp3GJC2MjummDv,true,0x1f8c09b94f06d4cef823334cef082eae1ea5bd65,1784698996702,2026-07-22T05:43:16.702Z,1506195.355479999911,0,1506195.355479999911,1230330.555493999971,164031.153676999995,111833.646309000003,ok,ok,200,1,2026-08-05T02:39:32.998Z,
1055,xrpl,r4gndKjJ825EgzxaT7GBRRSPGZ6iBKPGtL,true,0x5d0691294841d6d12d1ff9ed4439314b86d62b31,1784725250613,2026-07-22T13:00:50.613Z,1494106.938,792109.4995,701997.4386,1458720.4781689999,0,35386.45987,ok,ok,200,1,2026-08-05T02:39:33.628Z,
1056,xrpl,rsc92LuWBuELKf8FbPGwDGWuLtp2TumsjU,true,0x60e01a86c0af65309898ac81bd4b317003254dfd,1784723681150,2026-07-22T12:34:41.150Z,1492059.242854000069,677055.81439100008,815003.428462999989,1492059.242854000069,0,0,ok,ok,200,1,2026-08-05T02:39:33.821Z,
1057,xrpl,raj6YkTYH3jg8pFX8UpC2B5Ct35w3oQ1L7,true,0xdf4bd25c74fa22efaef78de36d6ac9b9ee12e422,1784781354743,2026-07-23T04:35:54.743Z,1491919.375005000038,873184.681507000001,618734.693498000037,1491919.375005000038,0,0,ok,ok,200,1,2026-08-05T02:39:34.067Z,
1058,xrpl,rBqgZyh9dQgNwxbzGd2oPDPVkUfFWuq6WZ,true,0x9c0202c7d0008bf8ca42b885543480cde820c788,1784671660938,2026-07-21T22:07:40.938Z,1486535.128,13632.16635,1472902.961,1352634.859,0,133900.2692,ok,ok,200,1,2026-08-05T02:39:34.217Z,
1059,xrpl,r3jBr49YKZZAanrTKRJm3jagc4u2P6LoFD,true,0x60b64ba8ac8c00839d381307b9126a0fd866d51f,1784640458329,2026-07-21T13:27:38.329Z,1483007.301,821827.6915,661179.6092,1450176.185,24477.94291,8353.173005,ok,ok,200,1,2026-08-05T02:39:34.423Z,
1065,xrpl,rhGXChMqM4kZTJvELeZ7G3oqeAaq8EJ8Aa,true,0x878988de87b23eef7f70ed6ea6eeeaae6da38e90,1784641138237,2026-07-21T13:38:58.237Z,1470608.590851,1358027.168449,112581.422402,1470608.590851,0,0,ok,ok,200,1,2026-08-05T02:39:35.671Z,
1066,xrpl,rhcSVon1E3E5VW2fPDqZv9NVDkyYMBrYws,true,0xef167e2e0f90096d0eff6920696c591e422f5e80,1784944539054,2026-07-25T01:55:39.054Z,1466981.330659,433629.538089,1033351.79257,1466981.330659,0,0,ok,ok,200,1,2026-08-05T02:39:35.837Z,
1067,xrpl,rJnUf4TmEcyTEzbfd93XhoBmPHDAa1EgB8,true,0xa7b7850d70a26737cc29e56f8d1f87c4325d223e,1784721734661,2026-07-22T12:02:14.661Z,1465190.429073,800567.580373,664622.8487,1465190.429073,0,0,ok,ok,200,1,2026-08-05T02:39:36.044Z,
1068,xrpl,rNjBEKw3FxbLrtiabAZmBqJhn7XireQGDk,true,0x3027fb2602a8932e4553e212b050edd25c2f2036,1784644364493,2026-07-21T14:32:44.493Z,1460959.913665000116,1255630.247719000094,205329.665945999994,1460959.913665000116,0,0,ok,ok,200,1,2026-08-05T02:39:36.255Z,
1071,xrpl,rwqyuYctwsstKUd148LsjfBgRkTGEotyBX,true,0xaa664d11ab68bb2e00c7d4024d13ee8192140dcc,1784997097977,2026-07-25T16:31:37.977Z,1450607.518175,216963.380971,1233644.137204,1320656.380206,0,129951.137969,ok,ok,200,1,2026-08-05T02:39:36.848Z,
1072,xrpl,rNLkeauVpwe3LMjyyLwfswu1i5ibrXFn9V,true,0x31cca72ef6f8075bde2e972af23fdc3474bdbb80,1784784439698,2026-07-23T05:27:19.698Z,1450554.114184,406630.912965,1043923.201219,1450554.114184,0,0,ok,ok,200,1,2026-08-05T02:39:37.061Z,
1074,xrpl,rwtqzc9ttTqAQjZMsUVPge4kcbzBL7RmZj,true,0xe60f7aaab28f2ad82664381f216f67e9171802f6,1784769476048,2026-07-23T01:17:56.048Z,1448183.338666,940835.911463,507347.427203,1322863.396251,0,125319.942415,ok,ok,200,1,2026-08-05T02:39:37.486Z,
1076,xrpl,rGzrH2WWrGX1Nck6tG46H8ikwUdNhCZkST,true,0xe59b3f646fa6d08baf6dc7dfaff008f8f097e544,1784889268108,2026-07-24T10:34:28.108Z,1429673.263851,0,1429673.263851,1196918.2063520001,53226.070355,179528.987144,ok,ok,200,1,2026-08-05T02:39:37.861Z,
1077,xrpl,rBstHEAAKWv6m5XXZe6p2dPmJbmwYpVSXF,true,0x7cf08f62310c6cddc96e6d7790f044f74401f5d1,1784977259563,2026-07-25T11:00:59.563Z,1427788.661,857555.8258,570232.8348,1427788.661,0,0,ok,ok,200,1,2026-08-05T02:39:38.061Z,
1078,xrpl,rL5ZxC6xgPZEfvqxB9We2rVYa33E8J71Ed,true,0x9794138aa8059e94c786b9a32cb2399e5a7fc892,1784781952844,2026-07-23T04:45:52.844Z,1426410.0987469999,0,1426410.0987469999,1134398.513059,185249.290507,106762.295181,ok,ok,200,1,2026-08-05T02:39:38.281Z,
1080,xrpl,rwAzUEf5X7ma4NgcdUysXJR2x37LjiBkSk,true,0x1da5c7da69c63c7787e11d80cb279fc0ec76c197,1784700719627,2026-07-22T06:11:59.627Z,1424030.767186,1304637.340711,119393.426475,1257967.32794699999,92554.781814,73508.657425,ok,ok,200,1,2026-08-05T02:39:38.675Z,
1081,xrpl,rpTDEFinDruL2UwzRs3HNtr1EySyzKgGcd,true,0xf758fd6452578a26a4f6c122b625dc8d9ef0edcd,1784769097133,2026-07-23T01:11:37.133Z,1422878.723684,849115.642107,573763.081577,1374075.678603,0,48803.045081,ok,ok,200,1,2026-08-05T02:39:38.878Z,
1083,ethereum,0x48c8e60f663f71495d7960fc1ef789cabc8359fe,true,0xbec7b5f822dec7bf6d03e29097271176bf085666,1784904124289,2026-07-24T14:42:04.289Z,1421262.464,0,1421262.464,1292056.786,0,129205.6786,ok,ok,200,1,2026-08-05T02:39:39.271Z,
1084,xrpl,rBQrRRdpL9d6yMdmFamqcEaQC9tJFtoqGQ,true,0x3fae2bc43789afba6b571faf969e2e929259f50c,1784648409294,2026-07-21T15:40:09.294Z,1417531.326,855980.8932,561550.4333,1314225.44270800005,0,103305.8838,ok,ok,200,1,2026-08-05T02:39:39.469Z,
1087,xrpl,r9UcoV8FHrpt97HfE7ZsiwbSuaHWfP9ZwR,true,0x1fe9d19924263dfad8add1ca9334b20149f28e1f,1785109173366,2026-07-26T23:39:33.366Z,1412053.082,0,1412053.082,1106699.969,194749.2454,110603.8677,ok,ok,200,1,2026-08-05T02:39:40.099Z,
1091,xrpl,ray8MGVtxcmsuzTV7KXvvka2QmEDm2u7cV,true,0x33a21e91c3d50de7cb903cb8a1b17be3a83ee389,1784649842303,2026-07-21T16:04:02.303Z,1408922.206621,0,1408922.206621,1178351.6121440001,0,230570.594477,ok,ok,200,1,2026-08-05T02:39:40.901Z,
1094,xrpl,rnHjp9bwL3cgdn7DPacoLtCXhx7KG8yU6G,true,0x6b72d3324327891c2d10965ce89d1aaa6e7d96e3,1784715641585,2026-07-22T10:20:41.585Z,1405510.486272000009,0,1405510.486272000009,1177758.473918000003,0,227752.012354000006,ok,ok,200,1,2026-08-05T02:39:41.509Z,
1095,xrpl,rK6e2HAxkhR2xwbv1PHKzLpfQ5zTTMpgfh,true,0x978d7850804dd01361faa7600c1773506e14a868,1784647904918,2026-07-21T15:31:44.918Z,1403291.291526,0,1403291.291526,1175742.488923,0,227548.802603,ok,ok,200,1,2026-08-05T02:39:41.712Z,
1097,xrpl,rHDMMCwh7XpY95fBbK83rjQSC6MftfyPmu,true,0xab4955ddce06e434636b4b7216d30505cba9029a,1784685432294,2026-07-22T01:57:12.294Z,1397952.968119,0,1397952.968119,1397952.968119,0,0,ok,ok,200,1,2026-08-05T02:39:42.119Z,
1098,xrpl,rUhLN2p8hvDZUaK182Wmigdp1xF1FvR4Pj,true,0xddc1ad09abaedce1477bfaa10e764d5174f578ad,1784989026759,2026-07-25T14:17:06.759Z,1396515.934509,0,1396515.934509,1144052.735815,139057.880746,113405.317948,ok,ok,200,1,2026-08-05T02:39:42.314Z,
1100,xrpl,rMbWaz2ZXqayqzGLiyCVGp4U21RyH7UhCU,true,0x39ccf09d38b072aae01c6e99aa9c218e69531a11,1784639798749,2026-07-21T13:16:38.749Z,1390573.53438600013,0,1390573.53438600013,1209196.657340000151,0,181376.877046000009,ok,ok,200,1,2026-08-05T02:39:42.713Z,
1101,xrpl,r97CrPCBSoNBWFNsDW7vhCQyvVJsDqSCkv,true,0xb3ffa303d1327d64f479f8fa7189f8379f272730,1784647091750,2026-07-21T15:18:11.750Z,1385724.997,0,1385724.997,1385724.997,0,0,ok,ok,200,1,2026-08-05T02:39:42.921Z,
1102,xrpl,rNBTMkSQVa2bcZF8oNipmuaCxqqRVogcfp,true,0xdce31943621cf6e0f357dc7367e5a0ac3a5deedb,1784638733895,2026-07-21T12:58:53.895Z,1384038.156042,0,1384038.156042,1384038.156042,0,0,ok,ok,200,1,2026-08-05T02:39:43.146Z,
1103,xrpl,rBM157MSpdPcBK3uKbuMjVbruh8XqJXUF4,true,0xe13a016a12a51a4c6f89c65a41772dcd15e601fc,1784637970742,2026-07-21T12:46:10.742Z,1383094.284,723156.2239,659938.0598,1324700.449,19797.79833,38596.03622,ok,ok,200,1,2026-08-05T02:39:43.341Z,
1104,xrpl,r3dFLHs3TeCQ1KabnrWefqBAGVmqYNtCDj,true,0x39ac10c3f0ce16f3b8fa80e49d0ee69820cdf488,1784649484009,2026-07-21T15:58:04.009Z,1382222.676,0,1382222.676,1153852.327,0,228370.349,ok,ok,200,1,2026-08-05T02:39:43.553Z,
1105,xrpl,rH7JRthro93MzTfnpk5aRSBEgUB8kPyLfH,true,0x8e87a6896c341c4a0e5a5f6744bce1e5f46e539a,1784647817577,2026-07-21T15:30:17.577Z,1380649.06622,0,1380649.06622,1150874.239538,0,229774.826682,ok,ok,200,1,2026-08-05T02:39:43.729Z,
1107,xrpl,rfAPH5bmuvX2u4esnTnAkbTJdJBnk8BHeX,true,0x2fda3a38b874a6e7431a1cbb748a4bc311d87367,1784759316571,2026-07-22T22:28:36.571Z,1374922.206848000176,973195.472363000037,401726.734485000023,1374922.206848000176,0,0,ok,ok,200,1,2026-08-05T02:39:44.142Z,
1108,xrpl,rP4sXsBBZrPmnLNaT7YpG2eN2gz1YeZy5B,true,0x790ddf0e8bf36417fd024b7edce028f076fe832f,1784650612931,2026-07-21T16:16:52.931Z,1373210.593162,0,1373210.593162,1145675.429581,0,227535.163581,ok,ok,200,1,2026-08-05T02:39:44.342Z,
1109,xrpl,rBTwNiTDsD3MWdx9MjAixqDzZtufxds5gf,true,0xf0f253dc93f67399b18378f831a63118662b0095,1784647550662,2026-07-21T15:25:50.662Z,1370843.297619,1370831.869762,11.427857,1370843.297619,0,0,ok,ok,200,1,2026-08-05T02:39:44.551Z,
1110,xrpl,ra55tZVinZH3HabVUSE3nM8U8pPSmKhYe9,true,0x84a0e8834202dff7b4a6a5e112fb3e364be8766d,1785357110608,2026-07-29T20:31:50.608Z,1369960.673869,932437.549959,437523.12391,1245418.79442000005,0,124541.879449,ok,ok,200,1,2026-08-05T02:39:44.741Z,
1111,xrpl,rDBjDkzHkFNRUFA5FYXWhnQLMRXi5AFwEC,true,0x7372838169895900695e908736a52a443039c5be,1784637744694,2026-07-21T12:42:24.694Z,1366783.079,0,1366783.079,1142480.634,0,224302.4447,ok,ok,200,1,2026-08-05T02:39:44.942Z,
1112,xrpl,rH73J3jbVK2R6UuW8WvrwaiuZCmWge8UeW,true,0xc104eaa842e55f3ed8505e6ecb2da7f7417bf962,1784727853225,2026-07-22T13:44:13.225Z,1366484.717543,0,1366484.717543,1366484.717543,0,0,ok,ok,200,1,2026-08-05T02:39:45.141Z,
1117,xrpl,rP1MJUpB8ecBsbTgTyM8UdKe6AKTj9Agpv,true,0x07757d335c644ede3e1d89a30c1234b4b08a82d3,1784651412285,2026-07-21T16:30:12.285Z,1357978.33137,0,1357978.33137,1131648.609459,0,226329.721911,ok,ok,200,5,2026-08-05T02:40:25.293Z,
1120,xrpl,r4LzSE6M78iG1B3idZnrBewbbvkFYNwcJW,true,0x11b46825d43453b909dbf678103314a7a93bde7c,1784643269533,2026-07-21T14:14:29.533Z,1355171.902083,0,1355171.902083,1355171.902083,0,0,ok,ok,200,5,2026-08-05T02:40:26.482Z,
1121,xrpl,rH9nzLAm89RdYQQ2rZvzRid4BFq6ZJ3zvo,true,0xd5461badf8b37667097d67d0624e7f4d7f23bad3,1784637345903,2026-07-21T12:35:45.903Z,1355146.768674,1142359.446819,212787.321855,1355146.768674,0,0,ok,ok,200,1,2026-08-05T02:40:25.673Z,
1126,xrpl,rsNfhK17jGi3Fi5J5TA5xgH5WZSVUz3Rmt,true,0x09272a2c7e6db42da85ee6ded25cff8301b23009,1784652079639,2026-07-21T16:41:19.639Z,1351098.532799,0,1351098.532799,1351098.532799,0,0,ok,ok,200,1,2026-08-05T02:40:27.082Z,
1130,xrpl,rLHH1LAoq1FYyxFn4KVa2QKScw6FfVw8jQ,true,0x08095fcf189edd91bf5efca961b2030df8f8820c,1784826942581,2026-07-23T17:15:42.581Z,1344534.166922,0,1344534.166922,1344534.166922,0,0,ok,ok,200,1,2026-08-05T02:40:27.908Z,
1131,xrpl,rMFGUsSRQ9v1QhSWFSvv8yPJkaee2eTpEH,true,0xd1b7bdcdd90c2f75eba8b021d2bbfc4f167753b6,1784665371961,2026-07-21T20:22:51.961Z,1342100.056217,704977.143064,637122.913153,1342100.056217,0,0,ok,ok,200,1,2026-08-05T02:40:28.102Z,
1132,xrpl,rverFaLotRDbNs6hQStzimPDNNsMeL5tR,true,0x2acc2516fc1a434d1c5e36b24882907623a643fe,1784779498917,2026-07-23T04:04:58.917Z,1341076.2807849998,1271901.7608929998,69174.519892,1341076.2807849998,0,0,ok,ok,200,1,2026-08-05T02:40:28.285Z,
1133,xrpl,rG2kCBAhGDnGE5Db9941pxf78XCgZLtxTy,true,0xca171d4b47305062614480636d64e4d82cf7f4e1,1784645167833,2026-07-21T14:46:07.833Z,1341065.006574,980702.551012,360362.455562,1341065.006574,0,0,ok,ok,200,1,2026-08-05T02:40:28.512Z,
1134,xrpl,rauZrYmQBaHggjSd45JCkBGX3KKcRrZrd1,true,0xc5543545516e0c034ae703d0ef4b7b1a56cad0de,1785198094968,2026-07-28T00:21:34.968Z,1339644.44801599998,0,1339644.44801599998,1339644.44801599998,0,0,ok,ok,200,1,2026-08-05T02:40:28.705Z,
1135,xrpl,rwKxPf4RH1VgQ9XVQh8cU1rnAFhVBtgUQC,true,0xe89fdce07baeadd664aa826a5f58a478cba807e8,1784644451055,2026-07-21T14:34:11.055Z,1336572.847034,0,1336572.847034,1215066.2245510002,0,121506.622483,ok,ok,200,1,2026-08-05T02:40:28.930Z,
1137,xrpl,rMTR4f3WkpYD4sJeaq4sJ8WFL3Fa7HKTJj,true,0x29875f41b14419a91ea493079a18adbe69666110,1785302044306,2026-07-29T05:14:04.306Z,1335205.740771,0,1335205.740771,1060674.203557,63175.893382,211355.643832,ok,ok,200,1,2026-08-05T02:40:29.306Z,
1138,xrpl,r9bHJyJNViffHbu6TJ1S4PAKdLmpkc4UJZ,true,0x000b1298bf2d21269e8eff15f681034669954585,1784663730728,2026-07-21T19:55:30.728Z,1335132.819,0,1335132.819,1335132.819,0,0,ok,ok,200,1,2026-08-05T02:40:29.542Z,
1139,xrpl,rp44uTmzFYh4CKirgYTVoXgEC6aQrt4BVU,true,0x1278cb0e509ecc45566ecc8628ad21362705725d,1784652594362,2026-07-21T16:49:54.362Z,1331839.39669299995,1064245.211584,267594.18510899995,1234493.98052399984,0,97345.416169,ok,ok,200,1,2026-08-05T02:40:29.743Z,
1140,xrpl,r9HMb3y8h7XzRwiL9MfVTsys6dRFwq7ywt,true,0x530e3794f05a32704e622f9be9c2e5a061265117,1784644751824,2026-07-21T14:39:11.824Z,1330068.836,0,1330068.836,1330068.836,0,0,ok,ok,200,1,2026-08-05T02:40:29.912Z,
1141,xrpl,rpY4spaHbR2tuaunKyJeWWbv1WsHNE3XXW,true,0x4ac899415e173866fc66f908df9e2cecccf6db55,1784732494660,2026-07-22T15:01:34.660Z,1327099.611644000048,0,1327099.611644000048,1215725.539011999965,0,111374.072631999996,ok,ok,200,1,2026-08-05T02:40:30.122Z,
1143,xrpl,rNNChtUpqQ3V8XQHBQ1SXvWx2otBrpT21s,true,0xbd51aca6112d1ab349133b8c49316f6c6583d8c7,1784733316628,2026-07-22T15:15:16.628Z,1324977.933612,838916.621385,486061.312227,1324977.933612,0,0,ok,ok,200,1,2026-08-05T02:40:30.522Z,
1146,xrpl,rLoGizPpi4Uo6sefTxK9nkTTccZMuMt2qC,true,0x325c4002b11e53427517a077f13b87a099cb29d7,1784804659583,2026-07-23T11:04:19.583Z,1322777.456554,659327.449219,663450.007335,1322777.456554,0,0,ok,ok,200,1,2026-08-05T02:40:31.152Z,
1147,xrpl,rMoHK5gCRN2VwXcebV3a9UyyhrLjoKzvd6,true,0xea818d1e2fe353a99bb6ba398f02f211ad05ec93,1784900050576,2026-07-24T13:34:10.576Z,1322776.921754,659327.187201,663449.734553,1322776.921754,0,0,ok,ok,200,1,2026-08-05T02:40:31.348Z,
1148,xrpl,rE8QCoG3cJj6m2YWp73LWYtVVaXbUDdfX1,true,0xfa889db72932f260a9216c746146f2e117dffdee,1784687471802,2026-07-22T02:31:11.802Z,1322096.892,0,1322096.892,1322096.892,0,0,ok,ok,200,1,2026-08-05T02:40:31.772Z,
1150,xrpl,rNfdGXxyPCYVEBKRyLLwDfWXf3QNhfHrhs,true,0x361ce0eedcf9c51f79fbcaeef156766353938c04,1784642123810,2026-07-21T13:55:23.810Z,1318111.634249,0,1318111.634249,1098759.672681,0,219351.961568,ok,ok,200,1,2026-08-05T02:40:32.112Z,
1152,xrpl,rZBJaQA1ruVNuuAfz6C1PfNBUfRrsdnaK,true,0xc0478301811bc2dfc30432d8e8b60ee90ced5219,1784642714935,2026-07-21T14:05:14.935Z,1316181.815734999953,0,1316181.815734999953,1184121.433221999789,13648.23919,118412.143322999997,ok,ok,200,1,2026-08-05T02:40:32.350Z,
1153,xrpl,rKnNc1uAzr2HMQwEv7hCeebhXHPBDzyHVV,true,0x641a074e1a2ab23c0e39eda047ce9bf5513e017e,1784654713477,2026-07-21T17:25:13.477Z,1315829.252282,0,1315829.252282,1225987.655993,24998.267719,64843.32857,ok,ok,200,1,2026-08-05T02:40:32.551Z,
1154,xrpl,rKZK86BYMgxUUxAL99CFs6kK9x7ESD5fHp,true,0x63178dac99a15712b2ed29eb3454869801ff4daf,1784899114921,2026-07-24T13:18:34.921Z,1314472.720166,651072.601501,663400.118665,1314472.720166,0,0,ok,ok,200,1,2026-08-05T02:40:32.745Z,
1155,xrpl,rMAXjyNpKJQp6ugE3Guh7zM4J7VY6XFXHw,true,0x22b9233042466be8fda09dc2a891d79e7ad212d2,1784646482081,2026-07-21T15:08:02.081Z,1311354.717647000216,620284.787959999987,691069.929687000113,1311354.717647000216,0,0,ok,ok,200,1,2026-08-05T02:40:32.961Z,
1156,xrpl,rP35VFU4zLuPewWmTTJsXyXw6JgcLRQZ7j,true,0x6964f870aa07461521ba2f947837a00e0a4c008b,1784647746085,2026-07-21T15:29:06.085Z,1306127.498215,0,1306127.498215,1306127.498215,0,0,ok,ok,200,1,2026-08-05T02:40:33.162Z,
1157,xrpl,rEKAKu5XzGUEU7b9QBNyx1HLDg9RMv28JR,true,0x1c45615625c979218f073720ab5bcafc1c4441e1,1784665613203,2026-07-21T20:26:53.203Z,1304959.828,770808.9892,534150.8385,1304959.828,0,0,ok,ok,200,1,2026-08-05T02:40:33.386Z,
1158,xrpl,rsX9M4zhmxfv4ZKrWLagtaX6UMpwc1iS7x,true,0x3f019f77770cc3a3b8f4bd5056fc881a5ddbc260,1784989435942,2026-07-25T14:23:55.942Z,1299384.51412500013,363398.20427600003,935986.3098490001,1299384.51412500013,0,0,ok,ok,200,1,2026-08-05T02:40:33.569Z,
1161,xrpl,rLg6PXYFHvYdvqCmXgGDXymfRFvTAwtpjp,true,0x5355f7abc8974499b5a8c34c031f1782a3c41870,1784708828476,2026-07-22T08:27:08.476Z,1296670.445543,1196509.470373,100160.97517,1296670.445543,0,0,ok,ok,200,1,2026-08-05T02:40:34.230Z,
1162,xrpl,rJJKbpxvvzRRZrAk5UUiivCLihcDrnkjCa,true,0xe75a50183702365a6e19c139b47fe669c0870a15,1784985557783,2026-07-25T13:19:17.783Z,1296618.217888,1030691.468148,265926.74974,1248861.2627189999,47756.955169,0,ok,ok,200,1,2026-08-05T02:40:34.392Z,
1163,xrpl,rEyBSB3QeFZGvq73jZKZAPaceML3g4bLJh,true,0x26f055cee3b1bfe8eacd6ec841fefb66bf2ea036,1785388457701,2026-07-30T05:14:17.701Z,1296609.044604,801203.698161,495405.346443,1296609.044604,0,0,ok,ok,200,1,2026-08-05T02:40:34.600Z,
1164,xrpl,r9RCrcnGngbgtf6XsMLqZM83Vn5vtpbBbb,true,0x246c9255403e37ac409f27a53cc55ad5ce43217b,1784683230588,2026-07-22T01:20:30.588Z,1295929.565,0,1295929.565,1187767.0356410001,0,108162.5292,ok,ok,200,1,2026-08-05T02:40:34.779Z,
1165,xrpl,r4vTEjT9yHqgqNj1wGyEMb9T3Pc8mPicaQ,true,0x5ae68aa49cc7185281fe2be51540babf7fa6e782,1784720845464,2026-07-22T11:47:25.464Z,1293895.566,0,1293895.566,1176268.6968750001,0,117626.8695,ok,ok,200,1,2026-08-05T02:40:34.994Z,
1166,xrpl,rpg3UEW4pUpDMLJGRb5C7H5iZTywq7yuVG,true,0x03d30736fcc8f0a1630b58cebbe1553f41d51b05,1784714327860,2026-07-22T09:58:47.860Z,1290875.688451,0,1290875.688451,1290875.688451,0,0,ok,ok,200,1,2026-08-05T02:40:35.202Z,
1167,xrpl,rDhYSkcRPqjoPKvzarnj1ByeqhbqTTZpUQ,true,0xeb4f18a2ea5b3b2ca8c27fb8ea2efc1b2c6b72c9,1785134118255,2026-07-27T06:35:18.255Z,1290035.305141,629355.716819,660679.588322,1290035.305141,0,0,ok,ok,200,1,2026-08-05T02:40:35.392Z,
1168,xrpl,rLnyZyXCNfyLpfBxF9dFc5TKtt9KruJ3uo,true,0xc66827cd82918cdc1f3c9d8ff41b84841c20e352,1784715032737,2026-07-22T10:10:32.737Z,1289773.735274,0,1289773.735274,1181759.917235,0,108013.818039,ok,ok,200,1,2026-08-05T02:40:35.602Z,
1169,xrpl,rpEyVnrnmvKC7T5EEY1wUbRCQwvt8C6a2m,true,0xcdb283e93347cd0f3469581a6a081ea8b1eadcd6,1784639736887,2026-07-21T13:15:36.887Z,1285213.797346,898847.630712,386366.166634,1117577.21512199994,0,167636.582224,ok,ok,200,1,2026-08-05T02:40:35.811Z,
1171,xrpl,rfws2d8U2F24RmydWvDQAvH6uMf4MqvxsB,true,0x624cc774b7c67aac4a47e73465dcfd246b744695,1784647052192,2026-07-21T15:17:32.192Z,1280633.364157,0,1280633.364157,1070109.974382,0,210523.389775,ok,ok,200,1,2026-08-05T02:40:36.202Z,
1172,xrpl,rBNVfAjL65E9amcQLWFGPJatPRm87Upg17,true,0x42a6d42e17da506af8e59e43e007ffefbb69e490,1784647927503,2026-07-21T15:32:07.503Z,1279034.421,697417.5479,581616.8734,1162965.7653220002,0,116068.6559,ok,ok,200,1,2026-08-05T02:40:36.414Z,
1173,xrpl,rGgdUrazGnHPW34tWXWkSoT8vgT7e7oQjN,true,0x2943d7fc8395426b82fdde61bf6731fc4da52239,1784978378607,2026-07-25T11:19:38.607Z,1278920.542505,0,1278920.542505,1278920.542505,0,0,ok,ok,200,1,2026-08-05T02:40:36.622Z,
1174,xrpl,rp8FVet5N1ZrpZZBFjwcn5CyUiLSwxfHVz,true,0x04c9502b3ee2cbe98ba3b716c532b3e77aeddfc0,1784812988835,2026-07-23T13:23:08.835Z,1276915.41092699999,0,1276915.41092699999,1179726.059297000058,785.88854,96403.463090000005,ok,ok,200,1,2026-08-05T02:40:36.822Z,
1178,xrpl,rDqfjRFYHSXHMXUnf5zNSQSoxmBrPXfccf,true,0x0b66c065d77b36684aee27ef232fc5c7606b3a6e,1784645802496,2026-07-21T14:56:42.496Z,1274223.160626,0.031625,1274223.129001,1274223.160626,0,0,ok,ok,200,1,2026-08-05T02:40:37.625Z,
1180,xrpl,rfL4LCPyJgL3jpSR3pMtkmmFKEk1JRmvg7,true,0xa527a1985283fab83b4c374d304a5bfa85d3786e,1784856834686,2026-07-24T01:33:54.686Z,1270444.183738,867987.862528,402456.32121,1270444.183738,0,0,ok,ok,200,1,2026-08-05T02:40:38.022Z,
1181,xrpl,rwCmHkfTt3UG7oqp6du9YjksK8KmMuHyy9,true,0x67ced9c1e69b0a584aa017487f1205a68683bc8b,1784645516416,2026-07-21T14:51:56.416Z,1269366.204898,0,1269366.204898,1079672.219434,85254.451926,104439.533538,ok,ok,200,1,2026-08-05T02:40:38.238Z,
1184,xrpl,rKSdryxpu8Q2XkVShduDxNyMc5Run2P46G,true,0xae057f2e3ed70ad4add00f6d67e76f3a6fae41ef,1784688250671,2026-07-22T02:44:10.671Z,1261119.260279,1260082.308688,1036.951591,1261119.260279,0,0,ok,ok,200,1,2026-08-05T02:40:38.859Z,
1186,xrpl,rBspe7wMQV4tDEdYhXPCcM3uR8Dajz72m5,true,0x879e4ca73423f13d5ca926839fcf5044e8f04a84,1784640145717,2026-07-21T13:22:25.717Z,1258471.722,0,1258471.722,1141580.6035540001,10414.18392,106476.9343,ok,ok,200,1,2026-08-05T02:40:39.252Z,
1187,xrpl,rf3nFHT9vr74jsEtoxqP1pbCPD33Uq5qvC,true,0xcb08bb7df3a379210008d06334628b50ca86c86d,1784644211350,2026-07-21T14:30:11.350Z,1255084.964421,0,1255084.964421,1045904.1367560001,0,209180.827665,ok,ok,200,1,2026-08-05T02:40:39.470Z,
1188,xrpl,rEGQBov2ZdvKLNscpHExJDp4W22BBBFSL8,true,0x050f1919306f482886a2fda9c23874a1fd18d115,1784640569497,2026-07-21T13:29:29.497Z,1254766.883,0,1254766.883,1254766.883,0,0,ok,ok,200,1,2026-08-05T02:40:39.663Z,
1189,xrpl,rQBXWt99gdKeskd9cGpsg9cP5vTFKeCwpN,true,0x5c63db578c40fe233a4c2b4534104abe54b3027d,1784863745632,2026-07-24T03:29:05.632Z,1253348.969824,660960.460544,592388.50928,1140043.087522,0,113305.882302000006,ok,ok,200,1,2026-08-05T02:40:39.880Z,
1190,xrpl,rKL1saE3rorNYsauJQNAdNWyGMWpqz5pX9,true,0x5f394a5bfc03797b104310e83f05f1c71abd5004,1784651051256,2026-07-21T16:24:11.256Z,1252473.33713,0,1252473.33713,1046188.219889,0,206285.117241,ok,ok,200,1,2026-08-05T02:40:40.070Z,
1191,xrpl,rf5sxbpnmLJgZTUjDfV3hP3xnemDHLDZdS,true,0x3620f65ee6792099e613fb6f9772199ec6781e5b,1784637645408,2026-07-21T12:40:45.408Z,1252304.715311,815837.436054,436467.279257,1144688.16070700003,50851.215881,56765.338723,ok,ok,200,1,2026-08-05T02:40:40.269Z,
1194,xrpl,rM6xoe1QMfT3PNKiWEw93Rt5VhXub2tvq8,true,0x95745f0f057d1da1dafddcf2b10e2bbc968eb6cc,1784636994365,2026-07-21T12:29:54.365Z,1246940.107396,0,1246940.107396,1133573.24476,9.538141,113357.324495,ok,ok,200,1,2026-08-05T02:40:40.882Z,
1196,xrpl,rEcpqX6R5d7t3XvbfRiMssJ16wpauKmy8r,true,0x03bfb10d2104b0b00c9bc70e1e0c8ddc9793b1e6,1784640321833,2026-07-21T13:25:21.833Z,1246791.164032,0,1246791.164032,1246791.164032,0,0,ok,ok,200,1,2026-08-05T02:40:41.288Z,
1198,xrpl,r9oXDjCUJzsaoUA26nDmhYjLH4rgPxXAnJ,true,0xc4622a3cab11043790372ee2f325fb8dbf78508d,1784877984770,2026-07-24T07:26:24.770Z,1244840.173889,390054.803432,854785.370457,1244840.173889,0,0,ok,ok,200,1,2026-08-05T02:40:41.702Z,
1202,xrpl,rGJTGvBadcJMQg93vxxBks2jaFP85xDcGc,true,0xc679790cab79b3e3d9eb72381a024b07705c413d,1784640268315,2026-07-21T13:24:28.315Z,1237015.842869,0,1237015.842869,1124559.856941,0,112455.985928,ok,ok,200,1,2026-08-05T02:40:42.501Z,
1203,xrpl,rfyK11DMH6Y4yTpgQHrn2uSY2VKumx3ckF,true,0xd495422c0f32fac92c77ec7754bbcea45c9c8658,1784677966763,2026-07-21T23:52:46.763Z,1236964.435786,165967.999097,1070996.436689,1236964.435786,0,0,ok,ok,200,1,2026-08-05T02:40:42.714Z,
1204,xrpl,rhmyRS3YKdb8MWh6zQnTDd51xVCNRBZ5Gf,true,0x9230862106279516714b584d4b74e23d124ec480,1784685205668,2026-07-22T01:53:25.668Z,1233635.372948999982,0,1233635.372948999982,1233635.372948999982,0,0,ok,ok,200,1,2026-08-05T02:40:42.920Z,
1207,xrpl,rJG9iNtarVynhxDVmZBu3R26Z9G3166UvJ,true,0xe7d6670fa49c8a382ae22cb8ca9385b85dac8e23,1784970788676,2026-07-25T09:13:08.676Z,1230550.975755,0,1230550.975755,1230550.975755,0,0,ok,ok,200,1,2026-08-05T02:40:43.500Z,
1209,xrpl,rD4PEwXfBFAk9kZzeS7ciUJ5BGQ2ZPv3te,true,0xae7d130514160a8aa7ae475b548c53bc82445e5c,1784643133543,2026-07-21T14:12:13.543Z,1226386.780741,0,1226386.780741,1114917.073492,0,111469.707249,ok,ok,200,1,2026-08-05T02:40:43.921Z,
1210,xrpl,rpdQHC2wbD4xoYCr1cUSTPe4jaTHcfSMe4,true,0x5cd6a0b35ac566da6b6a734fc1aaf2ebb1b45331,1784728971694,2026-07-22T14:02:51.694Z,1225238.182958,0,1225238.182958,1225238.182958,0,0,ok,ok,200,1,2026-08-05T02:40:44.120Z,
1212,xrpl,r3nZg5xR5NCjMTgREk4fWYB7rrUr9tnmp5,true,0x1a4c1815bb3ad470ad5fed5885f4df4ce32224a1,1785393106592,2026-07-30T06:31:46.592Z,1221093.335,917790.9363,303302.3988,1221093.335,0,0,ok,ok,200,1,2026-08-05T02:40:44.542Z,
1213,xrpl,rGApEc6aUFqLZ34rhzGyXSPj2uxhXuPtX6,true,0xbb50092cb4c9c0a5eba17df975e9ae565339593e,1784648739740,2026-07-21T15:45:39.740Z,1221067.02599,0,1221067.02599,1221067.02599,0,0,ok,ok,200,1,2026-08-05T02:40:44.765Z,
1214,xrpl,rnMCuBjMfswojJVE7e3tazSmUaSaGjH3nM,true,0xe73b48c424817a3ac814ccbf1006e5a18b3b4e59,1785286933480,2026-07-29T01:02:13.480Z,1219860.538318,964264.616233,255595.922085,1219860.538318,0,0,ok,ok,200,1,2026-08-05T02:40:44.992Z,
1215,xrpl,rDCbR2nCJAyMRsws5JWtsFC7aoo8a8ywsN,true,0xb62ed883b9fdd33068ecdeb8827b67c135ab5a82,1784643736723,2026-07-21T14:22:16.723Z,1219774.578,0,1219774.578,1219774.578,0,0,ok,ok,200,1,2026-08-05T02:40:45.181Z,
1216,xrpl,rheUZJeprAyNGX3NYhR5USdpkjeaHJDwi3,true,0xaa10aed921d4b7f2651959b464ffb57fa827bc1d,1785183395389,2026-07-27T20:16:35.389Z,1218929.843710999936,416196.677353999985,802733.166357000009,1103872.996203999966,4669.547971,110387.299536000006,ok,ok,200,1,2026-08-05T02:40:45.383Z,
1217,xrpl,rakufRoZ7LW1XvQYYkMsixtfsdKPdehEyE,true,0xdbda70a024f6aedd359f0b54d73e6249478cac64,1785299971961,2026-07-29T04:39:31.961Z,1217847.782169,0,1217847.782169,1217847.782169,0,0,ok,ok,200,1,2026-08-05T02:40:45.591Z,
1218,xrpl,rspFFgFYiDCPDeaDxS3qynCWeNrVdjo8G1,true,0x6381e0b95671657709e1d49a5ccf9fe53792390a,1784641386514,2026-07-21T13:43:06.514Z,1217669.596678,0,1217669.596678,1217669.596678,0,0,ok,ok,200,1,2026-08-05T02:40:45.793Z,
1219,xrpl,rAFBkZtUQhavvkfLYotFrBeFeBegAHmLg,true,0xff9f4207efd6830695d0f8542b31d266453a96ad,1785381069683,2026-07-30T03:11:09.683Z,1213727.65776600001,112906.50295400001,1100821.155,1213727.65776600001,0,0,ok,ok,200,1,2026-08-05T02:40:46.000Z,
1220,xrpl,rLZh34Mn5vvh4FG75zVW8gTJBx7x7nXVMd,true,0x7e734e7886fca32a7dcf9f2f748f4ba21629608b,1785141532206,2026-07-27T08:38:52.206Z,1213704.682199,515438.589905,698266.092294,1213704.682199,0,0,ok,ok,200,1,2026-08-05T02:40:46.185Z,
1222,xrpl,rM6yGE1c4k7rLUdikYs1YG9FaEh1Sr2uY8,true,0xf6bccdfb74501858e21b26415338e05cc7640ca9,1784647316989,2026-07-21T15:21:56.989Z,1210770.443698,0,1210770.443698,1101474.875384,0,109295.568314,ok,ok,200,1,2026-08-05T02:40:46.602Z,
1223,xrpl,rERLh1SkFPTdDrRMbUJJPjwdoJ4WkW7KNu,true,0xcf8f34fd2dc1d99fb59cdc256230cfafbf8f0cad,1784684425211,2026-07-22T01:40:25.211Z,1209270.871,671320.3059,537950.5651,1099337.15543299996,0,109933.7155,ok,ok,200,1,2026-08-05T02:40:46.800Z,
1227,xrpl,r4SCDGyGgQ8bh3ypytADtTfgni4XQ3Ra2w,true,0xf88f30737d2d575a9fdcf512b52b168717b44987,1784807188222,2026-07-23T11:46:28.222Z,1205952.462,486620.5158,719331.9458,1096320.42,0,109632.042,ok,ok,200,1,2026-08-05T02:40:47.630Z,
1229,xrpl,rHeu1PGvEa8NBv8PQpYQfBRXBBoxiPNDy3,true,0xa1444dcece32705e4b7254d734e3a357b06dd16a,1784647321713,2026-07-21T15:22:01.713Z,1198286.278997,457513.469988,740772.809009,1135055.382457,15417.092667,47813.803873000004,ok,ok,200,1,2026-08-05T02:40:48.046Z,
1230,xrpl,rshcQUwRwkbgV3j69BqVxRxC2nCLFRVpkH,true,0xfffefddf5047b8d387999616693d5b6030b7a618,1784684273860,2026-07-22T01:37:53.860Z,1197762.71554,454723.338486,743039.377054,1088875.19592100004,0,108887.519619,ok,ok,200,1,2026-08-05T02:40:48.239Z,
1234,xrpl,rfhRcWCuj6yj34n8BARaL3xqebCDAqhL6v,true,0xb7fa5b1c7d0d6f0a0479cac6df8978ec19149624,1784915560405,2026-07-24T17:52:40.405Z,1191999.990482999943,0,1191999.990482999943,1191999.990482999943,0,0,ok,ok,200,1,2026-08-05T02:40:49.032Z,
1235,xrpl,r4ZxtrgbCB753fUBnQR7YR9cTajRbMmq56,true,0x9ce16bf4a6bca590a5dad6663a55b105d8193c69,1784659393976,2026-07-21T18:43:13.976Z,1189921.939,0,1189921.939,1034714.7296060001,0,155207.2094,ok,ok,200,1,2026-08-05T02:40:49.232Z,
1236,xrpl,rPh2dJjbj6jxbJi36HuyGvAR5TF777NkYv,true,0x849ffc5547a8b5cc30aeb5aa661fd8cad3138241,1784640406224,2026-07-21T13:26:46.224Z,1188382.835993000005,1132133.555609,56249.280384000005,1034266.278325,56249.280384000005,97867.277284,ok,ok,200,1,2026-08-05T02:40:49.442Z,
1241,xrpl,r3CVYTJfwbHEiKJ4AQmjWorrTi79shsweQ,true,0x27300178f2a1fbf71959bb8083f3b376bd91abd9,1784689868935,2026-07-22T03:11:08.935Z,1177089.99846,0,1177089.99846,980908.332618,0,196181.665842,ok,ok,200,4,2026-08-05T02:41:24.032Z,
1242,xrpl,rh3uWiZvbCmCGFK8F75w8yDv6f8U4qF7gf,true,0xa164839aff75b1311b2e68176bfa7e1f35f18048,1784756200514,2026-07-22T21:36:40.514Z,1175899.628770000068,902384.00569400005,273515.623076000018,1175899.628770000068,0,0,ok,ok,200,4,2026-08-05T02:41:23.418Z,
1243,xrpl,rwcmSwxu6oRV7jASLwLcK7edRmMoEyFWMx,true,0x981755eb0ad24e257aba59f5c35e5c9737e340df,1784637115886,2026-07-21T12:31:55.886Z,1173149.471956999972,0,1173149.471956999972,1079048.605756999925,0,94100.866200000004,ok,ok,200,4,2026-08-05T02:41:23.631Z,
1246,xrpl,rHZgxvAYY6DhB1Vu2YpX5QGFX6hUwm2uJu,true,0x6b0caa6e76914283e35a893b31f5887221e62dc6,1784644563754,2026-07-21T14:36:03.754Z,1169512.088689,669937.435466,499574.653223,1078176.275074,0,91335.813615,ok,ok,200,1,2026-08-05T02:41:24.246Z,
1250,xrpl,rB4f6NEgkYhC2LGZvBpTJSB1usn8gEE7jR,true,0x92e9094eb275a3e8ce7df072ce644532d2f57d91,1784651669772,2026-07-21T16:34:29.772Z,1154782.313,0,1154782.313,1017358.0130459999,35721.81776,101702.4822,ok,ok,200,1,2026-08-05T02:41:25.259Z,
1251,xrpl,rKrppGZRXWfjNbjBZcEHUutnoxZESvUgKv,true,0x3a2582d64f4aaad31b09cf8730a6244bf81a8deb,1784703513090,2026-07-22T06:58:33.090Z,1151392.41326,0,1151392.41326,1151392.41326,0,0,ok,ok,200,1,2026-08-05T02:41:25.477Z,
1252,xrpl,rPaq6895yzRPJThXVVfr5FJiheyS5dfnxw,true,0x1e25f3e4a469259fc473f15ebd18ca7b61c9e2a1,1784881111046,2026-07-24T08:18:31.046Z,1151129.160676000001,1143873.768152,7255.392524000001,6359.7185419999596,1144769.442134000001,0,ok,ok,200,1,2026-08-05T02:41:25.660Z,
1254,xrpl,rakrQ1fSVwWbBtHvyJRKksyea3mZGoo8Cc,true,0x1da5c7da69c63c7787e11d80cb279fc0ec76c197,1784700941359,2026-07-22T06:15:41.359Z,1149593.776723,598798.315919,550795.460804,1057038.99490900004,0,92554.781814,ok,ok,200,1,2026-08-05T02:41:26.072Z,
1256,xrpl,rEAkj72MNxB3qsUswKS7TJznzBDCqQQPQv,true,0x842636fa6a8c5e6484ff2dfab5bbc0fa86b39341,1785240226210,2026-07-28T12:03:46.210Z,1147385.43,0,1147385.43,957754.4231,0,189631.0067,ok,ok,200,1,2026-08-05T02:41:26.464Z,
1259,xrpl,r9GeWXmCi1UFmJBaG44MSV5gJzcx8BLaEk,true,0x4ce93057d8c77e64b9c9bc1fbdaba1b42da3c40e,1784646164605,2026-07-21T15:02:44.605Z,1145045.693,784056.5195,360989.1732,1145045.693,0,0,ok,ok,200,1,2026-08-05T02:41:27.082Z,
1260,xrpl,rUVkTP3SkoRSgVUP4idf1XPVFyZhi5W6T5,true,0xa4c0101bac7381e882b2f99a11e52f3070e50675,1784637305976,2026-07-21T12:35:05.976Z,1144698.479153000051,1144666.185918000061,32.293235,1144698.479153000051,0,0,ok,ok,200,1,2026-08-05T02:41:27.312Z,
1261,xrpl,rKUYWZivW5GRMqTWqNGXrGjDkdCaZRpBnA,true,0xdc8f4f36d87e1f1d57f10655242195b85285aafb,1785155911819,2026-07-27T12:38:31.819Z,1143262.058107,219359.907658,923902.150449,1143262.058107,0,0,ok,ok,200,1,2026-08-05T02:41:27.481Z,
1262,xrpl,rJUQBwiArCq5ExgMiwXqXPuJ9xrh6Zk5CE,true,0x137557f84019f1ec8ff23fac82481b5ce9be210b,1784654799570,2026-07-21T17:26:39.570Z,1141881.864701,0,1141881.864701,1141881.864701,0,0,ok,ok,200,1,2026-08-05T02:41:27.708Z,
1264,xrpl,rsCnQKGPxjZVM5VRHteqFqZR1Lyvw7jmhn,true,0xdcc9c5ae6ca48ba739723910e2a3abcfcae88b8e,1784735368289,2026-07-22T15:49:28.289Z,1139790.650614999933,0,1139790.650614999933,1139790.650614999933,0,0,ok,ok,200,1,2026-08-05T02:41:28.101Z,
1266,xrpl,r49sFYkM35FawTTDaNnMapP5Sq96e4eZXK,true,0xb09fd17e528059b4e066d85144d82fb1db70648e,1785009696525,2026-07-25T20:01:36.525Z,1135929.44154,860626.564476,275302.877064,1135929.44154,0,0,ok,ok,200,1,2026-08-05T02:41:28.502Z,
1267,xrpl,rn5hkfjdWZNp6afNU45qsGZoHMauEPXGLP,true,0xbcbe7b7bf8f6f66acb3638a6578e4f7b13a3ae04,1784989972239,2026-07-25T14:32:52.239Z,1135879.321112,565636.200227,570243.120885,65730.752442000084,1070148.5686699999,0,ok,ok,200,1,2026-08-05T02:41:28.722Z,
1270,xrpl,rP8rUse3E9bhhaBjZ2aXtNs2eKNNhwUXaj,true,0x3d6c8031396d726ae12ac702773490995777847f,1784640946313,2026-07-21T13:35:46.313Z,1131544.048442,0,1131544.048442,1131544.048442,0,0,ok,ok,200,1,2026-08-05T02:41:29.314Z,
1272,xrpl,rBqftFtxd878h7RbwpJqvVUKEf4zC4Smba,true,0x593cc0ec4d20b4875a22be31b759e6a6822d6564,1784660996265,2026-07-21T19:09:56.265Z,1129922.309,0,1129922.309,944069.9882,0,185852.3211,ok,ok,200,1,2026-08-05T02:41:29.719Z,
1275,xrpl,raDVQKw4zmLiCPU2gfjhbWBbNQoDWZvFwA,true,0x599476726620b594e80cdbd5466a8e2beaee4f67,1784638232790,2026-07-21T12:50:32.790Z,1128831.912138,0,1128831.912138,956688.1510769998,87051.142726,85092.618335,ok,ok,200,1,2026-08-05T02:41:30.360Z,
1277,xrpl,rLPpZGCerEPiugC2YhWv2MUptgPWtEp6uH,true,0x2814ed81a226a1becb809b047004162d30f17d7a,1784650851130,2026-07-21T16:20:51.130Z,1123976.161377,0,1123976.161377,1016788.3185999999,5509.010915,101678.83186199999,ok,ok,200,1,2026-08-05T02:41:30.749Z,
1280,xrpl,rDmxaussw5b9maHYXgcqtdCvZceCXeLwW2,true,0xf0f253dc93f67399b18378f831a63118662b0095,1784647419923,2026-07-21T15:23:39.923Z,1115662.995,1115654.717,8.278051,1115662.995,0,0,ok,ok,200,1,2026-08-05T02:41:31.349Z,
1282,xrpl,rQHcRoYYSKX9TACZ4jiud2o1mZyWhttsQz,true,0x8da5e1b4be7beb78e0902cf35a756ba564686996,1784989365834,2026-07-25T14:22:45.834Z,1113616.28669800004,453576.961268000014,660039.325429999968,1113616.28669800004,0,0,ok,ok,200,1,2026-08-05T02:41:31.794Z,
1284,xrpl,rHieYD7pn9UCmzD4vHfBL8VxiNqTmSWzWf,true,0x0790076af2f9660e978094b2d3cfd08cd74bf179,1784689899383,2026-07-22T03:11:39.383Z,1112107.796281,865479.52828,246628.268001,1112107.796281,0,0,ok,ok,200,1,2026-08-05T02:41:32.153Z,
1287,xrpl,rpQgqrvEHGXXBPV5busR3CJeK5E2KE8Wdz,true,0xdc42c2165fe5253f723ab11bdeccd7c1a28def7f,1784643653209,2026-07-21T14:20:53.209Z,1108431.486302000005,0,1108431.486302000005,1108431.486302000005,0,0,ok,ok,200,1,2026-08-05T02:41:32.773Z,
1292,ethereum,0x0faf70639781fca77881d58da80c70ff19cb6056,true,0x0faf70639781fca77881d58da80c70ff19cb6056,1785321048236,2026-07-29T10:30:48.236Z,1100794.62,0,1100794.62,917328.8502,0,183465.77,ok,ok,200,1,2026-08-05T02:41:33.792Z,
1295,xrpl,rBoRCAM56a7zcWNv5tvgikpMN8AJGRYGxH,true,0x9683a18beef2999c34fee2509735a9f288740471,1784640280987,2026-07-21T13:24:40.987Z,1097864.618,0,1097864.618,999836.5083,0,98028.10959,ok,ok,200,1,2026-08-05T02:41:34.411Z,
1297,ethereum,0x83fbf2718cf447d2d1ce6bd2ba3f18f7ad1a2a79,true,0x83fbf2718cf447d2d1ce6bd2ba3f18f7ad1a2a79,1784641465042,2026-07-21T13:44:25.042Z,1095986.315,0,1095986.315,1095986.315,0,0,ok,ok,200,1,2026-08-05T02:41:34.813Z,
1298,xrpl,r9Nj7K5s5VyfaW3H5enZWyXUd1NW4Wwho3,true,0x1e4f48ef1dcfb569e718a72e986269e67eb50548,1785102678836,2026-07-26T21:51:18.836Z,1091737.279,1016912.692,74824.58692,991597.27285700001,980.279164,99159.72726,ok,ok,200,1,2026-08-05T02:41:35.004Z,
1299,xrpl,rBHnbVdsGFXAWrNaXT9eudm2SWUt77FnRH,true,0xae299aa26f42935462c82e8aea5943876ce0a966,1784638598589,2026-07-21T12:56:38.589Z,1091214.446002,489194.687161,602019.758841,1091214.446002,0,0,ok,ok,200,1,2026-08-05T02:41:35.234Z,
1300,xrpl,raYQ1WyzUCfC22AoJM1cA3a8oSsS9KcF4c,true,0x7d3c61ee0f3c33f6878f409131dc4b0fa3b889a5,1784636502142,2026-07-21T12:21:42.142Z,1090980.7020089999,108219.308277,982761.3937319999,1090980.7020089999,0,0,ok,ok,200,1,2026-08-05T02:41:35.419Z,
1301,xrpl,rKQR7JuVc8yt43uCvV758JKuPmcUipTGpr,true,0x5c32e23a654b0aa0fbc95629619020f079a8def8,1785069436377,2026-07-26T12:37:16.377Z,1089473.45398,219675.15667,869798.29731,1089473.45398,0,0,ok,ok,200,1,2026-08-05T02:41:35.634Z,
1302,xrpl,rUJSrYKqDCuuzDnjye8smBBrFDswSY3KBn,true,0x9e692ee846cc9c5e6b80c67177719fe6eacab01a,1784893528372,2026-07-24T11:45:28.372Z,1088902.010145999957,535851.836169000017,553050.173977000057,1088902.010145999957,0,0,ok,ok,200,1,2026-08-05T02:41:35.818Z,
1304,xrpl,rJq1Jwju8R7cpMkauZZxHC8aGSMEqoFodQ,true,0xb6ebb634a2064c7b93cf166750400f71c63e3feb,1784986101704,2026-07-25T13:28:21.704Z,1085797.215358,1085797.201138,0.01422,1085797.215358,0,0,ok,ok,200,1,2026-08-05T02:41:36.257Z,
1305,xrpl,rH5CsVkeMzq5B73b8RCv9zzT8kPvei9JuY,true,0x28b9daeb1c02de0e31e67f39dff96307bb366c33,1784813268000,2026-07-23T13:27:48.000Z,1083319.7526129999,0,1083319.7526129999,576675.3363719998,474960.258138,31684.158103,ok,ok,200,1,2026-08-05T02:41:36.442Z,
1310,xrpl,rJs1UJSgGub2HK6Fa4N3tCYha8ata7At1X,true,0x0e064398de53c0c8d58d63ebfcea4ae6dcc6fba7,1784645385398,2026-07-21T14:49:45.398Z,1072235.461551,0,1072235.461551,882541.4760979998,104439.533533,85254.45192,ok,ok,200,1,2026-08-05T02:41:37.457Z,
1311,xrpl,rDu5t9eWmrFYQN8pzBVrQ1iyhwTLS6rWpb,true,0x0fedd0d354b54fed13b39dc38e281f51178f8b33,1784723682959,2026-07-22T12:34:42.959Z,1071873.245,410229.9908,661643.2546,1071873.245,0,0,ok,ok,200,1,2026-08-05T02:41:37.660Z,
1312,xrpl,rNDarpAyAWGRU9Ro4mJtZy6L2FCwFS45SR,true,0x41ccb4a6ced6fac2b67a838eefb982cdec253b4c,1784652512247,2026-07-21T16:48:32.247Z,1067109.629362999927,0,1067109.629362999927,970099.663271999918,0,97009.966090999995,ok,ok,200,1,2026-08-05T02:41:37.863Z,
1314,xrpl,rEfKoDJVneRJBUxB6gJqmNdSHxTAYC8Lr7,true,0x898e4084ecbc8d8ac8ab164a276d778a4678a5dd,1784687536014,2026-07-22T02:32:16.014Z,1065699.176683,0,1065699.176683,1065699.176683,0,0,ok,ok,200,1,2026-08-05T02:41:38.277Z,
1315,xrpl,r9enejtrZCPEkaxTTW44EEwgi8o3VcgBe3,true,0xbf7b36f84968471c00eddf935363d8e79f7fe187,1784653138957,2026-07-21T16:58:58.957Z,1064840.642606,0,1064840.642606,1064840.642606,0,0,ok,ok,200,1,2026-08-05T02:41:38.446Z,
1316,xrpl,rjq19eLye73ffUcPf1s8XEsuQWDCnLWb9,true,0x9a72deaf6089d0664a7712fd16e26522bbecc7da,1784868011047,2026-07-24T04:40:11.047Z,1059356.759855,0,1059356.759855,1059356.759855,0,0,ok,ok,200,1,2026-08-05T02:41:38.802Z,
1318,xrpl,rhnqyBAuSWDt2eq7vPA5cceTT8K6fii5GG,true,0x63e8ae34afb518e963eba31efb2b99140f7d3961,1784641574602,2026-07-21T13:46:14.602Z,1059024.47263199999,0,1059024.47263199999,887532.182888000039,0,171492.289744000009,ok,ok,200,1,2026-08-05T02:41:39.091Z,
1321,xrpl,r8ooNhHms8pLUMw1vUPDEV6w2JMBHiv8G,true,0x04965341d4b53c14f53335cd8bb7ac0efbcc6de0,1784713739515,2026-07-22T09:48:59.515Z,1055351.45,476537.9248,578813.5252,1055351.45,0,0,ok,ok,200,1,2026-08-05T02:41:39.680Z,
1323,xrpl,rnVk9edATuzynxK3M8aJyZPJw5MCpp3UMy,true,0x35307db26e30fd3679d03f7e02c80dac7e881aba,1784887296950,2026-07-24T10:01:36.950Z,1054773.339373,0,1054773.339373,1048394.7278,6378.611573,0,ok,ok,200,1,2026-08-05T02:41:40.076Z,
1324,xrpl,rngnVZc5Wm4PyhhoG3ryKpbFSG3GAQ43zN,true,0xfbe9d48dc2032277ce16b985c3794f3c3950042c,1784681455668,2026-07-22T00:50:55.668Z,1054060.690467,0,1054060.690467,932055.716492,29226.978611,92777.995364,ok,ok,200,1,2026-08-05T02:41:40.277Z,
1327,xrpl,rfLre6nuJCxTJrkGtefCMBVKYcKpZ2f2gc,true,0x579182ed5a754180f4b1c5ddfe62eab0374778d5,1784809155639,2026-07-23T12:19:15.639Z,1049458.077101,753720.848884,295737.228217,977873.848281,0,71584.22882,ok,ok,200,1,2026-08-05T02:41:40.874Z,
1330,xrpl,rhK8sCELdr4fQfaSHMnEHq4MBP6MiwiR8w,true,0x3c1f4d5fae4e08fd754024fc05ac99f89b38c27b,1784639849340,2026-07-21T13:17:29.340Z,1047018.466365,539964.857533,507053.608832,952319.3115489999,0,94699.154816,ok,ok,200,1,2026-08-05T02:41:41.481Z,
1332,xrpl,rBKkxtcsCaxwxCLiqn9jx2f66jMk9XVY11,true,0x7cc4b7fb80b71f716366fb67a04674d4bbe88887,1785287280746,2026-07-29T01:08:00.746Z,1039638.778,0,1039638.778,1039638.778,0,0,ok,ok,200,1,2026-08-05T02:41:41.872Z,
1333,xrpl,rs12Ji9Km5ECtLFt1nw5bE3MMdSiYnEBow,true,0xd2f4497f5d9f864e4e8de51d22210b65aabb2fea,1785287587119,2026-07-29T01:13:07.119Z,1039634.482709,0,1039634.482709,1039634.482709,0,0,ok,ok,200,1,2026-08-05T02:41:42.076Z,
1334,xrpl,rMeqMPyKr9UVkszdzm2HK4t1AaQ9BGTE9n,true,0x4a0d7caaa78986e22019391135fc3d42c3ea1aca,1785287517916,2026-07-29T01:11:57.916Z,1039634.319558,0,1039634.319558,1039634.319558,0,0,ok,ok,200,1,2026-08-05T02:41:42.311Z,
1335,xrpl,rnzLYvn7Zz6mrATvScAy8xJYCwXtWoR6Nr,true,0xa44444ed86468c5d4839242b169a6d7ee4910535,1785288876029,2026-07-29T01:34:36.029Z,1038939.664843000006,0,1038939.664843000006,1038939.664843000006,0,0,ok,ok,200,1,2026-08-05T02:41:42.510Z,
1336,xrpl,rPinY75rLjEDbGu7sMtzUVWrjYedAwKghh,true,0xd07002695361c940a697ef66be24f81eea2b4618,1785288665515,2026-07-29T01:31:05.515Z,1038935.536548,0,1038935.536548,1038935.536548,0,0,ok,ok,200,1,2026-08-05T02:41:42.702Z,
1337,xrpl,rpq9zQADfpHgDM8W8sUKvv1azBaC33vVdw,true,0xd2bcefb450e1d30596cbedb6cbd2483b2836e858,1785288933199,2026-07-29T01:35:33.199Z,1038935.050921999966,0,1038935.050921999966,1038935.050921999966,0,0,ok,ok,200,1,2026-08-05T02:41:42.905Z,
1340,xrpl,rwxxMXZF7uv3fa7B2vCjH2Muozu1tWTT4o,true,0x07d512722d2005eb8faeec223643d62311078235,1785288301973,2026-07-29T01:25:01.973Z,1036936.608042,0,1036936.608042,1036936.608042,0,0,ok,ok,200,1,2026-08-05T02:41:43.499Z,
1341,xrpl,rwZRbcDugZrrcXThQazqcqceXPBmp5wKeq,true,0x0c4fea900f20a0bffb2ce84de935474fb9a10930,1784868631830,2026-07-24T04:50:31.830Z,1036635.449991,233156.638934,803478.811057,1036635.449991,0,0,ok,ok,200,1,2026-08-05T02:41:43.705Z,
1343,xrpl,ra5xoKPrjt1onxbZfbH9RzahvufVLA9kcu,true,0x2c039bafd937eceaab8a42e60a0799871e35e872,1784645271932,2026-07-21T14:47:51.932Z,1034913.381746,0,1034913.381746,1034913.381746,0,0,ok,ok,200,1,2026-08-05T02:41:44.122Z,
1344,xrpl,rMd9oyhCS2LQSmn3An2j98ZuEBFkN3hjP5,true,0x7d03cc857a91acfdc6802834d5682b0e4c88e69b,1784678261891,2026-07-21T23:57:41.891Z,1034476.004722999991,246776.688850000006,787699.315872999956,997889.356925999979,0,36586.647797000005,ok,ok,200,1,2026-08-05T02:41:44.317Z,
1348,xrpl,r9qP7dXerBknvwfn4PLK2zizHiQ1ghKNbn,true,0x5f39c0defc2e46434cce700dff9c1393f708a1da,1785164253863,2026-07-27T14:57:33.863Z,1031752.147,804150.0501,227602.097,1031752.147,0,0,ok,ok,200,1,2026-08-05T02:41:45.138Z,
1349,xrpl,r92ZVotjqCLbAXARyMuwsk3g2LBm8Gqjgy,true,0x474ee71154ddb8026fa101788a43921d6248a990,1784727087566,2026-07-22T13:31:27.566Z,1031737.532399,0,1031737.532399,937943.211286,0,93794.321113,ok,ok,200,1,2026-08-05T02:41:45.319Z,
1351,xrpl,rNyMVAD5eXtdxZ8dNfaZJqkL33jQK8DwHW,true,0x2df7ead92628eec8b5f2e7cb36e3bd7e4ee3fb1e,1784657263125,2026-07-21T18:07:43.125Z,1027583.659221,0,1027583.659221,1027583.659221,0,0,ok,ok,200,1,2026-08-05T02:41:45.745Z,
1353,xrpl,r3wM2Q6s3awGvxL13NUxFXLPmNd8FfoCjg,true,0x5a9e91b826be005b2613441de1f2d9cfcd8b1fad,1784642438311,2026-07-21T14:00:38.311Z,1026500.405,0,1026500.405,1026500.405,0,0,ok,ok,200,1,2026-08-05T02:41:46.142Z,
1354,xrpl,rwG5ZyVSogeV2E1QEMybSwTKfdL1t1agf9,true,0xd1380eb946e6242324a1a242b253975b7497a795,1784711421275,2026-07-22T09:10:21.275Z,1023580.868799,802252.037025,221328.831774,1023580.868799,0,0,ok,ok,200,1,2026-08-05T02:41:46.336Z,
1365,xrpl,rhiXb1FYbhg5jcYwWrRDinBPfFeUzkepN7,true,0x3cfd1953b34f02e4f0b6ce57c5d4f644fc9afb3e,1784945912230,2026-07-25T02:18:32.230Z,1014937.373064,0,1014937.373064,910775.885141,13083.8994,91077.588523,ok,ok,200,4,2026-08-05T02:42:21.216Z,
1366,xrpl,rh4ZbCJRZU4yfDbq9qxJMpw5sZH5CC7Kzh,true,0xcd3e772134609d30d0e5ddcdafcec891133c9fef,1784809883405,2026-07-23T12:31:23.405Z,1013390.38607,0,1013390.38607,921263.98734,0,92126.39873,ok,ok,200,4,2026-08-05T02:42:21.641Z,
1369,xrpl,rf8H73aEmUbjniPwSwKdzdG4ZGKyxTGcDi,true,0x7203708ec6e3c093a600ddba00b5c660fe83869d,1784713861134,2026-07-22T09:51:01.134Z,1008404.590467999922,448282.653915999981,560121.936551999999,1008404.590467999922,0,0,ok,ok,200,1,2026-08-05T02:42:21.437Z,
1371,xrpl,r9LC4TqwMvgfzMuf8b3WCFRbZuXSpfVWVU,true,0x201955545784e998ef5b54b5fc576281070f9c0c,1784680450150,2026-07-22T00:34:10.150Z,1005357.898,320828.9129,684528.9852,1005357.898,0,0,ok,ok,200,1,2026-08-05T02:42:22.071Z,
1372,xrpl,rHJk8XKbdhVMNe3zuwZ2dcSzjSk3q5swht,true,0xa09702df4754ed369ef4c003da4582c25a29fd19,1784708221715,2026-07-22T08:17:01.715Z,1003185.7958119999,0,1003185.7958119999,529229.8824249998,421032.925141,52922.988246,ok,ok,200,1,2026-08-05T02:42:22.472Z,
1374,xrpl,r28JqXiru9WBq44v9t79WVUXqVnqQvGdq,true,0xffd82882b383442bbdde61153cca84f5ab4041c2,1784648284562,2026-07-21T15:38:04.562Z,1001668.778,0,1001668.778,1001668.778,0,0,ok,ok,200,1,2026-08-05T02:42:23.083Z,
1375,xrpl,rsjinAMCanorc1STA1WZchUKyrUkXWKjhN,true,0x60f73227877e55309374a159f364983de1e5319d,1784997393870,2026-07-25T16:36:33.870Z,1001220.659709000029,773625.147491000011,227595.512217999989,938183.175188000081,0,63037.484521000006,ok,ok,200,1,2026-08-05T02:42:23.300Z,
1377,xrpl,rL7R9QQAzBgmdVHV5bkUamoqdeXFzdHUri,true,0xf25bf83de623ef3ebe6a9f561f83d7eeacfef200,1784639070352,2026-07-21T13:04:30.352Z,992109.281948,181078.864499,811030.417449,902905.5572909999,0,89203.724657,ok,ok,200,1,2026-08-05T02:42:23.786Z,
1378,xrpl,rsK5uMcqeHbXruVffokELS4FVbtRzmr8eJ,true,0xd27822b07095a533870bb35702100156a9576e56,1784709784355,2026-07-22T08:43:04.355Z,991824.518304,0,991824.518304,991824.518304,0,0,ok,ok,200,1,2026-08-05T02:42:24.071Z,
1384,xrpl,rsXD7hQwum4uRdiGTvJgjKgDFUXoHcrwyr,true,0x2748e17c35f009cc465f07d8e4ba2b6e02dc729b,1784725975070,2026-07-22T13:12:55.070Z,984305.747568,444105.920047,540199.827521,984305.747568,0,0,ok,ok,200,1,2026-08-05T02:42:25.102Z,
1385,xrpl,rPYGjvGDiN2KdMojcEcjB62bxNbrgNxg5V,true,0x974df63d564113382481148f4040eb893e90a892,1784640122263,2026-07-21T13:22:02.263Z,981567.102472,714128.892348,267438.210124,896301.156768,0,85265.945704,ok,ok,200,1,2026-08-05T02:42:25.307Z,
1386,xrpl,rM5eedTj3otTxo9xsTbpRJBb1wtCmNF7Wb,true,0xee46b939e026cbe2916ad27fb90b88b0e5f8dfd9,1785284468815,2026-07-29T00:21:08.815Z,979042.085983,0,979042.085983,979042.085983,0,0,ok,ok,200,1,2026-08-05T02:42:25.506Z,
1389,xrpl,r91xYBZ8qT5KuMc7Dx6ub8861NaBAbf5cy,true,0xcd0f704618d7fe9738a0037f3120469d85d6e68f,1785257621475,2026-07-28T16:53:41.475Z,976021.084216,0,976021.084216,976021.084216,0,0,ok,ok,200,1,2026-08-05T02:42:26.123Z,
1391,xrpl,rHVXHuVU4vVa9FA2g51Qh2pECio2KQxYbi,true,0x94b3c9e1265e23178a476f919509a5c2d87e2e93,1785329002192,2026-07-29T12:43:22.192Z,973581.904849,632178.964951,341402.939898,973581.904849,0,0,ok,ok,200,1,2026-08-05T02:42:26.538Z,
1392,xrpl,rJ52qfv4uFvZXa16Do1AApZ5sXBcy9PzeE,true,0x5ea76796d5946070b1afe9ef451e37d835d0ade6,1784659135534,2026-07-21T18:38:55.534Z,971533.476506,0,971533.476506,809611.230476,0,161922.24603,ok,ok,200,1,2026-08-05T02:42:26.745Z,
1393,xrpl,rMJE96FfGf55JsDZRkSTtwzWq9Aw57QKBB,true,0x491a44bc3ea9ce3e6be77d88e878539b5cc97472,1784728661862,2026-07-22T13:57:41.862Z,970152.493966,0,970152.493966,970152.493966,0,0,ok,ok,200,1,2026-08-05T02:42:26.938Z,
1395,xrpl,rPZDfCBX6qFsC35opTEsD3s5AiuinxGvtW,true,0x447298f82528ea88e7acc0c98a2e50d6b579036d,1784783064453,2026-07-23T05:04:24.453Z,969945.506586,0,969945.506586,884395.46887,0,85550.037716,ok,ok,200,1,2026-08-05T02:42:27.339Z,
1396,xrpl,rHpLQQJAFaCVtm4tjuwSohbKXNQvm8iTm1,true,0xff6caa9e8439d37e5a3c6a5667ae509650b8eced,1784680063744,2026-07-22T00:27:43.744Z,967718.973183,305748.247218,661970.725965,967718.973183,0,0,ok,ok,200,1,2026-08-05T02:42:27.549Z,
1398,xrpl,rGFnhxps665Czbvubvo6pehq7Htw1pNPxn,true,0x175fc71c2abef55efccb55f89aee051330f1be67,1784646389932,2026-07-21T15:06:29.932Z,966170.741732,0,966170.741732,844625.163596,42295.012107,79250.566029,ok,ok,200,1,2026-08-05T02:42:27.953Z,
1400,xrpl,rfcykin8prAsj579d9zPRZFJM6YZ5njVe7,true,0x5d376323326fb39c1f8724766c859b6c3e8d78e3,1784645800568,2026-07-21T14:56:40.568Z,963135.976848,204795.634357,758340.342491,875168.7609609999,43513.7127,44453.503187,ok,ok,200,1,2026-08-05T02:42:28.351Z,
1401,xrpl,rE7UGPsgmDr94zS2c2ijXxRswn9SSkfJ5n,true,0xbf753881efa1e3ebe6aa910e4f131703474603cc,1784722504482,2026-07-22T12:15:04.482Z,962026.7248,0,962026.7248,962026.7248,0,0,ok,ok,200,1,2026-08-05T02:42:28.545Z,
1403,xrpl,rM31LF2sqKW3gsAbPRdBE8YLZxzyajqoa,true,0xaf0ff46e5779128088666a86bdac259f0ccb476a,1784641602426,2026-07-21T13:46:42.426Z,959501.697944000014,0,959501.697944000014,530486.354285000009,429015.343659000006,0,ok,ok,200,1,2026-08-05T02:42:28.959Z,
1404,xrpl,rNNRioyCfRvVD2XxZ6FmzFMvMz4Ws4J47A,true,0x30fdf01b0fc4ee1089077726a1846955c07a1af4,1784644405463,2026-07-21T14:33:25.463Z,957993.43684,0,957993.43684,799911.121158,0,158082.315682,ok,ok,200,1,2026-08-05T02:42:29.161Z,
1407,xrpl,r3Lo7VyATf1sHSBEZUXidSF6tST8iBp25j,true,0xa795e2226528c9e49cbe72ee1646998f29922684,1784822983902,2026-07-23T16:09:43.902Z,956976.494229,20595.691127,936380.803102,956976.494229,0,0,ok,ok,200,1,2026-08-05T02:42:29.995Z,
1409,xrpl,rwSDNci21xY7xfWky9heGWoM3SWSmBXYg3,true,0x96095d01d40b4f8c6e33a7d4f888cc2d320537cc,1784701641423,2026-07-22T06:27:21.423Z,956080.460661999998,128340.435459999993,827740.025202000048,831374.313626999967,0,124706.147035000002,ok,ok,200,1,2026-08-05T02:42:30.308Z,
1410,xrpl,r9KoWiyuJ6XTKCWxbqR6kXSeRY5J9HYoZ9,true,0x47a7d67cfcd6153bdf2d5d83345a42a52e07ea62,1785219503028,2026-07-28T06:18:23.028Z,954904.9451,749686.0199,205218.9252,954904.9451,0,0,ok,ok,200,1,2026-08-05T02:42:30.384Z,
1413,xrpl,rNp7LDxsTBpYrHxGEyELpCDak3mCP8FCQ3,true,0xa4dd8b54c4708b90ada031fbfb4a51907c7c9b2e,1785241634212,2026-07-28T12:27:14.212Z,953626.671044,599322.882722,354303.788322,871012.860907,0,82613.810137,ok,ok,200,1,2026-08-05T02:42:31.001Z,
1415,xrpl,rMqSVm5hKxdHH1RfoJoQRVTq2rixieLsza,true,0x97ebbb2e3dff4292e060358af71e3b72d422074f,1784700565609,2026-07-22T06:09:25.609Z,952239.47893,246744.342637,705495.136293,952239.47893,0,0,ok,ok,200,1,2026-08-05T02:42:31.395Z,
1416,xrpl,rNxztgzTRFx7iXeNcwJaq9u6zQha4QbLqk,true,0xfe27862d021baf000849c01ce976ceeb5fcc8756,1785235368604,2026-07-28T10:42:48.604Z,950629.616656,0,950629.616656,950629.616656,0,0,ok,ok,200,1,2026-08-05T02:42:31.623Z,
1417,xrpl,rNzvJ12fQZXZ12ZvnNLrSuFpbJbE35NMZM,true,0x26e3c4076432b71ed407a1da421db2216d76fbe2,1784638598707,2026-07-21T12:56:38.707Z,949889.094896,877961.013746,71928.08115,197207.23616999996,726323.21155,26358.647176000003,ok,ok,200,1,2026-08-05T02:42:31.803Z,
1419,xrpl,r9Vr5Kp5n54EZ6wC728Qb9SAb4mJRrPkfN,true,0xe59ed0f36a0b05d5dd4d33c1eedbea53c9570cdd,1785349185543,2026-07-29T18:19:45.543Z,946891.104611,0,946891.104611,946891.104611,0,0,ok,ok,200,1,2026-08-05T02:42:32.198Z,
1421,xrpl,r4F8beWnDuMi8NF55MqEf3jHEtz2AgVpY6,true,0x9ebd931fc653f0725051157a1b8dc2152e09a029,1785054054380,2026-07-26T08:20:54.380Z,944609.7973,762955.5143,181654.2831,374794.64206799997,532335.6911,37479.4642,ok,ok,200,1,2026-08-05T02:42:32.619Z,
1422,xrpl,rs3Nb1MdNsgmrKfYUzwnvC19MS3hqdjDyF,true,0x8db442db6279e7dc58dccef4e0bdd5fde70c8878,1784646667778,2026-07-21T15:11:07.778Z,944161.594099999988,0,944161.594099999988,790919.77396999998,0,153241.820130000007,ok,ok,200,1,2026-08-05T02:42:32.814Z,
1424,xrpl,rLwe9TqSs3zVvLydgTr7dHVmUKUf63eXKH,true,0x2bf4a1f48c3d74ef9561bf046b12d6e02340a942,1784664197446,2026-07-21T20:03:17.446Z,942875.107712,0,942875.107712,942875.107712,0,0,ok,ok,200,1,2026-08-05T02:42:33.228Z,
1425,xrpl,rG2DWPocpQJQcfDCDLaTmx2oa7rUbvcAPT,true,0x4603edc7fb4588a0098e0a06c133705dae859bf2,1784647794553,2026-07-21T15:29:54.553Z,942124.174757,0,942124.174757,785103.4789359999,0,157020.695821,ok,ok,200,1,2026-08-05T02:42:33.443Z,
1426,xrpl,r3AiKAxFG6c9nHstSDdeXpVvGeKc8gN8ST,true,0xa25ffd834ef465dc1a47b3a0b39d03697316f599,1784735388639,2026-07-22T15:49:48.639Z,941913.3485,0,941913.3485,941913.3485,0,0,ok,ok,200,1,2026-08-05T02:42:33.640Z,
1427,xrpl,r9ApVu6N2keGN9vtpNPmKVdsSY9XZ2Yop3,true,0xb40b1f593916f517b021d5909bd0c22cbc7400be,1784765721149,2026-07-23T00:15:21.149Z,941830.4927,0,941830.4927,941830.4927,0,0,ok,ok,200,1,2026-08-05T02:42:33.860Z,
1428,xrpl,rsNU3pbLPpnLnVJPTWjbEoaBrXaPZEE3AM,true,0x8369e5819925cecac924083f535bc19bcb5c403e,1785286746506,2026-07-29T00:59:06.506Z,940973.200304,0,940973.200304,940973.200304,0,0,ok,ok,200,1,2026-08-05T02:42:34.058Z,
1429,xrpl,rPXwtSifJq4rz2PEUjxfRSBp9hEZLepfgu,true,0x93228062363c450513ea34827e08062de1a309ad,1785286913764,2026-07-29T01:01:53.764Z,938974.717574,0,938974.717574,938974.717574,0,0,ok,ok,200,1,2026-08-05T02:42:34.251Z,
1430,xrpl,rJ5fXaTUeuBjLRrbbDVg3Fn7cnc6d1p6au,true,0x1556c9987ae0137571ac0826222feecb54860236,1784805078964,2026-07-23T11:11:18.964Z,937147.241942,617230.472967,319916.768975,546263.48819900001291558,390883.753743,0,ok,ok,200,1,2026-08-05T02:42:34.469Z,
1432,xrpl,rUZe2ckRdaJ3kZU6qaaxoPTojjrRBRSQZV,true,0xc10520a684a170f4b722db7873312d2ade7d988a,1784703363335,2026-07-22T06:56:03.335Z,935348.571211,459037.466315,476311.104896,935348.571211,0,0,ok,ok,200,1,2026-08-05T02:42:34.845Z,
1434,xrpl,rUQEwWMn2Eo1WNix6Mg1oYPo51tCbYmEQs,true,0x8c2fd102016abafe668d7dc54e5d7ff15ed6367f,1785365847532,2026-07-29T22:57:27.532Z,934205.474432,604276.484023,329928.990409,934205.474432,0,0,ok,ok,200,1,2026-08-05T02:42:35.284Z,
1435,xrpl,rnTQhqKKJuKnSWdmuEmnRhTLDaBtCxFfzc,true,0xbd89334994623546dc3c7006741ef5090ba68d77,1784662833413,2026-07-21T19:40:33.413Z,932523.206341,730110.285236,202412.921105,932523.206341,0,0,ok,ok,200,1,2026-08-05T02:42:35.478Z,
1436,xrpl,rhz5P5XVLhgB1MQm5TFrqQxfUneScShXV6,true,0x8bd670f33a9f17da1d72d6e2bf76c472458054d6,1784673836113,2026-07-21T22:43:56.113Z,932270.665553,0,932270.665553,930909.7105630001,0,1360.95499,ok,ok,200,1,2026-08-05T02:42:35.673Z,
1438,xrpl,rDn4ynYvsaDL33tzXqaxapiRGuuZVbwqUH,true,0x9e140cd870b19f82b7f36184ce6b7399ff67c848,1784645434926,2026-07-21T14:50:34.926Z,931153.8185,0,931153.8185,931153.8185,0,0,ok,ok,200,1,2026-08-05T02:42:36.074Z,
1439,xrpl,r3HWQfxgi7ryDrBxij3uMMDVGnRUhqorhJ,true,0xa266bc6687c94a36e10b9d5a65c70d1419920891,1784981309301,2026-07-25T12:08:29.301Z,931062.1605,683833.0098,247229.1507,931062.1605,0,0,ok,ok,200,1,2026-08-05T02:42:36.286Z,
1440,xrpl,rHPHRsgovCgpg8vCzrHCfCpt2JUsf47WGV,true,0x974aa2d06d95df69a9d365a90268cb39ddb67e39,1784694633463,2026-07-22T04:30:33.463Z,930374.658075,0,930374.658075,930374.658075,0,0,ok,ok,200,1,2026-08-05T02:42:36.493Z,
1443,xrpl,rUxotBtLskmM9HMcY5t7uwduXSiLGGP7WC,true,0xf7d85f073abbd0b1c557ea47ab51461de49f99e6,1784637854867,2026-07-21T12:44:14.867Z,924551.868148999987,0,924551.868148999987,924551.868148999987,0,0,ok,ok,200,1,2026-08-05T02:42:37.077Z,
1446,xrpl,rMujATsnHMiwxEtDtE8ULfq3uVt5F6M3GZ,true,0x78eb593cc4d8f63933f0d0f70b318defbc3ac706,1784911706592,2026-07-24T16:48:26.592Z,921505.851635,0,921505.851635,837732.592407,0,83773.259228,ok,ok,200,1,2026-08-05T02:42:37.700Z,
1447,xrpl,r94poSsEYLdj1E8XVcE6SWgMzNAeBf2AG,true,0x80cdf3c1d21c6c011ee9bdd710451a9b85a64d80,1785170803837,2026-07-27T16:46:43.837Z,921464.8984,0,921464.8984,801473.4310590001,0,119991.4673,ok,ok,200,1,2026-08-05T02:42:37.884Z,
1448,xrpl,rHJMcCQegA8LWQgVxQaBAMBZJhrxpf97Yb,true,0xf9902db8c5b5ffd69853c9d7ef78265f55e59dfd,1784936920211,2026-07-24T23:48:40.211Z,916805.011385,562797.332091,354007.679294,916805.011385,0,0,ok,ok,200,1,2026-08-05T02:42:38.100Z,
1449,xrpl,r3Lm4dXkBjfHKTFC69any8sMV2arZWh9n9,true,0x841ab19296b47a71c748bcace524f94225baf1f8,1784638535817,2026-07-21T12:55:35.817Z,916786.901048,0,916786.901048,831641.876654,10081.457674,75063.56672,ok,ok,200,1,2026-08-05T02:42:38.322Z,
1451,xrpl,rUVgtnsGfeanQ6axa73MjZHYmZA6xYfqmv,true,0xdb17ef57deb82777b77e487e55d3b0843da9303b,1784645798003,2026-07-21T14:56:38.003Z,914838.046269000042,0,914838.046269000042,877473.687693000073,37364.358575999999,0,ok,ok,200,1,2026-08-05T02:42:38.709Z,
1452,xrpl,rEvwi7tA7VPcJcKsFbEryCESTGALFKYjDo,true,0xaaaa6bc3ae771346a4bf914b53440219dbb0f6b5,1784642080347,2026-07-21T13:54:40.347Z,909021.557493,0,909021.557493,909021.557493,0,0,ok,ok,200,1,2026-08-05T02:42:38.913Z,
1453,xrpl,rfWoiN5QCCka4j5pPErvsee4tuUtky24ai,true,0xa5b9805066f5638f00114906f33c4be07d5ab9f2,1784638981749,2026-07-21T13:03:01.749Z,907195.019797,0,907195.019797,238628.440012,648809.423998,19757.155787,ok,ok,200,1,2026-08-05T02:42:39.109Z,
1454,xrpl,rBr6vaTM3ekZ6AWYkfnrRnL1xAD8VpQttD,true,0x8a76ee45582af8fbf808f0b18fad2a741e40feec,1785332128045,2026-07-29T13:35:28.045Z,905267.6026,586892.5461,318375.0565,905267.6026,0,0,ok,ok,200,1,2026-08-05T02:42:39.309Z,
1455,xrpl,rDwaUTqv9DWgGukrhhTQiusJJAyWw6cCzU,true,0xda137a0f59767e7d534f60585ddf2f2fb22f34b6,1784771867465,2026-07-23T01:57:47.465Z,903681.2058,0,903681.2058,903681.2058,0,0,ok,ok,200,1,2026-08-05T02:42:39.515Z,
1458,ethereum,0x5798f534e39907dcff65cb5409c58782e0934783,true,0x5798f534e39907dcff65cb5409c58782e0934783,1784641751110,2026-07-21T13:49:11.110Z,902835.2944,0,902835.2944,807595.5731,0,95239.72136,ok,ok,200,1,2026-08-05T02:42:40.140Z,
1459,xrpl,rEJpnHRGUFpW8gu4CMY9zJ89AYj1noNkEW,true,0x752d6deccd2953c9fa7ed3232512c679ba796f55,1784645676167,2026-07-21T14:54:36.167Z,902192.7758,587750.9041,314441.8717,902192.7758,0,0,ok,ok,200,1,2026-08-05T02:42:40.343Z,
1461,xrpl,rfFPKYHGd3W1RKYLwcp1RbzJ6pMk3w3Mfr,true,0x6fded3473cefa58ff4b791ba55888fa0c160d349,1784640969552,2026-07-21T13:36:09.552Z,900056.116545,0,900056.116545,750579.848403,0,149476.268142,ok,ok,200,1,2026-08-05T02:42:40.737Z,
1463,xrpl,r3pJBUHRmSvD1VEtL4RV3c3fhMABVSjCgb,true,0xe412530d190508bf5b35a3e88bbfd281b8ecfe48,1784647329820,2026-07-21T15:22:09.820Z,899305.705032,0,899305.705032,899305.705032,0,0,ok,ok,200,1,2026-08-05T02:42:41.157Z,
1464,xrpl,rsAkTHYRAz5FoUygz1R647A14kceF1KbVn,true,0xac8a2e36dbcee0bf4e62af2e5d542eb3eaa49e30,1785284323329,2026-07-29T00:18:43.329Z,896543.021235,0,896543.021235,896543.021235,0,0,ok,ok,200,1,2026-08-05T02:42:41.379Z,
1465,xrpl,rniY77LXesvkkhPw4TEfTqYeM44cmoP3XG,true,0xee1a1aecb40f486fd1a5106fc8dd96aa59cbd5ea,1785284129629,2026-07-29T00:15:29.629Z,896538.538854,0,896538.538854,896538.538854,0,0,ok,ok,200,1,2026-08-05T02:42:41.535Z,
1466,xrpl,r4uppdh7v1EnpqZxR4p8Lq8ForpP5MXc67,true,0x67ca67bbd7a95712389eec9be33f3e6060c1e1f9,1784637817938,2026-07-21T12:43:37.938Z,894298.4364,401767.6811,492530.7553,863260.89594299996,0,31037.54044,ok,ok,200,1,2026-08-05T02:42:41.745Z,
1468,xrpl,rpWLhwqmCWSXA8AEwrv2juofsxs5gevEYm,true,0xba1e6ee4bb42a0433980ddb03e4280e70bfa1f44,1785331955342,2026-07-29T13:32:35.342Z,893658.261793,893438.85874,219.403053,893658.261793,0,0,ok,ok,200,1,2026-08-05T02:42:42.162Z,
1469,xrpl,rGHDBRkAf25pdJKQPdyQzN44S8FWAMXBJX,true,0xea70a311c5d602962a921d7a9d6bbfb0fb0520d7,1784991224549,2026-07-25T14:53:44.549Z,893154.89644400008,165908.41239399998,727246.4840500001,811958.9967680001,0,81195.899675999999,ok,ok,200,1,2026-08-05T02:42:42.356Z,
1470,xrpl,rwaRuKPTtgXfQJLbj8TM7pv4ktwef3s2ug,true,0x042bbcbf6d150b12e6d7406f28126e2e9288bba4,1785032135788,2026-07-26T02:15:35.788Z,890537.221029000008,428887.905929,461649.315100000007,890537.221029000008,0,0,ok,ok,200,1,2026-08-05T02:42:42.549Z,
1471,xrpl,rpCCPqPDpjD7Ziv3eJtTBbquzhgcwGAdDY,true,0xc6542be6bb833494a012ab59a8cb272cdc788dae,1784792441607,2026-07-23T07:40:41.607Z,888853.281482,0,888853.281482,773721.765485,0,115131.515997,ok,ok,200,1,2026-08-05T02:42:42.755Z,
1473,xrpl,rGTM7VMvAGLozjXa57VqG9MxAUGLTHWN57,true,0x9b53da52267866a045837b3d666f8c62164ef01b,1784673177972,2026-07-21T22:32:57.972Z,887045.78203800004,469734.90356400004,417310.878474,804128.53037700011,2504.3986569999997,80412.853004,ok,ok,200,1,2026-08-05T02:42:43.162Z,
1474,xrpl,rJwx3XhBuewi2TsKtYH2PK5mpebJ54VfXs,true,0x063bdb47392ccfb9f02db1afcd735cf030d0983e,1784929190102,2026-07-24T21:39:50.102Z,886889.13836,3074.234341,883814.904019,814454.765604,11102.674122,61331.698634,ok,ok,200,1,2026-08-05T02:42:43.383Z,
1476,xrpl,rvxeMaB329zcjVvX7GvJpXCnkRZaXFEdL,true,0x8a7ebd1b80130729c4ba8698893bd00c144629f4,1784642906050,2026-07-21T14:08:26.050Z,882625.984864,0,882625.984864,882625.984864,0,0,ok,ok,200,1,2026-08-05T02:42:43.782Z,
1477,xrpl,rnKcuvu33b9PwMGMtPZxoeq3hPqNe3VfFV,true,0x62de98589406d6f2c25021df58f982f0e17b2f4d,1784750674447,2026-07-22T20:04:34.447Z,882561.908402,222034.399706,660527.508696,882561.908402,0,0,ok,ok,200,1,2026-08-05T02:42:43.981Z,
1481,xrpl,rJAvD9tfMXLiMiNrPZmChp5VNJJRTYRf24,true,0xa84ec6c9425db7c07951e6e0582ebaee070ae71b,1784652686450,2026-07-21T16:51:26.450Z,878568.559326,0,878568.559326,878568.559326,0,0,ok,ok,200,1,2026-08-05T02:42:44.778Z,
1482,xrpl,r3kG78oSb6WKVMrb9BfxuBEBkf8ng1Y2Ly,true,0xae057f2e3ed70ad4add00f6d67e76f3a6fae41ef,1784686975933,2026-07-22T02:22:55.933Z,877532.8173,877373.1168,159.700509,877532.8173,0,0,ok,ok,200,1,2026-08-05T02:42:44.981Z,
1489,xrpl,rH7TwVrCKGbCxBH4yFhJVYrsw7WeaKwaJE,true,0x9873fe6ed7e7a199cf998127896ec01647c75769,1784636961463,2026-07-21T12:29:21.463Z,872250.182768,0,872250.182768,738899.5122540001,66722.429748,66628.240766,ok,ok,200,5,2026-08-05T02:43:25.778Z,
1491,xrpl,rhqEhqusstLsv4XvCLrdgxX9CTge3xZJq1,true,0x1b61a609075a7fddf3cc26cc9f59c472de3d5594,1784668837748,2026-07-21T21:20:37.748Z,872036.816585,467479.054551,404557.762034,844035.71033100003,3399.654466,24601.451788,ok,ok,200,5,2026-08-05T02:43:26.823Z,
1492,xrpl,rJEWwpdWne83A7Sp9tXGNNpt6MDn2LVhjR,true,0x35d3ab4ab8522c13e06973be7cdcf5b92fcd4bbf,1784966702963,2026-07-25T08:05:02.963Z,872020.484907,640919.019539,231101.465368,872020.484907,0,0,ok,ok,200,5,2026-08-05T02:43:27.028Z,
1494,xrpl,rUfYRcR3XJYEyPfXUpsNUhUqLoHLjWHesg,true,0x38c5bded4b7708d21dd6b777c63e6626cba403b5,1784642239629,2026-07-21T13:57:19.629Z,871013.768136,0,871013.768136,64388.694627,801622.131257,5002.942252,ok,ok,200,1,2026-08-05T02:43:26.193Z,
1497,xrpl,rNP7yQusjrmUEbjcgiPoHqLhSF2G74egH3,true,0xb99d0960c0b1740e625bf366a94cb5dfaafe9068,1784697182672,2026-07-22T05:13:02.672Z,869303.459328,0,869303.459328,793864.515554,2493.932311,72945.011463,ok,ok,200,1,2026-08-05T02:43:27.428Z,
1498,xrpl,rHorjWuWBkYAMPMDNSNFjc1mqycFWcS9Ev,true,0x109f713558f5c6453638c27c704351564f85eba1,1784676795366,2026-07-21T23:33:15.366Z,864945.86436,235267.84037,629678.02399,752126.83852,0,112819.02584,ok,ok,200,1,2026-08-05T02:43:27.631Z,
1502,xrpl,rDAFakVFuZW8CMRbuYpisjMhpPnUxoGgEG,true,0x8cb1f03e6979d031e0219c3ee1067293c8795ebb,1784639937958,2026-07-21T13:18:57.958Z,859500.8609,0,859500.8609,859500.8609,0,0,ok,ok,200,1,2026-08-05T02:43:28.459Z,
1503,xrpl,rJtbidA8kLJa8SmwbbZfUCckH8akQnq6U8,true,0xf24f43d58d79fd48b0bab17b16146d76a6666592,1784641009608,2026-07-21T13:36:49.608Z,859233.241695,0,859233.241695,529528.250358,281568.904487,48136.08685,ok,ok,200,1,2026-08-05T02:43:28.672Z,
1505,xrpl,rLNqxx7Moq3BkqJkthVeEFXsFqFaJAbQLr,true,0xca2618726883df2112b6a5bc14ac27a4efbd469b,1785036567246,2026-07-26T03:29:27.246Z,857639.76847,0,857639.76847,857639.76847,0,0,ok,ok,200,1,2026-08-05T02:43:29.062Z,
1506,xrpl,raybYv7WVrqU9A49khFf5HnNatXeewPYVR,true,0x6f6e3ff395f404d067c56bf4604146325f5f5a0c,1784671062252,2026-07-21T21:57:42.252Z,856596.259701,106814.345967,749781.913734,856596.259701,0,0,ok,ok,200,1,2026-08-05T02:43:29.268Z,
1507,xrpl,rP6YpgdPbksbyAyaTFDTVoKkcD3yhL3uzL,true,0x6a034fc9b6044e02bc39eebce73160fd7811359d,1784687643642,2026-07-22T02:34:03.642Z,856154.604024,0,856154.604024,856154.604024,0,0,ok,ok,200,1,2026-08-05T02:43:29.461Z,
1508,xrpl,rJjcAtRLPqNSFBem7oWgiTMLcvikfVEqy5,true,0xef3f9dbee239439225f55fffc40e725e69631174,1784896200494,2026-07-24T12:30:00.494Z,855792.441965,0,855792.441965,855792.441965,0,0,ok,ok,200,1,2026-08-05T02:43:29.668Z,
1510,xrpl,rJm2zzZiNNjySzLkaqWPi6865Ef5Xgi7pb,true,0x5ba15f201762ff8f2f930a3e5af3ad9c51c91677,1784785439043,2026-07-23T05:43:59.043Z,854517.386392,723123.177094,131394.209298,353630.9280599999948,474163.278877,26723.179455,ok,ok,200,1,2026-08-05T02:43:30.068Z,
1514,xrpl,rsZJhAKsxHW4boufggdHgqdoo8ohvDjsTr,true,0x208943c711abf2a1e81b42194be4df8c47f9d583,1784648566701,2026-07-21T15:42:46.701Z,848258.562331,0,848258.562331,848258.562331,0,0,ok,ok,200,1,2026-08-05T02:43:30.870Z,
1517,xrpl,rPhJrUN2vFMLPgHUo2TTqKKXxHoZPjb6Kf,true,0xd30303d91dbeaeaf15b08ef265195b19280f7312,1784666286085,2026-07-21T20:38:06.085Z,846650.3428649999,0,846650.3428649999,846650.3428649999,0,0,ok,ok,200,1,2026-08-05T02:43:31.468Z,
1518,xrpl,rMHZfqb5vBa8oVDa8ocF9XDUELXB2VxB27,true,0x0d6f6bd5217aaad3be43f20f12a23cf12d84294c,1784936047097,2026-07-24T23:34:07.097Z,846234.138741,272477.838882,573756.299859,846234.138741,0,0,ok,ok,200,1,2026-08-05T02:43:31.675Z,
1522,xrpl,r3Qjr6StLDwKJuWMcCCKbrGeQzv9PZN9zX,true,0x60c0fb9fe055f106cc91224866b604a28f4852c2,1784639442838,2026-07-21T13:10:42.838Z,843860.9249,576591.3145,267269.6104,843860.9249,0,0,ok,ok,200,1,2026-08-05T02:43:32.516Z,
1527,xrpl,r44xeJVXxpLgk114RRmd34fwYwQS5ugqs3,true,0xe16ab359d6a4e0d99e3b901a99df393544ae3ec7,1784686942809,2026-07-22T02:22:22.809Z,835208.9646,310476.4548,524732.5098,835208.9646,0,0,ok,ok,200,1,2026-08-05T02:43:33.502Z,
1529,xrpl,rMwqpp4WtRh9Yd2RdJtucoW7dqduVpP5cj,true,0x72ddbb08ae930d8b05e4ab1a15cdee6d3ba5c887,1784673119617,2026-07-21T22:31:59.617Z,831921.339764,0,831921.339764,831921.339764,0,0,ok,ok,200,1,2026-08-05T02:43:33.920Z,
1530,xrpl,rLoZb9FjeboFfCQBAoYggraPYA61g9kaMj,true,0xe99a3655d2f6bbbcd3366cdd1a6ec1e0b77f4227,1784714875404,2026-07-22T10:07:55.404Z,831593.328658,0,831593.328658,831593.328658,0,0,ok,ok,200,1,2026-08-05T02:43:34.112Z,
1532,xrpl,rPFpCWR6UCWjFqjf2kGX3vfrkSNcAcu4fc,true,0xb5ca2b53ae93e5380f8625bed11b83aabeac020e,1785065360102,2026-07-26T11:29:20.102Z,828198.868443,0,828198.868443,828198.868443,0,0,ok,ok,200,1,2026-08-05T02:43:34.514Z,
1533,xrpl,rB1DVKXnwtwPVftQ3edDXfAb5Rivr3Dxym,true,0x488c8b5b827aa058f5d37b67256d65d4df42646c,1784645253026,2026-07-21T14:47:33.026Z,828053.0394,0,828053.0394,690077.5291480001,0,137975.5103,ok,ok,200,1,2026-08-05T02:43:34.716Z,
1534,xrpl,rGopU5HMuRsKuqkCcquQD4MQbkGvsagjzP,true,0x17ee8a2ce11eb60811f4a01b57d11d6cc95c337d,1784648400723,2026-07-21T15:40:00.723Z,827748.473124,0,827748.473124,764237.534599,0,63510.938525,ok,ok,200,1,2026-08-05T02:43:34.939Z,
1538,xrpl,rPYBb3CVPgXAxL79N97bxbeFDbiKvq1Luk,true,0xcf3fbe2a9df69364c86466a6741c832c20fb58d1,1785019655937,2026-07-25T22:47:35.937Z,824050.568945,65117.805939,758932.763006,824050.568945,0,0,ok,ok,200,1,2026-08-05T02:43:35.742Z,
1539,xrpl,rpLD96nw3Aw2b8WcNAWjQz9gEn3bF1Tmyt,true,0xbbdeb6d6137a15bd40d362af5a6e33c38830f9e0,1784692545438,2026-07-22T03:55:45.438Z,822758.445409,0,822758.445409,747962.2231050001,0,74796.222304,ok,ok,200,1,2026-08-05T02:43:35.953Z,
1540,xrpl,rpVb92JrNzLGMmLjATmiuLfjqigvNQr6RD,true,0x2ccfa0ba9a1aa1d6e4134882ec5b427d1684a438,1785327813233,2026-07-29T12:23:33.233Z,822221.708683,406371.348467,415850.360216,822221.708683,0,0,ok,ok,200,1,2026-08-05T02:43:36.158Z,
1541,xrpl,r3Ts4Qx8Z6ZhbtBm9jP9qEADcSvghM89zV,true,0xb0352d61a53e41e8c4f14d1f660b9d05afa6d049,1784665822861,2026-07-21T20:30:22.861Z,821350.2976,612160.1631,209190.1345,747256.514,0,74093.78359,ok,ok,200,1,2026-08-05T02:43:36.350Z,
1542,xrpl,rPwLeX9mVtWAV4MTN3EKyW5rWueHgT8Jz8,true,0xbac94e118fbd09c65073ee3c053bd209562d5d10,1784653896747,2026-07-21T17:11:36.747Z,820786.015945999883,586630.305530999904,234155.71041499998,789539.643772999872,31246.372173000003,0,ok,ok,200,1,2026-08-05T02:43:36.546Z,
1543,xrpl,rpJf41sjPJtm2dZvq2RCDkaLLeLmCyAT5a,true,0x1c2109a86468ca0ede0f2f300ca72690b007ffb3,1785285649083,2026-07-29T00:40:49.083Z,815168.290864,0,815168.290864,815168.290864,0,0,ok,ok,200,1,2026-08-05T02:43:36.747Z,
1544,xrpl,rnbq6Nm6iJdFf3DpeqGDc67EgkUARv9KTm,true,0xaa9cf3ff5193cbbd72928ccdbb78a83e335b380b,1784644299089,2026-07-21T14:31:39.089Z,814793.57312299998,0,814793.57312299998,678994.644283999922,0,135798.928839,ok,ok,200,1,2026-08-05T02:43:36.947Z,
1545,xrpl,rhuVw4JtNLvd7brom3KfqDBwSvzM9npNDJ,true,0x13eecbe950a365f27336fe86235fd5738260255f,1785374695998,2026-07-30T01:24:55.998Z,813374.798945,0,813374.798945,813374.798945,0,0,ok,ok,200,1,2026-08-05T02:43:37.143Z,
1546,xrpl,rwEpaer3gfBZZcrrjmCu5Pw6N4s68SFbwy,true,0xbf67004601ad9844dba6d23b1cfbb9ffe140ffa7,1784720249818,2026-07-22T11:37:29.818Z,812437.235368,0,812437.235368,677034.844222,0,135402.391146,ok,ok,200,1,2026-08-05T02:43:37.342Z,
1547,xrpl,r4UnED5Ntc17AAbyKtXvRXZ5Mis2Rccu1T,true,0xa23fd4b36a59466912b0ff8cae6a1802525d60aa,1784641261134,2026-07-21T13:41:01.134Z,810984.20503,287379.950445,523604.254585,810984.20503,0,0,ok,ok,200,1,2026-08-05T02:43:37.558Z,
1549,xrpl,rfvGqbWJaLUFjeYs6WShjU6bkGoPja8CSj,true,0x22b16e2cb78485965ddde8360dc84fe22384c6f3,1784636826043,2026-07-21T12:27:06.043Z,808190.939057,0,808190.939057,808190.939057,0,0,ok,ok,200,1,2026-08-05T02:43:37.955Z,
1550,xrpl,rPXbGrypG8B4A8nxag2o4Kvbx9VHEQRfkY,true,0x10eed5dcf469a7afda94d1f63e6b4eda595db173,1784712782878,2026-07-22T09:33:02.878Z,807157.622824,300469.000829,506688.621995,807157.622824,0,0,ok,ok,200,1,2026-08-05T02:43:38.177Z,
1551,xrpl,rfmYidV384Be9ZprPzhX3dXRMmqA9xSccp,true,0x4b45d4f5e05f395f7e53974a159b9c91048a47fe,1784642311000,2026-07-21T13:58:31.000Z,804908.702416,0,804908.702416,671083.902315,0,133824.800101,ok,ok,200,1,2026-08-05T02:43:38.380Z,
1555,xrpl,rJwjEX7wvKXSjYGfGvfKuscQmqzjBYgJzH,true,0xaab9ec2b7ba2a27ee362e375ac5e9cb63d63693c,1784687091796,2026-07-22T02:24:51.796Z,799462.997882,0,799462.997882,666519.1594450001,0,132943.838437,ok,ok,200,1,2026-08-05T02:43:39.180Z,
1556,xrpl,rw3Wjf2fBzFBw94aY68BmhZ2fvXxbq3LZt,true,0xc2c0d625252c730e4107dccb5a9c7be3ba55f98a,1784776854704,2026-07-23T03:20:54.704Z,799146.809646000038,0,799146.809646000038,799146.809646000038,0,0,ok,ok,200,1,2026-08-05T02:43:39.389Z,
1563,xrpl,rnTZtVK1rSQ6B76N1XHXe2PAHcLevZBqN1,true,0xb4526c18447f19e774d9e843bd8235cdce285175,1784688053732,2026-07-22T02:40:53.732Z,790620.778216999955,573176.187981999945,217444.590235000011,790620.778216999955,0,0,ok,ok,200,1,2026-08-05T02:43:40.828Z,
1565,xrpl,rs2A1WBYPDFXJt77z2tNcEFUqN9H18RyRM,true,0xef3c60eb2edfe65693eecc7051536f8b33feb7e6,1784696309993,2026-07-22T04:58:29.993Z,789313.08041,789069.99618,243.08423,789313.08041,0,0,ok,ok,200,1,2026-08-05T02:43:41.232Z,
1567,xrpl,rDxKchWcQjJhd77CFjTKmthKqTXXhNtKGY,true,0xd0e5a455f5856a1ecb01a7386700eff6f506306c,1784935854163,2026-07-24T23:30:54.163Z,787087.7095,0,787087.7095,734259.2689919999,0,52828.4405,ok,ok,200,1,2026-08-05T02:43:41.622Z,
1569,xrpl,rGUtGXhFi2GneVNs7hZayS2XujibmzpcZ4,true,0x1b8194bde01df5e197261e36916634f8b04cc98f,1784883400094,2026-07-24T08:56:40.094Z,782511.405859,297561.327776,484950.078083,782511.405859,0,0,ok,ok,200,1,2026-08-05T02:43:42.017Z,
1570,ethereum,0xceea0f2068c47534043c48ea4ed1940d3df43aad,true,0xceea0f2068c47534043c48ea4ed1940d3df43aad,1784727759563,2026-07-22T13:42:39.563Z,782204.5782550001,0,782204.5782550001,338315.5594,376225.907,67663.11189,ok,ok,200,1,2026-08-05T02:43:42.227Z,
1572,xrpl,rESrhPKE7KVDCmJAgNnQ9etjZytfdKGpMr,true,0xd4730476681eda758311dacd133c637376b5fb14,1785123864121,2026-07-27T03:44:24.121Z,779240.2104,390876.1814,388364.029,779240.2104,0,0,ok,ok,200,1,2026-08-05T02:43:42.629Z,
1573,xrpl,r3PiEZ4j9g3d8dxfFuiRyDEHzdi7kHD1Hu,true,0x776a95edad7e25931c0d0871e7d9c4c6baed23c7,1784697159371,2026-07-22T05:12:39.371Z,774900.9175689999,0,774900.9175689999,528891.0567039999,193120.7552,52889.10563,ok,ok,200,1,2026-08-05T02:43:42.828Z,
1574,xrpl,rMXMYw7H132iWLENKgZVctfap7MphRyarp,true,0x6a6d0f92330b653d0ca92e391be84e93cd878834,1784650545914,2026-07-21T16:15:45.914Z,774517.626566,0,774517.626566,704102.335986,5.05778,70410.2328,ok,ok,200,1,2026-08-05T02:43:43.031Z,
1577,xrpl,r4xCVMUSHVcGjaLG8jK9nEvxi3yHxN2S6C,true,0xef4604cfc2b58a1e6089c5bc8fa1e83638912e3f,1784640850423,2026-07-21T13:34:10.423Z,770923.216868,0,770923.216868,770923.216868,0,0,ok,ok,200,1,2026-08-05T02:43:43.639Z,
1578,xrpl,raV8DQcoA5xbWBaq3NkSvNNq78LsScRBp8,true,0x835ce8ed25ca934c2497c8255b2c610498857954,1785154458520,2026-07-27T12:14:18.520Z,770185.97925599997,432955.652863,337230.32639299997,770185.97925599997,0,0,ok,ok,200,1,2026-08-05T02:43:43.833Z,
1583,xrpl,rMpiAGydPCLdWB8bzVoaVwu8DU3HuKDE3s,true,0xacb5620b0a66763c86fd05a62cb801f822aecdc9,1784708975369,2026-07-22T08:29:35.369Z,765611.687195,0,765611.687195,765611.687195,0,0,ok,ok,200,1,2026-08-05T02:43:44.858Z,
1584,xrpl,r4AGQmCgawN7ZCuMxf628tbDe8qDTDUjQj,true,0x6f9f5483c76722d73039319f60ccecfa99f787a8,1784927810769,2026-07-24T21:16:50.769Z,764046.065769,381005.252544,383040.813225,764046.065769,0,0,ok,ok,200,1,2026-08-05T02:43:45.064Z,
1585,xrpl,rfoazMuKJYkKMjdBHtBZuL9S7t4QRVSSeA,true,0xfc384c6bb73afc9b6aca4ed364ec70d03f612dd3,1784863123678,2026-07-24T03:18:43.678Z,761703.798047,64687.76234,697016.035707,761703.798047,0,0,ok,ok,200,1,2026-08-05T02:43:45.267Z,
1586,xrpl,rUqATxukfpYJk5Y8pn36kBJS7FXnZyJ1my,true,0xad4bdbc8c6afa75733c461b75b2a606c5953614f,1784701485575,2026-07-22T06:24:45.575Z,761456.057727,542522.293941,218933.763786,761456.057727,0,0,ok,ok,200,1,2026-08-05T02:43:45.469Z,
1590,xrpl,rBRWTsSk8maTxCdAqX9KqMepqXc7At7Nnr,true,0xcf93b01ae4bb12d5441107c2fc03ce77af433fa1,1784646963736,2026-07-21T15:16:03.736Z,759510.1719,560593.5651,198916.6068,759510.1719,0,0,ok,ok,200,1,2026-08-05T02:43:46.269Z,
1593,xrpl,rD79vtHvt9nXCamJvaL2XyNbwJpuu2E33b,true,0x04dbfefb334b8962f2592c31e095acb269f58853,1784691374375,2026-07-22T03:36:14.375Z,757366.64032,0,757366.64032,757366.64032,0,0,ok,ok,200,1,2026-08-05T02:43:46.873Z,
1596,xrpl,rwwvRDuR8Y4DJfz2UmkTtQzDkLkvWPBeT,true,0xc7d1de139950dfb8872a2c19df58218d4e6e5442,1784946448716,2026-07-25T02:27:28.716Z,757138.624157,512091.720237,245046.90392,757138.624157,0,0,ok,ok,200,1,2026-08-05T02:43:47.480Z,
1597,xrpl,rpC4bwqNMiCALC7S6sFajMcJ8DcvJ4ziQG,true,0x9a6a1f4c36a04c58c6333018ca6fb7320b569533,1784710792655,2026-07-22T08:59:52.655Z,756944.517555,698298.884934,58645.632621,688450.736919999896,0,68493.780635,ok,ok,200,1,2026-08-05T02:43:47.706Z,
1600,xrpl,rJaygA6SFkuDLvFaEKJMasX8RPdBUufYDU,true,0xe1deab5af7a99d6415a7c1a3cff8514c6fa0a21d,1784736339888,2026-07-22T16:05:39.888Z,753946.259527,0,753946.259527,609745.067932,85038.494268,59162.697327,ok,ok,200,1,2026-08-05T02:43:48.300Z,
1602,xrpl,rsuTnQVjjFCfxTYgYPr7y2RgW3FtMGrvBq,true,0xcf3fbe2a9df69364c86466a6741c832c20fb58d1,1785019570944,2026-07-25T22:46:10.944Z,752098.053056,422339.571589,329758.481467,752098.053056,0,0,ok,ok,200,1,2026-08-05T02:43:48.707Z,
1603,xrpl,rDFAbeDTEbPdHAiwEL9Mq15k4TG1CeKeJs,true,0xb0ddcabb0e50ecafbb533337d50efe699cd0d90c,1784711282232,2026-07-22T09:08:02.232Z,751819.945973,0,751819.945973,628566.483952,0,123253.462021,ok,ok,200,1,2026-08-05T02:43:48.910Z,
1604,xrpl,r9Cq862uzMnoWnGFcUdRWbVLw9BGdFcF6y,true,0x428b6de3e8c919e4759d032497415daa27c2aa44,1785070107603,2026-07-26T12:48:27.603Z,751392.2893,0,751392.2893,683085.439,0,68306.85038,ok,ok,200,1,2026-08-05T02:43:49.099Z,
1605,xrpl,r4PZc25A5xBaxR6YMsFGCzZXJhKnaGYWKi,true,0x1a3e9e9c49d1098aea1f2f8c4c348fb4a8b5c357,1784651641488,2026-07-21T16:34:01.488Z,751344.7583,0,751344.7583,751344.7583,0,0,ok,ok,200,1,2026-08-05T02:43:49.296Z,
1606,xrpl,rKwW5SrG43HPC76enjy7WdycmDgCtGEvTb,true,0x21d0b7c519cc1be00e93dfef441102ea57ecf1c8,1784639396864,2026-07-21T13:09:56.864Z,749024.742248,0,749024.742248,680932.1263979999,0,68092.61585,ok,ok,200,1,2026-08-05T02:43:49.500Z,
1616,xrpl,rPfxP92MEzM6AWLrBZfYEQgSCZcY2dEvRa,true,0xe4b862bb56568a410a2b022c5be686d2fd7edf1a,1784851492100,2026-07-24T00:04:52.100Z,738122.848735,338675.640859,399447.207876,738122.848735,0,0,ok,ok,200,3,2026-08-05T02:44:20.827Z,
1618,xrpl,rnAhEzp17Jh5Un8zdswD1zN5MF882DFLp6,true,0x9873fe6ed7e7a199cf998127896ec01647c75769,1784637190626,2026-07-21T12:33:10.626Z,735910.557954,0,735910.557954,669083.2804749999,0,66827.277479,ok,ok,200,1,2026-08-05T02:44:21.296Z,
1619,xrpl,rsTTeCPaVPkiXAZLtnnK9Lvs4sTd3hY3YC,true,0x7cf8e714873edb8354ffdd85c8525be2d55cea3d,1784665567841,2026-07-21T20:26:07.841Z,734545.618986,208140.132471,526405.486515,734545.618986,0,0,ok,ok,200,1,2026-08-05T02:44:21.500Z,
1620,xrpl,rrh2ceeLDxj4fBzBYNRqqvrGLzRR4f2f88,true,0x6e185fdaa9054a1bef5f7b7262f8e13e3d4089cf,1784642065699,2026-07-21T13:54:25.699Z,734369.98889,512149.171596,222220.817294,721409.858738,0,12960.130152,ok,ok,200,1,2026-08-05T02:44:21.718Z,
1621,xrpl,r4MuFtU4n4D27grtKboHk5n4ruy8Tpcazx,true,0xdaf9a0138a9b4aa4253fa64965f1d7d1002036bc,1784987346969,2026-07-25T13:49:06.969Z,734011.4031,0,734011.4031,682031.618,0,51979.78509,ok,ok,200,1,2026-08-05T02:44:21.955Z,
1626,xrpl,rQhUQczdLvZg6DiebkWhsDwfrinoZYRiYz,true,0x3d59d9ad88b6b10baef0e28e6dd6cc1e27b93597,1784652436618,2026-07-21T16:47:16.618Z,730864.761009000009,0,730864.761009000009,609120.62543600006,0,121744.135573000007,ok,ok,200,1,2026-08-05T02:44:23.061Z,
1630,xrpl,rLAVos6K3gfP2uevfDojbqzrHfqCRcBzoJ,true,0xef91e73d7b551988f11ff8afd62437eae67a1417,1784670089193,2026-07-21T21:41:29.193Z,729482.073136,0,729482.073136,729482.073136,0,0,ok,ok,200,1,2026-08-05T02:44:24.288Z,
1631,xrpl,r3TvhzQaT2DUtYpCKGxUBpeRrfe8AgKJ2C,true,0x75d83f161a8d46b0182edd353e07df92b6fe0792,1784648798614,2026-07-21T15:46:38.614Z,727010.9117,0,727010.9117,727010.9117,0,0,ok,ok,200,1,2026-08-05T02:44:24.670Z,
1632,xrpl,raq6m61WtapzQU43TX2Y48FDB31eTJiXD4,true,0x2a096a904cc891f349d59b781d451e6a098ea5ec,1784716522015,2026-07-22T10:35:22.015Z,725682.359276,545073.453722,180608.905554,725682.359276,0,0,ok,ok,200,1,2026-08-05T02:44:24.897Z,
1633,xrpl,rhcdZVy6L2DHzv2zyEmmz8zdxk7kaskvuZ,true,0x0bafbedc305563eaddc964e53a1b2999799639e8,1784655703403,2026-07-21T17:41:43.403Z,724634.591189999948,543179.233149999985,181455.358039999992,724634.591189999948,0,0,ok,ok,200,1,2026-08-05T02:44:25.108Z,
1634,ethereum,0x32d84b9251a984f6e7c5a0c5224108df88eb32aa,true,0x32d84b9251a984f6e7c5a0c5224108df88eb32aa,1784883171807,2026-07-24T08:52:51.807Z,724045.3191,0,724045.3191,305908.5213329999,387545.9457,30590.85214,ok,ok,200,1,2026-08-05T02:44:25.339Z,
1635,xrpl,rhCidBrxsk6BYzPJvwi5zBwq1hGSqod8dd,true,0x2f60f45b3f28667d77446127a827df8ba60b2eeb,1784808587416,2026-07-23T12:09:47.416Z,717886.072807000019,73952.729277000006,643933.343529999955,717886.072807000019,0,0,ok,ok,200,1,2026-08-05T02:44:25.483Z,
1639,xrpl,rBu5iUnep25o4g1ejTXqDi6JtwYUtR3x29,true,0x409cd865e5790c09dea6029dfade75f14ac2e8e0,1784642522458,2026-07-21T14:02:02.458Z,713064.6728,13329.15464,699735.5181,671779.7881,0,41284.88468,ok,ok,200,1,2026-08-05T02:44:26.323Z,
1640,xrpl,rHp9fGKckqA8YQVkkfVATnxo7jmHyWXx7n,true,0xae057f2e3ed70ad4add00f6d67e76f3a6fae41ef,1784687860207,2026-07-22T02:37:40.207Z,712194.163365,711674.56719,519.596175,712194.163365,0,0,ok,ok,200,1,2026-08-05T02:44:26.519Z,
1642,xrpl,rQskv8S2YEinbPsXmJukwwG8rjbbWYGkx1,true,0x0d07c4dedab9f78e79e0f88f5286b47330adea0a,1784668206316,2026-07-21T21:10:06.316Z,711009.050475,114350.739091,596658.311384,665702.940549,0,45306.109926,ok,ok,200,1,2026-08-05T02:44:26.911Z,
1643,xrpl,rBFsCTtFzDSAJEaDAXY4jCM18Fk3VoXdDr,true,0xd7419c282adb4f9b228859acf958c7e06d5e9434,1784639292719,2026-07-21T13:08:12.719Z,710997.4271,0,710997.4271,646524.9271,0,64472.5,ok,ok,200,1,2026-08-05T02:44:27.125Z,
1645,xrpl,r4sccYvi3xFoWZxrC9TMtncj9rZDyaj2xJ,true,0x441dad3b22f8f3c8ded4b00eb3a90f8b6cd8206d,1784654838213,2026-07-21T17:27:18.213Z,710074.8547,0,710074.8547,710074.8547,0,0,ok,ok,200,1,2026-08-05T02:44:27.525Z,
1646,xrpl,rn7GkVxccMLmh8C9kmbecNc3KEg26hnuEU,true,0x8069e4e1cd28f2970f7b62d54f1793dc7b9cda89,1784676394295,2026-07-21T23:26:34.295Z,709451.331165,0,709451.331165,644955.755592,0,64495.575573,ok,ok,200,1,2026-08-05T02:44:27.743Z,
1648,xrpl,rB2rSHtiHAZs6U7erXpKfXcyo72eiX67wG,true,0x8b560473927ea15f19bdbaabfe829bc7af6de8e2,1784648156760,2026-07-21T15:35:56.760Z,708241.8458,0,708241.8458,590284.8175,0,117957.0283,ok,ok,200,1,2026-08-05T02:44:28.150Z,
1650,xrpl,rwZnFAzbwSFsyXApvsD2nY1TAZvjH1oc3D,true,0xa5864f10380aea6522e6b3a72c3f6c67d6ab5ea1,1784645170821,2026-07-21T14:46:10.821Z,705141.95774,0,705141.95774,651394.242192,0,53747.715548,ok,ok,200,1,2026-08-05T02:44:28.544Z,
1653,ethereum,0xcecbc13bd8c90597a33794470fca118eb0b0e45c,true,0xcecbc13bd8c90597a33794470fca118eb0b0e45c,1784650286486,2026-07-21T16:11:26.486Z,704464.0063,0,704464.0063,587053.3385920001,0,117410.6677,ok,ok,200,1,2026-08-05T02:44:29.158Z,
1656,ethereum,0x8b7c7f0b0d2d1a184a8028a13bf9804e97f56557,true,0x8b7c7f0b0d2d1a184a8028a13bf9804e97f56557,1784639821171,2026-07-21T13:17:01.171Z,701760.1412,0,701760.1412,637963.7647,0,63796.37648,ok,ok,200,1,2026-08-05T02:44:29.751Z,
1657,xrpl,rPpWjFTtiEJUQcjfcLjfHSqibzzXBcgxn5,true,0x2dd5c1ca77500148f49837f354e2f36ebee727d6,1784642150923,2026-07-21T13:55:50.923Z,700531.469115,0,700531.469115,637206.378094,0,63325.091021,ok,ok,200,1,2026-08-05T02:44:29.956Z,
1658,xrpl,rQ3zXWsjBsMq2iSyEuH71KxZT3ceAheyZP,true,0x05f4b847ae188662f9f2ada01149599bbcbf3158,1785288339340,2026-07-29T01:25:39.340Z,700218.020089,700145.220922,72.799167,700218.020089,0,0,ok,ok,200,1,2026-08-05T02:44:30.190Z,
1663,xrpl,r3bhSktv9uaumzvNtJLaootBxWLRw5YppE,true,0x4ca8ad3a20848ac6f5dbb14cc02fce8c037d11da,1784643052339,2026-07-21T14:10:52.339Z,690457.0183,0,690457.0183,690457.0183,0,0,ok,ok,200,1,2026-08-05T02:44:31.181Z,
1666,xrpl,rJsbCXigGb6BK8kgFzTxWqx5umTkYUaKNx,true,0x4570de2a7f07fc113ff237446984d767cbd9a616,1784683690206,2026-07-22T01:28:10.206Z,687716.385626,481337.519352,206378.866274,687716.385626,0,0,ok,ok,200,1,2026-08-05T02:44:31.777Z,
1667,xrpl,rKpxpSjLEE5147GjkHuTH6snT3jr8bRmz9,true,0x6618952fed6d682e7349b1a699c24017f1052206,1784641242163,2026-07-21T13:40:42.163Z,686309.481638,354046.415465,332263.066173,686309.481638,0,0,ok,ok,200,1,2026-08-05T02:44:31.983Z,
1670,xrpl,rQLMkGcDWWPVP8GTXwUTjrWdpZ9z4zrZUY,true,0x263f4912e99580d68d5b6e8c04a8414d5a98db09,1784684793636,2026-07-22T01:46:33.636Z,682237.936185,0,682237.936185,682237.936185,0,0,ok,ok,200,1,2026-08-05T02:44:32.836Z,
1672,xrpl,rNgryQexFYY7mMkH5g61N4kCreyPPAnsyN,true,0x74cf80e009ad37468f5e4997872a25c933a1040c,1785253717628,2026-07-28T15:48:37.628Z,681343.493698,537552.078905,143791.414793,681343.493698,0,0,ok,ok,200,1,2026-08-05T02:44:33.343Z,
1679,xrpl,r3GkzqqV3yHEutsfPRHdzXy6RPMmJkR1bq,true,0xa3db60ce2ea9c1cee0edf2127ff229a82da0f009,1784719632712,2026-07-22T11:27:12.712Z,674749.3823,135381.6229,539367.7594,33854.846069000005,640894.5362,0,ok,ok,200,1,2026-08-05T02:44:34.437Z,
1680,xrpl,r9BdSrz2obLcahRwJ8zUTApbEufho1ncr7,true,0x45cfedba11bd9d1a2f8015be05ce5db795ed6b1f,1784701503367,2026-07-22T06:25:03.367Z,674478.2707,525908.4487,148569.822,613162.0643,0,61316.20642,ok,ok,200,1,2026-08-05T02:44:34.620Z,
1681,xrpl,rE6nAcFSsQr8sYnx932QPBTsDJRDcN4eLm,true,0xd534cb283322e4329189a321c32e429d4e45ebe8,1784689672533,2026-07-22T03:07:52.533Z,673658.4655,0,673658.4655,561382.0549,0,112276.4106,ok,ok,200,1,2026-08-05T02:44:34.824Z,
1683,xrpl,rHmMghTskPzVQHdVaKJP519LmyZhxBySP2,true,0xbb3e06425089752f53b60670276ae44468c095a1,1784643127681,2026-07-21T14:12:07.681Z,672025.844901,0,672025.844901,610932.586274,0,61093.258627,ok,ok,200,1,2026-08-05T02:44:35.237Z,
1685,xrpl,rEDP9ju4uv68vNjwDT7cntnVUZKt3zRJbQ,true,0x05ff617f9bd3f9c0bbd2b9de6674728cf7f7bd83,1784651057103,2026-07-21T16:24:17.103Z,668926.1451,0,668926.1451,557438.4543,0,111487.6909,ok,ok,200,1,2026-08-05T02:44:35.640Z,
1686,xrpl,rPWQd4U91APVVMxUX381GAQ2QpUmrStpPT,true,0x9b0de5739e6c71ac8b1371cb8e450b41b26f451e,1785325031570,2026-07-29T11:37:11.570Z,668431.536668,0,668431.536668,668431.536668,0,0,ok,ok,200,1,2026-08-05T02:44:35.855Z,
1691,xrpl,rBB9ccEckf41tJ73z71b7gCYfkxz4UFxJ1,true,0xc007ea7ffe4a7e6a26d6171e03077658e0c8f717,1785041522085,2026-07-26T04:52:02.085Z,667275.7707,511462.3387,155813.432,667275.7707,0,0,ok,ok,200,1,2026-08-05T02:44:36.860Z,
1694,xrpl,r9m3mkk6SeVVAEHFHxQqF4pmeGHmJNdzBP,true,0x2a830cb43b57957559c51f03ab0dd5401cd922f7,1785174830701,2026-07-27T17:53:50.701Z,662591.7613,167602.7698,494988.9915,662591.7613,0,0,ok,ok,200,1,2026-08-05T02:44:37.500Z,
1697,xrpl,r4yhCbyegzaM5SYwG1sXgVB5M3unXB5bEn,true,0x67fb9b2c35b54ef747176cd3d0eab3a1878695ac,1784648679576,2026-07-21T15:44:39.576Z,658407.119039,0,658407.119039,551976.206338,0,106430.912701,ok,ok,200,1,2026-08-05T02:44:38.068Z,
1700,xrpl,rf5NynPRE9JNsa2tTB7E6SEWpYaZKVzptx,true,0xbe69b680bbde9f10a936ca29737ea0ce76d47bf2,1785003337691,2026-07-25T18:15:37.691Z,656060.46677,66994.26764,589066.19913,656060.46677,0,0,ok,ok,200,1,2026-08-05T02:44:38.687Z,
1703,xrpl,rapYX1zF5jJxQqp636ADn4irWCgTTRb3e5,true,0x935933c1b4478636fbf77ac69a5371afef282945,1784644216374,2026-07-21T14:30:16.374Z,654164.412535,0,654164.412535,654164.412535,0,0,ok,ok,200,1,2026-08-05T02:44:39.300Z,
1705,xrpl,rfF5dNAPtykic6aNWYQyCvoyaRWSxQCYse,true,0xeb940c37d3242263f8978833eb78f28139b8699e,1784662922243,2026-07-21T19:42:02.243Z,653800.605806,0,653800.605806,653800.605806,0,0,ok,ok,200,1,2026-08-05T02:44:39.725Z,
1706,xrpl,rEohpCKNupUanY2NDeEaSQjj3NEC54SgRz,true,0x503e43dd0e8ad79f3531706b663ea9bf758d36f6,1784647020005,2026-07-21T15:17:00.005Z,652310.938478,0,652310.938478,652310.938478,0,0,ok,ok,200,1,2026-08-05T02:44:39.920Z,
1709,xrpl,rfX8voCq2jmZvT7RqEu6mKXMC3FgvtmXEG,true,0x974df63d564113382481148f4040eb893e90a892,1784638653294,2026-07-21T12:57:33.294Z,650360.305222,470213.668264,180146.636958,585602.465817,8118.657252,56639.182153,ok,ok,200,1,2026-08-05T02:44:40.520Z,
1710,xrpl,rwWZHVwW7kZ7MjCFnzrF89d5gAyyFHEUjE,true,0x53d3fc56eb0b08f020d297e7e17f9f74f2c7a0bc,1784963184789,2026-07-25T07:06:24.789Z,649592.155566,0,649592.155566,649592.155566,0,0,ok,ok,200,1,2026-08-05T02:44:40.720Z,
1711,xrpl,rB8xuw28AFKZDgchbcQBSr2hT5D2f22jHv,true,0x574fe491712287423c015d0252d291ea01fcdb71,1784983282335,2026-07-25T12:41:22.335Z,648204.736897,0,648204.736897,540670.88741,0,107533.849487,ok,ok,200,1,2026-08-05T02:44:40.921Z,
1716,xrpl,rG2DYV9TuvNpJ4YkY71jJpGcxA3VnMdZnc,true,0x509f91f0dfd3e4e68d14e8b7309a5b03dd90a2bc,1784649896649,2026-07-21T16:04:56.649Z,643011.862123,0,643011.862123,584556.238292,0,58455.623831,ok,ok,200,1,2026-08-05T02:44:41.952Z,
1719,xrpl,rH8BWUkNSDguDMRNyk2gfyJN2dKBVrP8uS,true,0xb76a1b92dbac553342ce61ecd698b5b41c37db50,1784729194062,2026-07-22T14:06:34.062Z,640889.141133,0,640889.141133,640889.141133,0,0,ok,ok,200,1,2026-08-05T02:44:42.540Z,
1720,xrpl,rfBhCeSxgPxGk58xcCFWDNjY9Tz1UWmYTT,true,0xc9f0a3e401ca1c8edc448ebd901defae3923577e,1784640460621,2026-07-21T13:27:40.621Z,640542.218463,472002.286154,168539.932309,640542.218463,0,0,ok,ok,200,1,2026-08-05T02:44:42.752Z,
1721,xrpl,rHvSpJ6ghPJys2Rpa3mWStm2hWXbkNnXmD,true,0x79fbc3a90577a90ecb48710335db61c6df62ee2f,1784639569774,2026-07-21T13:12:49.774Z,640390.63386,253525.615241,386865.018619,640390.63386,0,0,ok,ok,200,1,2026-08-05T02:44:42.953Z,
1723,xrpl,rNW1ejdaBpxSKSpKCCByzhrbTzPZHR9d9B,true,0xc7d1de139950dfb8872a2c19df58218d4e6e5442,1784946678638,2026-07-25T02:31:18.638Z,637842.454539,431435.938297,206406.516242,637842.454539,0,0,ok,ok,200,1,2026-08-05T02:44:43.361Z,
1726,xrpl,rMXpdqzysvuJCLAFXo9w4ArRNwHnvLUdJE,true,0x45a77d2076440f1fd867f4111a7710e0931027bb,1784990974775,2026-07-25T14:49:34.775Z,633502.40807,633495.557211,6.850859,633502.40807,0,0,ok,ok,200,1,2026-08-05T02:44:43.953Z,
1729,ethereum,0x9458f3a62834771c8b3897de63644fe2d30b48ee,true,0x9458f3a62834771c8b3897de63644fe2d30b48ee,1784652018480,2026-07-21T16:40:18.480Z,630860.6452,0,630860.6452,525717.2043,0,105143.4409,ok,ok,200,1,2026-08-05T02:44:44.579Z,
1730,xrpl,rDEmZwkRDkvKDw21nXqaAspt45hKzs7eD7,true,0x9106c877e3294dbdf8b72cbff7c5617d76551df9,1784943190747,2026-07-25T01:33:10.747Z,630671.511111,0,630671.511111,573337.737368,0,57333.773743,ok,ok,200,1,2026-08-05T02:44:44.781Z,
1731,xrpl,rsAUNBqmXpe354RCCqpjRzpqbuaxMEtzxx,true,0x880fe6a79db826cc61c5e05770fdcc3d1f27c39a,1784640611526,2026-07-21T13:30:11.526Z,628243.615743,0,628243.615743,628243.615743,0,0,ok,ok,200,1,2026-08-05T02:44:44.983Z,
1732,xrpl,r9YWLWBLyg7x94Xn6uwsvkcwSXx5MG2DuL,true,0x7730f6510bd46bef1956f64f2e828d42f21459f2,1784812374379,2026-07-23T13:12:54.379Z,627367.3627,485545.1057,141822.257,244007.51500200004,359572.3503,23787.49748,ok,ok,200,1,2026-08-05T02:44:45.189Z,
1738,xrpl,rLHTM6nBHqFeBx8we7vNLaKJSV1YNmuDP8,true,0x89fce5181fb14f726b408f66e4433d356d244795,1784639934910,2026-07-21T13:18:54.910Z,622926.485258,0,622926.485258,566296.804805,0,56629.680453,ok,ok,200,5,2026-08-05T02:45:25.923Z,
1742,xrpl,rLAEenDA6FQuW3W7fD2g1Xx81UgdSMd2hX,true,0x9bcdf63b0e5ef22954734cfec9a69a65915b2b5b,1784697871845,2026-07-22T05:24:31.845Z,620491.750068,289042.784959,331448.965109,620491.750068,0,0,ok,ok,200,1,2026-08-05T02:45:25.969Z,
1743,xrpl,rKFTYMsxsxRYeu1PyKj6Q22nGQvCrwMKf1,true,0x0b810c9a85b9e60ec208e902adf63caa42faa597,1784697926244,2026-07-22T05:25:26.244Z,620195.201796,288891.424093,331303.777703,620195.201796,0,0,ok,ok,200,1,2026-08-05T02:45:26.389Z,
1748,xrpl,rnAqq6iRHhmnfZguKX5o7nqb2p46U5jzH9,true,0x5a6a3efea70b37ab5d24c2c49ff90f3feacb8ae0,1784797205986,2026-07-23T09:00:05.986Z,617850.873729,286348.875405,331501.998324,617850.873729,0,0,ok,ok,200,1,2026-08-05T02:45:27.599Z,
1749,xrpl,r9nzm6sQDb8ei28gLaYaJBoKUferjFhWuq,true,0x750ed5f9bfc2b8eae7283687f3ea3cbed9d56d37,1785403965004,2026-07-30T09:32:45.004Z,617621.95268400004,114580.0848,503041.86785000004,617621.95268400004,0,0,ok,ok,200,1,2026-08-05T02:45:27.795Z,
1753,xrpl,rJYhLA4KmL4DKZkuWu5d35YPCvjdKriUZc,true,0x78eb593cc4d8f63933f0d0f70b318defbc3ac706,1784910939860,2026-07-24T16:35:39.860Z,616286.124376,501726.140508,114559.983868,11178.4040109999766,605107.720365,0,ok,ok,200,1,2026-08-05T02:45:28.602Z,
1754,xrpl,r9MsAm7tTaw5LkSzLbgnYHMFztTfdzaeCE,true,0x3620f65ee6792099e613fb6f9772199ec6781e5b,1784637702137,2026-07-21T12:41:42.137Z,615866.6853,214118.8848,401747.8006,508295.96211500001,56741.127,50829.59622,ok,ok,200,1,2026-08-05T02:45:28.793Z,
1756,xrpl,rsuBfVthqdaAuJRkdkgkc2GQGGG2eTsTXY,true,0x5e58f14b474d2fbfaf7e87382e43c94e9fc16d20,1784642765180,2026-07-21T14:06:05.180Z,614585.854228,0,614585.854228,553461.9842100001,5777.671579,55346.198439,ok,ok,200,1,2026-08-05T02:45:29.192Z,
1758,xrpl,rL41TNpPjapSgw4LNUjUPdbNuAq4ANsTQA,true,0x2ef8bd5232d7f97493ad0a760e04a29f789d537b,1784643470498,2026-07-21T14:17:50.498Z,612725.920727,0,612725.920727,612725.920727,0,0,ok,ok,200,1,2026-08-05T02:45:29.617Z,
1760,xrpl,rww4x1f9G1XEaHBG8qMipbPb2hfdAc9Wyv,true,0xce090f2e691cb9fa2bc95ab2065acb755cafa798,1784643189717,2026-07-21T14:13:09.717Z,611643.779457999975,0,611643.779457999975,509736.548293999978,0,101907.231163999997,ok,ok,200,1,2026-08-05T02:45:30.035Z,
1762,xrpl,rEbUr18EHn4HsJ5ZXSmvAWyDL6xdqcG46L,true,0xae057f2e3ed70ad4add00f6d67e76f3a6fae41ef,1784687596793,2026-07-22T02:33:16.793Z,610476.942454,610027.957506,448.984948,610476.942454,0,0,ok,ok,200,1,2026-08-05T02:45:30.414Z,
1763,xrpl,rJeHkJQ5TnWJ7S7GFpZ3L61pgLyMwXDzf6,true,0xb99d0960c0b1740e625bf366a94cb5dfaafe9068,1784642361119,2026-07-21T13:59:21.119Z,610171.365578,23033.51114,587137.854438,565647.506497,1861.249383,42662.609698,ok,ok,200,1,2026-08-05T02:45:30.631Z,
1764,xrpl,rLHE2K1FyB9jYTyiwr7VPDLqN7Zc1hRyUo,true,0xb6ced8a21fdfaf4d7af4c2c7b2e1519be0089a5e,1785055874254,2026-07-26T08:51:14.254Z,610018.589683,0,610018.589683,578259.858115,0,31758.731568,ok,ok,200,1,2026-08-05T02:45:30.836Z,
1765,xrpl,rB9VBNs1wtNJXiNusJBuHrXaZW9KcDH7tT,true,0x73c2e8d7cb588434a2b188719a00132a335642ce,1784696392876,2026-07-22T04:59:52.876Z,609923.6685,869.295134,609054.3734,609923.6685,0,0,ok,ok,200,1,2026-08-05T02:45:31.028Z,
1766,xrpl,rBiPgKYwhDvVT4JQo1Cn2t61jynuDMhwjk,true,0x410a0887cc91ccf1e8db56422b9a5d8b078c2200,1784640853900,2026-07-21T13:34:13.900Z,609397.5622,179.982119,609217.5801,507831.30283100000002,0,101566.2594,ok,ok,200,1,2026-08-05T02:45:31.261Z,
1768,xrpl,rMMtk6zXqmNStjMPHaZ4GhrTMjqU2x2WfG,true,0x6efa8e284558837c7589fccb61953e93b4a8d149,1784638552748,2026-07-21T12:55:52.748Z,608441.990665,0,608441.990665,486808.1627640001,79305.599629,42328.228272,ok,ok,200,1,2026-08-05T02:45:31.641Z,
1769,xrpl,rJkuf6qUMae8waEiuqqrn8vQU9vZiumcDr,true,0x06d58f73f30ceb16a115a2e33c6f9774d2d0986a,1784638749990,2026-07-21T12:59:09.990Z,606820.05274,606791.826123,28.226617,606820.05274,0,0,ok,ok,200,1,2026-08-05T02:45:31.839Z,
1770,xrpl,rUCjn5qbP8a3ugqhKBbbEmyiSDVvrSNv67,true,0x32573ec9734a1054cd0e35f0e28314e688089138,1784982475297,2026-07-25T12:27:55.297Z,606301.367154,272790.925344,333510.44181,549978.63853699998,56322.728617,0,ok,ok,200,1,2026-08-05T02:45:32.047Z,
1773,xrpl,rhcaBh14rqTZ1fF9Z3znaKss833xnnDj7k,true,0xd764afc788b0b5d1f738bda69dac197571405eba,1784898414887,2026-07-24T13:06:54.887Z,605692.877954,467225.769388,138467.108566,605692.877954,0,0,ok,ok,200,1,2026-08-05T02:45:32.658Z,
1774,xrpl,rUu6AxcjeHPtYA2bsZyMa5xAMiDNp6TfSW,true,0x76b44a86197dd530c214577a757d893ec24621ff,1785062574057,2026-07-26T10:42:54.057Z,605406.775165,388284.277558,217122.497607,605406.775165,0,0,ok,ok,200,1,2026-08-05T02:45:32.845Z,
1776,xrpl,rf4D3f7pKSXxyWfmK3B1cvF5fbQRfD5h7a,true,0x24cedd0fa7b516559c5a9fdbd821c8eb4ad67f81,1784767039868,2026-07-23T00:37:19.868Z,605150.603162,0,605150.603162,550136.9119729999,0,55013.691189,ok,ok,200,1,2026-08-05T02:45:33.262Z,
1785,xrpl,rMvh2ZchG65hgzCx7LkTWKrrUYJaQk9chS,true,0x8802a990b3a050826ac97da5e3cc7dcaada0dce4,1784650097595,2026-07-21T16:08:17.595Z,592773.819154,0,592773.819154,592773.819154,0,0,ok,ok,200,1,2026-08-05T02:45:35.085Z,
1786,xrpl,r9sXYmYYd5hCsy489454AB9nBfjbFNRW6Y,true,0xd4b7745bd653c08c37e68636dceaf5c841c4d802,1784675875799,2026-07-21T23:17:55.799Z,591990.5302,0,591990.5302,518581.6752,21550.68746,51858.16749,ok,ok,200,1,2026-08-05T02:45:35.280Z,
1788,xrpl,rKPUuirArBEnbZiRVmeofDaDEjQofWVvvt,true,0xb4aea8e3e7ee5daf980438a99c37fde6bd07c0fe,1784783403010,2026-07-23T05:10:03.010Z,591437.584307,400234.669078,191202.915229,591437.584307,0,0,ok,ok,200,1,2026-08-05T02:45:35.683Z,
1790,xrpl,rUVd1bmithx8Gn4ZdKSUQHF8scPvbQJEkZ,true,0xd081d7fc0499822586f83f234b7da7d535499347,1785084590762,2026-07-26T16:49:50.762Z,590006.671720999992,0,590006.671720999992,590006.671720999992,0,0,ok,ok,200,1,2026-08-05T02:45:36.104Z,
1791,xrpl,riNaJ9ydryjfSsESViTW6sCsrQFs99Fsc,true,0x0796343999a48d4da7f7f451d534a8f1122e5155,1785009758110,2026-07-25T20:02:38.110Z,589852.851677,0,589852.851677,536229.8651500001,0,53622.986527,ok,ok,200,1,2026-08-05T02:45:36.302Z,
1792,xrpl,rER3gbCNmNrwHod6BtqWZsRkDUnECGGhHX,true,0x4ee06e880c1cb28dd88dd816cac21eb6ec811455,1785085670904,2026-07-26T17:07:50.904Z,589615.0991,0,589615.0991,560475.1492,0,29139.94983,ok,ok,200,1,2026-08-05T02:45:36.512Z,
1793,xrpl,rfdhJSFoZviZ8tUcgQhajDAcC3SuwfznAF,true,0x6eadbc72f024fe81af394424a17b9590bb919692,1784646967596,2026-07-21T15:16:07.596Z,588529.157133,0,588529.157133,588529.157133,0,0,ok,ok,200,1,2026-08-05T02:45:36.704Z,
1794,xrpl,rGM2LacJc9abLBsVdwaGFHie8dbYESHMwG,true,0x7f47de41ed4655bdd0a64c4a0683598204e76dca,1784775422892,2026-07-23T02:57:02.892Z,588410.976608,433386.054805,155024.921803,588410.976608,0,0,ok,ok,200,1,2026-08-05T02:45:36.913Z,
1795,xrpl,rEFwjmgYyteSjHjJ6jnDa9twfCSnDUi7E6,true,0xff8df795cb804911603a454992717c8bff61bc8f,1784670744762,2026-07-21T21:52:24.762Z,587576.0847,413889.7825,173686.3021,511742.44663700002,43871.55461,31962.08343,ok,ok,200,1,2026-08-05T02:45:37.103Z,
1796,xrpl,rEfFgGznydVs4uziBUnNVgpipn3fSx6QwM,true,0x509efbe33129e90ff156a73524f1841baac93814,1784703761863,2026-07-22T07:02:41.863Z,586097.509035,45890.883869,540206.625166,586097.509035,0,0,ok,ok,200,1,2026-08-05T02:45:37.311Z,
1797,xrpl,rEUrJDjzMe2dZsa8tdQgJwmfpXvqTDihMf,true,0xe59b3f646fa6d08baf6dc7dfaff008f8f097e544,1784886924530,2026-07-24T09:55:24.530Z,585486.7738,0,585486.7738,532260.7035,0,53226.07036,ok,ok,200,1,2026-08-05T02:45:37.518Z,
1799,xrpl,rQwFGF7bKhsSfiLthrQ2T3T1t83edJp3fy,true,0x09ca0ab4840db887f72a30c74644fd0b708f0f0f,1784717057003,2026-07-22T10:44:17.003Z,585170.415976,265100.66685,320069.749126,585170.415976,0,0,ok,ok,200,1,2026-08-05T02:45:37.914Z,
1800,xrpl,rN6QVYK4nT5VZwut9zsKzqFa8rpMeNkR8V,true,0x9a1b650e7631277f4cb669cdb5ae414f8d343f09,1785166958010,2026-07-27T15:42:38.010Z,584038.295634,388107.552756,195930.742878,584038.295634,0,0,ok,ok,200,1,2026-08-05T02:45:38.142Z,
1801,xrpl,rf6ThKzugN82X65WQ7oPJLtA3U5pBgkMwQ,true,0x4f34f8734b3bda57b5bd3cb49016812b9fd4d74b,1784642628101,2026-07-21T14:03:48.101Z,583962.053448,280022.580361,303939.473087,567022.77973700003,0,16939.273711,ok,ok,200,1,2026-08-05T02:45:38.344Z,
1802,xrpl,rL4EjZPxi96LsfXa9xvp8BWXkDN5NxbpFs,true,0x9dd6c2cdd86b507e7ee1ae605ad034ebc1c726af,1784645230124,2026-07-21T14:47:10.124Z,583779.748885,0,583779.748885,487500.095044,0,96279.653841,ok,ok,200,1,2026-08-05T02:45:38.543Z,
1804,xrpl,rHrzYf3J4Q4LVhwPvugArF4meoAnaD3kCs,true,0xfa48ac3e5466418ab9706723a07315f50b2c5423,1785343718406,2026-07-29T16:48:38.406Z,581754.15506,362070.918367,219683.236693,581754.15506,0,0,ok,ok,200,1,2026-08-05T02:45:38.924Z,
1806,xrpl,r3duyS75apFfj1WJmnTpmk2aRKRVSr6W1F,true,0x9c00d830cf6312e20b903ab8ddc629bcd981a55a,1784638966222,2026-07-21T13:02:46.222Z,580595.9924,0,580595.9924,520676.70189699996,8287.342772,51631.94775,ok,ok,200,1,2026-08-05T02:45:39.342Z,
1809,xrpl,rhKMgry8h1zoWDfaJ65FaunSyBbDhh436L,true,0x5a044db4a2b86565c81625ac2ddf9f4e2f70aa9f,1784775331618,2026-07-23T02:55:31.618Z,579418.071024,461694.872717,117723.198307,491980.248469,38435.475483,49002.347072,ok,ok,200,1,2026-08-05T02:45:39.936Z,
1813,ethereum,0xd819e2b27e785212d258a435e0afdee24ef4b019,true,0xa974890156a3649a23a6c0f2ebd77d6f7a7333d4,1784700504077,2026-07-22T06:08:24.077Z,575598.1889,0,575598.1889,575598.1889,0,0,ok,ok,200,1,2026-08-05T02:45:40.770Z,
1815,xrpl,r3tYGKvJF1Eqd4uNJspNEntudn4Xoe5sLj,true,0x751fb8537d4fed1daef81ed46ff370687a5c02a0,1784644340843,2026-07-21T14:32:20.843Z,572690.2748,441589.6951,131100.5797,519574.3879,1158.501625,51957.38528,ok,ok,200,1,2026-08-05T02:45:41.150Z,
1818,xrpl,rwtc39nf4uiUjxaRFUgLywZLEQbKsCMYPN,true,0x08584738365ad2e991afb150996f899153c54aa0,1784643159084,2026-07-21T14:12:39.084Z,570824.660862,0,570824.660862,523895.2137829999,2387.967932,44541.479147,ok,ok,200,1,2026-08-05T02:45:41.785Z,
1820,xrpl,rJ3Dby44exApdJDDNWwRKEmCCSv7ALadjS,true,0x8b2af76d594d1bf437752696377352979b06bec6,1784678921568,2026-07-22T00:08:41.568Z,570409.882398,0,570409.882398,570409.882398,0,0,ok,ok,200,1,2026-08-05T02:45:42.169Z,
1821,xrpl,r93nnRguzG6tdBMxc88hfEhci9EPxLUDaz,true,0x92e9094eb275a3e8ce7df072ce644532d2f57d91,1784651740000,2026-07-21T16:35:40.000Z,570167.8424,0,570167.8424,432691.53011700005,101741.4946,35734.81767,ok,ok,200,1,2026-08-05T02:45:42.382Z,
1822,xrpl,rkQRVBjhf94fsqsjy7RYueABHAW9Sod5m,true,0x7ac423ba913fc3d3fb3f7d2e5c2ad5252f8b20fb,1784947282075,2026-07-25T02:41:22.075Z,569112.018524,414691.37525,154420.643274,569112.018524,0,0,ok,ok,200,1,2026-08-05T02:45:42.577Z,
1823,xrpl,rUW4HnHAE6q5GcQBemCkn9ha3MLrMYh2XC,true,0x96a0fbb0c8d9a4bf45e95523f30e847ee5e87ec9,1784728069102,2026-07-22T13:47:49.102Z,568395.042033,0,568395.042033,509302.257418,8162.558867,50930.225748,ok,ok,200,1,2026-08-05T02:45:42.782Z,
1826,xrpl,ramxYxgKmbY3evqkVisHCsJAD3HAPEE9EG,true,0x43bcf7bfd2bdba8eff8f42958951b6de41952876,1784680974348,2026-07-22T00:42:54.348Z,565781.95654,0,565781.95654,565781.95654,0,0,ok,ok,200,1,2026-08-05T02:45:43.394Z,
1827,xrpl,rEpik5Bgp5xhLnPVoEjZdMqdJAMq7GtAGC,true,0xce95ca69409be20244af099300a892cbcc87b200,1785405424810,2026-07-30T09:57:04.810Z,565462.091258,365313.321973,200148.769285,565462.091258,0,0,ok,ok,200,1,2026-08-05T02:45:43.584Z,
1830,xrpl,rUDmMmN3b1wiP1YBCg1DG6MN8S8gr91RPc,true,0xa029d5d77b61e8b72b90471d9d85715cbdf8fddd,1784680897563,2026-07-22T00:41:37.563Z,564456.896799,0,564456.896799,513396.19533899997,0,51060.70146,ok,ok,200,1,2026-08-05T02:45:44.194Z,
1831,xrpl,rUFYDFpUCkeQcbSk67LwGUKdS1N4jPwrBo,true,0xc0aaefe9b155f523f2bb0c578d5319a6fd0f48e2,1785063104775,2026-07-26T10:51:44.775Z,563494.747147,220196.039571,343298.707576,548250.58035800003,15244.166789,0,ok,ok,200,1,2026-08-05T02:45:44.402Z,
1832,xrpl,rPWRW454EsNjAYYSp3ZsGGK5GfoeSH3VUF,true,0x34752824d207369446285ab006d78ac13cc9c1e9,1784802509314,2026-07-23T10:28:29.314Z,563402.645396,0,563402.645396,563402.645396,0,0,ok,ok,200,1,2026-08-05T02:45:44.623Z,
1834,xrpl,rEdkY7MApmD2j56W7jtMmsaB9uEsHHGZTW,true,0xc28435a7aae94b489db9847e1dbacdf8ad298b3a,1784641239769,2026-07-21T13:40:39.769Z,563148.525134,0,563148.525134,470518.960716,0,92629.564418,ok,ok,200,1,2026-08-05T02:45:45.024Z,
1836,xrpl,rsmjnZQr7YKj46ycmjtb6xNi9v1YnnFJKo,true,0xb659a3dafd0ef61a20c6aa756f169705db2aa68b,1785202175226,2026-07-28T01:29:35.226Z,562561.670202000067,492570.121478000015,69991.548723999993,344514.372448999959,218047.297752999992,0,ok,ok,200,1,2026-08-05T02:45:45.421Z,
1839,xrpl,rHXzokXtWgNXtm47Y2USLfWusNp7cyabT,true,0x02aca3441605b2bf67c5be1376c07794fb9ab7ef,1784684216957,2026-07-22T01:36:56.957Z,560090.479437,230243.943042,329846.536395,509175.12709499998,0,50915.352342,ok,ok,200,1,2026-08-05T02:45:46.042Z,
1841,xrpl,rLgqK2UUPdUh6xTp6uvUPLMB7QNpRXskee,true,0x84fa6f98cc3c03c086a65ad1cb198d06894bd232,1784696364640,2026-07-22T04:59:24.640Z,558252.470056,0,558252.470056,465414.9689750001,0,92837.501081,ok,ok,200,1,2026-08-05T02:45:46.432Z,
1842,xrpl,rMAUu1aWPCz8KtpfoUZjrmPFjKGvx9xy1V,true,0xed56c78286bb2401bd895a305d60e0b9f9191cdb,1784637450436,2026-07-21T12:37:30.436Z,557788.4695110001,0,557788.4695110001,516267.0052950001,0,41521.464216,ok,ok,200,1,2026-08-05T02:45:46.622Z,
1843,xrpl,rDUyv7KnkZSP9yHfewePj1BdPUDoFa3vDJ,true,0x6870852692e3aca2002b3d389243f2632cc6b09b,1784813915653,2026-07-23T13:38:35.653Z,557092.9543,0,557092.9543,557092.9543,0,0,ok,ok,200,1,2026-08-05T02:45:46.827Z,
1844,xrpl,raVZibFGf1L6wSGrzvKBCpXkqs74QvrMkN,true,0xdf1566a5e1b298e2fb6bee2fb6148006757490a5,1784697529921,2026-07-22T05:18:49.921Z,556550.929787,0,556550.929787,556550.929787,0,0,ok,ok,200,1,2026-08-05T02:45:47.023Z,
1845,xrpl,rLCCbokePLyf9K7pKPQQP8bpRrmfgaKGxZ,true,0x64ac1dad9da4b3ca94aee54bdfeb7ddce90fa74a,1784637082349,2026-07-21T12:31:22.349Z,555937.714831,0,555937.714831,555937.7148089999,0,0.000022,ok,ok,200,1,2026-08-05T02:45:47.232Z,
1848,xrpl,rsoDuKwfWwdaav8e6dxVhSGxXivMG1etdt,true,0x116167dbfdaf75710c125287b49377048dbc0704,1784678533830,2026-07-22T00:02:13.830Z,555248.443204,270539.918208,284708.524996,482681.661384,66147.659854,6419.121966,ok,ok,200,1,2026-08-05T02:45:47.833Z,
1849,xrpl,r4mPWpMU8k7nws1Hh8LwUDh48x7EsSk3hQ,true,0xb24a30a49731760a0d4a0f0980154381fba92300,1784668761024,2026-07-21T21:19:21.024Z,553061.4047,0,553061.4047,553061.4047,0,0,ok,ok,200,1,2026-08-05T02:45:48.046Z,
1851,xrpl,rP1vVW68VafCRdE3vwyc9U9c5onKBSUjQk,true,0x8397b0c65a42065a428d21149a2226b7e441cb02,1784685187615,2026-07-22T01:53:07.615Z,552514.243614,0,552514.243614,461588.453159,0,90925.790455,ok,ok,200,1,2026-08-05T02:45:48.432Z,
1852,xrpl,rpbXsEgxkbuTScJwCj4ZpgT1KXysozKwbN,true,0x7c932827bd96482ea58493d71d3d7d375c9b0e4d,1784661753514,2026-07-21T19:22:33.514Z,551478.0643730001,0,551478.0643730001,551478.0643730001,0,0,ok,ok,200,1,2026-08-05T02:45:48.640Z,
1855,xrpl,r35hziuoUSRm1Cju7RJHTNsDxvu2Ygg4FJ,true,0x3f0bf2350a9d2c0e976ca0749d13b732202468a6,1784639945378,2026-07-21T13:19:05.378Z,547681.0492,0,547681.0492,456500.86897199997,0,91180.18019,ok,ok,200,1,2026-08-05T02:45:49.262Z,
1863,xrpl,rGM3sEBbnwqPGka5Vt8yZ6xc97QmjYj1MH,true,0x0081f6ee480befebd70c7ef1ca8a4a23ed4573f2,1784669243405,2026-07-21T21:27:23.405Z,543270.113537,0,543270.113537,493881.92140000005,0,49388.192137,ok,ok,200,4,2026-08-05T02:46:24.061Z,
1864,xrpl,rLM9rmyMzMmSvakPicC5MYqPh3E1ZKZzXZ,true,0x1804eccd4317d3335420825cf77a43d7fc51db15,1784685289182,2026-07-22T01:54:49.182Z,543142.013549,0,543142.013549,481525.932196,13735.467984,47880.613369,ok,ok,200,3,2026-08-05T02:46:20.680Z,
1865,xrpl,rsG5G6ed8MELKHpLUmGAkAgbycv1QWiUqL,true,0x655cff3561f232939ac715e6a9782e9fb2cb7de9,1784710862175,2026-07-22T09:01:02.175Z,542904.442831999972,0,542904.442831999972,493549.493477999989,0,49354.949353999997,ok,ok,200,1,2026-08-05T02:46:20.900Z,
1866,xrpl,rQJPnK9yo4QvNTNVqCwDxXU5gJ2X5shM41,true,0xb5717b618669ca17e1cddcf593685b8848b062fc,1784667958345,2026-07-21T21:05:58.345Z,542610.00464800002,240669.66786800002,301940.33678,542610.00464800002,0,0,ok,ok,200,1,2026-08-05T02:46:21.113Z,
1868,xrpl,rDUiFaE9vSo1UgTgwN1289SWuk79JnbdF7,true,0x9e4ef7f50e8e2d449bd34732a98ef48cd301e3bd,1784724625655,2026-07-22T12:50:25.655Z,541531.5034,305441.1721,236090.3313,492301.36667900005,0,49230.1367,ok,ok,200,1,2026-08-05T02:46:21.553Z,
1870,xrpl,rGK53V3Ub2KkqBBiiw9SwbsaEUmRdGxCC5,true,0x624227ae1d072d03ae0361f6a71384dd92af80b4,1784708016229,2026-07-22T08:13:36.229Z,539977.873082,0,539977.873082,449981.56067499996,0,89996.312407,ok,ok,200,1,2026-08-05T02:46:21.995Z,
1871,xrpl,rM52au6QPRXv6EPVhpMJ4garcmLQszKF3F,true,0x932ffce32f2ade5ea3b2f65e2728c81a8cd59069,1784932854633,2026-07-24T22:40:54.633Z,539732.28857799992,0,539732.28857799992,503669.838727999944,0,36062.449850000005,ok,ok,200,1,2026-08-05T02:46:22.200Z,
1872,xrpl,r4Kmr9kXMAM85TRQpSG4DgYrN4ZDEX4gQ4,true,0xc0823f52ec14b9cb9ef559346150ef656c0e4dce,1785069765403,2026-07-26T12:42:45.403Z,539093.404487,0,539093.404487,539093.404487,0,0,ok,ok,200,1,2026-08-05T02:46:22.411Z,
1873,xrpl,rDC2WzqyB2XWa4vqaH3EhDZoC9vquGpnXt,true,0x9e5f54de2c34bbf332a64006bd127ec8b5188158,1785008767094,2026-07-25T19:46:07.094Z,538679.3906,388414.1914,150265.1992,538679.3906,0,0,ok,ok,200,1,2026-08-05T02:46:22.624Z,
1878,xrpl,rsJpXHLKpUUdejA7UsEmfAWt4x8KgDjrcP,true,0xcc8d8e99522a5940ef1d30d5eff21038159c28f1,1784674110307,2026-07-21T22:48:30.307Z,532757.146148,403826.898107,128930.248041,484324.678376,0,48432.467772,ok,ok,200,1,2026-08-05T02:46:24.262Z,
1883,xrpl,rGUYh5g6EDL8dnJtK95QTYY7s7MfXtLTE3,true,0x84b2e5c85f8d9992e7202e9048cbb013017c4c39,1784716996688,2026-07-22T10:43:16.688Z,528200.379571,0,528200.379571,480182.16323299997,0,48018.216338,ok,ok,200,1,2026-08-05T02:46:25.307Z,
1884,xrpl,rETBPC6haetZAo1VWRzeFyhg9V5RN8TxYf,true,0xe23815f3ab5ce66b31af2ec7312c0c6f3a7b6c3f,1785300301874,2026-07-29T04:45:01.874Z,527753.1302,527723.1435,29.986711,527753.1302,0,0,ok,ok,200,1,2026-08-05T02:46:25.488Z,
1887,xrpl,rabsrzovd2bc5iVvnVSmLbHKS94dTo11Q7,true,0x492ffae4ac84120671579c056a0e513988d7ab41,1784793067145,2026-07-23T07:51:07.145Z,526813.742499000044,0,526813.742499000044,526813.742499000044,0,0,ok,ok,200,1,2026-08-05T02:46:26.112Z,
1888,xrpl,rhzaRStEExpASLZFZD693NfafxhX6m6LTF,true,0x3559b7ed26b81c9c61a0a33f176e95906e53cae6,1784717732629,2026-07-22T10:55:32.629Z,526213.772387,0,526213.772387,526213.772387,0,0,ok,ok,200,1,2026-08-05T02:46:26.283Z,
1889,xrpl,rUL97RRRQoenvbSgTrJNWJdYPkYHu27PDx,true,0xd31075e5b0bed0b1ca581eedba846bccfa65e71f,1784690997297,2026-07-22T03:29:57.297Z,526188.870016000001,0,526188.870016000001,526188.870016000001,0,0,ok,ok,200,1,2026-08-05T02:46:26.511Z,
1891,xrpl,r9RWuzYz1zmmk6s2Z965Gda8ENVVHXA1HQ,true,0xe75a50183702365a6e19c139b47fe669c0870a15,1784985920267,2026-07-25T13:25:20.267Z,525302.1158,412431.7079,112870.4079,477547.37798099997,0,47754.73782,ok,ok,200,1,2026-08-05T02:46:26.915Z,
1893,xrpl,rpsRVav74tGgXoocLDN7mi1XGAiSGzUPip,true,0x7089c088f5ed7b0b6d00aa8c7e9205e971b1b81c,1784651918401,2026-07-21T16:38:38.401Z,523721.736219000013,75222.955424999993,448498.78079400002,523721.736219000013,0,0,ok,ok,200,1,2026-08-05T02:46:27.327Z,
1895,xrpl,rp934GzJjNeQWisbpDL3azrKSARxruy5QT,true,0xe8293940e80f8e358b7ad1443673f66f38c50f74,1784638916871,2026-07-21T13:01:56.871Z,523114.80072,0,523114.80072,5666.085698999988,517448.715021,0,ok,ok,200,1,2026-08-05T02:46:27.762Z,
1896,xrpl,rH7TtfcnHBSiBsVWjqocKHxT8DrQPn2y8Q,true,0x93fe43db40c997ae784143f060032db16293d93f,1785049724172,2026-07-26T07:08:44.172Z,522956.68633399998,285906.900817,237049.78551699998,522956.68633399998,0,0,ok,ok,200,1,2026-08-05T02:46:27.941Z,
1897,xrpl,rGVJh4FCcXD47rMAQ6kth3gKKk9acaSZW2,true,0x37d115899694c4a84dd44e33810ce053293a765e,1785339101593,2026-07-29T15:31:41.593Z,522643.201938,405075.28652,117567.915418,522643.201938,0,0,ok,ok,200,1,2026-08-05T02:46:28.194Z,
1899,xrpl,rJdZa5BcSBJiVJvYv9argdP24Vg8S9QGsz,true,0xfe86d0763c08fcebfcb1056b7f1f536c5481e787,1784811446577,2026-07-23T12:57:26.577Z,519925.214585,0,519925.214585,519925.214585,0,0,ok,ok,200,1,2026-08-05T02:46:28.638Z,
1901,xrpl,rK5F14VVr3tKiAWmcgQxvp4sBxq9Ng7H22,true,0x77c64271bed9c56409d207b9a615d49ed134f77f,1784642341727,2026-07-21T13:59:01.727Z,519339.66566,0,519339.66566,472126.968781,0,47212.696879,ok,ok,200,1,2026-08-05T02:46:28.951Z,
1902,xrpl,r45rfZihKhrgU3hbPQigBmmgaddjmAqBpU,true,0xa763344418f7d74751bd2ac3a12fc77ba9ca79c7,1784716301343,2026-07-22T10:31:41.343Z,518999.0792,353953.5172,165045.562,455242.10880199996,0,63756.9704,ok,ok,200,1,2026-08-05T02:46:29.165Z,
1906,xrpl,rnamkLw4PmdBqvfeYQ8pjfc18e9B8hhTFP,true,0x6b64586a728ddf24a29dcd56c5912c6b4a3488be,1784643794835,2026-07-21T14:23:14.835Z,516987.964691,0,516987.964691,431693.870668,0,85294.094023,ok,ok,200,1,2026-08-05T02:46:29.980Z,
1908,xrpl,r93rEvPuFA2pWfdWuz6TEnyA7iAbtyLGNm,true,0x72aae5643056f61f2ab4fcecd391f49184fd984c,1785345511632,2026-07-29T17:18:31.632Z,515840.19633399999,393083.161441,122757.03489299999,515840.19633399999,0,0,ok,ok,200,1,2026-08-05T02:46:30.444Z,
1909,xrpl,rKmDa3v1wv7DV9m8ZgHaUbYjY4bFE6Ln3d,true,0xea3d9fadd7004232eb16eab9382ab6de86e93df7,1784672921720,2026-07-21T22:28:41.720Z,515498.788722,0,515498.788722,515498.788722,0,0,ok,ok,200,1,2026-08-05T02:46:30.581Z,
1910,xrpl,rUUAMsNhSTZ5BGv9zTAkCCcWSj5n5AKu82,true,0x610eac1da5749ec06cc37d71289ac79e271852e9,1784697904357,2026-07-22T05:25:04.357Z,515148.784296000027,0,515148.784296000027,515148.784296000027,0,0,ok,ok,200,1,2026-08-05T02:46:30.783Z,
1913,xrpl,rpFBZFPxo3PGur7skNoW8HovNKFpjitXkH,true,0x51cb6950ed35beb7492709f7ef051f7b1b758874,1784769352853,2026-07-23T01:15:52.853Z,513154.840359000023,0,513154.840359000023,513154.840359000023,0,0,ok,ok,200,1,2026-08-05T02:46:31.387Z,
1914,xrpl,rGA1HGhquzUwwu256FGuApEaj7WYcgsvQn,true,0x78eb593cc4d8f63933f0d0f70b318defbc3ac706,1784911598040,2026-07-24T16:46:38.040Z,512417.54438,0,512417.54438,465865.27298799995,0,46552.271392,ok,ok,200,1,2026-08-05T02:46:31.598Z,
1916,xrpl,rhaBcc3r17unC4M8LN2SVPQboBQmHyS54y,true,0x35bb20d39c95f420ebec04ab236e7e9792b8f452,1784698663988,2026-07-22T05:37:43.988Z,511873.87892300004,212744.465964,299129.41295900004,489299.54985400007,5328.181688,17246.147381,ok,ok,200,1,2026-08-05T02:46:32.003Z,
1917,xrpl,rMjGKCxXJLTawJMRbLh9SD8RiaQ9z5trLf,true,0x0ae829b68c3701d02c228f1f313844bd00f2bd24,1784649095711,2026-07-21T15:51:35.711Z,509484.436976,0,509484.436976,509484.436976,0,0,ok,ok,200,1,2026-08-05T02:46:32.201Z,
1918,xrpl,rDF1d5DcQ6oAqkY3Asf6sKZ5js9VrfWB5,true,0x35324bc16774ff82ae06947215d6860c8a454a16,1784940000307,2026-07-25T00:40:00.307Z,507370.252629,353798.545288,153571.707341,507370.252629,0,0,ok,ok,200,1,2026-08-05T02:46:32.427Z,
1919,xrpl,rH1MRFVBpFUrWhB1RGoDjt8LA3B2fXzevQ,true,0x5162796312acce0c9aa5106602d7b9e69d86d282,1784684903139,2026-07-22T01:48:23.139Z,507263.896682,0,507263.896682,451247.196569,19168.107043,36848.59307,ok,ok,200,1,2026-08-05T02:46:32.622Z,
1920,xrpl,rKQPD261HLHvYAoiVxCqbM1satT8gQQwc4,true,0x1aa012b0e0740ff3d79313eb34ab286496a22f25,1785350762797,2026-07-29T18:46:02.797Z,507130.777103,507130.687269,0.089834,461027.97977099999999999,0,46102.797332,ok,ok,200,1,2026-08-05T02:46:32.830Z,
1921,xrpl,rH15iLZaPYBFTzQXRw7F73qwyN2vJm6jV4,true,0xeecb4d6e2d57c31f42c78a5091d5df5f9093d31b,1784651384104,2026-07-21T16:29:44.104Z,506632.752314,0,506632.752314,463784.16264299996,0,42848.589671,ok,ok,200,1,2026-08-05T02:46:33.021Z,
1922,xrpl,r3zzqMTRmaM9pQfEp8gXG9x5VnHAkkMcFb,true,0xcda309c57d53802b016805eb39dc2d6713168d86,1784646762099,2026-07-21T15:12:42.099Z,506627.924322,109.048342,506518.87598,506627.924322,0,0,ok,ok,200,1,2026-08-05T02:46:33.228Z,
1923,xrpl,rMTYs1JmFZDexX2yZaqphdXSehNnVaWz64,true,0x6b78dc24f59637de78692e7b3c974531bee1ca9d,1784636537434,2026-07-21T12:22:17.434Z,505650.502771,0,505650.502771,505650.502771,0,0,ok,ok,200,1,2026-08-05T02:46:33.422Z,
1926,xrpl,rKhAes9kVUYFYWcXgZPox4ojFoiEFC55W1,true,0x2300e6fb229652332f101255fdec3b2e58d050bc,1784710277052,2026-07-22T08:51:17.052Z,503217.020948,0,503217.020948,503217.020948,0,0,ok,ok,200,1,2026-08-05T02:46:34.035Z,
1928,xrpl,rsoJJbWeF5E83PjJWf1M1pFqpzJjatnVy6,true,0xd8c57a4050cdf09335bc84e08c4cf14930f71676,1784641073588,2026-07-21T13:37:53.588Z,502531.527887,0,502531.527887,418776.27324999997,0,83755.254637,ok,ok,200,1,2026-08-05T02:46:34.428Z,
1930,xrpl,raUGxJjDUhkSR9qoNgmkHRHpQWtTYBWZqb,true,0x9fc36f3ca854a358640bf326bc0ffc688dcb83d0,1784643055819,2026-07-21T14:10:55.819Z,502221.093873000005,0,502221.093873000005,465145.416124999989,0,37075.677748000002,ok,ok,200,1,2026-08-05T02:46:34.845Z,
1932,xrpl,rPqPZgpAg4xPWxPAwvRb8eB64DnBLo6nAU,true,0x9b503359fdc6f06758338f09d4fab352533d69c4,1784650346324,2026-07-21T16:12:26.324Z,500718.506941,500715.684623,2.822318,500718.506941,0,0,ok,ok,200,1,2026-08-05T02:46:35.262Z,
1933,xrpl,r6Bno5599hYf43ei1dvXakxzyYsPafzSo,true,0x629611919b75b5f616d82fefae026f2c306cb031,1784643923907,2026-07-21T14:25:23.907Z,500435.5096,0,500435.5096,425330.5434,0,75104.96618,ok,ok,200,1,2026-08-05T02:46:35.467Z,
1934,xrpl,rsRDDagimxFNfJyGcEEmrVmRKLHs4wxvbj,true,0xd5ab7ef8d4aefedb4711d90f51c23494d47640b9,1784684445593,2026-07-22T01:40:45.593Z,500247.440212999994,0,500247.440212999994,419383.743982999993,47624.404225999999,33239.292004000003,ok,ok,200,1,2026-08-05T02:46:35.663Z,
1936,xrpl,rUAXG2iadrNCXXqfpy2QwUet3GjiP9BfQu,true,0x44fd08537a964e5709f4fc740c092271bd57c30d,1784643639747,2026-07-21T14:20:39.747Z,499518.164546000015,0,499518.164546000015,461318.861537999997,0,38199.303008000003,ok,ok,200,1,2026-08-05T02:46:36.062Z,
1937,xrpl,rJ7TcoiXgwyduMnUjoP4vjGbyyQ4mMEekS,true,0xda44d8268c23fb4dc36fb8f20a43115c79c5c79e,1784640251661,2026-07-21T13:24:11.661Z,499134.328745,0,499134.328745,416078.533521,0,83055.795224,ok,ok,200,1,2026-08-05T02:46:36.258Z,
1938,xrpl,rPwUPQJ7PAAbPgoER3qvfVKPsiYaxNtGmu,true,0x44fd08537a964e5709f4fc740c092271bd57c30d,1784643283361,2026-07-21T14:14:43.361Z,499080.68325,0,499080.68325,460921.152467,0,38159.530783,ok,ok,200,1,2026-08-05T02:46:36.462Z,
1940,ethereum,0x0d2aaaa57022755f35a74007b02322973c705654,true,0x0d2aaaa57022755f35a74007b02322973c705654,1784643067846,2026-07-21T14:11:07.846Z,498042.7681,0,498042.7681,415035.6401,0,83007.12802,ok,ok,200,1,2026-08-05T02:46:36.850Z,
1943,xrpl,rNdHBZVRmBs4B38tujZmmb7XnrRcfZVDTr,true,0x0dd58b97e933fa550ee0899e1c08896c2885ee64,1784691304258,2026-07-22T03:35:04.258Z,496594.913806,420899.640879,75695.272927,496594.913806,0,0,ok,ok,200,1,2026-08-05T02:46:37.462Z,
1945,xrpl,rCXyJx31AbksPaJ6o1iCsWfqQYXu89dRu,true,0x9ccab9cfb3912a4289c5bbea1ab02c6512e97ab3,1784639301849,2026-07-21T13:08:21.849Z,492221.5214,0,492221.5214,425161.3029,32882.3822,34177.83633,ok,ok,200,1,2026-08-05T02:46:37.881Z,
1946,xrpl,rE1PNw5EnB8iLfdXx2L9tPWACHgHZsfZW5,true,0xddf79dd76ec2cf8be437d8717a36b9d10c429c23,1784644133327,2026-07-21T14:28:53.327Z,491819.3099,0,491819.3099,491819.3099,0,0,ok,ok,200,1,2026-08-05T02:46:38.093Z,
1947,xrpl,rLycNKquE4r41FUMQmSbk2pvnGodZT3vrA,true,0xa668b1c3f8a910ab15635552e62be010f6957335,1784805498006,2026-07-23T11:18:18.006Z,491557.668671,0,491557.668671,491557.668671,0,0,ok,ok,200,1,2026-08-05T02:46:38.316Z,
1949,xrpl,rDhBUECLAdnPZvKw2SA4iHtUbixp9bvFdn,true,0xe7d6670fa49c8a382ae22cb8ca9385b85dac8e23,1784970567899,2026-07-25T09:09:27.899Z,490284.856953,0,490284.856953,490284.856953,0,0,ok,ok,200,1,2026-08-05T02:46:38.702Z,
1950,xrpl,rpSZzwHh5H5d233XMkyQzNTu1BaS5u1cda,true,0xac22c4b8b245ba044eb04309ea3b4b7c18179f94,1784640587490,2026-07-21T13:29:47.490Z,489723.813698,0,489723.813698,449164.24481199996,0,40559.568886,ok,ok,200,1,2026-08-05T02:46:38.896Z,
1951,xrpl,rNnQ1VJyMFB6nsyMS1DAydGgnc82ECN7bh,true,0xce58e12b49c4c983f8448141a37d8efd4574285a,1784674150527,2026-07-21T22:49:10.527Z,489082.20305,51107.055806,437975.147244,444620.184564,0,44462.018486,ok,ok,200,1,2026-08-05T02:46:39.087Z,
1954,xrpl,rPoLN335ztY8ioAb782XCE7Bz7bwmDfaSa,true,0xb76211cb80513f9157a827b2b243a10b8b500ba6,1784863557283,2026-07-24T03:25:57.283Z,487738.17926,0,487738.17926,487738.17926,0,0,ok,ok,200,1,2026-08-05T02:46:39.699Z,
1958,xrpl,rJVJ6cg2Ni5a6EbQfmu6m43HyP6XNdtTox,true,0xbfa13fb39fcf3a0397dde6a616b0b1350f02673f,1784656678427,2026-07-21T17:57:58.427Z,485815.12088,43675.919513,442139.201367,445163.487979,1793.847496,38857.785405,ok,ok,200,1,2026-08-05T02:46:40.500Z,
1959,xrpl,raAi7K63zyVKwM6BXSab7uQu5TRGujAswN,true,0x4882e88e7bccad480e812be4fa49c759199611fa,1784740293091,2026-07-22T17:11:33.091Z,485440.419637000014,388772.327440000023,96668.092197000005,485440.419637000014,0,0,ok,ok,200,1,2026-08-05T02:46:40.704Z,
1960,xrpl,rEd7e31S7aGiWUoEuFnYcRE54JvGmW9mmH,true,0x3002eb210b4b802cf8a1fbc04ba905a8860057cd,1784644466742,2026-07-21T14:34:26.742Z,484705.825758,0,484705.825758,403938.20284600003,0,80767.622912,ok,ok,200,1,2026-08-05T02:46:40.910Z,
1962,xrpl,rsYadCUkyzkwBEAuuqHYx7uid3WQbW3aTp,true,0xe918ba5cdf1c7b440cbb793cbc3203ed6099862b,1784677983294,2026-07-21T23:53:03.294Z,483849.203659,0,483849.203659,483849.203659,0,0,ok,ok,200,1,2026-08-05T02:46:41.320Z,
1964,xrpl,rPR68H2QYVqRqT6jVNexbB1zgqgho4k86r,true,0xa60930e5f60eb9ec7f0727b59c18836309ae72aa,1784675652482,2026-07-21T23:14:12.482Z,482167.77273900004,0,482167.77273900004,440628.11616200005,0,41539.656577,ok,ok,200,1,2026-08-05T02:46:41.721Z,
1969,xrpl,rH5fFfhJKmQH2ECXw4ySbV1iJdnzuSa7ip,true,0xa3f54f260764361bf52d4e61a121c9c754fedd57,1784710808850,2026-07-22T09:00:08.850Z,480653.745225,0,480653.745225,480653.745225,0,0,ok,ok,200,1,2026-08-05T02:46:42.748Z,
1972,xrpl,rsniUsn9rqyySTyWCbwYt4H3HD3uDcTfp2,true,0x0e672beb2bf390879ba8e0de867488b205f04b9b,1784769114274,2026-07-23T01:11:54.274Z,477541.174734,374842.787882,102698.386852,477541.174734,0,0,ok,ok,200,1,2026-08-05T02:46:43.350Z,
1975,xrpl,rJD4P5LF4PBqBSfXuj7Ef9MnV8uQpaks6A,true,0x412ab658d098b9c058c48c2b88802619248e74f5,1784641477472,2026-07-21T13:44:37.472Z,477190.639485,0,477190.639485,433809.672292,0,43380.967193,ok,ok,200,1,2026-08-05T02:46:43.952Z,
1977,xrpl,rPB36z1mdJmHMZ4yRDpSVonKt4bcvX34mR,true,0x03656ebf86cba2d4ed4c93e698fb59f861ecacfe,1785163868279,2026-07-27T14:51:08.279Z,476161.701771,346090.012905,130071.688866,476161.701771,0,0,ok,ok,200,1,2026-08-05T02:46:44.385Z,
1980,xrpl,rJnQdCH5BSEqnw11HWHuEa7cyedMRfA99V,true,0x7d8c0113d5b84b70d6d4968da21cc1ce40cd67dd,1784643157294,2026-07-21T14:12:37.294Z,474173.428862,0,474173.428862,474173.428862,0,0,ok,ok,200,1,2026-08-05T02:46:44.988Z,
1986,xrpl,rJDY85wb4WFTTZRt448tWA8MJbZvU77UTG,true,0xc4bad4b6c17a053696e60f7d5a30cdf4ea34fb92,1785067341023,2026-07-26T12:02:21.023Z,471167.103621,0,471167.103621,471167.103621,0,0,ok,ok,200,5,2026-08-05T02:47:26.034Z,
1988,xrpl,rhzQY7tJcLuNbA7dYAAH28S71RX6ggkime,true,0xc7bce6ffd4d305132632807b1d6021c6c0b6cfdd,1784638090465,2026-07-21T12:48:10.465Z,467990.744128,0,467990.744128,467990.744128,0,0,ok,ok,200,5,2026-08-05T02:47:26.419Z,
1989,xrpl,rJTzZwnCSDfq8qht1reMXQihZCS15Hrnkn,true,0x9e0d2c07a4e2aa382c95ca2f62a85b4b23f0e2e9,1784638716808,2026-07-21T12:58:36.808Z,466970.591519,0,466970.591519,435838.595178,0,31131.996341,ok,ok,200,1,2026-08-05T02:47:25.155Z,
1990,xrpl,rJsTqAeAzmxLAoTgCN1tZ3paJudshv5TaA,true,0xbccfbacce2bbe64eebaa3c1cb2dbd9b5c58aa64a,1784678523555,2026-07-22T00:02:03.555Z,466143.085213,0,466143.085213,466143.085213,0,0,ok,ok,200,1,2026-08-05T02:47:25.386Z,
1993,xrpl,rNjZfJea2idbibgWt1xvNkkDmn8gBjHbZG,true,0xf26e4322e1cf9b7385e600afccc6f5fb850dfea9,1784680857171,2026-07-22T00:40:57.171Z,463324.61985399999,0,463324.61985399999,463324.61985399999,0,0,ok,ok,200,1,2026-08-05T02:47:26.611Z,
1994,xrpl,rEF56iWcurh4Jfi4gzY4dYA1NUrgnzmj2P,true,0x7671d980e9bb50b4565e08b93759b023121c7490,1784679667930,2026-07-22T00:21:07.930Z,462781.6623,0,462781.6623,424968.50294700003,0,37813.15937,ok,ok,200,1,2026-08-05T02:47:26.820Z,
1997,xrpl,rM53gbUbLQP2KqWpAFdtxCVhGQMJd2UGtH,true,0x71daf98cb4701a13bbd9c385d20cdb6c3e9d5ca8,1785016712568,2026-07-25T21:58:32.568Z,460249.335483999981,0,460249.335483999981,391686.605336999986,31430.31063,37132.419517000002,ok,ok,200,1,2026-08-05T02:47:27.424Z,
1999,xrpl,rPWc18wBd3BAJZqAmwLphz3XicQUQP9WGG,true,0x78a9b16786f334c468e967f2a017023ee0acbd72,1784916316404,2026-07-24T18:05:16.404Z,459933.239101,253414.873906,206518.365195,459933.239101,0,0,ok,ok,200,1,2026-08-05T02:47:27.832Z,
2000,xrpl,r5DcEnh2TakjpDnRXuRJcJwu2TdJEftrK,true,0xac75d38f6d32ca3566ac6c9b3a0a8932298492e4,1784693462046,2026-07-22T04:11:02.046Z,459250.8511,239981.8045,219269.0466,417500.77375399998,0,41750.07736,ok,ok,200,1,2026-08-05T02:47:28.035Z,
2006,xrpl,rD2KK6KoUG7S6y8owPMSaoyMAprfFKFKWU,true,0x5702a1fa2795384d4ff404a92f1716496d165161,1784684823914,2026-07-22T01:47:03.914Z,457626.5251,0,457626.5251,381355.4375,0,76271.08753,ok,ok,200,1,2026-08-05T02:47:29.263Z,
2007,xrpl,rGjCm6k7ACGeA3XemXE41burAL1zi6ymLf,true,0x6f738cab979a02cecb2ea00cf0dd2235b782d285,1784697606033,2026-07-22T05:20:06.033Z,457535.724918,0,457535.724918,457535.724918,0,0,ok,ok,200,1,2026-08-05T02:47:29.453Z,
2009,xrpl,r3jHwU7xht1oH2suoj1PP31CUUUQdRaWBR,true,0x7dd832b337ea8b6f3ea570fab52664c66f73b4a0,1784651967495,2026-07-21T16:39:27.495Z,455994.4123,0,455994.4123,455994.4123,0,0,ok,ok,200,1,2026-08-05T02:47:29.851Z,
2014,xrpl,rpPMZsZS8NGu5imbHFsSe7z4jJrNXp4Lhc,true,0xd865ec4ddfb2eade19c4e1226dc1d516ecaef05e,1785135967400,2026-07-27T07:06:07.400Z,454334.966664,0,454334.966664,454334.966664,0,0,ok,ok,200,1,2026-08-05T02:47:30.875Z,
2015,xrpl,rwMGfYoN3sMB59GoY1ACQAnCLK6XH36Uk7,true,0xe7f78420327964dfa05399e58429e89ae8bc722e,1784643004570,2026-07-21T14:10:04.570Z,453722.208307,0,453722.208307,412474.73482899996,0,41247.473478,ok,ok,200,1,2026-08-05T02:47:31.069Z,
2016,xrpl,rPpWVZXCWX56tcxhh1asP6kKYfC7b1sBf,true,0xbdcc98c93af33b4a7ef3b5ef24224443c0bb9ac6,1785013675548,2026-07-25T21:07:55.548Z,453428.073405,0,453428.073405,431131.80105099996,0,22296.272354,ok,ok,200,1,2026-08-05T02:47:31.275Z,
2017,xrpl,rUT5MPbbmVHtbgeoq8RU3DEQ3HGDo6LMVM,true,0x190a913f028c502036ed65ee9afb7b77bfbf0989,1784788758959,2026-07-23T06:39:18.959Z,453364.34646,0,453364.34646,412149.405895,0,41214.940565,ok,ok,200,1,2026-08-05T02:47:31.479Z,
2019,xrpl,rEBsvkWxKoifefctkJDp3amLkCbjcwfutf,true,0x5ab06bd9453028c553d7203ef612b1200ff34fa2,1784992184373,2026-07-25T15:09:44.373Z,453040.0614,351018.6846,102021.3768,453040.0614,0,0,ok,ok,200,1,2026-08-05T02:47:31.881Z,
2020,xrpl,rpCLfQ3jDGiR2idyKvH8yWskAsKEHkziMj,true,0x3c8fc00122e2c54e0ec24055b88fa35d03a23cfa,1784726665370,2026-07-22T13:24:25.370Z,452574.048538,0,452574.048538,419344.54442299996,0,33229.504115,ok,ok,200,1,2026-08-05T02:47:32.090Z,
2021,xrpl,rK6E7BHE4EPoR68hQ1Z39NuGxQ7TfS172G,true,0xd9faae28c0d3b09ac229226dc9736dbfb08ee029,1784700785876,2026-07-22T06:13:05.876Z,452291.182027,0,452291.182027,377059.309777,0,75231.87225,ok,ok,200,1,2026-08-05T02:47:32.284Z,
2022,xrpl,rhdYraSovWk6hHyZQ6r98M1jiXcM7WZzkj,true,0xda41a539d1ab2a064812991c900882f4796b0af3,1784643689067,2026-07-21T14:21:29.067Z,451835.987957999983,0,451835.987957999983,376558.320224999974,0,75277.667732999995,ok,ok,200,1,2026-08-05T02:47:32.514Z,
2024,xrpl,rafGaGsYgihyghVkiFG33XTvaXFGdMyuN1,true,0xba725cfba981709e8a9cb2c169d11d687517d76c,1784636566951,2026-07-21T12:22:46.951Z,451439.08804,225240.087766,226199.000274,451438.594523,0.493517,0,ok,ok,200,1,2026-08-05T02:47:32.918Z,
2028,xrpl,rhwjn65RQky2sYJB7LoAxVSLrxRBDniMN3,true,0xbcf76cbfcfb68fb95c6c92d6dae668aea05846f2,1785157170393,2026-07-27T12:59:30.393Z,448441.426639000012,223624.279937000014,224817.146701999998,407674.024242999963,0,40767.402396000005,ok,ok,200,1,2026-08-05T02:47:33.718Z,
2030,xrpl,rGJEnNqzatkS12mQEY787iXek9WH8RA1HW,true,0xd6757d5176f5972ca35ffd1787bca62a8cfe5e61,1784688926059,2026-07-22T02:55:26.059Z,447491.480652,0,447491.480652,447491.480652,0,0,ok,ok,200,1,2026-08-05T02:47:34.121Z,
2031,xrpl,rMZqwozVU7BZEqr62oS9m3iyY74TSiW7sG,true,0x73c31560107a7fb424ed5dae505d581de22f16d6,1784808470112,2026-07-23T12:07:50.112Z,447464.528871,320686.188183,126778.340688,447464.528871,0,0,ok,ok,200,1,2026-08-05T02:47:34.307Z,
2033,xrpl,r3MfY5JVjqVEFSukvPH9tzyin7CdiNxMaT,true,0x66a9f698d4a7771772a6308812a9cc55c3180918,1784815567653,2026-07-23T14:06:07.653Z,445950.797681,0,445950.797681,445950.797681,0,0,ok,ok,200,1,2026-08-05T02:47:34.734Z,
2038,xrpl,rftEfXZvT1CqgTQkvKvEXuwB5UURuRSTwb,true,0xb9650dfb01333d32613382c33fd81e0b2d181a6c,1784727658781,2026-07-22T13:40:58.781Z,443103.979122999997,0,443103.979122999997,402821.799195999978,0,40282.179926999997,ok,ok,200,1,2026-08-05T02:47:35.768Z,
2042,xrpl,rf7njUa1k8H5s3rxw9D1HytDgWxDA9qKGo,true,0x3a3fb59fc842af5fab91280bb84484b22d70c4ac,1784665332380,2026-07-21T20:22:12.380Z,441500.241601000016,0,441500.241601000016,368664.082299000002,0,72836.159302,ok,ok,200,1,2026-08-05T02:47:36.557Z,
2045,xrpl,rHV6ZAymFf9BQHaLmcWH5bZJk3fXmsQ83N,true,0x9853182ee68de34b44fa90d4730c8cbf735afbbe,1784713885216,2026-07-22T09:51:25.216Z,440989.264098,0,440989.264098,369655.820093,0,71333.444005,ok,ok,200,1,2026-08-05T02:47:37.195Z,
2047,xrpl,r36GKUWDsXv4hyeAbCzMUELSEVwLveEjBe,true,0x17da8cbd21fb21861ed547cae20f861de6ea37b8,1784712277091,2026-07-22T09:24:37.091Z,440040.4553,0,440040.4553,440040.4553,0,0,ok,ok,200,1,2026-08-05T02:47:37.577Z,
2052,xrpl,rEd2GF5ceZKTnXQgBdqBiXQPi2WnLZb2ts,true,0x0370159649aa2d18be02a3beb7d6beee9ce6136b,1784688824539,2026-07-22T02:53:44.539Z,436704.265003,214541.198897,222163.066106,436704.265003,0,0,ok,ok,200,1,2026-08-05T02:47:38.603Z,
2054,xrpl,rwE31oGkzvUujJuhp2fYH4s9S2tfKing3s,true,0x87575d95f59b8d018d2cd3ea8ef6550e508fcfef,1784641035542,2026-07-21T13:37:15.542Z,436600.778115,0,436600.778115,363833.980967,0,72766.797148,ok,ok,200,1,2026-08-05T02:47:38.997Z,
2055,xrpl,rJze8V6ykGmrJcpfKC99p1FS3P8rJiZQ71,true,0x41fa4dbe826d316ddcdb99fa17592b1dba80352d,1784786950569,2026-07-23T06:09:10.569Z,435949.033606,0,435949.033606,435949.033606,0,0,ok,ok,200,1,2026-08-05T02:47:39.198Z,
2057,xrpl,rLShwm5kKXcT4HmzYsXgvWdfiWubaBMC1J,true,0xd4aad4e868e8d1b5744857449ea0a56ee9087063,1784735206951,2026-07-22T15:46:46.951Z,435051.646210000035,183633.349286000011,251418.296923999995,435051.646210000035,0,0,ok,ok,200,1,2026-08-05T02:47:39.595Z,
2059,xrpl,rsrBbxkVH4AMGbMJqstZ4d7WKG1sXaxny2,true,0x5918300a949e3853279a71f2626ba2b567ab139e,1784976636983,2026-07-25T10:50:36.983Z,434810.208881,235618.910596,199191.298285,395577.535873,0,39232.673008,ok,ok,200,1,2026-08-05T02:47:40.014Z,
2062,xrpl,rhf5C2Twb3CC3QFLCek9MSiJts31vLADjH,true,0xdbf049b470e7cdb1bfc19d9ca15b1c8c1128aa20,1784639716017,2026-07-21T13:15:16.017Z,432735.717617,0,432735.717617,199855.866362,193628.435608,39251.415647,ok,ok,200,1,2026-08-05T02:47:40.609Z,
2063,xrpl,rKjKfWJkCDHvppDR6xCP7JjKDkXD4ZcLKp,true,0xad9a7d2c89f51f9ff9966792beb6623f96f6e110,1784638676090,2026-07-21T12:57:56.090Z,432605.538814,0,432605.538814,432605.538814,0,0,ok,ok,200,1,2026-08-05T02:47:40.800Z,
2064,xrpl,rPZ2oMoTkzQFPW2ugevxBudpogqqUJcagk,true,0xa2e4ee0447b753252b177200673db9650879161a,1784689294744,2026-07-22T03:01:34.744Z,432597.442385,213234.110871,219363.331514,393270.40221200002,0,39327.040173,ok,ok,200,1,2026-08-05T02:47:41.006Z,
2065,xrpl,rsVvoWWfUK12WNgf4PcwMHmcYxFd8HRAwq,true,0x0e9cde4d8f0447018fdfcd136daaffcb51e38dc0,1784639999992,2026-07-21T13:19:59.992Z,432596.807394,0,432596.807394,360497.339507,0,72099.467887,ok,ok,200,1,2026-08-05T02:47:41.222Z,
2067,xrpl,rfEgQUbbikqwjNGSEwBmK1sqjvnnzDn3aQ,true,0x7af9663a6f1bf7c173255801088015fcbb875cf3,1784640488280,2026-07-21T13:28:08.280Z,431371.59905,266154.120718,165217.478332,431371.59905,0,0,ok,ok,200,1,2026-08-05T02:47:41.636Z,
2070,xrpl,r9GjD5rQhqZHcg6EaDyZvYfwcxkiGoRhPj,true,0x6f0d30ee2bc8d381eefc23d5149fc9eee268321b,1784636651510,2026-07-21T12:24:11.510Z,429535.3952,418676.8297,10858.56543,384482.3489,19458.34562,25594.70064,ok,ok,200,1,2026-08-05T02:47:42.226Z,
2072,xrpl,rwiF7Eaxn5WxWnvteB9xUYkTUfKKvFeK2u,true,0x39c365bd3adc81c8a129800c697bc265657372bc,1784988893106,2026-07-25T14:14:53.106Z,428862.761665,326887.722498,101975.039167,428862.761665,0,0,ok,ok,200,1,2026-08-05T02:47:42.625Z,
2073,xrpl,rpiv5ArwbhkYRRTYW1CeBuKDVyX8uLZGgh,true,0xd8e6200bb0239c1c743d89e06a90b4e22b574f07,1784780359579,2026-07-23T04:19:19.579Z,427869.634803,16196.856852,411672.777951,388972.395276,0,38897.239527,ok,ok,200,1,2026-08-05T02:47:42.817Z,
2077,xrpl,rE5bWKvNRTpT1mowEKu5SxBx2V9F3nNbyD,true,0xba6e7602f384dbb1eba387deead52430e8206cc8,1785014639159,2026-07-25T21:23:59.159Z,424720.3898,321521.0245,103199.3653,424720.3898,0,0,ok,ok,200,1,2026-08-05T02:47:43.647Z,
2078,xrpl,r7dSMyW4VmqCkAJHyVgh31qdbNDuib3gi,true,0x8e2f8250f7f96f58c32479f5abd815137d37739f,1784833796991,2026-07-23T19:09:56.991Z,424705.334,424635.8675,69.466454,386269.864,0,38435.46999,ok,ok,200,1,2026-08-05T02:47:43.852Z,
2083,xrpl,r846fryxV2CPzHWueP9kwnmbZnPuHisRu,true,0x324ec3f8bdf883122e2a8d495ba9e68d9aa5bdea,1785157509861,2026-07-27T13:05:09.861Z,422413.9347,246624.8697,175789.0651,405636.91372800002,0,16777.02102,ok,ok,200,1,2026-08-05T02:47:44.856Z,
2084,xrpl,rQJ5BeyUvVrLmESPiJ9jZvmS2QPPcQ4tq7,true,0xe23b2d15178694f6191f9fb383c4ab59ea12a5ea,1784648352370,2026-07-21T15:39:12.370Z,421470.920832,0,421470.920832,384122.18616299995,0,37348.734669,ok,ok,200,1,2026-08-05T02:47:45.059Z,
2086,xrpl,rHVEeAMhKiZT3dDn7mFuvyEftZJ41aXF7h,true,0x2d170d77bf8535db59b22b920d4b28236395927c,1785088846976,2026-07-26T18:00:46.976Z,421231.784727,275063.722704,146168.062023,421231.784727,0,0,ok,ok,200,1,2026-08-05T02:47:45.469Z,
2087,xrpl,rMLS3NPumjm8k9Qou6rttp1KSMtBWakzdC,true,0x08ebaacaa5aaa4f0f02e937823b38882816167e6,1784896948060,2026-07-24T12:42:28.060Z,420972.570631,278245.151579,142727.419052,420972.570631,0,0,ok,ok,200,1,2026-08-05T02:47:45.663Z,
2089,xrpl,rHY3Egk52faQdUtYi5aQjC4xfkZXmUEsjB,true,0xaa8bc607422273b242d7c5929c8d0fafa6c2e61e,1784695705925,2026-07-22T04:48:25.925Z,420894.724291,0,420894.724291,350745.603582,0,70149.120709,ok,ok,200,1,2026-08-05T02:47:46.051Z,
2091,xrpl,rwPQk1jnjvsMp24aq3RcpwKcfNztXTYjJK,true,0xdd8abe31e48085e9e15fd64326ccf88cdf8c1f82,1784740364291,2026-07-22T17:12:44.291Z,418788.440046,154072.904606,264715.53544,389885.80276500002,0,28902.637281,ok,ok,200,1,2026-08-05T02:47:46.464Z,
2093,ethereum,0xf0ebdf7783bd9a18d7b87de00fb28c6558931533,true,0xf0ebdf7783bd9a18d7b87de00fb28c6558931533,1784649662683,2026-07-21T16:01:02.683Z,415721.9289,0,415721.9289,297721.92445299996,58455.61954,59544.3849,ok,ok,200,1,2026-08-05T02:47:46.890Z,
2094,xrpl,rJ6zLmZoFcDqUxycejfEKtWEBEPu5nND4T,true,0xfaaf932dc20918e6f81856bcb19647f3e91c477b,1784639894437,2026-07-21T13:18:14.437Z,415650.513713,124082.079185,291568.434528,415650.513713,0,0,ok,ok,200,1,2026-08-05T02:47:47.091Z,
2095,xrpl,r9pbEaG28pHqgkqtLcWqXjBTPzRkQ5MdmT,true,0x28f70a3198a3e17a70294cfe383c7c4d7489e95b,1784719787191,2026-07-22T11:29:47.191Z,415495.779517,0,415495.779517,415495.779517,0,0,ok,ok,200,1,2026-08-05T02:47:47.279Z,
2097,xrpl,rNL5wgoyFWqy3igXCeHeqHyoK9Fw1tgTbW,true,0x5ff2450e93a3c8f7a1987c1ff1b9316e43e2af34,1784648256232,2026-07-21T15:37:36.232Z,413526.583746,0,413526.583746,413526.583746,0,0,ok,ok,200,1,2026-08-05T02:47:47.695Z,
2099,xrpl,rL7XU91bSD9XcyM8sGKrXnqs8gwNghz1zD,true,0x56e085683e5d1dc86c503edfa432d6b2835e51e6,1784807748912,2026-07-23T11:55:48.912Z,413483.171573,0,413483.171573,375893.79834200005,0,37589.373231,ok,ok,200,1,2026-08-05T02:47:48.128Z,
2100,xrpl,rB8tmteBUuZKHzV8EgXaLvwAhRLJgEenfu,true,0x6f23dc9cdf96a72cd3633a2db7c65a1a59acf17b,1785241572868,2026-07-28T12:26:12.868Z,413239.313713,238958.986778,174280.326935,375672.10339199996,0,37567.210321,ok,ok,200,1,2026-08-05T02:47:48.311Z,
2103,xrpl,r4XhSeRcxrLKhrABTeK3ZjAtyx9KLJFfCC,true,0x3c44a15e42081f5a40df06b69d0bfb5731363c0a,1784647851187,2026-07-21T15:30:51.187Z,412843.1379,0,412843.1379,333863.8853,15605.01208,63374.24052,ok,ok,200,1,2026-08-05T02:47:48.908Z,
2109,xrpl,rGX7stb97WKa2XCDMwp6Spi2qosayYQxB,true,0x139b62491955c638629b8285c66b5d11007f9877,1784643422059,2026-07-21T14:17:02.059Z,408318.097916,172098.228966,236219.86895,408318.097916,0,0,ok,ok,200,4,2026-08-05T02:48:22.748Z,
2114,xrpl,rscdNnSppRF8rHtHBjEfnEVU2h7M5ZxUnD,true,0xf380e19a9153490c5ee29b451acca5582cc53b39,1784724705354,2026-07-22T12:51:45.354Z,405926.958466999989,0,405926.958466999989,365969.218393999967,3360.818257,36596.921816000002,ok,ok,200,1,2026-08-05T02:48:23.390Z,
2116,xrpl,rpasBLb3YkLyMv2bSVN9BPLAVVWJcsNvAY,true,0x9f6cf55e169d12c457fca7e9e9248c6fb8eea184,1784786874633,2026-07-23T06:07:54.633Z,405199.278918,0,405199.278918,405199.278918,0,0,ok,ok,200,1,2026-08-05T02:48:24.020Z,
2120,ethereum,0x6a553ad3c49e2fb7d745f04599ecd47cfc1b3c2a,true,0x6a553ad3c49e2fb7d745f04599ecd47cfc1b3c2a,1784641263987,2026-07-21T13:41:03.987Z,404118.8099,0,404118.8099,404118.8099,0,0,ok,ok,200,1,2026-08-05T02:48:24.991Z,
2121,xrpl,rhDZUYYtJ16v3kTy41gp7kceV1eVodrpFD,true,0x298bb56ce230b7634c0e63e6768140aa33c442f7,1784691870967,2026-07-22T03:44:30.967Z,404105.416226000001,0,404105.416226000001,404105.416226000001,0,0,ok,ok,200,1,2026-08-05T02:48:25.218Z,
2122,xrpl,r3W7XtfsTp4gw7uDhM23JsL7RYXndTsaTn,true,0xc5c555a4e18a377fab2ce1e6639dfc5f986db2c9,1784683429097,2026-07-22T01:23:49.097Z,403961.862766,0,403961.862766,403961.862766,0,0,ok,ok,200,1,2026-08-05T02:48:25.447Z,
2124,xrpl,r4dXtkJQntfnRwDgjMjc8B2WfsmuScDFTW,true,0x3c04d34826c973bdb8fe976907113a30860f05c8,1784639719138,2026-07-21T13:15:19.138Z,402843.185825,344104.84433,58738.341495,402843.185825,0,0,ok,ok,200,1,2026-08-05T02:48:25.828Z,
2126,xrpl,rE9ji6YDTxdx9f1xi8c3yzGkKjSvpRafsV,true,0xcf5981880c4c26d5cbf51897ee5587c950d70d5e,1784640208542,2026-07-21T13:23:28.542Z,402604.9521,0,402604.9521,335835.6715,33385.61641,33383.6642,ok,ok,200,1,2026-08-05T02:48:26.235Z,
2127,xrpl,rBhLqiaxjuEw3fe9rHuJT6SDfJycBmj9YZ,true,0x5ffdf87b7449c02de3410fe77e8fc144b68a4435,1784962163863,2026-07-25T06:49:23.863Z,401960.9336,0,401960.9336,401960.9336,0,0,ok,ok,200,1,2026-08-05T02:48:26.432Z,
2130,xrpl,rH7gPbQnj2sZ7i3AQgQ9dGgC49UpuPdbB7,true,0xe740bda977ad09a5268fb1312430dbf7fa2f5fd7,1784874070597,2026-07-24T06:21:10.597Z,400880.830692,10365.786201,390515.044491,400880.830692,0,0,ok,ok,200,1,2026-08-05T02:48:27.033Z,
2132,xrpl,r4E2E9BBqnFfmHjEhMd6QpDR7t6ZKXPGFn,true,0x3c4809cea1528295071efe7069dab8dd613400dd,1784640488984,2026-07-21T13:28:08.984Z,400625.4543,0,400625.4543,333856.1737,33383.6642,33385.61641,ok,ok,200,1,2026-08-05T02:48:27.448Z,
2135,xrpl,rMw3aJdX61AQDVebDJ7hsZiHq5pUUSLv7h,true,0x9fbd13bc36b984fefb96c74435821e40a104bf8b,1784641570270,2026-07-21T13:46:10.270Z,399330.571658,0,399330.571658,361480.860737,1701.62486,36148.086061,ok,ok,200,1,2026-08-05T02:48:28.078Z,
2136,xrpl,rUZojYZ2vamRiVFHWS9WX7QqqYSrj6x7gn,true,0x38277d5b0e8b3dc42129632e30ba1f02c2bb05db,1784703103275,2026-07-22T06:51:43.275Z,399218.114295,224957.408281,174260.706014,399218.114295,0,0,ok,ok,200,1,2026-08-05T02:48:28.278Z,
2138,xrpl,rpUmhkgL8QgL2sn2D9BJUayve6NSh75jPb,true,0xe7e72c7357335180fe8d1747bd2cf3383570ce6a,1784680670918,2026-07-22T00:37:50.918Z,398469.885379,0,398469.885379,398469.885379,0,0,ok,ok,200,1,2026-08-05T02:48:28.676Z,
2139,xrpl,rBnEFJpnVyy9ekFuWfCABkyGVHCcCEPLAz,true,0xf0f253dc93f67399b18378f831a63118662b0095,1784647665466,2026-07-21T15:27:45.466Z,398465.4302,398461.8985,3.531749,398465.4302,0,0,ok,ok,200,1,2026-08-05T02:48:28.888Z,
2140,xrpl,rGhTTUTVaq2NSMhaYwBo3Ae12PqYNViu5y,true,0xd4bbbfd8297963324098824da15c901026f0593e,1784642566788,2026-07-21T14:02:46.788Z,398215.54378799995,0,398215.54378799995,398215.54378799995,0,0,ok,ok,200,1,2026-08-05T02:48:29.088Z,
2141,xrpl,rUZ65CHmPWNqFUgpR7dAS7DqFrTg28BSzf,true,0x0682285b7a990292dd5e6922ba5ecfeb0e0827fb,1784640906909,2026-07-21T13:35:06.909Z,398056.058053,0,398056.058053,361869.143585,0,36186.914468,ok,ok,200,1,2026-08-05T02:48:29.316Z,
2143,xrpl,rDKtZxSYghL9dYYDH85n53rVPkcHV7srno,true,0xe63f28634549fd98e06e2662b8df9d4e5db9be24,1785076515859,2026-07-26T14:35:15.859Z,396745.7765,0,396745.7765,396745.7765,0,0,ok,ok,200,1,2026-08-05T02:48:29.694Z,
2144,xrpl,rhhD8B9atshjsJ4z1WUf9TmhChxiTGjLWN,true,0x70a990e992d5f948be1376727326f22692a0ee55,1784651648464,2026-07-21T16:34:08.464Z,396338.654938,0,396338.654938,330316.374696,0,66022.280242,ok,ok,200,1,2026-08-05T02:48:29.891Z,
2148,xrpl,rEJqEe1y9ny2tZ3iSkrpdkMo3ExdijEw4F,true,0x9d26ef1330f0d92bdd8b2cf05501956a7edec8bb,1784678360604,2026-07-21T23:59:20.604Z,393029.2742,0,393029.2742,327398.6737,32890.73312,32739.86737,ok,ok,200,1,2026-08-05T02:48:30.708Z,
2149,xrpl,r9NPyWrNmRFCUH4RKR3zdDm2PEcYYFqiPF,true,0x9fbb61e802f26fdb620293237c183cccd19a2737,1784713890247,2026-07-22T09:51:30.247Z,393020.5531,141605.094,251415.4591,379638.9573,0,13381.59584,ok,ok,200,1,2026-08-05T02:48:30.908Z,
2150,xrpl,rfpFjfERsahAY5oetkGvdb2qEjFtpUvJ6z,true,0x48094bf6ea834bdfc87c46701cea5686acbb3485,1784640312225,2026-07-21T13:25:12.225Z,392834.478513,0,392834.478513,392834.478513,0,0,ok,ok,200,1,2026-08-05T02:48:31.086Z,
2151,xrpl,rNdJuR5NRz4rudmaJk7x3mxdjC8wuc2Zo9,true,0x09d54a5b98edf256e42fe9a624421b288d18eb9e,1784650804414,2026-07-21T16:20:04.414Z,392372.983528,0,392372.983528,332671.5675,0,59701.416028,ok,ok,200,1,2026-08-05T02:48:31.318Z,
2152,xrpl,rPiRn5ctE2c9MZMPwL7Trtr8ziHCYAzTf1,true,0x28e18c2bea5b26acb9551a2b7f964174198eee5e,1784640589505,2026-07-21T13:29:49.505Z,392366.561245,0,392366.561245,392366.561245,0,0,ok,ok,200,1,2026-08-05T02:48:31.529Z,
2153,xrpl,rDjP8JcG4tSVX8bcJNiqmExHbjsAGSQTmS,true,0x5ddf17336d6a9bf2bd0137ed7a65f75ba7710601,1784717402465,2026-07-22T10:50:02.465Z,392124.613561,0,392124.613561,359832.109457,0,32292.504104,ok,ok,200,1,2026-08-05T02:48:31.721Z,
2156,ethereum,0x0f766bbf72d7bf17ade638503750be2937a4d8df,true,0x6df899e7a9d2bfd378f362081eb97f72113b59b9,1784724186665,2026-07-22T12:43:06.665Z,389896.1218,0,389896.1218,346030.8201,3118.066437,40747.23529,ok,ok,200,1,2026-08-05T02:48:32.320Z,
2160,xrpl,rf5ZswBoqyHxXbXdWP6jDYovFeHsV6EWDy,true,0x62838a9eb00c3ca6559c76629e423b88723b7397,1785129580110,2026-07-27T05:19:40.110Z,386673.827559,0,386673.827559,386673.827559,0,0,ok,ok,200,1,2026-08-05T02:48:33.128Z,
2161,xrpl,raWMSKU7ywoMQfMXo1mKwvjNYhVw47T9pW,true,0x75e6778c708c129934180d6b396cada135c2473e,1785310653705,2026-07-29T07:37:33.705Z,386428.443686,0,386428.443686,386428.443686,0,0,ok,ok,200,1,2026-08-05T02:48:33.327Z,
2163,xrpl,r9BcQB8iDsPPswA39qmq9Jv7vUpVcvX7i4,true,0xa23ea02660e2d266697b9fb8869b854221d4bd66,1784643608847,2026-07-21T14:20:08.847Z,385894.455293,56161.539744,329732.915549,385894.455293,0,0,ok,ok,200,1,2026-08-05T02:48:33.731Z,
2167,xrpl,r9GcXfnqRSujCxRK1qkLti4r2PosVbBFhN,true,0xe3f40e0da0899433de5301a27795cb27f86fc32c,1784864695423,2026-07-24T03:44:55.423Z,385120.0829,251136.3494,133983.7335,385120.0829,0,0,ok,ok,200,1,2026-08-05T02:48:34.549Z,
2168,xrpl,rKFf1PDaGGtz8wkoWfrbirAayHCdNguqFH,true,0xbd42225094d9352c69c2f3fa55006c46a8064af9,1784718154552,2026-07-22T11:02:34.552Z,385097.436304,298314.964688,86782.471616,385097.436304,0,0,ok,ok,200,1,2026-08-05T02:48:34.758Z,
2169,xrpl,rDVVFKPR1xQKFU5KnV3TRdbzfGnpREcMJz,true,0x133748b56fa7023fe1d3b639651635ff62837793,1784850615402,2026-07-23T23:50:15.402Z,384806.6272,0,384806.6272,384806.6272,0,0,ok,ok,200,1,2026-08-05T02:48:34.948Z,
2172,xrpl,rGGeDvPWQDjFYkj6BxkdVo5cYS2z3W41Uq,true,0xb859c86d717b1d2f4f06ac1a77436ca22706ce3e,1784641285088,2026-07-21T13:41:25.088Z,382915.797079,0,382915.797079,382915.797079,0,0,ok,ok,200,1,2026-08-05T02:48:35.561Z,
2173,xrpl,rfFDz8Lu2GnJwh3KVEjiaS4axKw3vHMXcM,true,0x8b978c3688ab5ce8c72574d041f7a0bc2553a23d,1784933431660,2026-07-24T22:50:31.660Z,382856.012664,0,382856.012664,348050.920636,0,34805.092028,ok,ok,200,1,2026-08-05T02:48:35.751Z,
2174,xrpl,rJsZYcxe4S2c7Scn5JdfX41fE6sLRSy4fh,true,0x0601fd15ec63bcc14f02eff18452f2315f552b48,1785022469945,2026-07-25T23:34:29.945Z,382380.785074,0,382380.785074,313905.34036800003,37084.910669000004,31390.534037,ok,ok,200,1,2026-08-05T02:48:35.957Z,
2176,xrpl,rHpf2fozxr3h4nWmLMJyfNDQCaThpCXrec,true,0x93a68ee92c6a21893d1e3f56b7a4178b66bff6d7,1784645406699,2026-07-21T14:50:06.699Z,381644.468585,0,381644.468585,318058.83047100005,0,63585.638114,ok,ok,200,1,2026-08-05T02:48:36.368Z,
2177,xrpl,rwfZw3GoVE4JFFMeCAp2AkLkjxKrQusGmQ,true,0xe0de7e8454124deb731d0a331529a9e44e1d5103,1784730000358,2026-07-22T14:20:00.358Z,380665.880373,0,380665.880373,317354.799617,0,63311.080756,ok,ok,200,1,2026-08-05T02:48:36.582Z,
2179,xrpl,rLk3TE8fq5MZHSMKEAgijSckq6nMQiirJm,true,0x3ceef195708660e9c9932f425581c7cc9a54215b,1784646915959,2026-07-21T15:15:15.959Z,380074.81103300002,246974.501099,133100.30993400002,345550.20567700001,4.892965,34519.712391000001,ok,ok,200,1,2026-08-05T02:48:36.988Z,
2180,xrpl,r9ShmRZfXFgpidGHGpUopxskFx3uFejn1K,true,0xae057f2e3ed70ad4add00f6d67e76f3a6fae41ef,1784686152344,2026-07-22T02:09:12.344Z,378785.3794,378355.5104,429.868933,378785.3794,0,0,ok,ok,200,1,2026-08-05T02:48:37.168Z,
2181,xrpl,rsFiQgvBErAahKmampxdw2kbGir7Hm6bnp,true,0xb5d6f5409eda574a7032eff8e301b7759bd868df,1784641690272,2026-07-21T13:48:10.272Z,378112.708652000001,0,378112.708652000001,343738.839692000009,0,34373.86896,ok,ok,200,1,2026-08-05T02:48:37.379Z,
2182,xrpl,rpE3tX9byDHpnBiuWK2aDNnUz2Zgdio5ir,true,0x28d6ec0d1275a09c332c62952a4561d5d78f20fe,1784857026472,2026-07-24T01:37:06.472Z,378027.53668,0,378027.53668,378027.53668,0,0,ok,ok,200,1,2026-08-05T02:48:37.588Z,
2183,xrpl,rLZj4Mp6a2LC3Zdfh3XE7PZb2g5jsU5osq,true,0xb1a8c7a7bd7d0022451a6ce9bb8c9ac258618da9,1784648855030,2026-07-21T15:47:35.030Z,377881.739662,184615.351326,193266.388336,377881.739662,0,0,ok,ok,200,1,2026-08-05T02:48:37.797Z,
2186,xrpl,rpkQgW1kmw8EQ1h8rpxWgsZYhao5f5S4Kh,true,0x850a41577515fc7ca9796ba70427c5229079fc69,1784677784996,2026-07-21T23:49:44.996Z,376421.39374300002,144510.101269,231911.29247400002,376421.39374300002,0,0,ok,ok,200,1,2026-08-05T02:48:38.398Z,
2190,xrpl,r46LpQRm6hKjXX8FL29oMBfVLCLC2sfMCT,true,0xcf2929ed60c95a5531e46ef40806a1133f83539f,1785124167833,2026-07-27T03:49:27.833Z,375566.4762,0,375566.4762,375566.4762,0,0,ok,ok,200,1,2026-08-05T02:48:39.238Z,
2193,xrpl,rfzRc7on6S9VT6uy6cNW1d1URtSzqTGeFV,true,0xd1133d7edc34b9406bbe8cc5eb73b65426d7e265,1785169241422,2026-07-27T16:20:41.422Z,374907.407,249713.143393,125194.263607,349862.615507,0,25044.791493,ok,ok,200,1,2026-08-05T02:48:39.828Z,
2194,xrpl,rH8JHJu21iXx4ywdLNtewwLotMzcn5sdmy,true,0xcd6ef30d619afc9596082175637b1d7d4db26e70,1784640154758,2026-07-21T13:22:34.758Z,374726.052869,255491.814749,119234.23812,374726.052869,0,0,ok,ok,200,1,2026-08-05T02:48:40.038Z,
2195,xrpl,rMvsF8kBwPbkUyFm1NNbtjpvxmS5TtEh6V,true,0x29726936fd16d9b1ab9c23daa4ee5eaea99901a7,1784680043452,2026-07-22T00:27:23.452Z,374542.19433900004,0,374542.19433900004,340579.19304100005,0,33963.001297999996,ok,ok,200,1,2026-08-05T02:48:40.275Z,
2196,xrpl,rMWSoYNh1vaCatPbZKNSM54PwkLhTYt3oM,true,0x2df7ead92628eec8b5f2e7cb36e3bd7e4ee3fb1e,1784657337209,2026-07-21T18:08:57.209Z,374446.643287,0,374446.643287,374446.643287,0,0,ok,ok,200,1,2026-08-05T02:48:40.441Z,
2198,xrpl,rpdSBENwAzfeMruA2YC6nZc1cV7drpBVSb,true,0xf5f4052cee978bb8e8b9e29c2068e4f3649e91d2,1784647577333,2026-07-21T15:26:17.333Z,373718.750167,0,373718.750167,311462.789221,0,62255.960946,ok,ok,200,1,2026-08-05T02:48:40.847Z,
2203,ethereum,0xf4ba8e97d59284ebfc7ab33a509bb8938748d492,true,0xf4ba8e97d59284ebfc7ab33a509bb8938748d492,1784683296658,2026-07-22T01:21:36.658Z,372480.1565,0,372480.1565,364404.8213,8075.335253,0,ok,ok,200,1,2026-08-05T02:48:41.874Z,
2204,xrpl,r3yGWnxEqfhgnw3g8MEeyQzfkc2BsEBKmC,true,0xf2ae7f34bcbba4ae576f98e1a07b49389daaaa6e,1784685633746,2026-07-22T02:00:33.746Z,372448.188049,0,372448.188049,372448.188049,0,0,ok,ok,200,1,2026-08-05T02:48:42.048Z,
2206,xrpl,rUNazW1RmG5LzCzk9YJPfkaCs3ayZ4wJdC,true,0x1da5c7da69c63c7787e11d80cb279fc0ec76c197,1784701776963,2026-07-22T06:29:36.963Z,370980.579257,0,370980.579257,309150.47822000005,30915.053225,30915.047812,ok,ok,200,1,2026-08-05T02:48:42.464Z,
2207,xrpl,rMiyu8Qyw5X5ykDcURxyxkhuNznqHePM87,true,0x1da5c7da69c63c7787e11d80cb279fc0ec76c197,1784701534765,2026-07-22T06:25:34.765Z,370822.737503,0,370822.737503,309018.952426,30901.889833,30901.895244,ok,ok,200,1,2026-08-05T02:48:42.677Z,
2208,xrpl,rLsPdzGZdRtqjWb5asRrJKJade85A64uCc,true,0x5935dbe7ca78852f229ad164d917f729158c9a13,1785066300530,2026-07-26T11:45:00.530Z,370701.210707,346051.606131,24649.604576,361368.51935199997,0,9332.691355,ok,ok,200,1,2026-08-05T02:48:42.872Z,
2210,xrpl,rpJXHiWMunXoiLpbBiuJJs27P4Z1koiup6,true,0x824d6046cf90d41b1d77c6a1a95a9a2408005144,1784645634351,2026-07-21T14:53:54.351Z,368643.292485,0,368643.292485,335130.265909,0,33513.026576,ok,ok,200,1,2026-08-05T02:48:43.288Z,
2211,xrpl,rntuCpvE5e5dbsaRcgngTYh2oFGATSkKHt,true,0xf8849b467e9234ae3b098cd0f813938434b06994,1784893034900,2026-07-24T11:37:14.900Z,368567.480526,0,368567.480526,368567.480526,0,0,ok,ok,200,1,2026-08-05T02:48:43.471Z,
2212,xrpl,r3qw3uvnHhoQcphqUmjhZ6efEFHoryUMYd,true,0xfd988e2b2722b32e76ceb1b69a5b1e4a868ece77,1784639716548,2026-07-21T13:15:16.548Z,368445.406482,0,368445.406482,307037.838743,0,61407.567739,ok,ok,200,1,2026-08-05T02:48:43.676Z,
2215,xrpl,rDpdkL8W2jkUKhExSzW8R5oUzta2gSz64r,true,0xac0771ccb9fa3dfeb4eb4fc43dc898abfd9928a6,1784644942154,2026-07-21T14:42:22.154Z,367405.170254,0,367405.170254,306170.975181,0,61234.195073,ok,ok,200,1,2026-08-05T02:48:44.290Z,
2216,xrpl,r4iJ14ueyZjqqe1sAz6371JNBBei5pUZfB,true,0x337455396f6e258cdc751deb013b81625719ea5b,1784773277524,2026-07-23T02:21:17.524Z,366988.6806,352281.8062,14706.87443,366988.6806,0,0,ok,ok,200,1,2026-08-05T02:48:44.475Z,
2217,xrpl,rsXU8kZ7skQs6MXhe7HWAxCsShEaaJNwmD,true,0xc450fb81915d757a6b41b3182e11d2be4399951d,1785175774699,2026-07-27T18:09:34.699Z,366949.085177,4819.868241,362129.216936,366949.085177,0,0,ok,ok,200,1,2026-08-05T02:48:44.676Z,
2218,xrpl,r9KqXW9WVLFnnBQ2ZpXqRKovEcR4HnnYtm,true,0x4d171bdf82d82831415db9a4b16acd27ea2d8b38,1784652778997,2026-07-21T16:52:58.997Z,365944.5846,180845.7674,185098.8172,332679.0622,0,33265.52239,ok,ok,200,1,2026-08-05T02:48:44.871Z,
2220,xrpl,rnSuESG2hVYYvbXvrUmjvZeB5YTJXaXYyz,true,0xdf3e6fe0808bdfb3e8de36824f4ed28980263667,1784640467585,2026-07-21T13:27:47.585Z,365435.624507,0,365435.624507,304529.687253,0,60905.937254,ok,ok,200,1,2026-08-05T02:48:45.308Z,
2222,xrpl,rwTi6cwZtLPzHkPiyUrcSArgGs8viZgrKU,true,0x5e4ff742b3ad1b730fe51d1b10b0909c889d68a6,1784650187594,2026-07-21T16:09:47.594Z,365195.65332,0,365195.65332,332032.585542,0,33163.067778,ok,ok,200,1,2026-08-05T02:48:45.728Z,
2226,xrpl,rL6Q1eZTpwLp8VZTmkLTSwyPtKZ7LzCpgJ,true,0xb2c7e06cae9201b72f982ea92fa4308092e8c1c9,1785056096256,2026-07-26T08:54:56.256Z,364199.147879,0,364199.147879,331261.113365,28.184913,32909.849601,ok,ok,200,1,2026-08-05T02:48:46.521Z,
2234,xrpl,rfJV5e9Aviv6uZ28FmtT3erXBZBcm1SBsG,true,0xbf0b0fd0ebeefa6ec53d1a666f9fe0533d19113f,1784894696891,2026-07-24T12:04:56.891Z,361352.283944000024,0,361352.283944000024,361352.283944000024,0,0,ok,ok,200,4,2026-08-05T02:49:20.737Z,
2235,xrpl,rBzRZGTdwsow37FpHdDMRHfSV1vy1tMJZd,true,0xcac270a3d91b62806e35990551654066b78b29ac,1784725879665,2026-07-22T13:11:19.665Z,360910.6817,0,360910.6817,360910.6817,0,0,ok,ok,200,4,2026-08-05T02:49:21.394Z,
2240,xrpl,rpccTfGSK4UP1Kn5845gULqAKtjkLArJKt,true,0x50ccd4971ec745f1c6ceec2d27f71f8ff1d47211,1784724547879,2026-07-22T12:49:07.879Z,359812.00792,0,359812.00792,299843.339891,0,59968.668029,ok,ok,200,1,2026-08-05T02:49:22.212Z,
2241,xrpl,rLWoyPWnww9mTfycpL5zSLFPDXuWzEm8dF,true,0xd0052379e5b0b10b37e8cc08dd3d7ec0e0ba2835,1784714390231,2026-07-22T09:59:50.231Z,359546.286979,0,359546.286979,310960.23589300003,18528.447008,30057.604078,ok,ok,200,1,2026-08-05T02:49:22.187Z,
2243,xrpl,rUXvvwbR3ATYgpCgTrgeKqBRpDJvRBnsTc,true,0x335bb2d2fc2ae29dcf7225735bbabf77165d60d1,1784789717807,2026-07-23T06:55:17.807Z,358585.729245,0,358585.729245,358585.729245,0,0,ok,ok,200,1,2026-08-05T02:49:22.600Z,
2245,xrpl,rKmhuwhk1XVx24DZS4HLbsJ32nQ8mchaTS,true,0x80fee53ade96aaf46e1e4cb5c07ad3cdb20ca3dd,1784716204650,2026-07-22T10:30:04.650Z,358459.101641,236529.264152,121929.837489,358459.101641,0,0,ok,ok,200,1,2026-08-05T02:49:23.071Z,
2246,xrpl,rGwoDaTCGkmLf2YfNehmAMTmbph5qyyqpi,true,0x85d494a1369ddfeda5b6837eb46ebbffe50f5d4a,1784640720087,2026-07-21T13:32:00.087Z,357999.88859,170997.655798,187002.232792,357999.88859,0,0,ok,ok,200,1,2026-08-05T02:49:23.208Z,
2247,ethereum,0x0a771437ee59dcd30429dda71a1a011db8957bd1,true,0x0a771437ee59dcd30429dda71a1a011db8957bd1,1784640007437,2026-07-21T13:20:07.437Z,357202.9504,37584.03734,319618.9131,324729.954876000004,0,32472.99552,ok,ok,200,1,2026-08-05T02:49:23.389Z,
2250,xrpl,rDCCjd1g8y9HHrsMffZntNMG7SKCwF5XRG,true,0xe3afb0134aa19cd7939d88ce4a58dae5b8142a5b,1784637878030,2026-07-21T12:44:38.030Z,356148.5013,152654.9528,203493.5485,356148.5013,0,0,ok,ok,200,1,2026-08-05T02:49:24.018Z,
2252,xrpl,rNZVcAf3gyV4ctKgEsWsgemxkaLG27wbUn,true,0x83cfc0a4f70c7374ece7f849b838df447317e2d1,1784815502163,2026-07-23T14:05:02.163Z,355106.5605,0,355106.5605,324202.47143200005,0,30904.089068,ok,ok,200,1,2026-08-05T02:49:24.422Z,
2254,xrpl,rn5hoBeFPL5cf53mb9DngRxbuZDzL6N8UL,true,0x5965b734dd2d87b9334028dad796180da7d48a86,1785149909971,2026-07-27T10:58:29.971Z,353715.205574,353685.659928,29.545646,353715.205574,0,0,ok,ok,200,1,2026-08-05T02:49:24.837Z,
2255,xrpl,rGhWK1Zq9fr6b7WakXeut5hVnhUAPQPur5,true,0xe3d73981fcce693036d38f7b2066a43ef69177e0,1784641394443,2026-07-21T13:43:14.443Z,353140.659358,0,353140.659358,320295.11387099995,8354.578014,24490.967473,ok,ok,200,1,2026-08-05T02:49:25.024Z,
2260,xrpl,rHrchokaRR92rpoLpJheDmDYbvoTgnVnZt,true,0xffb987278c35bfc8d7b3034a6dea7523a3375f70,1784687893860,2026-07-22T02:38:13.860Z,350964.21267399998,150416.26818299998,200547.944491,332879.87796499998,39.258947,18045.075762,ok,ok,200,1,2026-08-05T02:49:26.031Z,
2263,xrpl,rPUpLzh68jhTh6aPq1oUJfc8fpVwQEuN2X,true,0x038df456c5fc7870c26ae7d5c5f85c0250931846,1784637436737,2026-07-21T12:37:16.737Z,349660.330923000001,0,349660.330923000001,312750.18175800005,9178.2238,27731.925364999999,ok,ok,200,1,2026-08-05T02:49:26.634Z,
2264,xrpl,rrhDu1aewN3KvPwMKU1bsKTxMLAoPMaiXG,true,0xf77651702f59580023f89f12ad74569fbdde9785,1784718367721,2026-07-22T11:06:07.721Z,349187.649679,0,349187.649679,349187.649679,0,0,ok,ok,200,1,2026-08-05T02:49:26.838Z,
2267,xrpl,rH6T4bZyGMeaXj8oSxHYnM3puP2LYJpnoq,true,0x6315055a465294d2bb8cdb7ef0f0621ac342679f,1784650027207,2026-07-21T16:07:07.207Z,348460.073944,0,348460.073944,348460.073944,0,0,ok,ok,200,1,2026-08-05T02:49:27.445Z,
2271,xrpl,rGPLHx6gs63JrDijFDgYLtCjUZNrbTR4tV,true,0x0dcd149d8a0bd20305e848dec11e7a568f7b9209,1785042805461,2026-07-26T05:13:25.461Z,345482.55317,153463.071219,192019.481951,314075.048291,0,31407.504879,ok,ok,200,1,2026-08-05T02:49:28.472Z,
2272,xrpl,r9xXfAXVmGQh6asfRKDyGT4Cpvx8Nb8xb8,true,0x501c5afbe9ff09a41f7ff0c77dc1a351b789f0d6,1784640591514,2026-07-21T13:29:51.514Z,344340.410909,0,344340.410909,286967.00680100004,0,57373.404108,ok,ok,200,1,2026-08-05T02:49:28.665Z,
2274,xrpl,raD7Fth6eU3Byy6baptgWVACZe89QuxZjB,true,0xcb28bac328b102ccff5897af3ab35e2f29331415,1784713467191,2026-07-22T09:44:27.191Z,344286.261064,259355.093278,84931.167786,312987.51001900001,0,31298.751045,ok,ok,200,1,2026-08-05T02:49:29.062Z,
2280,xrpl,rnfaGaXJDXcqd3sLkN6iynq8Wcx6DhNtyN,true,0x60075266fa80e95ef24c60f08bbbe5d564b69160,1784649861573,2026-07-21T16:04:21.573Z,341047.614945,0,341047.614945,284206.345754,0,56841.269191,ok,ok,200,1,2026-08-05T02:49:30.282Z,
2281,xrpl,rnsk6wq9K11wRG2iHfoU8EEGHTreseGTG2,true,0x175a2b1a82dd948ee20194c4600af44b8f813f93,1785372713614,2026-07-30T00:51:53.614Z,340018.875258,0,340018.875258,340018.875258,0,0,ok,ok,200,1,2026-08-05T02:49:30.500Z,
2284,xrpl,rBHvQ32GY5k8Uri8vBp7SKNTrc33YE93aD,true,0x3560de7c0ae65123822c67bd5fad3ccbb5bd3318,1785022536188,2026-07-25T23:35:36.188Z,339885.745716,56617.866274,283267.879442,339885.745716,0,0,ok,ok,200,1,2026-08-05T02:49:31.092Z,
2287,xrpl,rwQSUZhELiXi1NTmnHENyHyRqocvf1wATp,true,0x4f80416fa40e1346b35866b75c227aa7d8e0f0e4,1784638442000,2026-07-21T12:54:02.000Z,338687.05915499997,0,338687.05915499997,334286.89849199995,4400.160663000001,0,ok,ok,200,1,2026-08-05T02:49:31.716Z,
2289,xrpl,rf7dnr82B7CrJq8x8vAdcaqYnaBEYKXfa6,true,0xf285a9ad610083472b217568a639cf6f6aa73494,1785002000365,2026-07-25T17:53:20.365Z,338068.118649,256758.860995,81309.257654,338068.118649,0,0,ok,ok,200,1,2026-08-05T02:49:32.126Z,
2290,xrpl,rKNvNqi3PxAQ2GSN3KyQ9sJFyc7nbmWFkv,true,0x50b2686af731d7432aa83f8b02ed70003038c150,1784715178595,2026-07-22T10:12:58.595Z,337588.174831,0,337588.174831,299968.74575899995,0,37619.429072,ok,ok,200,1,2026-08-05T02:49:32.313Z,
2291,xrpl,rwTBesF2bAxvs7tGiLHrtWjyAiYi4WJRX5,true,0xdf8ad33af781cff9058452f15786be2a93a77e5b,1785245728745,2026-07-28T13:35:28.745Z,337374.800385999959,212519.081773999991,124855.718611999997,337374.800385999959,0,0,ok,ok,200,1,2026-08-05T02:49:32.518Z,
2292,xrpl,rUhyw76hRXi3mvNB5XcbkzKKaA57Rg4d2E,true,0x98c1b0cb8acd20ae213037098f1dfb49e69dd61e,1784757366511,2026-07-22T21:56:06.511Z,336528.486379,45506.665048,291021.821331,314702.00420000003,0,21826.482179,ok,ok,200,1,2026-08-05T02:49:32.728Z,
2294,xrpl,rwPMAP6kx9RB6HmRxhH6LNRu7snmdN2gTD,true,0xaccb50b8abe6a7cd72c867b0a17ea3d4206e951b,1784679258219,2026-07-22T00:14:18.219Z,335284.27001,0,335284.27001,305730.249882,0,29554.020128,ok,ok,200,1,2026-08-05T02:49:33.139Z,
2298,xrpl,rJdzx1oFYGD1jweTEhA1PY2WayRgxeDbqW,true,0x9f9aab54d2b4a5681d2f8e68a106e32c84cfdf51,1784692920255,2026-07-22T04:02:00.255Z,333913.49253,0,333913.49253,278261.243183,0,55652.249347,ok,ok,200,1,2026-08-05T02:49:33.928Z,
2300,xrpl,rhuLJUbVxwVGr32fXuo5ZUT1QeLtmZCcjp,true,0xcf8f34fd2dc1d99fb59cdc256230cfafbf8f0cad,1784684631647,2026-07-22T01:43:51.647Z,333479.286354,0,333479.286354,333479.286354,0,0,ok,ok,200,1,2026-08-05T02:49:34.329Z,
2301,xrpl,rvazwm6NxHnMfEk48KhFmmZF87np7eReD,true,0x90b978272120bb4366c0e5c7f7c206b4ab1071eb,1784727418307,2026-07-22T13:36:58.307Z,331468.747532,57.9177,331410.829832,301340.491119,0,30128.256413,ok,ok,200,1,2026-08-05T02:49:34.519Z,
2302,xrpl,rwkw5GdqmdZK7wYBw1vhojPj2ErUCUkyDy,true,0x09cabf662c1f9972b9073783bff41712497fae31,1784866777659,2026-07-24T04:19:37.659Z,330843.150687000016,0,330843.150687000016,300766.500633999996,0,30076.650053000001,ok,ok,200,1,2026-08-05T02:49:34.736Z,
2306,xrpl,rh6tcp5LvtbUQyARGmdSx3kUS2UN6TN5pG,true,0x4e3e519eacbc640c25bc4b6085f6218d998e3ee2,1785161065958,2026-07-27T14:04:25.958Z,330333.854298,15675.103535,314658.750763,330333.854298,0,0,ok,ok,200,1,2026-08-05T02:49:35.543Z,
2310,xrpl,rGz67zUDoDEuZD5AoiHxAr6fqChos36Va2,true,0x0d31aa58d7c67a969822dc862e1ef03da70b28d9,1784691100635,2026-07-22T03:31:40.635Z,329415.519845,329415.519845,0,329415.519845,0,0,ok,ok,200,1,2026-08-05T02:49:36.366Z,
2312,xrpl,rMXBGGjaigiAshxzygm6hRnMWqA1woPpL8,true,0x73c31560107a7fb424ed5dae505d581de22f16d6,1784807209128,2026-07-23T11:46:49.128Z,328902.42101,0,328902.42101,328902.42101,0,0,ok,ok,200,1,2026-08-05T02:49:36.786Z,
2316,xrpl,rJzGdAY9FRvUaLEWWuLa4UBCsMNkA9SipW,true,0xa0538ca2ae565c82bd85a1a44f4c4d81ad9c99ba,1784646447453,2026-07-21T15:07:27.453Z,326700.028538,0,326700.028538,272250.023582,0,54450.004956,ok,ok,200,1,2026-08-05T02:49:37.588Z,
2318,xrpl,rPJqiHEAkiGz7gLxfnzzn97W1rsvx7rXg8,true,0xabd6c509a5a5ee5c1c52c5eb67a44060d213ef81,1784782492140,2026-07-23T04:54:52.140Z,325862.38632,0,325862.38632,297461.704305,0,28400.682015,ok,ok,200,1,2026-08-05T02:49:37.958Z,
2319,xrpl,rhr8HAatSy48PrzCZsWtufHCJmgLA3tcSV,true,0xfd8d2bae0bf0298a97b4b99b4bdb9829121ce1fa,1784917569899,2026-07-24T18:26:09.899Z,325781.896858,243971.594007,81810.302851,325781.896858,0,0,ok,ok,200,1,2026-08-05T02:49:38.180Z,
2322,xrpl,rUpn2GZAvhaKSv6VWKcNaxk8nbhHahq15a,true,0x1941f6c9db50c2f5e919fd43832102935ac9ada7,1784643043383,2026-07-21T14:10:43.383Z,324680.394151,0,324680.394151,324680.394151,0,0,ok,ok,200,1,2026-08-05T02:49:38.788Z,
2325,xrpl,rMWpty7E7MGhMfHxcAhDuvmzakMPwQm2tk,true,0x14dbe8dd8005ded734d44b0867718069967be9d0,1784735344749,2026-07-22T15:49:04.749Z,324243.217625,0,324243.217625,284990.31728899997,10906.45493,28346.445406,ok,ok,200,1,2026-08-05T02:49:39.396Z,
2326,xrpl,r3Xt4qDVErWKfk2dFvLZ2Bgu936GCWA1qS,true,0x0c0556cb99994b803033672b180d62aefae94909,1784652252087,2026-07-21T16:44:12.087Z,324085.905961,0,324085.905961,303182.658216,0,20903.247745,ok,ok,200,1,2026-08-05T02:49:39.592Z,
2331,xrpl,rhoPxVWwbrDNjU2GVKgvASADtPgwyskswt,true,0x06d58f73f30ceb16a115a2e33c6f9774d2d0986a,1784638643374,2026-07-21T12:57:23.374Z,322551.627724,0,322551.627724,322551.627724,0,0,ok,ok,200,1,2026-08-05T02:49:40.608Z,
2332,xrpl,r4nGdwX2rTrMAUPNMC7fSEtJy9376Pryyg,true,0x037398d1e9e775c60b1e96b49841f3f699f73d32,1785322483836,2026-07-29T10:54:43.836Z,322481.5559,0,322481.5559,293165.0508,0,29316.5051,ok,ok,200,1,2026-08-05T02:49:40.809Z,
2335,xrpl,rw5CJneT2caUdh4yT4oXDiRTT7A3jZCtTe,true,0x5602e4f1116cdb9236570ffcce9e1d5a00406f09,1784642904680,2026-07-21T14:08:24.680Z,321582.620972,0,321582.620972,263105.834895,38651.114980000006,19825.671097,ok,ok,200,1,2026-08-05T02:49:41.429Z,
2337,xrpl,rnHoJgMdaTsCoyumBu2Nnh4eCdpfvRV6dW,true,0x0a7a79417d6606908ddc4f3099953c9615ab5228,1784685977518,2026-07-22T02:06:17.518Z,320418.305611999996,174156.579113999993,146261.726498000004,291289.368743999978,0,29128.936868000001,ok,ok,200,1,2026-08-05T02:49:41.837Z,
2339,xrpl,rGPGjEBMcHZptBR3sA2pD6Urb1vDWx2qot,true,0xc361437aa94576be8f59cad0198ddec5c9932db2,1785268299908,2026-07-28T19:51:39.908Z,320315.383125,0,320315.383125,320315.383125,0,0,ok,ok,200,1,2026-08-05T02:49:42.227Z,
2342,xrpl,rpSshnwhNphwJXm1tyQQKQ5WA9u47YZZG3,true,0xd5cbdd40c080b7c5f13842431d40993eb57c744c,1784802243609,2026-07-23T10:24:03.609Z,318777.645773,0,318777.645773,318777.645773,0,0,ok,ok,200,1,2026-08-05T02:49:42.846Z,
2343,xrpl,rLDfhDMhhP5YcJNzfd2qcpQUmnF2eE7jo4,true,0xab4f5de9badc23a6e7aa37b6d8fb8193ce1c67fb,1784701798583,2026-07-22T06:29:58.583Z,318718.341012,0,318718.341012,289744.091578,0,28974.249434,ok,ok,200,1,2026-08-05T02:49:43.237Z,
2347,xrpl,rGaa9EZNCyvdesYgdQRG5hwV2zKR2t6EmG,true,0x69aec4cd2c8c509b4e6483858961994ad0263ecd,1784863755411,2026-07-24T03:29:15.411Z,318075.25374,185469.593563,132605.660177,295931.75963400001,22143.494106,0,ok,ok,200,1,2026-08-05T02:49:43.849Z,
2350,xrpl,rnoMthUQrafPyKxJYcx5MLM2L7b7gKvJdR,true,0xb7dbe5b539e4ff3ffbde0d107703b7698bf55d99,1785054456732,2026-07-26T08:27:36.732Z,317121.190992,0,317121.190992,317121.190992,0,0,ok,ok,200,1,2026-08-05T02:49:44.453Z,
2359,xrpl,rMG3zMPk2Az35YnEpkULsXRnG3ESbkJozX,true,0xe837c02e3b70fa624091b475fba97833bcd9bae2,1784638768295,2026-07-21T12:59:28.295Z,313608.249249,0,313608.249249,285098.408429,0,28509.84082,ok,ok,200,5,2026-08-05T02:50:25.589Z,
2360,xrpl,rUJguPuMjEnDcYnt5i53poV3zc74jfFD7q,true,0x649f43146af6e9fc41912955f325b6123ff81578,1785195165756,2026-07-27T23:32:45.756Z,313602.928099000012,237783.095689000009,75819.832410000003,141297.737101999985,158771.412484,13533.778513000001,ok,ok,200,5,2026-08-05T02:50:26.204Z,
2361,xrpl,r9pVxSuGgmcKx8fLHQk62Eio84GfbYRf5w,true,0x32d8230a392a7c5fa468d1f10e6712039f2072c0,1784767478490,2026-07-23T00:44:38.490Z,313455.874519,0,313455.874519,313455.874519,0,0,ok,ok,200,1,2026-08-05T02:50:24.979Z,
2362,xrpl,rABoTX6cmPLHS7nPRvTwXa2kbZDswADHi,true,0x9b2b78003e469a342977e0a078f6aef88077acd9,1785123300128,2026-07-27T03:35:00.128Z,312641.9484,0,312641.9484,312641.9484,0,0,ok,ok,200,1,2026-08-05T02:50:25.400Z,
2364,xrpl,r3XGt44wCb2eGYXzVPTXt7DuRTAFRVJ55U,true,0x200a13e1c1628859a6e4796b10020352ae13d7ea,1784682161823,2026-07-22T01:02:41.823Z,311854.456063,108033.359726,203821.096337,311854.456063,0,0,ok,ok,200,1,2026-08-05T02:50:25.990Z,
2365,xrpl,rKzzLaYooJ5mfrgi5qDbeHGdpvJ3xjopLm,true,0xfbf66ba70e37de06cf77ec8aa6a0ce2ef61a8ebd,1784695898850,2026-07-22T04:51:38.850Z,310725.868647,157875.006175,152850.862472,310725.868647,0,0,ok,ok,200,1,2026-08-05T02:50:26.386Z,
2368,ethereum,0x99c408c35a678a6a7f136d7c578fa4bd072442f8,true,0x99c408c35a678a6a7f136d7c578fa4bd072442f8,1784673970204,2026-07-21T22:46:10.204Z,309438.5983,0,309438.5983,281307.81664699997,0,28130.78167,ok,ok,200,1,2026-08-05T02:50:27.059Z,
2369,ethereum,0x5917c105cbbaad631e4f25ba05ce3a1cc324f35d,true,0x5917c105cbbaad631e4f25ba05ce3a1cc324f35d,1784639976605,2026-07-21T13:19:36.605Z,308960.8001,0,308960.8001,280873.4547,0,28087.34548,ok,ok,200,1,2026-08-05T02:50:27.274Z,
2373,xrpl,rvdq49dyJdRhXYSmtaWGs6kbHZRHpetvv,true,0x83ead2047dc4ac68d9222e580a0e7b3261893003,1785396610412,2026-07-30T07:30:10.412Z,308261.820289,223577.657849,84684.16244,284859.50216,0,23402.318129,ok,ok,200,1,2026-08-05T02:50:28.017Z,
2375,xrpl,rhHLaWbK1JxCkFhn5ShJcHDA7W1PN9nfk3,true,0xe889bcd4ab08bdba4dbf386afdefd61758eb4237,1784637017887,2026-07-21T12:30:17.887Z,307537.177629,0,307537.177629,278253.291505,1458.556974,27825.32915,ok,ok,200,1,2026-08-05T02:50:28.411Z,
2376,xrpl,r9YRNNEPWdwcvEHFRTyXQomqpPaooSE3HR,true,0xb11db272ebfabedf611a07684e82165db60dc70e,1784866227169,2026-07-24T04:10:27.169Z,306952.9019,77600.3225,229352.5794,289396.5928,0,17556.30907,ok,ok,200,1,2026-08-05T02:50:28.635Z,
2377,xrpl,rPKnQ97M9iXcdgMNuKMzicGYn7qEvBNBdv,true,0x6cf0a794e4cd3c6159fac9758f83d43dcc83150c,1784714827113,2026-07-22T10:07:07.113Z,306678.768762000022,0,306678.768762000022,306678.768762000022,0,0,ok,ok,200,1,2026-08-05T02:50:28.825Z,
2382,xrpl,rhepwM5GaifMKE5SaP73ASWEZjt6fnxm1e,true,0xa4f5698e9db634bbebb8fa9d47312a1cb0467731,1784645212622,2026-07-21T14:46:52.622Z,306004.891774,0,306004.891774,306004.891774,0,0,ok,ok,200,1,2026-08-05T02:50:29.838Z,
2384,xrpl,rN76aVjNDkdd3HNex7oYdaHnmiTtRVB3Vt,true,0xfc094178532e8a0ca1d1318ef30faff94075fa90,1785110740924,2026-07-27T00:05:40.924Z,305339.399679,228183.941337,77155.458342,305339.399679,0,0,ok,ok,200,1,2026-08-05T02:50:30.235Z,
2386,xrpl,rhcCxS9tb6BLvKXdRD2ZsihdVD5KvchMV3,true,0x9c61f09b0da5b6328f5f31896b18d4dd8459a311,1785059656480,2026-07-26T09:54:16.480Z,303583.185501,226420.104005,77163.081496,303583.185501,0,0,ok,ok,200,1,2026-08-05T02:50:30.659Z,
2387,xrpl,r9rxZLpDgcBhrzZ5M5f6827D7nZDN1eqVL,true,0x7a7a70131cfcb4c7329a13fca0fc20b856ddfbc0,1784640862273,2026-07-21T13:34:22.273Z,303374.6465,226279.3434,77095.30306,303374.6465,0,0,ok,ok,200,1,2026-08-05T02:50:30.846Z,
2388,xrpl,rDMEDDVQ3UmrjX7L98bBJEH7nHQRBcciNK,true,0xce199a62bd02479f683c2d7a13f4555371603fb5,1784643838821,2026-07-21T14:23:58.821Z,303159.24089300004,0,303159.24089300004,275602.02049200004,0,27557.220401000002,ok,ok,200,1,2026-08-05T02:50:31.098Z,
2389,xrpl,rP6N62k3vMRynxZzTnb7y9RLgfu1aQ1FXU,true,0x212e25112baf5e983a60e0f902f6a0b4cddddf60,1784677693334,2026-07-21T23:48:13.334Z,302958.131017,302880.182308,77.948709,302958.131017,0,0,ok,ok,200,1,2026-08-05T02:50:31.248Z,
2390,xrpl,rJVfxrbpMiRYYvY2YD5Yt6xjhwxhpG2KLD,true,0x7d1a9a9633d367863f619faa4cdc4d932f4e27ea,1785280638741,2026-07-28T23:17:18.741Z,302795.989362,96987.381336,205808.608026,302795.989362,0,0,ok,ok,200,1,2026-08-05T02:50:31.477Z,
2392,xrpl,rKbS5p7Sog51Vtn2bEKco9Ea2xmpUbyhmY,true,0x7c10aa50312e7e973ef3497eef582f393a91c63e,1784718915006,2026-07-22T11:15:15.006Z,302332.271086,17438.146111,284894.124975,302332.271086,0,0,ok,ok,200,1,2026-08-05T02:50:31.876Z,
2394,xrpl,raYV9FpiV7U593PGJi3vTekfk5K68kmCGJ,true,0xb3c389acf74380c27f2ae3643c7264a7030e1720,1784986280973,2026-07-25T13:31:20.973Z,301648.563101,273828.138341,27820.42476,301648.563101,0,0,ok,ok,200,1,2026-08-05T02:50:32.272Z,
2395,xrpl,rGSLnqtzgeKdQhibhCyUT249J3ksA9DfDb,true,0x9683d5232ee588de37e89e4bee91dd4cd20a6833,1784646741166,2026-07-21T15:12:21.166Z,301406.8502,0,301406.8502,301406.8502,0,0,ok,ok,200,1,2026-08-05T02:50:32.467Z,
2396,xrpl,rGMtL2K9GXj8Ba1xbQS5hgNgRk6fX6d8Y5,true,0x5f56a098480aca3593609723a3f3f2a5e6db37a6,1784639652070,2026-07-21T13:14:12.070Z,301173.067837,0,301173.067837,250977.55651300002,0,50195.511324,ok,ok,200,1,2026-08-05T02:50:32.676Z,
2399,xrpl,rDm3WCCY6GoQZTMgt4AqcX35ZgamnXruRy,true,0xb3054f61977a53641bbe64311d3cd6fefef7cb5b,1785114295563,2026-07-27T01:04:55.563Z,300454.7157,0,300454.7157,300454.7157,0,0,ok,ok,200,1,2026-08-05T02:50:33.277Z,
2400,xrpl,r3DcVt8MSAW7FXhimzPYptWmNgJpmr9Efg,true,0xa9145fec192db9027c39a57dc90fbcc12560aba1,1785248377643,2026-07-28T14:19:37.643Z,300309.0131,0,300309.0131,300309.0131,0,0,ok,ok,200,1,2026-08-05T02:50:33.495Z,
2409,xrpl,rwdbYpwWbqrKgGF9cdqKK4ZTzrMmPG8Cvk,true,0xb0bf3177d662c9d230c48d4474585a6f91d6dd93,1784655261875,2026-07-21T17:34:21.875Z,297665.543905,199645.481658,98020.062247,270605.03988500001,0,27060.50402,ok,ok,200,1,2026-08-05T02:50:35.318Z,
2410,xrpl,rnXPHc27RTv4BTMbStDzWgqyz3F3WNtq5z,true,0x7f14e3f0bc159748847f7935de40c3af2c29c01b,1784654179762,2026-07-21T17:16:19.762Z,297351.20251,0,297351.20251,270521.44555899996,0,26829.756951,ok,ok,200,1,2026-08-05T02:50:35.506Z,
2415,xrpl,rsc4f1o6qF9Qovq858BYSRZ6hpkFbHYV9S,true,0xd6e423a4f5a032a4595f4e4003786cae190561a2,1785296742292,2026-07-29T03:45:42.292Z,296140.10426599998,235019.01238900001,61121.091876999999,285636.218079000013,10503.886187,0,ok,ok,200,1,2026-08-05T02:50:36.515Z,
2418,xrpl,rhXyuGAaTNFJ3csRBkCG413ucv4LUG1zq8,true,0xbcd1d1242e5871e70843822c2a629fdb52339f72,1784679932963,2026-07-22T00:25:32.963Z,295614.149768,180069.203362,115544.946406,295614.149768,0,0,ok,ok,200,1,2026-08-05T02:50:37.115Z,
2419,xrpl,rfjxixyumt6iMbk9H4aHLM8aRvqCrc4RFs,true,0xabb37e1ae379e58ab399cb62d446b2cad2fdb33b,1784645158862,2026-07-21T14:45:58.862Z,295081.423833000008,0,295081.423833000008,295081.423833000008,0,0,ok,ok,200,1,2026-08-05T02:50:37.317Z,
2420,xrpl,rGTZx2443z5TRx13B8TRhDM8wFNvShnyUK,true,0x3b13d4c505a95d673149edfa3aa00c2334285a83,1784905144926,2026-07-24T14:59:04.926Z,295038.209343,0,295038.209343,268216.55392900005,0,26821.655414,ok,ok,200,1,2026-08-05T02:50:37.528Z,
2421,xrpl,r9Pa5xQCYv6dEgZ9aojx5jsY8ZEPKRaPtH,true,0xd0052379e5b0b10b37e8cc08dd3d7ec0e0ba2835,1784714632714,2026-07-22T10:03:52.714Z,294817.1804,0,294817.1804,246339.73736700002,29988.61577,18488.827290999998,ok,ok,200,1,2026-08-05T02:50:37.720Z,
2422,xrpl,rEYQPw7yX6eLtDwgZjP36qnYcuw8p9J6S9,true,0xff2a58bd8f275ad976655a0225645dfb25fca640,1784640833252,2026-07-21T13:33:53.252Z,294671.6562,0,294671.6562,245559.71347299998,0,49111.94269,ok,ok,200,1,2026-08-05T02:50:37.919Z,
2423,xrpl,rfM4nU9CvKWCqWUAkmz7p6qci1yhVC6mET,true,0x5fa2709fbf80381db4275d5c04abd6aba0aff2d2,1784989834893,2026-07-25T14:30:34.893Z,294202.745098,0,294202.745098,267457.040912,0,26745.704186,ok,ok,200,1,2026-08-05T02:50:38.122Z,
2428,xrpl,rUU94iw1Cgfa4xRZKMrzczvv7Tvnq6BLJE,true,0x8b72996f5e45e3134dcf00e0b48c1bb3cdd7727f,1784716603921,2026-07-22T10:36:43.921Z,293132.44400800002,0,293132.44400800002,266484.040019000007,0,26648.403988999999,ok,ok,200,1,2026-08-05T02:50:39.150Z,
2429,xrpl,rssgz9uUvJok4gA3RAgJDvuNPzSxLSecsb,true,0x9b53da52267866a045837b3d666f8c62164ef01b,1784673772106,2026-07-21T22:42:52.106Z,292882.524052,285897.510799,6985.013253,257732.0390690000002,9464.994672999999,25685.49031000000002,ok,ok,200,1,2026-08-05T02:50:39.340Z,
2433,xrpl,rLyLjD6AZ1XaqMKVyCZGuAA691vXUhUmV,true,0x13e0338a228f81e3fdc3520a8756b28df2ea2907,1784643695998,2026-07-21T14:21:35.998Z,291164.995672,0,291164.995672,291164.995672,0,0,ok,ok,200,1,2026-08-05T02:50:40.169Z,
2434,xrpl,rhqEEHVQTWHyh8bnHGaksGbjpMDdxLUV18,true,0x86e01f6480161dd0612719c90504264463c55769,1784644309890,2026-07-21T14:31:49.890Z,291139.394383,0,291139.394383,291139.394383,0,0,ok,ok,200,1,2026-08-05T02:50:40.351Z,
2437,xrpl,r3mpQAtPe7Mq6ofPzyHUAFqeZm9ouu16Cw,true,0x962829767aba797c02a0ef03aeafd07dd44a2daf,1784643391653,2026-07-21T14:16:31.653Z,290253.3676,0,290253.3676,290253.3676,0,0,ok,ok,200,1,2026-08-05T02:50:40.979Z,
2439,xrpl,rMKESMbCK6LtK8BV4qSZ6y5WQLCJWhqdH5,true,0x03bd8a7652e94eed4d760de2317beb47bca70cc0,1784689301405,2026-07-22T03:01:41.405Z,289794.065641,0,289794.065641,289794.065641,0,0,ok,ok,200,1,2026-08-05T02:50:41.391Z,
2440,xrpl,rKhutAZ6YCz9peX9o8KBLyVR5vtTFdxiua,true,0x86198423dda59395a59b59d3b8b04ae7241c930e,1784709597429,2026-07-22T08:39:57.429Z,289721.971642,152588.229812,137133.74183,279089.27033000002,2645.458895,7987.242417,ok,ok,200,1,2026-08-05T02:50:41.589Z,
2446,xrpl,rQDjfNRpCN5Ce3ifeNZEZssCnd6LUjk85J,true,0x16eabc0652eb7268e35ad6abf2e053ecafa3a869,1784713585518,2026-07-22T09:46:25.518Z,287015.839177,11.164524,287004.674653,287015.839177,0,0,ok,ok,200,1,2026-08-05T02:50:42.801Z,
2452,xrpl,rJqoifeFzEPC75HhNjiWubGy7VAwTRitos,true,0x24869cd698df4bac00eaf4dddd5634d420a9858d,1784639901051,2026-07-21T13:18:21.051Z,285448.747448,0,285448.747448,237974.100959,0,47474.646489,ok,ok,200,1,2026-08-05T02:50:44.024Z,
2455,xrpl,rfiB5iJwWpx7zv2EwQ8ik9HHtTafMiH3ra,true,0xda7873563154b1c23c917e8fc1362b173b23dde3,1784856584082,2026-07-24T01:29:44.082Z,284325.537723999994,142802.919972000003,141522.617751999991,284325.537723999994,0,0,ok,ok,200,1,2026-08-05T02:50:44.635Z,
2460,xrpl,rP7W9CEGH1ADBgRZJFdfvMX3UnuTArpDTT,true,0x2c2c9d3884bce175114dabd27797bfa0fe3be83a,1785207704998,2026-07-28T03:01:44.998Z,282797.344945,0,282797.344945,282797.344945,0,0,ok,ok,200,1,2026-08-05T02:50:45.647Z,
2462,xrpl,rNuX29NmiADQJyWZ678sDc86toB4vUkri8,true,0xeba7959ba27db4204e8cf335807d841022ae0496,1784734578112,2026-07-22T15:36:18.112Z,282168.232331,0,282168.232331,282168.232331,0,0,ok,ok,200,1,2026-08-05T02:50:46.049Z,
2463,xrpl,raeUD3JvH9BsgQjYWL6khpDZy2bPouChNu,true,0x936215be33ad684abc6044d40ec09f6c6c6c28e8,1784776248695,2026-07-23T03:10:48.695Z,282102.064014,33.075673,282068.988341,2009.83127999997,280092.232734,0,ok,ok,200,1,2026-08-05T02:50:46.262Z,
2467,xrpl,rfRoN2BJPWAW5t3bjnEdAkwS5jyzH4CBor,true,0x8ae9c4922abc60502b8fb1f90dcc3629f2d2eb3d,1785145034015,2026-07-27T09:37:14.015Z,281834.300548999978,0,281834.300548999978,281834.300548999978,0,0,ok,ok,200,1,2026-08-05T02:50:47.076Z,
2475,xrpl,r3oPutXHZu8MSFsfRXr5H12j7819mUsFma,true,0x3c5ddedd4516691b571a54718c80afb979ae0ca9,1784719046753,2026-07-22T11:17:26.753Z,279240.6461,279240.6384,0.0077,279240.6461,0,0,ok,ok,200,1,2026-08-05T02:50:48.682Z,
2482,xrpl,rNkjZmyoXxg9V94kcRxZE5XSBQB4g3Npr7,true,0xed610a81772767d575311a17ce7177128813ac65,1784676355716,2026-07-21T23:25:55.716Z,276243.495925,0,276243.495925,203915.164304,51936.815194,20391.516427,ok,ok,200,4,2026-08-05T02:51:22.257Z,
2484,xrpl,rUoqX9XExhKnm3JkpVusoZzs1dCJm9roSv,true,0xe5f6badee562e61c1fe7a2e14385937e81aeb280,1784925348522,2026-07-24T20:35:48.522Z,275818.382260999992,0,275818.382260999992,251133.86835199999,0,24684.513909000001,ok,ok,200,4,2026-08-05T02:51:24.043Z,
2487,xrpl,r4HzPue4s8KPEntVVzKpMa8b62xdvgHnPw,true,0xe8e9d95227f8001e75ef31d7a2cbb02222aa53d5,1784645644463,2026-07-21T14:54:04.463Z,275627.316,0,275627.316,229739.3938,0,45887.9222,ok,ok,200,1,2026-08-05T02:51:22.821Z,
2488,xrpl,rP2SKAQDVpxf9wvd62K73WFQ6RxZPRsn3r,true,0x06169e859a98af8489c7d55433e0c4dec753f96c,1784644453092,2026-07-21T14:34:13.092Z,275579.608032,0,275579.608032,204402.072168,50894.361523,20283.174341,ok,ok,200,1,2026-08-05T02:51:23.057Z,
2489,xrpl,rDbEmRiRRAaop2mSMjdNqAwtDFtn3USMqF,true,0x892fc3407cb2ae7866644e02d000dc62a766e4a0,1784657145706,2026-07-21T18:05:45.706Z,275399.9293,71677.54139,203722.3879,275399.9293,0,0,ok,ok,200,1,2026-08-05T02:51:23.439Z,
2490,xrpl,rNgotiT6nh2Ra46WiJ7nPmzwwotCjMMRVK,true,0x06af1f9a22978cd0f8f12a0f5ecd1e49349b511b,1784833655494,2026-07-23T19:07:35.494Z,274710.938336,215161.302846,59549.63549,274710.938336,0,0,ok,ok,200,1,2026-08-05T02:51:23.632Z,
2493,xrpl,r3Ud63iGhXo3623WAokAvMgKkobGy8M7PR,true,0x56897c5f2dbf80b7997108a4606a1d4d6a7b8ee5,1784686449658,2026-07-22T02:14:09.658Z,274410.9442,0,274410.9442,75730.56896100001,191110.3524,7570.022899,ok,ok,200,1,2026-08-05T02:51:24.450Z,
2494,xrpl,rUwbh5f9qZGvxJJwohXs1qNgit3cpHr6oi,true,0x08636e2103a54cec431a1a4d155fab6fc41ef625,1784985880777,2026-07-25T13:24:40.777Z,274320.186502999975,123851.510039000001,150468.676463999989,274320.186502999975,0,0,ok,ok,200,1,2026-08-05T02:51:24.661Z,
2496,xrpl,rPCmUigpDVF4QekXAnaJjzRTJy7DAogFUR,true,0xabf5cbf354b338b6a385e8533037fa93a621d554,1785042898946,2026-07-26T05:14:58.946Z,273997.528700999974,119945.625365,154051.903335999988,249088.662461,0,24908.866239999999,ok,ok,200,1,2026-08-05T02:51:25.076Z,
2497,xrpl,rEgcHZtmNGEBYttSBm8LM5ApkeXBsPbMTB,true,0x10ee3a7f1908a7f744491a5cec582a458de39808,1784772339332,2026-07-23T02:05:39.332Z,273770.263991,0,273770.263991,273770.263991,0,0,ok,ok,200,1,2026-08-05T02:51:25.279Z,
2498,xrpl,rKPnX7cRasJZD4Eten8GJVTkVBzKtoGgzv,true,0xe00081c8aaea808b8df2aa438a1946bb94965449,1785347929167,2026-07-29T17:58:49.167Z,273606.720242,0,273606.720242,273606.720242,0,0,ok,ok,200,1,2026-08-05T02:51:25.479Z,
2500,xrpl,rUCPkL8d8KP7SDBaTr4XDNiD9vayW4r5vY,true,0x06e1a0134dc24a6d0e40085663172fa9f57c1222,1784638565407,2026-07-21T12:56:05.407Z,272757.694214,0,272757.694214,272757.694214,0,0,ok,ok,200,1,2026-08-05T02:51:25.864Z,
2503,xrpl,rpq5wTipA2Ptv5P3Bsst4owCGk4i5415yE,true,0x2d4c7f6f93ac843d33a2f9778e016afcbe82f825,1784727577761,2026-07-22T13:39:37.761Z,271455.833105000027,0,271455.833105000027,271455.833105000027,0,0,ok,ok,200,1,2026-08-05T02:51:26.533Z,
2504,xrpl,rp7btUgQaWHCkSfft2CBHrng9KD8MRX3ts,true,0x4c7eaa456be638d84b301485f000b061af6e7585,1784885101368,2026-07-24T09:25:01.368Z,271339.843265999982,193068.621327000001,78271.221938999995,271339.843265999982,0,0,ok,ok,200,1,2026-08-05T02:51:26.680Z,
2505,xrpl,rEEamdBGYvpXcRinsKQ4CNo2t12vX4dnri,true,0x4757e17ee39689ff677b1c37472e95b4a9ce5c18,1785141672039,2026-07-27T08:41:12.039Z,271235.174774,0,271235.174774,271235.174774,0,0,ok,ok,200,1,2026-08-05T02:51:26.870Z,
2508,xrpl,rpHXkvCez2J9W6WaHKmkRFUbrJwMyDhLo6,true,0xd4ff9ce83abf1f52d06cf6c5e18fe6251ffacad8,1784721598115,2026-07-22T11:59:58.115Z,270440.252241,0,270440.252241,270440.252241,0,0,ok,ok,200,1,2026-08-05T02:51:27.507Z,
2512,xrpl,rJdQ7SrrapGAchkLLWu23ye8bFnVzq6fWc,true,0x194d7ce123f01e2088fe9f2a94ab046f6c0d4c9e,1784636945568,2026-07-21T12:29:05.568Z,269419.613638,214519.206546,54900.407092,269419.613638,0,0,ok,ok,200,1,2026-08-05T02:51:28.290Z,
2515,xrpl,rwQv9gEixhjFAiYPAAFgrQ9ZdbcSMKeTWL,true,0xf0814c0e02618335a35f466e9224c5ee6260b975,1785142245819,2026-07-27T08:50:45.819Z,269083.187832000025,0,269083.187832000025,269083.187832000025,0,0,ok,ok,200,1,2026-08-05T02:51:28.907Z,
2518,xrpl,rDtQnjDyNF59zHCSv9soknhHmtyT7iFtxU,true,0x18e89ffb77669a787143d367ad4b8f9b28c80bb4,1784986971238,2026-07-25T13:42:51.238Z,268289.6845,143606.6847,124682.9998,225187.07156399999,9324.552234,33778.06074,ok,ok,200,1,2026-08-05T02:51:29.513Z,
2521,xrpl,rEijmFtoxpzWVUAUJjpRZmmFavhF9oRvMW,true,0xc0478301811bc2dfc30432d8e8b60ee90ced5219,1784642927701,2026-07-21T14:08:47.701Z,267802.320206,0,267802.320206,136076.15009799998,118118.555117,13607.614991,ok,ok,200,1,2026-08-05T02:51:30.102Z,
2522,xrpl,rDhyjZoyKBbkvX4aTEoB2VydkTjd2bnsfT,true,0x76724fb065f4560102fbb325f40567c771d19140,1784983065106,2026-07-25T12:37:45.106Z,267676.788845,187440.236139,80236.552706,267676.788845,0,0,ok,ok,200,1,2026-08-05T02:51:30.320Z,
2523,xrpl,r9CWDA9HXGWhRT1ip465SCF4HLCZXHZ6zn,true,0x9ce09acd20a7eeded1f9367d3a3ceaf659289e0d,1784735373857,2026-07-22T15:49:33.857Z,267600.789,0,267600.789,267600.789,0,0,ok,ok,200,1,2026-08-05T02:51:30.568Z,
2524,xrpl,r3RiCsq6RwaxxwinTNcexd7jSFbV2yWfUi,true,0xd8733e6a1d8cff64c9fce1fb025d480227757c04,1784642464804,2026-07-21T14:01:04.804Z,267559.075,179023.2907,88535.78421,246822.2346,0,20736.840305999999,ok,ok,200,1,2026-08-05T02:51:30.719Z,
2525,xrpl,rKu3JE5u24EYf4j1YNaUUVGyUuYdE2KAGC,true,0x5e04dc1e1c7cb320518e089e77cdbaa1d54d54a9,1785120765938,2026-07-27T02:52:45.938Z,267318.026024999996,34227.678482999996,233090.347542,267318.026024999996,0,0,ok,ok,200,1,2026-08-05T02:51:30.948Z,
2530,xrpl,r3k36vLtBj9SZY2n2h2ZfKpgjYk8Vm7vM4,true,0xaf8e8cb17e74c706b2a882c612d641f546d4d776,1784644084925,2026-07-21T14:28:04.925Z,265746.063,0,265746.063,221471.52819799999,0,44274.53475,ok,ok,200,1,2026-08-05T02:51:32.035Z,
2534,xrpl,r49gD6gHDLm3q72UuVkijt2x4Je57XWCui,true,0xcf848acb79196e8697e85dd49baf897ee27bfd23,1784640501668,2026-07-21T13:28:21.668Z,265531.851851,0,265531.851851,221381.141266,0,44150.710585,ok,ok,200,1,2026-08-05T02:51:33.049Z,
2535,xrpl,rLooqdfa6Aa4QpubqRDJp5wZQXXPtoMa9W,true,0xb63432de9314e6c8984b62b3da579860d0b9395c,1784994012142,2026-07-25T15:40:12.142Z,265405.651123,188443.221847,76962.429276,265405.651123,0,0,ok,ok,200,1,2026-08-05T02:51:33.211Z,
2536,xrpl,rHUwtrFHkijYpQeJE1dEYfr4euSPFM1pyL,true,0xfac248778b7e1926940856a5c9703bd33f4576f4,1784677486714,2026-07-21T23:44:46.714Z,265351.228501,0,265351.228501,247258.95323199997,0,18092.275269,ok,ok,200,1,2026-08-05T02:51:33.313Z,
2537,xrpl,rabezND2ht7REsUX5ydDqNsEmeFdfYFuaP,true,0x5e851bf126ec24ad5fb8624ba5a4b52f68fb28b7,1784647859775,2026-07-21T15:30:59.775Z,265249.971733000013,0,265249.971733000013,241136.337931000016,0,24113.633802,ok,ok,200,1,2026-08-05T02:51:33.493Z,
2539,xrpl,rN37fyKH5bboTx5WkTABZQYEhiGR1Bg1MX,true,0xa0380291810e09596d400e8497d548c6b575c07e,1784760192369,2026-07-22T22:43:12.369Z,264077.084185,0,264077.084185,264077.084185,0,0,ok,ok,200,1,2026-08-05T02:51:33.779Z,
2546,xrpl,rPDdACQZNa6Y1K3SpgEXFPxLDwJddR7HmZ,true,0x0b065577a714725cbb2f1ebe5f039ac808a720c8,1785347686617,2026-07-29T17:54:46.617Z,261579.735778999981,247.410258,261332.325520999992,261579.735778999981,0,0,ok,ok,200,1,2026-08-05T02:51:35.204Z,
2547,xrpl,rho7zN2KoVheWoM51JNjXVZeKLPcohDH8Q,true,0x444917edcf8659f68b162a831d14c19efa573e50,1785105768172,2026-07-26T22:42:48.172Z,261475.205625,193962.637498,67512.568127,237710.472443000006,0,23764.733182,ok,ok,200,1,2026-08-05T02:51:35.410Z,
2549,xrpl,rftgfFtSN7NZ6qE5MSJgMkxEFGzUN17zLL,true,0xcdee12727906a0a002856a5a88b0ce9211de3ab0,1784645307424,2026-07-21T14:48:27.424Z,260948.689470999991,149971.166407000012,110977.523063999994,260948.689470999991,0,0,ok,ok,200,1,2026-08-05T02:51:35.797Z,
2553,xrpl,rPeHRve1zgYtoMSjU8L3zb4dbJERy1fgPL,true,0x3a82b65ce44d5edb8b47e2ce1c38feadc78ea04f,1784642120063,2026-07-21T13:55:20.063Z,259705.266605,0,259705.266605,186761.32469200002,58956.521617,13987.420296,ok,ok,200,1,2026-08-05T02:51:36.613Z,
2554,xrpl,rLA7Xp4q3qNTuD7zJaPKJFfbVT7mpqBm1m,true,0xfd29afe542f87001f910a193c4233e312d25ffde,1784718070272,2026-07-22T11:01:10.272Z,259205.071876,48637.998107,210567.073769,248241.350896,0,10963.72098,ok,ok,200,1,2026-08-05T02:51:36.837Z,
2556,xrpl,rBd4JcTMpCGLXRqvfYDWWa8i9D2iqMwehC,true,0xa82bb1a013c959fdad733362e9d992786a671bcb,1784903798895,2026-07-24T14:36:38.895Z,258827.450248,127688.414875,131139.035373,258827.450248,0,0,ok,ok,200,1,2026-08-05T02:51:37.270Z,
2557,xrpl,rKYmNrbv9NK8EskXzjniazf7dL2NX1YYhQ,true,0x01250c64d3fbd3c12700873cd701e8d240ab6baa,1784639551958,2026-07-21T13:12:31.958Z,258208.612109,0,258208.612109,231664.870765,3546.407968,22997.333376,ok,ok,200,1,2026-08-05T02:51:37.439Z,
2558,xrpl,rNpBagJKBFaDnSuHUwdG7H5DcDCnTHyWCv,true,0x6e10ede4ee042b701f9651d57bab00684eaf9550,1784643938981,2026-07-21T14:25:38.981Z,257812.400066,257798.192016,14.20805,257812.400066,0,0,ok,ok,200,1,2026-08-05T02:51:37.665Z,
2560,xrpl,rZcD7qZxDr9646dSNWvyfs2RYZ4ADbaL5,true,0x5e35e46ad61091138899a2a0399da6abab877ce8,1784788543605,2026-07-23T06:35:43.605Z,257709.798867000005,0,257709.798867000005,234281.635332000005,0,23428.163535,ok,ok,200,1,2026-08-05T02:51:38.062Z,
2561,xrpl,rQf2A9iPTnFBYuyVoD48MFvXjrRWtqaQLF,true,0xfebd04463ef0c17e34457d2bfe06650779442b15,1784643317171,2026-07-21T14:15:17.171Z,257691.161456,0,257691.161456,234264.692222,0,23426.469234,ok,ok,200,1,2026-08-05T02:51:38.287Z,
2564,xrpl,rwKAaV4KMEnV2EQoLuweNfRgnZo1tUxnnj,true,0xae057f2e3ed70ad4add00f6d67e76f3a6fae41ef,1784687131573,2026-07-22T02:25:31.573Z,256851.736310999986,256106.647362999996,745.088948,256851.736310999986,0,0,ok,ok,200,1,2026-08-05T02:51:38.880Z,
2567,xrpl,rDTcRMG4Ak6ShgH7Af2CX2RncrwKS8MB9H,true,0xa926f6fd2ff9d42e8b62352cd05adf7bb76b439e,1784687065433,2026-07-22T02:24:25.433Z,256106.8406,0,256106.8406,232824.4005,0,23282.44007,ok,ok,200,1,2026-08-05T02:51:39.468Z,
2570,xrpl,rE6E4Cz5iNBdXP7p7hZGoQhKjGqskKBpd7,true,0x9ee2c83366f45f0db7ad2023f6f19875b814bada,1785372776339,2026-07-30T00:52:56.339Z,255295.2303,0,255295.2303,232086.57302399998,0,23208.65731,ok,ok,200,1,2026-08-05T02:51:40.090Z,
2571,xrpl,rUK4xkqQ78nn3wPxSSSjSStTqgBZ3qEEmx,true,0x4e12767099a1e645742f133867fc563820a3d711,1784673206006,2026-07-21T22:33:26.006Z,254282.481063999992,0,254282.481063999992,231165.891864000005,0,23116.589199999999,ok,ok,200,1,2026-08-05T02:51:40.258Z,
2576,xrpl,rE2wYf6UD59cpBqifLJJkivUULgpdVL1Fw,true,0xdedd8b3b1cbccc05c860bd8637e6baa67b3de0c7,1784643849919,2026-07-21T14:24:09.919Z,252662.29714899999,162126.725204,90535.57194499999,252662.29714899999,0,0,ok,ok,200,1,2026-08-05T02:51:41.310Z,
2577,xrpl,rsm6SubX8ABXHPgK3dSCjfFNPxJMAbBNB6,true,0x8a7ebd1b80130729c4ba8698893bd00c144629f4,1784640956000,2026-07-21T13:35:56.000Z,252344.96093999999,0,252344.96093999999,252344.96093999999,0,0,ok,ok,200,1,2026-08-05T02:51:41.520Z,
2580,xrpl,rMw8ep14fqNFy9thCfEJ68nacRwftHjhsW,true,0xa9414b8bea7d7a172e6aed3cf2903579b53ad500,1784725737622,2026-07-22T13:08:57.622Z,250372.391946,183462.197293,66910.194653,250372.391946,0,0,ok,ok,200,1,2026-08-05T02:51:42.149Z,
2581,xrpl,r3G3VLpxGAfdSQnwVT7VvxGGuqBKvWjKbJ,true,0xd4db598a957bcb3b5a8be646358c32203cd906b4,1784650188818,2026-07-21T16:09:48.818Z,250210.121,117545.4643,132664.6567,250210.121,0,0,ok,ok,200,1,2026-08-05T02:51:42.314Z,
2582,xrpl,rGYUxxBepGVPMp726rQoQiaN5B8sfTqS57,true,0x80f6fe79b2d47feee2ffa3a3c254bc15ed40245b,1784654096872,2026-07-21T17:14:56.872Z,250143.367573,0,250143.367573,250143.367573,0,0,ok,ok,200,1,2026-08-05T02:51:42.526Z,
2587,xrpl,rf8BW2pHAkpSPjsqG5pTp3DFMFTbcgfXsS,true,0x1c3c52fc49a7f2220fbc608588ed9ad8c7cc1278,1784638010517,2026-07-21T12:46:50.517Z,249143.438537999988,0,249143.438537999988,192991.465674999985,36918.064918999997,19233.907943999999,ok,ok,200,1,2026-08-05T02:51:43.541Z,
2588,xrpl,rBkwc6n1uhkVk3jSqhtJ7GvB9LEMwJFUgU,true,0x24774361f8965741143f6a1483a0f6e54b8146da,1784982152192,2026-07-25T12:22:32.192Z,249129.424805,0,249129.424805,249129.424805,0,0,ok,ok,200,1,2026-08-05T02:51:43.747Z,
2590,xrpl,rMREsuwzSz1fHoBnfnHwn1DS1CMbUm2Eb,true,0xef904502042cdda0e18c40e1d2ae9fe9e251c2e4,1784642856691,2026-07-21T14:07:36.691Z,247274.16857100002,66371.580082,180902.58848900002,192716.09974700003,44517.629627,10040.439197,ok,ok,200,1,2026-08-05T02:51:44.136Z,
2591,xrpl,rw2pvrXB5ULwnf2RY7Zu88L1RrnPkQyFJu,true,0xadf5f17582adfb0fb813f3c62a2cb23efcff2689,1784970493505,2026-07-25T09:08:13.505Z,246767.657153999986,0,246767.657153999986,246767.657153999986,0,0,ok,ok,200,1,2026-08-05T02:51:44.339Z,
2593,xrpl,r8ao9u2SVorshVwhSsfEN49AsauuGTP7s,true,0x10f576be3c845e7c8dc317b349741f4514d7398e,1784791820291,2026-07-23T07:30:20.291Z,245920.2346,55785.40139,190134.8332,245920.2346,0,0,ok,ok,200,1,2026-08-05T02:51:44.748Z,
2595,xrpl,rPJSzt8vS4P6koh5A5yeKozQVemFRTJp7n,true,0xe645518308ad05185c63f6521e9b9ba4e5e5d6ea,1784698661972,2026-07-22T05:37:41.972Z,244967.249303,23543.510673,221423.73863,221351.115435,11349.847853,12266.286015,ok,ok,200,1,2026-08-05T02:51:45.148Z,
2598,xrpl,rMdC3kn6AVX8QMfaUtWSJcseGHhnzeTpLb,true,0x047f7a81e6e00786b04dfbba2645c52318188888,1784639932892,2026-07-21T13:18:52.892Z,244584.714754999994,0,244584.714754999994,222495.159083000006,0,22089.555671999999,ok,ok,200,1,2026-08-05T02:51:45.755Z,
2599,xrpl,rnTCn9HhekBcneH9EPSqPnozHuiJf8FJqt,true,0x3a7ba104499187af7cb4bd7732ef13dfda1fe48e,1784645941606,2026-07-21T14:59:01.606Z,243939.835121000011,161226.270316000009,82713.564805000002,243939.835121000011,0,0,ok,ok,200,1,2026-08-05T02:51:45.940Z,
2605,xrpl,rPZPiwheVzTXkEhKMBuipDGuGDPXRnYPMQ,true,0x4e4b0963b0c801d723c0289871fd0a84457dcc04,1784727375253,2026-07-22T13:36:15.253Z,242427.359055,0,242427.359055,102052.264237,140375.094818,0,ok,ok,200,4,2026-08-05T02:52:20.921Z,
2608,xrpl,rHKP1i9bnEscGivRfSzAYBhy8Awg1FQWRg,true,0xfe41de86b0933d1a2cb3b6589f36582a87d83d48,1785077872482,2026-07-26T14:57:52.482Z,241870.73217,179469.683324,62401.048846,241870.73217,0,0,ok,ok,200,4,2026-08-05T02:52:21.571Z,
2611,xrpl,rHj9a2Wuca5xJvvo7zgydyZVbXoog5MRBA,true,0x3ac601fd4b3ac92258f8513c8789095340347abd,1784645450343,2026-07-21T14:50:50.343Z,240132.029455,0,240132.029455,240132.029455,0,0,ok,ok,200,1,2026-08-05T02:52:21.951Z,
2612,ethereum,0xfba641004a6848510a1d957ba23cd13b466fcccf,true,0xfba641004a6848510a1d957ba23cd13b466fcccf,1784646150528,2026-07-21T15:02:30.528Z,239007.4762,0,239007.4762,239007.4762,0,0,ok,ok,200,1,2026-08-05T02:52:22.157Z,
2614,xrpl,rs9nqhW5Q7NvWPXrtLBeFcBLkL5GKdiPgy,true,0xaec5782be2a6160c8b969bb1c789a89200ecf803,1784723584593,2026-07-22T12:33:04.593Z,238803.772669000004,63904.347158000004,174899.425511,238803.772669000004,0,0,ok,ok,200,1,2026-08-05T02:52:22.548Z,
2616,xrpl,r4p4sBpGkGkQLTc5cvUr8NuerZn1US9oqh,true,0x86ef6ef23edc4aff2335c3b026f5ddf694e279b5,1785106419170,2026-07-26T22:53:39.170Z,238184.868093,0,238184.868093,238184.868093,0,0,ok,ok,200,1,2026-08-05T02:52:22.948Z,
2618,xrpl,r9aqUymWHis3Ks71q5MqNp7rRinAxGRhqt,true,0x956647ef4f3f7cdcb1cb42cec653f63ce104f84e,1784648079253,2026-07-21T15:34:39.253Z,237925.2644,154514.0142,83411.25016,237925.2644,0,0,ok,ok,200,1,2026-08-05T02:52:23.351Z,
2619,xrpl,rekj6iTH2raaiieHd3RNW54dfSTduq5fN,true,0x59963315612e6c119fbc75178b1c0654548fb6a0,1785041276017,2026-07-26T04:47:56.017Z,237831.442736,0,237831.442736,216220.490119,0,21610.952617,ok,ok,200,1,2026-08-05T02:52:23.553Z,
2620,xrpl,rq6CxcavGoGpMzBVCNondvLPRr2SBt8dY,true,0xb6d685098b2fb1ade7a03a3f5a99c94ab08f16bb,1785212580005,2026-07-28T04:23:00.005Z,237707.442254,0,237707.442254,237707.442254,0,0,ok,ok,200,1,2026-08-05T02:52:23.774Z,
2629,xrpl,rEcwcMfF8aAGPH5hiesRj5u9KFNDrex3Bi,true,0x849be83ac05313c09b38a747e3ca70bf42b100af,1784857720580,2026-07-24T01:48:40.580Z,234819.431553,135842.944334,98976.487219,234819.431553,0,0,ok,ok,200,1,2026-08-05T02:52:25.564Z,
2631,xrpl,rL9YJzkHaCJkYsuU61zgHeUnUPASJsVE6q,true,0x858c914fb25a2fbdb17076475b259777b69019a8,1784722327111,2026-07-22T12:12:07.111Z,234230.030939,2343.294222,231886.736717,203328.321706,17717.318968,13184.390265,ok,ok,200,1,2026-08-05T02:52:25.968Z,
2634,xrpl,rh4GWdSyrtvhiCGPrycUrg4CNPtb7Geuwd,true,0xa7eae3f838004bfccce205509f7b03956be4a9f8,1784852279614,2026-07-24T00:17:59.614Z,233713.297287,0,233713.297287,213476.77665299998,0,20236.520634,ok,ok,200,1,2026-08-05T02:52:26.657Z,
2640,xrpl,rU95h1AAxpb8qycz5ZDEc9XE34ie9UxF9h,true,0x671bbeee5bb6ad9c304bf16122ed77ac5a2e91a9,1785108530726,2026-07-26T23:28:50.726Z,232565.303476,100066.196355,132499.107121,232565.303476,0,0,ok,ok,200,1,2026-08-05T02:52:28.110Z,
2642,xrpl,rBW7SyqWmi5vq6eWZ4Nu1294ojyPRpLgPY,true,0x0599f8a8ffab1bff75088b06dd7fd875ea7487a9,1785005491877,2026-07-25T18:51:31.877Z,232213.8799,177915.5975,54298.28243,232213.8799,0,0,ok,ok,200,1,2026-08-05T02:52:28.500Z,
2643,xrpl,rDTsipMFAhm7ZTr3gUGsL2s1ZtJjtHHgwQ,true,0xaf273124148fa486cb40d6e84be5e43a991e7278,1784650438603,2026-07-21T16:13:58.603Z,231893.706,0,231893.706,111564.85905300001,110643.6624,9685.184549,ok,ok,200,1,2026-08-05T02:52:28.628Z,
2648,ethereum,0xcd1a602678333d247cf229c95e9e867d93fde645,true,0xcd1a602678333d247cf229c95e9e867d93fde645,1784639917000,2026-07-21T13:18:37.000Z,231366.3414,0,231366.3414,147592.38371700002,55708.56538,28065.39234,ok,ok,200,1,2026-08-05T02:52:29.689Z,
2653,xrpl,rEp5FqiqipYhEYSDgbxF1ZmK2nRwyqKpZD,true,0x73e9032a317bdf7a2e3eabc4ae96ddbf405a0a2c,1785238054838,2026-07-28T11:27:34.838Z,230375.260837,180268.513381,50106.747456,230375.260837,0,0,ok,ok,200,1,2026-08-05T02:52:30.668Z,
2657,xrpl,r4Cmhu7mkJtk2PTomPnM7brHhVC2XJmtYQ,true,0x867b9a75b8e468ca6d482811993300e3d35489c4,1784721436109,2026-07-22T11:57:16.109Z,227654.0016,0,227654.0016,227654.0016,0,0,ok,ok,200,1,2026-08-05T02:52:31.920Z,
2661,xrpl,rDagie86xuqMonDxYRqhhZ6iE5dRPKpBmZ,true,0x4e1b69cbeaa3232b7eaa4012ea5e78eeeb0fe0d8,1784721378458,2026-07-22T11:56:18.458Z,226960.1334,0,226960.1334,204161.76893999998,4099.839814,18698.52461,ok,ok,200,1,2026-08-05T02:52:32.582Z,
2665,xrpl,r5ZQCd2p6LR2qYbNYHWjSmReufyJEfhjf,true,0xc6fe3591d6f516e17ec73671874a1785d78e215d,1784911651350,2026-07-24T16:47:31.350Z,223892.9558,0,223892.9558,218564.7894,0,5328.166388,ok,ok,200,1,2026-08-05T02:52:33.168Z,
2666,ethereum,0xf6ae6a97ae4d6c0f9bb14ae78dcbdd9015571803,true,0xf6ae6a97ae4d6c0f9bb14ae78dcbdd9015571803,1784636090431,2026-07-21T12:14:50.431Z,223625.2252,107488.7181,116136.5071,223625.2252,0,0,ok,ok,200,1,2026-08-05T02:52:33.331Z,
2668,xrpl,rGTUFoSZheVpqPvAFbqHDVtpxHLfDegEof,true,0x7e1375247d7903cd403b0ffe8e0bc504bc461bc0,1785047449602,2026-07-26T06:30:49.602Z,223539.133009,150849.955831,72689.177178,223539.133009,0,0,ok,ok,200,1,2026-08-05T02:52:33.710Z,
2669,xrpl,rwSkJj8UUoxHKSXezk8TH2BX4bPvXFDrdw,true,0xeb8c7e01b8c7a9be2cf2a6b86ba8558b33e8d0a5,1784637367928,2026-07-21T12:36:07.928Z,223259.093820000009,0,223259.093820000009,122386.175904000003,90236.289319000003,10636.628597000001,ok,ok,200,1,2026-08-05T02:52:33.931Z,
2670,xrpl,rAh4sVVuedAMif92dRbvGTmnresCaPvoE,true,0x4c7ec424374735b800adce4c910b479fec741f13,1785154562821,2026-07-27T12:16:02.821Z,223100.5612,0,223100.5612,223100.5612,0,0,ok,ok,200,1,2026-08-05T02:52:34.133Z,
2677,xrpl,rNGkCNXNaevkBiMu8sDxWHVAAseJjfbJJ9,true,0x6ff2f77244895bc77a8d0362510b09236337e44e,1785301983056,2026-07-29T05:13:03.056Z,221943.76003,135079.804757,86863.955273,221943.76003,0,0,ok,ok,200,1,2026-08-05T02:52:35.553Z,
2678,xrpl,rQ3k8nayES815cq2VVm8SHzNXwwX5wDhKC,true,0x653dbe05fa400cee4f12ad8d81479baf026ccdfe,1785047498905,2026-07-26T06:31:38.905Z,221518.86836,0,221518.86836,202155.331319,0,19363.537041,ok,ok,200,1,2026-08-05T02:52:35.753Z,
2680,xrpl,rPCRWECRCW5YkjXU8WS9Vt8N9AHa6U2cDp,true,0xd3a1536072da131765d2afdc0b22507e2189f2a6,1784905133306,2026-07-24T14:58:53.306Z,221126.006386,0,221126.006386,221126.006386,0,0,ok,ok,200,1,2026-08-05T02:52:36.191Z,
2684,xrpl,raEyFDRvFG7vz2t6adh4A1Y5UCvEQ4rhob,true,0x2662b8db01d164576e034fa7e781dee6df07834e,1784642386224,2026-07-21T13:59:46.224Z,219690.255824,213710.905729,5979.350095,219690.255824,0,0,ok,ok,200,1,2026-08-05T02:52:36.959Z,
2685,xrpl,rsgmWUJvN57XniCSC8PLqUJFirYEJuCJ43,true,0x6123ce0e5afd6dd3b400930570862ccc45dac0e7,1784648614095,2026-07-21T15:43:34.095Z,219262.587871,0,219262.587871,154427.17879099998,49392.691193,15442.717887,ok,ok,200,1,2026-08-05T02:52:37.150Z,
2693,xrpl,rftkf853yMpSAWQTKC43iic1JCLJqijqQF,true,0xa6267099e37955287d017d02a4a0f200c932248c,1785053977435,2026-07-26T08:19:37.435Z,218026.160005000012,4963.29117,213062.868835000001,218026.160005000012,0,0,ok,ok,200,1,2026-08-05T02:52:38.790Z,
2698,xrpl,rHM96cJgYTS9WZdH1DMrBepvUKR9Z5urdg,true,0x05e26c16fece06c219e59343d69e999c8c44f8b5,1784637355876,2026-07-21T12:35:55.876Z,217318.928221,0,217318.928221,217318.928221,0,0,ok,ok,200,1,2026-08-05T02:52:39.802Z,
2700,xrpl,rNYZ8AfCp3kcita7zmWHKVdZpCEUCknmeS,true,0x4624b31ff6d3c2af2da7218ee061242a4ddd2439,1784646485132,2026-07-21T15:08:05.132Z,216689.412336,0,216689.412336,180574.510403,0,36114.901933,ok,ok,200,1,2026-08-05T02:52:40.207Z,
2704,xrpl,rP5GXHVRtY15uaark3uuLB3XWNZyUjc2rv,true,0x8d56d922db2f35bd88b851f6a688f7385fb4fa71,1784637844762,2026-07-21T12:44:04.762Z,215901.231976,0,215901.231976,215901.231976,0,0,ok,ok,200,1,2026-08-05T02:52:41.000Z,
2707,xrpl,rMorAheaKESoAQNrMY5gYmW96ayYobdkpZ,true,0xe97b16a62e7f399dcedc927a5127dbc501880b31,1784698388538,2026-07-22T05:33:08.538Z,215229.413161,0,215229.413161,215229.413161,0,0,ok,ok,200,1,2026-08-05T02:52:41.601Z,
2709,xrpl,rhFFumbWXPyDJEQyBGNyRCoSKSaPFGGdYK,true,0xaccb50b8abe6a7cd72c867b0a17ea3d4206e951b,1784641107507,2026-07-21T13:38:27.507Z,215073.150499,86728.833986,128344.316513,209617.687032,0,5455.463467,ok,ok,200,1,2026-08-05T02:52:42.150Z,
2712,xrpl,rnJLyYz8MGRY6QHqKrtvPw8FE5EJuxNc8Y,true,0xbaff1eb000ecdd9b8929b5c3fd53482f5cd185ee,1784960089866,2026-07-25T06:14:49.866Z,214804.127880999993,99961.373013000004,114842.754867999989,214804.127880999993,0,0,ok,ok,200,1,2026-08-05T02:52:42.681Z,
2714,xrpl,r99NAYCT6wnBE5BxYRGqW6xkoGhNd9umiy,true,0x8c3f70b4aa51b305b646ffdae5cf80eda7d9fad4,1785302536517,2026-07-29T05:22:16.517Z,214448.1169,0,214448.1169,214448.1169,0,0,ok,ok,200,1,2026-08-05T02:52:43.131Z,
2715,xrpl,rfnRXo455FZRK2MDft6gwwmX4zN4Pz6B4x,true,0x56e789d7b2f3550a584d70e45de888f6d20acc0d,1784675632213,2026-07-21T23:13:52.213Z,214107.62186,154176.083732,59931.538128,214107.62186,0,0,ok,ok,200,1,2026-08-05T02:52:43.283Z,
2716,xrpl,rfWsXekke8nbj8bXoQMxwK8d5pGZ5SEGbQ,true,0x776355218b0dc551f970c462b112f93f7be7d2b8,1784732236938,2026-07-22T14:57:16.938Z,214037.839441,0,214037.839441,214037.839441,0,0,ok,ok,200,1,2026-08-05T02:52:43.557Z,
2718,xrpl,rBqrzagPhLxET3YN56dBnmHTuRn9mfSg5R,true,0xc0478301811bc2dfc30432d8e8b60ee90ced5219,1784642862908,2026-07-21T14:07:42.908Z,213396.0513,0,213396.0513,193996.4103,0,19399.64104,ok,ok,200,1,2026-08-05T02:52:43.939Z,
2719,xrpl,rcwp3wvbw6j3wmNABNLGA8WV9ndaSXoB2,true,0xe7d6670fa49c8a382ae22cb8ca9385b85dac8e23,1784970749884,2026-07-25T09:12:29.884Z,213260.47435199999,0,213260.47435199999,213260.47435199999,0,0,ok,ok,200,1,2026-08-05T02:52:44.181Z,
2720,xrpl,rG5iEWXUAS6Ldur8q4KYQB5aPcLeudswef,true,0xe7d6670fa49c8a382ae22cb8ca9385b85dac8e23,1784970677019,2026-07-25T09:11:17.019Z,212995.509788,0,212995.509788,212995.509788,0,0,ok,ok,200,1,2026-08-05T02:52:44.309Z,
2724,xrpl,rn1BsQmiFZyw1zhTVJzwd89GU5ycm7yL26,true,0x2e7a1e130ef309362c763d93d7468917573aaceb,1784806522244,2026-07-23T11:35:22.244Z,212318.252899999992,0,212318.252899999992,212318.252899999992,0,0,ok,ok,200,1,2026-08-05T02:52:45.081Z,
2732,xrpl,rDmnxqm9upsbKLWhxnaPndi8QfWRyBdwED,true,0x69be7ae099b28f52cb9159caf583b6c94fdb5ab7,1784772318215,2026-07-23T02:05:18.215Z,211059.0666,211021.4073,37.659308,211059.0666,0,0,ok,ok,200,5,2026-08-05T02:53:26.236Z,
2734,xrpl,raUuNLehm6AkJgipugEVr46wiPaAJkR2os,true,0x481bb20c5b227abecf3560bffbdda888d7676c0c,1784776423236,2026-07-23T03:13:43.236Z,209954.026582999999,0,209954.026582999999,106454.207364000002,92854.398491999993,10645.420727000001,ok,ok,200,1,2026-08-05T02:53:25.161Z,
2735,xrpl,rfYtStJPE429c5TStyfs8WY4A3X8P8Gxpz,true,0xf25c929ddae44c8439cec27934526f81e933568b,1784638036107,2026-07-21T12:47:16.107Z,209758.004881,209757.992172,0.012709,190689.096883,0,19068.907998,ok,ok,200,1,2026-08-05T02:53:25.391Z,
2737,xrpl,rwNQuuZt8dzPLABuEM9pSv2DhcV2nr5q3y,true,0xb15d8ec7696929a5a2b56ce9b2d07e2f6319a1a1,1785397559079,2026-07-30T07:45:59.079Z,208892.4382,15.552384,208876.885816,208892.4382,0,0,ok,ok,200,1,2026-08-05T02:53:26.235Z,
2739,xrpl,rfhYK33p4xPeKTn6KHumy2akxWiTgpCp1H,true,0x832d15aebc931529f7ce0f4abceb5233b351c16f,1784811938338,2026-07-23T13:05:38.338Z,208752.321833,102351.994953,106400.32688,208752.321833,0,0,ok,ok,200,1,2026-08-05T02:53:26.601Z,
2740,xrpl,rJyHKd7GjPzwfHgdRamaccanpEopy6FwYj,true,0x19fe066f404f36305fad3f684f1f913d0e5c4a99,1784658466950,2026-07-21T18:27:46.950Z,208673.220363,118654.109356,90019.111007,208673.220363,0,0,ok,ok,200,1,2026-08-05T02:53:26.819Z,
2741,xrpl,r6Zdeve38GkvynBn7g8p51QagHQzQvRby,true,0x7a0c3b69c1a6cf7b34a35a5ce9b0cc118dd92cfa,1784651202065,2026-07-21T16:26:42.065Z,208564.1978,126045.3387,82518.85914,208564.1978,0,0,ok,ok,200,1,2026-08-05T02:53:27.005Z,
2743,xrpl,r9oQnjnuZUZVYnQQYD7eRtLfesnBDaXdMz,true,0x981cc27bd476fc300a28270555c7bebf09efbcff,1784638949846,2026-07-21T13:02:29.846Z,207945.617853,0,207945.617853,207945.617853,0,0,ok,ok,200,1,2026-08-05T02:53:27.444Z,
2746,xrpl,rw1v7y5ndCEyZuTAJFSkrC5bsi3WQ86WJc,true,0x7cd17417defb7267fc3a95498c4a339d6455c5af,1784691174276,2026-07-22T03:32:54.276Z,207361.620003999997,0,207361.620003999997,207361.620003999997,0,0,ok,ok,200,1,2026-08-05T02:53:28.029Z,
2748,xrpl,rJmiTmpqcyYX6hjTBH5KkvPx6kfuXqxh1A,true,0x3c6db56bb10d84ea63b9bbd6cbb3afc31433e84b,1785156061122,2026-07-27T12:41:01.122Z,207334.020835,0,207334.020835,195800.241274,0,11533.779561,ok,ok,200,1,2026-08-05T02:53:28.444Z,
2749,xrpl,r3iJT2F6BK8pjhVXYfABRzuPQi4tTWNacj,true,0x1b9e1b9a0186ac557c78a2b13b160bfb523fe16d,1784874709318,2026-07-24T06:31:49.318Z,207322.408,0,207322.408,188474.91640000002,0,18847.49164,ok,ok,200,1,2026-08-05T02:53:28.656Z,
2756,xrpl,rEksYzThb1hzmK4zRCbnDn6p1G6rZPhJ1s,true,0x9fa204db462f7e1437ccf67b45d5434aa3ca8511,1784641000453,2026-07-21T13:36:40.453Z,206006.8816,0,206006.8816,171672.400796,0,34334.480804,ok,ok,200,1,2026-08-05T02:53:30.075Z,
2757,xrpl,rNFiGdEiA5amPxYGFi28Txdc2fwuids4vv,true,0xcaa30151b0e5ae821ee1848d1aba3dafe73ab65b,1784654484603,2026-07-21T17:21:24.603Z,205991.545849,0,205991.545849,173612.85294699998,0,32378.692902,ok,ok,200,1,2026-08-05T02:53:30.273Z,
2760,xrpl,rLLUWXEDRVnVCPo1eu7taBz51p4FiR8MeG,true,0xffd5d6db6fb80d0586f143d7acbf36817d301f28,1784645236623,2026-07-21T14:47:16.623Z,205901.801497,0,205901.801497,187211.71342500002,0,18690.088072,ok,ok,200,1,2026-08-05T02:53:30.871Z,
2764,xrpl,rNuG33825DgpZL3tvDPoZN5Hf6eMf72vbo,true,0xc2b4210af486af11f71e2f775be4237a1b8c213c,1784696269579,2026-07-22T04:57:49.579Z,205403.389383,0,205403.389383,205403.389383,0,0,ok,ok,200,1,2026-08-05T02:53:31.668Z,
2766,xrpl,rHr5UaeL8NXNptUvkJm2RFApq1wzKBmQhQ,true,0xb9193d4a565eb2f751f8149271afc4e4bda7808b,1784852651840,2026-07-24T00:24:11.840Z,205272.704239,123340.634783,81932.069456,205272.704239,0,0,ok,ok,200,1,2026-08-05T02:53:32.081Z,
2772,xrpl,rGfNxpfBfvzVRLaR2o75ecK3Q3NDcQwH8H,true,0x597e7bc7b01999c057c97f9d532e41f0c88f5003,1785096148118,2026-07-26T20:02:28.118Z,204358.283574,0,204358.283574,185780.25778400002,0,18578.02579,ok,ok,200,1,2026-08-05T02:53:33.316Z,
2774,xrpl,rGTWhs73itBjv1HLUtJL2Br3caxbs6chHW,true,0x901a97315ba97e2f6275a6ae7b7a6d3b332c42e7,1785240573515,2026-07-28T12:09:33.515Z,203420.279788,0,203420.279788,203420.279788,0,0,ok,ok,200,1,2026-08-05T02:53:33.704Z,
2775,xrpl,rfKTL2byYQbexyEPhT4c1o7J4h46KFSE4F,true,0xc0478301811bc2dfc30432d8e8b60ee90ced5219,1784642975448,2026-07-21T14:09:35.448Z,203305.788159,0,203305.788159,167155.694261,19434.524475,16715.569423,ok,ok,200,1,2026-08-05T02:53:33.908Z,
2777,xrpl,rh2AkAuoitqR9ij21enuiPJgW1LvA3nuWv,true,0x592957a4e606ab27dcc0d203b661d2c6bc565ebe,1784639318479,2026-07-21T13:08:38.479Z,202704.494951000001,0,202704.494951000001,202704.494951000001,0,0,ok,ok,200,1,2026-08-05T02:53:34.326Z,
2778,xrpl,rnyNEKwNR8jB5iiYLxS9w6soXZvJkigHRD,true,0x365f9ad6b5a7efb8cc741649e274858f89af1dc3,1784730579416,2026-07-22T14:29:39.416Z,202258.407777999993,85556.449106999993,116701.958671,202258.407777999993,0,0,ok,ok,200,1,2026-08-05T02:53:34.522Z,
2780,xrpl,rfg4YJ1uC5YxKh1qHTWNk3HrPrRQaRA349,true,0x9e148af5281a736b3b2641c7ef3f5006e39dcd1c,1784647359122,2026-07-21T15:22:39.122Z,201787.28853,0,201787.28853,12129.771966999986,188457.456451,1200.060112,ok,ok,200,1,2026-08-05T02:53:34.925Z,
2781,xrpl,rEh419ENWq8Y8868JHKB7a6j8tBYDsTzgh,true,0xb58dbae3c3eabf43a9423e7ea2141c6d4f46f661,1784685257202,2026-07-22T01:54:17.202Z,201289.792261,0,201289.792261,183020.353928,0,18269.438333,ok,ok,200,1,2026-08-05T02:53:35.150Z,
2784,xrpl,rDsv2MgCcx83VDjg65QwXrkFTvdxibmHVF,true,0x08062888445261e92794e93209b61c2fc4e18860,1784637496594,2026-07-21T12:38:16.594Z,200276.890281,0,200276.890281,200276.890281,0,0,ok,ok,200,1,2026-08-05T02:53:35.722Z,
2785,xrpl,rNXhYS4HkFTgLvtXtCisDhRbN6yBwJh8rK,true,0x00754b02cf82146acccd9a67b32c5730cc20f841,1784683712035,2026-07-22T01:28:32.035Z,200005.304264,119577.346016,80427.958248,173193.342061,24592.304329,2219.657874,ok,ok,200,1,2026-08-05T02:53:35.961Z,
2790,xrpl,rUTtNqTckaCru5fxGJCjiVjDhpG6FAQryw,true,0xc7d1de139950dfb8872a2c19df58218d4e6e5442,1784946878248,2026-07-25T02:34:38.248Z,199522.121204999974,134976.54785599999,64545.573348999998,199522.121204999974,0,0,ok,ok,200,1,2026-08-05T02:53:37.044Z,
2791,ethereum,0x9e00ed85acb7fadab3dda2cddc3e0a14c647039c,true,0x9e00ed85acb7fadab3dda2cddc3e0a14c647039c,1784694631657,2026-07-22T04:30:31.657Z,199163.1697,0,199163.1697,210.796548000013,198952.3732,0,ok,ok,200,1,2026-08-05T02:53:37.350Z,
2792,xrpl,rpN2qHU89qpM3TCqurJY1F3ZrdSju6dRi6,true,0xa1b81f7b4d4ee2c25df0a0fbc0b7ee12d72e2575,1784685411134,2026-07-22T01:56:51.134Z,199059.61176,0,199059.61176,137416.015649,47901.994538,13741.601573,ok,ok,200,1,2026-08-05T02:53:37.482Z,
2794,xrpl,r97WgVoBu7a8AEkVzk4o6yQgV13ks1GeMn,true,0x1facff912de481596115d8ab153b7f9fb5923c44,1784734021504,2026-07-22T15:27:01.504Z,198689.0757,0,198689.0757,175444.7488,5699.852047,17544.47487,ok,ok,200,1,2026-08-05T02:53:37.959Z,
2795,xrpl,ragncUUgom42LNubT655vtw3yMf8Qy8apX,true,0x1336bbb88a26f6ba4acba2e1aa17374242a631d2,1784638086512,2026-07-21T12:48:06.512Z,198639.31894599998,0,198639.31894599998,198639.31894599998,0,0,ok,ok,200,1,2026-08-05T02:53:38.135Z,
2796,xrpl,rfmZVYDxJXxM25PCaNbbExQnKjs3zsCgSj,true,0xd5646a4e97f1dd4ec5d1aab53657319213e5f42a,1784643040641,2026-07-21T14:10:40.641Z,198555.053112,0,198555.053112,198555.053112,0,0,ok,ok,200,1,2026-08-05T02:53:38.211Z,
2797,xrpl,rpoY9wSnBkpFXpUHqYMuCuaWo7xgy57aYp,true,0x29897123c1fd1d596afb90aa502b618d3cef4679,1784874780673,2026-07-24T06:33:00.673Z,197831.046099,0,197831.046099,197831.046099,0,0,ok,ok,200,1,2026-08-05T02:53:38.402Z,
2799,xrpl,rU9tscVLZvcj6ZzZmZYi9MZszWZeZdVBhJ,true,0xec92d71dcf37bb35b1bcf539bd8e7a6adebd9533,1784696105198,2026-07-22T04:55:05.198Z,197553.118427999987,0,197553.118427999987,197553.118427999987,0,0,ok,ok,200,1,2026-08-05T02:53:38.910Z,
2803,xrpl,r9BqgaV4RmxTPEpEiBME7gvP2BEUnvCD5k,true,0xfd40fb972c6362c3a21efab41f328fe9e5c37db5,1784885894450,2026-07-24T09:38:14.450Z,196358.3907,0,196358.3907,196358.3907,0,0,ok,ok,200,1,2026-08-05T02:53:39.874Z,
2805,xrpl,rpQrgRM6xi6pD6DiJNCRCKLV557KpLMW9W,true,0xa9b7528721e77f63b00e8f23d9194a1ef9ee667a,1784726459940,2026-07-22T13:20:59.940Z,195648.814012999996,0,195648.814012999996,181280.946572999994,0,14367.86744,ok,ok,200,1,2026-08-05T02:53:40.198Z,
2807,xrpl,rabLVHaf3qfZN8kbmgkQC3ZuPQa4CXexQF,true,0x97c349c080be37dfa47adf201473e800fb3514a0,1784810708473,2026-07-23T12:45:08.473Z,195384.114593000006,0,195384.114593000006,176013.875058000005,3238.844669,16131.394866000001,ok,ok,200,1,2026-08-05T02:53:40.536Z,
2808,xrpl,rpFMD4VvF85xodtXX7zfh9krudVZkAHwjE,true,0x2249c3765d83dba99e1c6a34d05ae7069115f2f9,1785159538512,2026-07-27T13:38:58.512Z,195370.847910000011,97323.349845999997,98047.498063999999,177609.861749000003,0,17760.986161000001,ok,ok,200,1,2026-08-05T02:53:40.671Z,
2814,xrpl,rhGeB6zVKUUZbvRKiYTGdd7RocdNFgQxSj,true,0x70c5894f23385fc14bfe0d4ba2157332332bb030,1784640439262,2026-07-21T13:27:19.262Z,194266.622944,0,194266.622944,194266.622944,0,0,ok,ok,200,1,2026-08-05T02:53:41.973Z,
2816,xrpl,rnAAtU9tZpLpHXauMD1dKeNtMmwed7ME54,true,0xe73213495b38b50bc0cf3169421b7b7557c9c56d,1784847355372,2026-07-23T22:55:55.372Z,193717.624882000004,0,193717.624882000004,193717.624882000004,0,0,ok,ok,200,1,2026-08-05T02:53:42.390Z,
2817,xrpl,rJfKLqgenAjzLor3RWcBe2iH5U7DJX8hrR,true,0xf617d0caab56a64ff64be5540f15dcff6e041dce,1785328752347,2026-07-29T12:39:12.347Z,193613.337553,0,193613.337553,176012.125072,0,17601.212481,ok,ok,200,1,2026-08-05T02:53:42.591Z,
2819,xrpl,rpZ6ttbAZn2TZrLZ9tCTPUcuNTmCcfXKRe,true,0x17a15d7161e3ac4edef53ca9048ebede799266e4,1784657952801,2026-07-21T18:19:12.801Z,193444.103472999996,0,193444.103472999996,193444.103472999996,0,0,ok,ok,200,1,2026-08-05T02:53:42.927Z,
2821,xrpl,rUF9uknGbm3rCeBeGZUwBMNmgh5eDfC9ya,true,0x692997992a4ef609d3c1d4186e776d081b1a11b1,1784687650624,2026-07-22T02:34:10.624Z,193291.883643,0,193291.883643,193291.883643,0,0,ok,ok,200,1,2026-08-05T02:53:43.382Z,
2822,xrpl,rHEJLN2JPDZcLJszRESy9YoVZHDYAhcgM5,true,0xcc88ea60abf7133076ba694b5a844455b04b7d1d,1784651716861,2026-07-21T16:35:16.861Z,193032.204336,0,193032.204336,193032.204336,0,0,ok,ok,200,1,2026-08-05T02:53:43.603Z,
2827,xrpl,rai9WbWipg6FUtcTiSGcdEns7EH4emkAeG,true,0x3596ea067efc1548959a0a33ff7297e41de3c297,1784785681278,2026-07-23T05:48:01.278Z,191936.331333,0,191936.331333,168534.585897,23401.745436,0,ok,ok,200,1,2026-08-05T02:53:44.549Z,
2829,xrpl,rPJy8uMQDkidaVgDfoafggJTCr3TeXYRfR,true,0xd3ab4fdde00c4a8148b2cfaac1b3e64a5b748db6,1784646374127,2026-07-21T15:06:14.127Z,190985.704936,0,190985.704936,190985.704936,0,0,ok,ok,200,1,2026-08-05T02:53:44.969Z,
2831,xrpl,rE4YVcR6rwBwfEjm4xQqyUzHSJwZP6y3zs,true,0x5be1c28b5bb32aa24e2738639289032282205dff,1784719153780,2026-07-22T11:19:13.780Z,190515.710606,146215.894577,44299.816029,190515.710606,0,0,ok,ok,200,1,2026-08-05T02:53:45.355Z,
2832,xrpl,rscACYftT2sGdFjwEnEWdsTWYnjJCLQPkg,true,0x002b9e62b11a5b80f5544f7185416c9e9c281423,1784681693111,2026-07-22T00:54:53.111Z,190092.631541999988,0,190092.631541999988,190092.631541999988,0,0,ok,ok,200,1,2026-08-05T02:53:45.549Z,
2833,xrpl,rEmE3iciLCbMJ9J6gXdUSaEphUFS4S7tpe,true,0xdd8bfba4b44144a7d1c8cced03532f53365db91e,1784655516136,2026-07-21T17:38:36.136Z,189899.559681,0,189899.559681,172635.963342,0,17263.596339,ok,ok,200,1,2026-08-05T02:53:45.757Z,
2834,xrpl,r4RkCNktXBsvWbUPsYSPE1on961oeyzG7V,true,0x29d34cbda66ef5f1dd06bd2fe0431be68e45eb61,1785083932345,2026-07-26T16:38:52.345Z,189802.4276,107172.045,82630.38266,189802.4276,0,0,ok,ok,200,1,2026-08-05T02:53:45.970Z,
2836,xrpl,r9nnXHoY6KkeTFkp4bPgb6GbaPjVfZwCR4,true,0xf87753c8c1e6665e02e35ff2ef8e7c706866e268,1784770946293,2026-07-23T01:42:26.293Z,189717.14590899998,0,189717.14590899998,3627.848088999995,185726.513,362.784784,ok,ok,200,1,2026-08-05T02:53:46.391Z,
2840,xrpl,rhtua8sjojPqmuRdPgCehJ6dyNNSZRa4kT,true,0x6addff1f3aa250f8397c6ae7f727d92120acd338,1784830084859,2026-07-23T18:08:04.859Z,188951.949048,0,188951.949048,182822.897965,0,6129.051083,ok,ok,200,1,2026-08-05T02:53:47.194Z,
2842,xrpl,rKTNxHcEdWDR937fPnXn2SDQdajJ1Le59u,true,0xf5650e14d5cf28686bc1a1c70537750c4e77717d,1784680454950,2026-07-22T00:34:14.950Z,188868.544683,112787.727324,76080.817359,164233.51711400001,0,24635.027569,ok,ok,200,1,2026-08-05T02:53:47.587Z,
2846,ethereum,0x20a1e9b0f535ddbfe442d415119bdb3d58dae037,true,0x20a1e9b0f535ddbfe442d415119bdb3d58dae037,1784642643300,2026-07-21T14:04:03.300Z,188495.792,0,188495.792,144028.2582,15661.88219,28805.65165,ok,ok,200,1,2026-08-05T02:53:48.398Z,
2848,xrpl,rK5nzqbyNkeRdxnpNuhYnJJWcn6JaAUWjU,true,0xa543f735aa6adc5fef403696d6b81e9579edf6d2,1785092349949,2026-07-26T18:59:09.949Z,188011.407785,123223.307982,64788.099803,188011.407785,0,0,ok,ok,200,1,2026-08-05T02:53:48.813Z,
2854,xrpl,r3ducuDgiX4ajFGMZUCF2Zc7w8bwJNouM2,true,0xab565fc86780bf97eff61ead2e944fdcc250fd3b,1784638327717,2026-07-21T12:52:07.717Z,186824.1928,0,186824.1928,186824.1928,0,0,ok,ok,200,4,2026-08-05T02:54:22.673Z,
2861,xrpl,rBCzKtbvdtKAFKqoud2vUoGetr1xWT8ANv,true,0x2153368e0037a01a4cc1a1cddd4c984e998a2afa,1785208795240,2026-07-28T03:19:55.240Z,185831.7366,103613.0379,82218.6987,168937.94239400001,0,16893.79425,ok,ok,200,1,2026-08-05T02:54:23.865Z,
2862,xrpl,rDEtJvHZhaDNdohmNVovmrmzzAuCerJc1S,true,0xdca7831bfbce76f76dd48b1e75875560ef2859b1,1784789279970,2026-07-23T06:47:59.970Z,185652.8138,0,185652.8138,185652.8138,0,0,ok,ok,200,1,2026-08-05T02:54:24.074Z,
2864,xrpl,r4LnA6odEYXvciUorjtAXKQ596pGWUW7wi,true,0x8dd59937df1e4f3847f1a80fb27934f7b184b244,1784649463521,2026-07-21T15:57:43.521Z,185319.607754,0,185319.607754,168472.37026999998,0,16847.237484,ok,ok,200,1,2026-08-05T02:54:24.476Z,
2866,xrpl,rwQTk1nTkzZZJ7i7CkKphuSStfabEXMPMg,true,0xb146fbb27d1e55d5fdbf46ded64497f7ea9fb2ac,1784684911055,2026-07-22T01:48:31.055Z,184984.249696000014,0,184984.249696000014,184984.249696000014,0,0,ok,ok,200,1,2026-08-05T02:54:24.893Z,
2870,xrpl,rJT3Q5wbanrXMcbLYbBQVyBue2qW38RUkQ,true,0x063bdb47392ccfb9f02db1afcd735cf030d0983e,1784928868144,2026-07-24T21:34:28.144Z,184505.592226,0,184505.592226,112071.21947000001,61331.698634,11102.674122,ok,ok,200,1,2026-08-05T02:54:25.712Z,
2873,xrpl,rLKcmP6E8ugAtCo2f5PuDcT4hfXSBHbZqg,true,0x07248330bf7adee7ce2ae9779462fdb5249d5d0c,1784639410063,2026-07-21T13:10:10.063Z,183563.439179,38351.353677,145212.085502,166885.769107,0,16677.670072,ok,ok,200,1,2026-08-05T02:54:26.307Z,
2874,xrpl,rD1zEq8GhFWZwB46aqJ89npNB7AMu7Mrds,true,0x03ecdaee4d86ad0233f02a2a0de2df3a1072e3ef,1784639224725,2026-07-21T13:07:04.725Z,183500.421,38351.35229,145149.0688,166828.4799,0,16671.94112,ok,ok,200,1,2026-08-05T02:54:26.508Z,
2876,xrpl,rNiUdHmUN45kLWDNsyoB4vSjBwQtJLj7KU,true,0x34d3e6118fdf311399909651a22f8c6d2b4f98ef,1784641829570,2026-07-21T13:50:29.570Z,182799.090438000014,0,182799.090438000014,182799.090438000014,0,0,ok,ok,200,1,2026-08-05T02:54:26.917Z,
2879,xrpl,rMQrPjEvmWu3KHTG5shZ1zop42SDXi1nFe,true,0xfcda726b1fc276a343eefe7149065d46fa64fa4e,1784879163919,2026-07-24T07:46:03.919Z,182368.428749,136237.21468,46131.214069,182368.428749,0,0,ok,ok,200,1,2026-08-05T02:54:27.518Z,
2881,xrpl,rB6p78KYqZr886AAMwXiF6z5tbV2KS815s,true,0xa54d08c6ff1b6cfc9c281faf2a356648519bcd91,1784810818605,2026-07-23T12:46:58.605Z,182260.72288,0,182260.72288,165691.58215799998,0,16569.140722,ok,ok,200,1,2026-08-05T02:54:27.921Z,
2891,xrpl,rUpRJS3kGj3JqeojJ4zQv6K9igpT7UZ7Zx,true,0x2676306fa0eca351ad6715f0ab79641a991fe0b1,1784693533335,2026-07-22T04:12:13.335Z,179898.510645000002,0,179898.510645000002,179898.510645000002,0,0,ok,ok,200,1,2026-08-05T02:54:30.084Z,
2892,xrpl,r4G2KT28inoRXery4Zpus2FBCsPLzQ764R,true,0x1994465b073e3ca8493a2405eea536bdf610c5b8,1784677571899,2026-07-21T23:46:11.899Z,179880.0916,91648.39268,88231.69889,157140.941316999994,18691.96565,4047.184594,ok,ok,200,1,2026-08-05T02:54:30.217Z,
2893,xrpl,rMeBT5kUtoMuL5YXPAgDkhWrRzTh6SyWcx,true,0x1fe9d19924263dfad8add1ca9334b20149f28e1f,1785109058215,2026-07-26T23:37:38.215Z,179830.977932,0,179830.977932,163490.398699,0,16340.579233,ok,ok,200,1,2026-08-05T02:54:30.363Z,
2894,xrpl,rfDDDwpa8zvJS2fWdBYBVKMoHn2yL4CBTh,true,0x1fe9d19924263dfad8add1ca9334b20149f28e1f,1785108922688,2026-07-26T23:35:22.688Z,179818.734186,0,179818.734186,163471.576534,0,16347.157652,ok,ok,200,1,2026-08-05T02:54:30.568Z,
2895,xrpl,rMp7MyncTfGEdue7iZsCcxa8ZzVWo4q38W,true,0xdc16402e24130a830edf1db10ca3022e0cd5d71a,1784705136481,2026-07-22T07:25:36.481Z,179464.014349,91336.273696,88127.740653,175066.169369,0,4397.84498,ok,ok,200,1,2026-08-05T02:54:30.764Z,
2896,xrpl,rUsZhA5Fier7hiJTDNr9ECAx9bTBLz7Z2L,true,0x5699e250bbd1b9fca2a9ea18bfcd0aee8fdd3007,1785040807228,2026-07-26T04:40:07.228Z,179422.625529,0,179422.625529,179422.625529,0,0,ok,ok,200,1,2026-08-05T02:54:30.980Z,
2897,xrpl,rGP22Ps8iUwvf1KomsKVpMJpZX9qBucLyb,true,0xbcb36ef0aac8c3f6de3333e0d272f5955e7130a1,1784703958766,2026-07-22T07:05:58.766Z,179255.222078,142065.379507,37189.842571,179255.222078,0,0,ok,ok,200,1,2026-08-05T02:54:31.169Z,
2898,xrpl,rDjZ4HE1EtE1RhT58S9SigwuQ8F9K9XzMy,true,0x25b75d6eb94861d5de88bef7ffbf676533597df7,1784637985952,2026-07-21T12:46:25.952Z,179064.7282,9349.371061,169715.3572,176368.4144,0,2696.313841,ok,ok,200,1,2026-08-05T02:54:31.516Z,
2899,xrpl,rGfafccV2K6ybxu5tRpAco1Ns4ZSr7cw59,true,0xc4cc19c7a53499a9c9705dcdce61bef47d46015b,1784652436746,2026-07-21T16:47:16.746Z,179024.057062,0,179024.057062,150436.667456,0,28587.389606,ok,ok,200,1,2026-08-05T02:54:31.575Z,
2901,ethereum,0x68e2048a65eecb5b584ae3e43f4a5c8bc67406fc,true,0x68e2048a65eecb5b584ae3e43f4a5c8bc67406fc,1784702607049,2026-07-22T06:43:27.049Z,178974.6695,0,178974.6695,149145.5579,0,29829.11158,ok,ok,200,1,2026-08-05T02:54:31.989Z,
2906,xrpl,rbZ9rVmB6971Wp1ZjQjUJJxTV7wQ3QBkU,true,0x3c59cc21ca6b4ec69d7e769308d96f168bfaed00,1785328632279,2026-07-29T12:37:12.279Z,178662.349452,0,178662.349452,162420.317684,0,16242.031768,ok,ok,200,1,2026-08-05T02:54:32.991Z,
2908,xrpl,rPPvqtT9eLrmo7u1rcaYCsGN5dSoF6a1hD,true,0x5bcd8e7f93c14230fcec965a1a9dc9b024dd6612,1784642588365,2026-07-21T14:03:08.365Z,178558.86996,0,178558.86996,150165.720108,0,28393.149852,ok,ok,200,1,2026-08-05T02:54:33.384Z,
2914,xrpl,rGNtjxvGzjqNvDu2GqN5bAHkfbUA23DLff,true,0x8e0cef0fdfaac2d1250587c677a5bb3d09f2c809,1784639330912,2026-07-21T13:08:50.912Z,177389.489594,0,177389.489594,177389.489594,0,0,ok,ok,200,1,2026-08-05T02:54:34.608Z,
2916,xrpl,rD9zJJ3zg5XeaFFrDaw4rWELnAnmZ7PJzi,true,0xf6b5b2b8e4ee0173e7e1bc0bbbfb0c12d1db7f65,1785046573220,2026-07-26T06:16:13.220Z,177160.792,18546.65254,158614.1395,177160.792,0,0,ok,ok,200,1,2026-08-05T02:54:35.026Z,
2921,xrpl,raQxSD2xuXo6YaqXkUwXBq5KUdraXYBE2y,true,0xc23087388498e3047524630ed1ec44100fff7025,1784683983046,2026-07-22T01:33:03.046Z,175868.991401,43760.761725,132108.229676,175868.991401,0,0,ok,ok,200,1,2026-08-05T02:54:36.031Z,
2922,ethereum,0xffbaa0de31cd06c0031682e6e991b2515e71192e,true,0xffbaa0de31cd06c0031682e6e991b2515e71192e,1784693806235,2026-07-22T04:16:46.235Z,175838.1143,0,175838.1143,159852.8312,0,15985.28311,ok,ok,200,1,2026-08-05T02:54:36.236Z,
2923,xrpl,rpfChr6u7skpz7491TeB2Q2uG3tRHdxTyM,true,0x4a459ca8a347fe5e3a52432498ed6cb15aa7cfe2,1784680547059,2026-07-22T00:35:47.059Z,175750.474049000011,79142.195198999994,96608.278850000002,175750.474049000011,0,0,ok,ok,200,1,2026-08-05T02:54:36.476Z,
2925,xrpl,rBxmM6MZ3Mu6e4oni3rNwC1gXNpBru8x7T,true,0x325b99e891e2fb1a18e2e93b8a028ffe20c8cdcd,1784655802466,2026-07-21T17:43:22.466Z,175364.8355,0,175364.8355,175364.8355,0,0,ok,ok,200,1,2026-08-05T02:54:36.847Z,
2928,xrpl,rwsFAQh6gXwxfjbiLeUQGp4RWdy6XL49oY,true,0x5006ffaec38fbfa960eb82ff4ba4a95f98fba6aa,1784987202877,2026-07-25T13:46:42.877Z,175021.386803,100273.849107,74747.537696,175021.386803,0,0,ok,ok,200,1,2026-08-05T02:54:37.430Z,
2930,xrpl,rsj7sVUKhKKkGq45UiZsWJ2Cgj6rSHybt4,true,0xeea6dbf2989fa1e37bc0fdd47edca1aae22566d4,1784688356759,2026-07-22T02:45:56.759Z,174888.97781,0,174888.97781,174888.97781,0,0,ok,ok,200,1,2026-08-05T02:54:37.841Z,
2931,xrpl,rsRS2vtmpcoMHYg5SUNBaZ4Lx3dHJu5kaV,true,0x4268097288eccbee25d8ccf2b4e7ff4b8a6e0dc8,1785067459834,2026-07-26T12:04:19.834Z,174858.908259000018,9911.655016999999,164947.253242000006,174858.908259000018,0,0,ok,ok,200,1,2026-08-05T02:54:38.045Z,
2933,xrpl,rMzE9ZjXjgnChFMcW9x4knN1ZYMGcz87UY,true,0x3169c56a7f14cb6be56dd7516ec367a2dc37b8df,1784640608685,2026-07-21T13:30:08.685Z,174523.169611,0,174523.169611,158657.426911,0,15865.7427,ok,ok,200,1,2026-08-05T02:54:38.467Z,
2943,xrpl,rH8EGuCzMTQjrRR7PvU1fsi4tj5UheQGmV,true,0xf62aeba9696d2306cf91d2f51a20bb890de77250,1784642766148,2026-07-21T14:06:06.148Z,172984.528049,15390.839035,157593.689014,157258.661870000001,0,15725.866179,ok,ok,200,1,2026-08-05T02:54:40.467Z,
2945,xrpl,rnHVtPDVHEz2DGdGHwks2YrG2wCb6G8HMi,true,0x481e2a2cc0956c5da182215350fc99ae393850e9,1785330125888,2026-07-29T13:02:05.888Z,172812.969356999994,132741.359201999992,40071.610155000002,172812.969356999994,0,0,ok,ok,200,1,2026-08-05T02:54:40.896Z,
2947,xrpl,rwiQkheBuwLLXbM9rrUTHYXPHXUZfK6LDw,true,0x3dfdfa3375b81feb2743eaa6d58224d593e1bd5c,1784721136897,2026-07-22T11:52:16.897Z,172756.474747,0,172756.474747,172756.474747,0,0,ok,ok,200,1,2026-08-05T02:54:41.303Z,
2949,xrpl,rNroEirDUbT2Z1tcLuCe7kLPKETsnhayf3,true,0x1028db60e9a2a5267728a85bf667026162d4409a,1784728296740,2026-07-22T13:51:36.740Z,172680.571537,0,172680.571537,157125.054903,0,15555.516634,ok,ok,200,1,2026-08-05T02:54:41.703Z,
2950,xrpl,rHgfiziZj54eUQ7ZCpC5Ex5HmqGxFzohT,true,0x6074c47e2b0833f45619107943eb47b13d252a8c,1784671230375,2026-07-21T22:00:30.375Z,172657.492114,99779.105713,72878.386401,172657.492114,0,0,ok,ok,200,1,2026-08-05T02:54:41.907Z,
2953,xrpl,rfc9xZ1a8tnm8DpAeQp4xHCxSw5ny1ng48,true,0xc71065fc6c323f5bff756924ce45ae0062a52888,1784642759515,2026-07-21T14:05:59.515Z,172280.705845,0,172280.705845,156618.823652,0,15661.882193,ok,ok,200,1,2026-08-05T02:54:42.524Z,
2954,xrpl,rpvwFCKPH83E1vTTbQX8TmeCZwZ6EE85yd,true,0xbcc68925a6ed416200c51e10b9c70b1e49141448,1784946603836,2026-07-25T02:30:03.836Z,172165.94441,14762.383317,157403.561093,172165.94441,0,0,ok,ok,200,1,2026-08-05T02:54:42.733Z,
2956,xrpl,rUdTRoS9epXqf9ALWh3fjLiyXeLioGSjqa,true,0x87ae3a1cd4a5c86bb069561fa9c85c4f2886621e,1784709914977,2026-07-22T08:45:14.977Z,171974.049578000006,0,171974.049578000006,171974.049578000006,0,0,ok,ok,200,1,2026-08-05T02:54:43.142Z,
2959,xrpl,rDeTw48cdCRrpVFAVabPPE2YeaxfH2VjH7,true,0xe6220f0054a73c43a2d5b9bd2357d63c6e27f915,1784648234885,2026-07-21T15:37:14.885Z,171655.1228,0,171655.1228,156050.1108,0,15605.01208,ok,ok,200,1,2026-08-05T02:54:43.732Z,
2964,xrpl,rJ9gjoCESzXQ3Hdqe8mDDJLoribvAWzJAn,true,0x89d67c170b0729f1f93e36d643f8286cf1976492,1784717005136,2026-07-22T10:43:25.136Z,170719.56497,64922.566561,105796.998409,170719.56497,0,0,ok,ok,200,1,2026-08-05T02:54:44.774Z,
2965,xrpl,rNm4idr3KwM5B3efMuFWispnMJDYjuQtYa,true,0xc5814642980546736ebb41c78bd839205b752996,1785289371246,2026-07-29T01:42:51.246Z,170670.764731,60866.211379,109804.553352,170670.764731,0,0,ok,ok,200,1,2026-08-05T02:54:44.946Z,
2969,xrpl,rNpbpngbaL7D8q4M3ycs4rRZzqyCgU97fr,true,0x8285f89d3a4f13708d81bc5e37424e19eac711b9,1784911791167,2026-07-24T16:49:51.167Z,170254.131049,0,170254.131049,156394.56334,0,13859.567709,ok,ok,200,1,2026-08-05T02:54:45.748Z,
2978,xrpl,r4Nhfn4zLn8hqJwWSDAY219GAGhPfyhKd1,true,0x8184f92a1cc4c239a0fdcddfaddf5d9e091602ea,1784670271519,2026-07-21T21:44:31.519Z,168425.80063500002,0,168425.80063500002,168425.80063500002,0,0,ok,ok,200,5,2026-08-05T02:55:27.412Z,
2982,xrpl,r9wEZNV4e7gnyqFsXVojUrV22btSUzdp2A,true,0xc0aaefe9b155f523f2bb0c578d5319a6fd0f48e2,1785062136058,2026-07-26T10:35:36.058Z,167559.9387,22555.18591,145004.7528,152327.217,0,15232.72171,ok,ok,200,1,2026-08-05T02:55:21.395Z,
2986,xrpl,rEwFCp2ivhuQhxAGA5H6mhLGvqDnRhNghf,true,0xf736970b8e730033fcbdb274ba5965b4793e3b6c,1784728442204,2026-07-22T13:54:02.204Z,166303.384875,0,166303.384875,151184.89536099997,0,15118.489514,ok,ok,200,1,2026-08-05T02:55:22.249Z,
2987,xrpl,rayyu1keWDPnZJfxUNkYrEdv7ASwdtVTFg,true,0x4988953b9e61e27339eaf90d40dab8bc04b56462,1785133632336,2026-07-27T06:27:12.336Z,165902.282723,0,165902.282723,165902.282723,0,0,ok,ok,200,1,2026-08-05T02:55:22.569Z,
2988,xrpl,rfdBSbWXHxAB9vTySFG8oQbvkcivbPXkVD,true,0xc494e1c786937f99f222c8e5e3748863a8baf6e8,1785133823545,2026-07-27T06:30:23.545Z,165902.253289,0,165902.253289,165902.253289,0,0,ok,ok,200,1,2026-08-05T02:55:22.724Z,
2990,xrpl,rJuJTmr3kGoiWSpNoNivnh8SvQ6X5UAUVx,true,0x54cc85a3bf84a8d8103e06ed341cad40aa4fef17,1784648928982,2026-07-21T15:48:48.982Z,165735.905164,0,165735.905164,150669.004689,0,15066.900475,ok,ok,200,1,2026-08-05T02:55:23.117Z,
2991,xrpl,rEHaVpBDwGV7WVXTiQmPnp2L4H8fX8Ud3Q,true,0x91dd8de710f415f425647df911b370466a02b797,1785133728456,2026-07-27T06:28:48.456Z,165706.0666,0,165706.0666,165706.0666,0,0,ok,ok,200,1,2026-08-05T02:55:23.290Z,
2992,xrpl,rwSr4xfejS9E1EtcCfEgHsPqoFBaFuw73j,true,0x4457fbc396a860d8033f09e06b3d1ec102ccd19e,1784671298342,2026-07-21T22:01:38.342Z,165642.571559000004,111829.76758,53812.803978999997,165642.571559000004,0,0,ok,ok,200,1,2026-08-05T02:55:23.520Z,
2995,xrpl,r3F9G2ayZFmmtQsdMZxf7euJX3przqXycT,true,0x0c8cc417855e88132746a6f1076e50b357a5ccd0,1785133519217,2026-07-27T06:25:19.217Z,165508.4088,0,165508.4088,165508.4088,0,0,ok,ok,200,1,2026-08-05T02:55:24.098Z,
3000,xrpl,r94qXwj1cmT1Qe8HUX9HzuHd7DkDVYK1u4,true,0xbcd06b87f94f991cea9f2adae9f8a4729f100ea8,1784639487258,2026-07-21T13:11:27.258Z,164753.7621,0,164753.7621,137328.8285,0,27424.93362,ok,ok,200,1,2026-08-05T02:55:25.198Z,
3003,xrpl,rEBeQQep9pQRN6xfrfUfkLzPuUF9HJqSmF,true,0xb182008844ebb4c48a477aca552f65d9d7f9b7c6,1784639179915,2026-07-21T13:06:19.915Z,164329.197,32850.71104,131478.486,164329.197,0,0,ok,ok,200,1,2026-08-05T02:55:25.883Z,
3005,xrpl,rH9QxqfaVemt4ViH8mLKyYPS18tqL7cDzA,true,0xfe82905fad139abce33ce047d54d697c6bca574e,1784854150825,2026-07-24T00:49:10.825Z,163751.665706,0,163751.665706,163751.665706,0,0,ok,ok,200,1,2026-08-05T02:55:26.367Z,
3006,xrpl,rHbxMsX97jZqvZ7akbDmEGhxGuwXhQT7j8,true,0x9330065a70e54ad29cf60c2c013e69900da13d73,1784757796013,2026-07-22T22:03:16.013Z,163413.325426,0,163413.325426,163413.325426,0,0,ok,ok,200,1,2026-08-05T02:55:26.502Z,
3011,xrpl,rwfkEwwdyRbpjr7EEuP7CcTjtFvuUZGHRr,true,0x28fb6407a4698b37abb5303563a4a69f38849168,1784640100466,2026-07-21T13:21:40.466Z,162908.027188,0,162908.027188,162908.027188,0,0,ok,ok,200,1,2026-08-05T02:55:27.921Z,
3013,xrpl,rLWFuyW1GFh9RQbQJwPTxQPgT5TpHdgJUx,true,0x68401ca90445985a4cb700ff661c05a875620f90,1784648702833,2026-07-21T15:45:02.833Z,162814.99769299998,0,162814.99769299998,99715.04644899997,53408.468247000004,9691.482997000001,ok,ok,200,1,2026-08-05T02:55:28.399Z,
3017,xrpl,r3T5FW2hpHnyLMKTQ9rD1u9r3MQ7zeqRXH,true,0xebff09190ba23d88b0345f59d8929017dfec34fd,1785020498047,2026-07-25T23:01:38.047Z,161685.66544000001,33994.03132,127691.63412300001,154388.251,0,7297.414455,ok,ok,200,1,2026-08-05T02:55:29.087Z,
3018,xrpl,rwC7fC1LiDJntMqbMuDAzVub4gxXUiZovQ,true,0x65b98f801a9a9d4646509f58bdb821800ef1b957,1784725869635,2026-07-22T13:11:09.635Z,161616.822565,0,161616.822565,147267.52664,0,14349.295924999999,ok,ok,200,1,2026-08-05T02:55:29.290Z,
3019,xrpl,r3SfqMH5ECBiRrsByExUMVmNeBA3VDnCec,true,0x4d94745861aecd2abdf0b69b44b7aad79eec310c,1784671032478,2026-07-21T21:57:12.478Z,161613.4486,91151.20414,70462.24447,158164.9537,0,3448.4949149999998,ok,ok,200,1,2026-08-05T02:55:29.481Z,
3021,xrpl,rLtiVRE8mLkEDE5npWS7v7ccYsDNYFm5WP,true,0xda836867078ee286a84791d08e9a174d5f96af80,1784744328433,2026-07-22T18:18:48.433Z,161449.200553,161222.105473,227.09508,161449.200553,0,0,ok,ok,200,1,2026-08-05T02:55:29.918Z,
3023,xrpl,rwHtcAnWTW5c8a7EaJXWkfaGFbpJnYqznr,true,0x858c914fb25a2fbdb17076475b259777b69019a8,1784698168338,2026-07-22T05:29:28.338Z,161044.845379,0,161044.845379,143011.790881,3752.513481,14280.541017,ok,ok,200,1,2026-08-05T02:55:30.413Z,
3025,xrpl,rDrPVdW9Rs9mjRJjLDiDrMNzPYkSto6FrK,true,0x6826669bba691227311daeaf856ea35b852ebd20,1784711949006,2026-07-22T09:19:09.006Z,160742.081871,99726.961591,61015.12028,160742.081871,0,0,ok,ok,200,1,2026-08-05T02:55:30.689Z,
3026,xrpl,rh9XyULBacB7pJ23ZtNdpMk9KHXBf1tyyz,true,0x01d54c9ffbea1d8e6eb85dbd718bd0f40ce34daa,1784694375185,2026-07-22T04:26:15.185Z,160589.737121,0,160589.737121,145990.67013100002,0,14599.06699,ok,ok,200,1,2026-08-05T02:55:30.891Z,
3031,xrpl,rBQPF6uutfKSRo9BeRnEPaUZuY7gCeACiu,true,0xa2e4ee0447b753252b177200673db9650879161a,1784689163749,2026-07-22T02:59:23.749Z,159917.4071,0,159917.4071,145891.4102,0,14025.9969,ok,ok,200,1,2026-08-05T02:55:31.935Z,
3034,xrpl,rwwitkbDcC4mAp5uzTLvE5EzksvebWQb8X,true,0x3ec73b97886a778d172f14cf242e9da51eaa4f19,1784704159665,2026-07-22T07:09:19.665Z,159513.509527,0,159513.509527,159513.509527,0,0,ok,ok,200,1,2026-08-05T02:55:32.575Z,
3042,xrpl,rpFgBqzEvhgUUbeTaVFLGLVUtxzk7P1D6x,true,0xd19b06d9ddf6e5d4e000815d823ff7bec1ccaf08,1784727236890,2026-07-22T13:33:56.890Z,157295.016506000014,0,157295.016506000014,142995.469556000025,0,14299.54695,ok,ok,200,1,2026-08-05T02:55:34.127Z,
3044,xrpl,rJjdojmqQhnosaZcL13WcH9uvmhnL1NVwC,true,0xbc8cce949f62452e99445ec92e0fce17cee711c2,1784713398646,2026-07-22T09:43:18.646Z,156921.55297600001,86926.61373900001,69994.939237,140800.23904800001,2041.533575,14079.7803529999995,ok,ok,200,1,2026-08-05T02:55:34.548Z,
3047,xrpl,rhqsS2AmMxkZx2ST9Ax3Rm5VAdhnDS8w7n,true,0xd403136ba0507ba41519503c4729fcf52a8841c0,1784682862964,2026-07-22T01:14:22.964Z,156410.964541,0,156410.964541,156410.964541,0,0,ok,ok,200,1,2026-08-05T02:55:35.148Z,
3049,xrpl,rJPMVhr3524trqGRayGDzxhWCeT4DhZ3sN,true,0x73c31560107a7fb424ed5dae505d581de22f16d6,1784807354884,2026-07-23T11:49:14.884Z,156204.152579,0,156204.152579,156204.152579,0,0,ok,ok,200,1,2026-08-05T02:55:35.557Z,
3051,xrpl,rUkY8rtU8dnHBXH5jhEhEyTtFsFNzno5KV,true,0xffb964ca4865a4f6d95635f68d92496037ac291f,1784880234363,2026-07-24T08:03:54.363Z,155483.447491,114308.786067,41174.661424,155483.447491,0,0,ok,ok,200,1,2026-08-05T02:55:35.954Z,
3056,xrpl,rHeTzHcibB383wAsZmvXrJrjDMH9Y7EGFs,true,0x7e42a9a760353e30a22653418b42bd0185937899,1785381810412,2026-07-30T03:23:30.412Z,154971.883197,0,154971.883197,154971.883197,0,0,ok,ok,200,1,2026-08-05T02:55:36.979Z,
3058,ethereum,0x24da44100a7ce93424fa0c5c6b1899a9acf2b61d,true,0x24da44100a7ce93424fa0c5c6b1899a9acf2b61d,1784639507535,2026-07-21T13:11:47.535Z,154949.2256,0,154949.2256,154949.2256,0,0,ok,ok,200,1,2026-08-05T02:55:37.410Z,
3063,xrpl,r4A1hZ525inzKWumqKbQtWZkBLzKPgbWuF,true,0x9b04a3cb987515bd48081d8a977b4b78e1b685d2,1784644076655,2026-07-21T14:27:56.655Z,154253.473778,123647.085152,30606.388626,154253.473778,0,0,ok,ok,200,1,2026-08-05T02:55:38.421Z,
3067,xrpl,rHNGgkdorrMCqVSATPqhaywCgJ1NEzsLuY,true,0xb5fbeee9c58f09e53dcba4b77dd30029f839e5c5,1784690359068,2026-07-22T03:19:19.068Z,153846.73822,10702.011208,143144.727012,153846.73822,0,0,ok,ok,200,1,2026-08-05T02:55:39.241Z,
3071,xrpl,rDNVfnctY93Skfwc54oxiiZ1ryaFTx3G6b,true,0x96119fb863f53a8fdfd3f944c68db9dae2af931a,1785379885865,2026-07-30T02:51:25.865Z,153295.200625,95755.267614,57539.933011,153295.200625,0,0,ok,ok,200,1,2026-08-05T02:55:40.080Z,
3075,xrpl,r34MFhBuUeuCL1X5wS2dGrE3DFqgcxaU8p,true,0xf3789222dcfd262bc59ff9b8de3498126adbec09,1784705823024,2026-07-22T07:37:03.024Z,152719.564439,0,152719.564439,152719.564439,0,0,ok,ok,200,1,2026-08-05T02:55:40.902Z,
3076,xrpl,rPiktQtxBRGjzJufD7kbRQZHwabwiEZcW5,true,0xd58091672757fd8e47d61884d94d04d098f0b58d,1784744374280,2026-07-22T18:19:34.280Z,152608.041581,0,152608.041581,5526.70373899999,147081.337842,0,ok,ok,200,1,2026-08-05T02:55:41.137Z,
3077,xrpl,rpfRpUbohX5YwuAwrvCHrK2cyCwmKBAzj3,true,0xb41f33cb71a3af8a29179751778b9f4925e5abe5,1785042002067,2026-07-26T05:00:02.067Z,152437.433964,0,152437.433964,152437.433964,0,0,ok,ok,200,1,2026-08-05T02:55:41.312Z,
3078,xrpl,rD7bmvRafBoXrwRJEHLK8bZhAVka7AG5Y8,true,0x3e6b3f435961db0661e5c4bbb957c814c478f7ef,1784752113799,2026-07-22T20:28:33.799Z,152145.9657,0,152145.9657,152145.9657,0,0,ok,ok,200,1,2026-08-05T02:55:41.554Z,
3086,xrpl,r45qLBcDRbbhEBcg8EicjByXxDhuPRTwVQ,true,0x86ed7a01c76cb1231f911b38b2ad4bcc556ccb75,1784637022629,2026-07-21T12:30:22.629Z,151128.1838,0,151128.1838,135800.3792,3811.936856,11515.86773,ok,ok,200,1,2026-08-05T02:55:43.132Z,
3101,xrpl,rJrbE2P7eKGpr1bYTiQ5FdsgMVE5VzeYBv,true,0x6cc76c912a73ff6748498d0b315fa2f00a1bc74d,1784987556498,2026-07-25T13:52:36.498Z,149300.282914,149279.041121,21.241793,149300.282914,0,0,ok,ok,200,5,2026-08-05T02:56:24.951Z,
3106,xrpl,rBxudsmqSEqH45uHACagMVphruAJABwxWf,true,0x99f97bbccb3f35b1f0fa39df032c564e5f3cd94e,1784980843578,2026-07-25T12:00:43.578Z,148736.6088,4549.868833,144186.7399,135215.09884099998,0,13521.50992,ok,ok,200,1,2026-08-05T02:56:25.727Z,
3114,xrpl,rwbQ8qZQJvkUSELF2newUNK4QoqL9tpawv,true,0x2283b0831ef8c18f32dd14ca07298eca34137303,1784737495844,2026-07-22T16:24:55.844Z,147172.416364000004,0,147172.416364000004,133807.056676000007,0,13365.359688,ok,ok,200,1,2026-08-05T02:56:27.569Z,
3115,xrpl,rBzU1ZYAhDje8vMGPPHk6q7Pru7gSbLrNW,true,0x9ccb43a5441f4cf242e7176d0bd99076e57caefc,1784977930147,2026-07-25T11:12:10.147Z,146871.2829,0,146871.2829,146871.2829,0,0,ok,ok,200,1,2026-08-05T02:56:27.751Z,
3119,xrpl,rs6j5xriiaLvrJvd94jjisYjhGQPYoUhza,true,0x75d84dcb49022917dba07fca7ebe335667231a75,1785089355683,2026-07-26T18:09:15.683Z,146423.041482,92714.377588,53708.663894,146423.041482,0,0,ok,ok,200,1,2026-08-05T02:56:28.719Z,
3120,xrpl,r4cuxp13YfmgRPzwq1VbMt8UE6TVEmeoVV,true,0x59d60213e3de00ab536f666d82983a4ebf5ea0c9,1784725831871,2026-07-22T13:10:31.871Z,146347.371,0,146347.371,133043.0646,0,13304.30646,ok,ok,200,1,2026-08-05T02:56:28.888Z,
3121,xrpl,rKMdjEKmrvSr81ckT5t82vUCZPb6E9227c,true,0xa71522689913c3b8a2f1d6ab8fa0d553987e32c8,1784673095859,2026-07-21T22:31:35.859Z,146180.304526,0,146180.304526,134792.300449,0,11388.004077,ok,ok,200,1,2026-08-05T02:56:29.093Z,
3122,xrpl,rpRqSyFFJNdzfn3BY2i2WudZChjedbMGg2,true,0xbb87b5b6b1b828fb26ed6bcd731fbc2e8aa89039,1784729680861,2026-07-22T14:14:40.861Z,146119.134195,15734.782307,130384.351888,138803.67639400001,0,7315.457801,ok,ok,200,1,2026-08-05T02:56:29.296Z,
3123,xrpl,rH43iK3KPXQauhJEywEKNv4LgUBs5QwmUh,true,0x289348002bdb57c2f913876d6bcccb21fa56d483,1784638787628,2026-07-21T12:59:47.628Z,145818.750767,0,145818.750767,130135.980435,2669.172329,13013.598003,ok,ok,200,1,2026-08-05T02:56:29.457Z,
3128,xrpl,rLZcjz8P87Wz5Czaz1AE6z9phJysFzKbHf,true,0xf5bdd97237163cdc2996797f97859057dfe498e2,1784931990566,2026-07-24T22:26:30.566Z,144609.008403,0,144609.008403,144609.008403,0,0,ok,ok,200,1,2026-08-05T02:56:30.447Z,
3132,xrpl,rpmGthmGnkXHNuFPyCbVmRV6qhVJTTe8P7,true,0xac858f456386f063e580e154f2aac1001931f29d,1784734453842,2026-07-22T15:34:13.842Z,143770.880822,108423.206676,35347.674146,127146.369644,0,16624.511178,ok,ok,200,1,2026-08-05T02:56:31.268Z,
3133,xrpl,rLHMqefidmYEyRegcMz5YbvTEdm1UD5Zc9,true,0x42864b0fcab52e4d346124964c98e2e8ee374dba,1784656477959,2026-07-21T17:54:37.959Z,143745.520097,0,143745.520097,143745.520097,0,0,ok,ok,200,1,2026-08-05T02:56:31.527Z,
3134,xrpl,rwm6gDcWKj2VzzWRYCrCgpSETNXm4GAXuj,true,0x171f15c19c6547784324c464a6cf8217bdaadf0e,1784679520217,2026-07-22T00:18:40.217Z,143408.996813,0,143408.996813,143408.996813,0,0,ok,ok,200,1,2026-08-05T02:56:31.722Z,
3136,xrpl,rweqDnjJ3puLV2QjJqWUezvCVQVHQ5fVYP,true,0xf15ace20363eed4416fffed3fac98b1298374ece,1784670555161,2026-07-21T21:49:15.161Z,143167.273399,0,143167.273399,133313.808081,729.479266,9123.986052,ok,ok,200,1,2026-08-05T02:56:32.215Z,
3139,xrpl,rakq3QwUBCs5EAeqHKxsJsNYJdY7FahQYK,true,0x16d33ed79ef60e74d7e4fd3776aad391f29cbf2d,1784644909441,2026-07-21T14:41:49.441Z,142392.000821,89711.341055,52680.659766,142392.000821,0,0,ok,ok,200,1,2026-08-05T02:56:32.684Z,
3141,xrpl,rU7T8zJqJcgwKSLAtTuvWmEezxfZtRsdWz,true,0xc644d7b70b5a8940409c6ea04949981e6fab4a89,1785331839219,2026-07-29T13:30:39.219Z,142196.072023,0,142196.072023,142196.072023,0,0,ok,ok,200,1,2026-08-05T02:56:33.190Z,
3142,ethereum,0x00efa50a8e262bbf767f14a0943dd9e6b6751f77,true,0x00efa50a8e262bbf767f14a0943dd9e6b6751f77,1784767534375,2026-07-23T00:45:34.375Z,142165.6709,4386.046673,137779.6243,142165.6709,0,0,ok,ok,200,1,2026-08-05T02:56:33.314Z,
3143,xrpl,rEJ45TmF9y2cb8hYN1zjw2KrishN6NUx5n,true,0xc971f6e21b7bf4ce460bd2e113a94fa850918918,1785409002863,2026-07-30T10:56:42.863Z,142027.0239,0,142027.0239,142027.0239,0,0,ok,ok,200,1,2026-08-05T02:56:33.531Z,
3148,xrpl,r3z5pkbJnxG24n2C2xiPM5iDBMK2iq1QEG,true,0x9e4805f95ff722a5ac3686936608692c95e411a9,1784672406628,2026-07-21T22:20:06.628Z,140940.165566,0,140940.165566,140940.165566,0,0,ok,ok,200,1,2026-08-05T02:56:34.557Z,
3152,xrpl,rGb9QFuuPjACs3KHHTcCeQKQGzyTohhw7n,true,0xcba3984fbb08f0f7c1bbffce57277fe2881d7d41,1784643695524,2026-07-21T14:21:35.524Z,140722.00946,4164.113729,136557.895731,140722.00946,0,0,ok,ok,200,1,2026-08-05T02:56:35.349Z,
3154,xrpl,ryz9nBknBfVKRjBr1dW1hTpia8TTNnxJ3,true,0x12f35ee435f6674084e5a4b252b5dc90d066b81e,1784755255310,2026-07-22T21:20:55.310Z,140381.614176,93666.537698,46715.076478,140381.614176,0,0,ok,ok,200,1,2026-08-05T02:56:35.748Z,
3156,xrpl,r489h9inReCVzeE5GFs5aTtN5amH3Vkwa9,true,0xddcc309669a5232d4edb16e963b9f8f6856cc069,1784641259402,2026-07-21T13:40:59.402Z,140317.4235,0,140317.4235,116931.1865,0,23386.23704,ok,ok,200,1,2026-08-05T02:56:36.148Z,
3161,xrpl,racQvNnHU8WWY9KaMNE5iP4UbDs2d4f6sC,true,0xe3e1191557037ca31dd33a582a4263e0b12e949a,1784665321272,2026-07-21T20:22:01.272Z,139515.66423200001,0,139515.66423200001,139515.66423200001,0,0,ok,ok,200,1,2026-08-05T02:56:37.161Z,
3164,xrpl,rGLFH5RzRWLYnetFaprMAgMgH2pEUHKBb5,true,0xec1257d76f124950918d418733a11f529941e5b5,1784728199819,2026-07-22T13:49:59.819Z,138831.226014,0,138831.226014,129092.34719700001,0,9738.878817,ok,ok,200,1,2026-08-05T02:56:37.769Z,
3165,xrpl,rNddvD94tD6dxAcMksdDiWVGwmhjnHHHPx,true,0xb9676edef875fd993c17dd81e12d0651560e7ee2,1784814522831,2026-07-23T13:48:42.831Z,138829.41365300003,0,138829.41365300003,138829.41365300003,0,0,ok,ok,200,1,2026-08-05T02:56:37.973Z,
3167,xrpl,rKiUuWNEfuic2wnYxaxiMMigqhSZjuRPHB,true,0x6811523b054bc922331802c59f44b147108402f3,1784693264481,2026-07-22T04:07:44.481Z,138781.647598,0,138781.647598,124367.208764,2072.397969,12342.040865,ok,ok,200,1,2026-08-05T02:56:38.389Z,
3168,xrpl,rJ6wFE1RZVQPYZuFtRKPzT7mDrooRmQeju,true,0x9a51a4dffe37657f66692bce976f6945b5ab793b,1784741717011,2026-07-22T17:35:17.011Z,138314.76053,60653.085261,77661.675269,138314.76053,0,0,ok,ok,200,1,2026-08-05T02:56:38.582Z,
3169,xrpl,rMvpAUTJVcVcJrMtvAKYnnjZ6HzL5oAvka,true,0x1ff88966e606a94b1286e62db17a12cac9a72440,1784645376711,2026-07-21T14:49:36.711Z,138307.466373,0,138307.466373,115356.220612,0,22951.245761,ok,ok,200,1,2026-08-05T02:56:38.770Z,
3173,xrpl,rJwNyfLQQhLUxCZYsJs5q2yg61LeKgbRUi,true,0x56ebcc941e5754cc9114e84f8ed48b38e0f1171f,1784763413405,2026-07-22T23:36:53.405Z,137393.036308,137366.954565,26.081743,124906.901917,0,12486.134391,ok,ok,200,1,2026-08-05T02:56:39.589Z,
3174,xrpl,rfhuZmm5PRBT8kyhdyMsemRVY2KLbkSQpX,true,0x10a29807a0e3bb02f614642796cffc42032a0d50,1784799878716,2026-07-23T09:44:38.716Z,137301.659543000016,11378.34094,125923.318603000007,137301.659543000016,0,0,ok,ok,200,1,2026-08-05T02:56:39.813Z,
3181,xrpl,rHa89fUdCVg5cL1R77NRwMSZoHK9dggWsJ,true,0xa91f401786cc859e4db738171b405a54fae4a5e7,1784651440131,2026-07-21T16:30:40.131Z,135754.191548,104856.768649,30897.422899,123438.981817,0,12315.209731,ok,ok,200,1,2026-08-05T02:56:41.220Z,
3183,xrpl,rMNPEGjZ3SiPnxQwhjP1M4dTdxnUZYPUuz,true,0x53d22e9ef1f4a93071024143dffd46f0b8a6287d,1784694189123,2026-07-22T04:23:09.123Z,135663.059839,0,135663.059839,135663.059839,0,0,ok,ok,200,1,2026-08-05T02:56:41.634Z,
3184,xrpl,rKUGxdEjZ84FLdCfjiDDmPmU5TSZQkcH2K,true,0x48433711cb68824f9bfd177b1dade8f443c1a95d,1784640204638,2026-07-21T13:23:24.638Z,135494.316935,106366.133133,29128.183802,135494.316935,0,0,ok,ok,200,1,2026-08-05T02:56:41.814Z,
3186,xrpl,rJW6XZ4Wo35BvkZ9mf65LXSmYsHeG1uGTR,true,0x0f539c2167eb3e1cf913c5eacd65fde4df8e938b,1784685643365,2026-07-22T02:00:43.365Z,135105.923688,0,135105.923688,122851.577812,0,12254.345876,ok,ok,200,1,2026-08-05T02:56:42.209Z,
3187,ethereum,0x895cde841340e16579626f700e8f93f7f847b5bb,true,0x895cde841340e16579626f700e8f93f7f847b5bb,1785113585344,2026-07-27T00:53:05.344Z,135080.9085,0,135080.9085,122800.82593900002,0,12280.08261,ok,ok,200,1,2026-08-05T02:56:42.428Z,
3190,xrpl,r3bVqJhvpc2DptTjLpGVezEEUWYLkC8hUU,true,0xaa27c89de0b0a8158f6e9540accb42cdcc3f4854,1784643929934,2026-07-21T14:25:29.934Z,135049.3855,0,135049.3855,122902.10952999999,76.492134,12070.78387,ok,ok,200,1,2026-08-05T02:56:43.029Z,
3192,xrpl,rD1pW3LfLY4uMiaNGWnnpEyeQiPWuDh6bv,true,0x85a39f361aa3d7baf075f77ae2d4aa6332c84c0e,1785257478393,2026-07-28T16:51:18.393Z,134710.0703,16063.20914,118646.8612,134710.0703,0,0,ok,ok,200,1,2026-08-05T02:56:43.438Z,
3193,xrpl,rsLZVFaqEvuWzbBJtqoKEStpS1CuCksHND,true,0x2634aff5a0e7b496ac11fc9cfb65933b7c612fb9,1784918753970,2026-07-24T18:45:53.970Z,134559.364605,58956.318403,75603.046202,134559.364605,0,0,ok,ok,200,1,2026-08-05T02:56:43.632Z,
3194,xrpl,r3NCPnLDdvYmLskTDRhbRVUC5TneMksrN4,true,0x4203d39b29e0b947fe32b574236a4ce96cbb9b9d,1785061475586,2026-07-26T10:24:35.586Z,134543.85471,6679.151873,127864.702837,134543.85471,0,0,ok,ok,200,1,2026-08-05T02:56:43.851Z,
3199,xrpl,rPbNM7vbQQWymdoNGFJAheWHNaVY49Vg95,true,0x6980cdd80f92782cc625fec942011c539bc3dc54,1784640825300,2026-07-21T13:33:45.300Z,133332.566649,58814.535754,74518.030895,95842.494748000006,27905.859682,9584.212219,ok,ok,200,1,2026-08-05T02:56:44.879Z,
3200,ethereum,0x336538447e7d1167353c3f5dc1d9568924e11341,true,0x336538447e7d1167353c3f5dc1d9568924e11341,1784638217246,2026-07-21T12:50:17.246Z,133195.1808,0,133195.1808,133195.1808,0,0,ok,ok,200,1,2026-08-05T02:56:45.075Z,
3213,xrpl,r3cHZbt3c3MFk1CfMWWvVySeFHhxe5qKgG,true,0xa5c3dace9af11ac1c3cf0c6528edda25bbd5f392,1785404097929,2026-07-30T09:34:57.929Z,131729.3227,131702.7655,26.557187,131729.3227,0,0,ok,ok,200,1,2026-08-05T02:56:47.710Z,
3217,xrpl,rDyVYHMQ2puapCWKjQCx22L4K1DrbXd6nF,true,0xb78e6ce563f4e9b3ce8810f826124b567ca4f9fd,1784638050398,2026-07-21T12:47:30.398Z,131071.287198000000004,44.915164000000004,131026.372,119626.441477000000004,4805.443436,6639.402285,ok,ok,200,1,2026-08-05T02:56:48.520Z,
3219,xrpl,rEZygWiEF6vcLYUS8N1rW9Hnk2wWyqQCuF,true,0xb5c851f7bad536761d1a95b02c257dec271edf24,1785321191761,2026-07-29T10:33:11.761Z,130953.053668,80941.715957,50011.337711,130953.053668,0,0,ok,ok,200,1,2026-08-05T02:56:48.931Z,
3227,ethereum,0xb58bf2d5ffb52c1fad60f6750b639156ab249f53,true,0xb58bf2d5ffb52c1fad60f6750b639156ab249f53,1784641553475,2026-07-21T13:45:53.475Z,130057.768,0,130057.768,113093.71130699999,0,16964.05671,ok,ok,200,4,2026-08-05T02:57:23.245Z,
3228,xrpl,rDu9oS5ycUqbbGK2TqHVTv1jmscDobQY6P,true,0xd3dbb1dfd87b745ecc49a62a78c665277a443ff3,1784722792836,2026-07-22T12:19:52.836Z,129941.1018,0,129941.1018,116775.7174,1516.27428,11649.11007,ok,ok,200,4,2026-08-05T02:57:23.645Z,
3229,xrpl,rKFkX7bnTbjZBECB84VsivrvvFihrqGTQU,true,0x1cd935e80a753325a4fbb836ec7d932b5bf9301e,1784639190599,2026-07-21T13:06:30.599Z,129737.283664,0,129737.283664,117716.49317500001,249.141179,11771.64931,ok,ok,200,1,2026-08-05T02:57:22.202Z,
3231,xrpl,rLTgN8i3XGveCoazpw7x23s3mtjuX9y6aM,true,0x75b5a031eb0dad33458e4ef3ca326ad93b398484,1784875529710,2026-07-24T06:45:29.710Z,129446.015666000007,0,129446.015666000007,117678.196054,0,11767.819611999999,ok,ok,200,1,2026-08-05T02:57:22.832Z,
3234,xrpl,rkHAktvNa9VK9oCBk7YEDDxSpHzWqr1V5,true,0x6da09e519b60143688526d35554082e1e43b0fa6,1784638925807,2026-07-21T13:02:05.807Z,128948.30328,0,128948.30328,107456.91957199998,0,21491.383708,ok,ok,200,1,2026-08-05T02:57:23.869Z,
3235,xrpl,rwux6q52YxZsAdgjLPDvg1u4Y6rLjTfA8m,true,0x1f01a21790196b220acb184c8ab8a97379dba063,1784639336837,2026-07-21T13:08:56.837Z,128947.021136,726.678176,128220.34296,117224.56467,0,11722.456466,ok,ok,200,1,2026-08-05T02:57:24.054Z,
3236,xrpl,rBM7SqcnzaZDSxdhpmwnN17ZtkuVwZthoJ,true,0x026d94921f6c01c4246658cd46298c78ef5f1187,1784801104660,2026-07-23T10:05:04.660Z,128925.688,0,128925.688,128925.688,0,0,ok,ok,200,1,2026-08-05T02:57:24.242Z,
3237,xrpl,rU4dbmJGrSR14MtJt472AZkEH1Bdt2PyXr,true,0x7126721334fa55c9124cce057a3f7aa29b736ce3,1785154524962,2026-07-27T12:15:24.962Z,128827.214932,97901.780928,30925.434004,128827.214932,0,0,ok,ok,200,1,2026-08-05T02:57:24.452Z,
3238,xrpl,r3hw9SEQLmgSz1BdRAvCkjqUQ49frhMC4K,true,0x6a8c1cff6bf9183a7e74d0a3c5694424b5075134,1784695490208,2026-07-22T04:44:50.208Z,128713.098973,0,128713.098973,117013.211818,0,11699.887155,ok,ok,200,1,2026-08-05T02:57:24.645Z,
3239,xrpl,rLNy63rqVpLqV8bku7yUdxqce1m2WBHhPU,true,0xaf4bd675cfebd4b7d29733d49822a4b8e3cad92b,1784655798514,2026-07-21T17:43:18.514Z,128632.097555,0,128632.097555,128632.097555,0,0,ok,ok,200,1,2026-08-05T02:57:24.851Z,
3240,xrpl,rDpaifAxSC6ANW38jWbq82EM6CD24d8Q3h,true,0x9c22879b6eedb7fa3d0d6a8d77d5977acf8c80db,1784888433371,2026-07-24T10:20:33.371Z,128555.9026,0,128555.9026,128555.9026,0,0,ok,ok,200,1,2026-08-05T02:57:25.075Z,
3242,xrpl,rnj8QtZKK75tjue7s5zN4XZQFNRH4UDhnk,true,0x0c3023b638f05cfc85892f92b83b7e196424b10b,1784725128971,2026-07-22T12:58:48.971Z,127877.850939,0,127877.850939,127877.850939,0,0,ok,ok,200,1,2026-08-05T02:57:25.474Z,
3243,xrpl,rHBVuPuNnGbe5n2pNhaswP6bDZabBohkGU,true,0x44ec90ea318036e003681de122352af3d3a5787f,1784725696173,2026-07-22T13:08:16.173Z,127776.164802,0,127776.164802,127776.164802,0,0,ok,ok,200,1,2026-08-05T02:57:25.651Z,
3245,xrpl,rtwkdzpZhPMX3SeF3rmwKNpWXEQmQNWM5,true,0xfc7f4cc5b4de14991866ac6fd174fded01098ee4,1784757537025,2026-07-22T21:58:57.025Z,127584.642577,94629.588055,32955.054522,127584.642577,0,0,ok,ok,200,1,2026-08-05T02:57:26.070Z,
3247,xrpl,rEJsnrpGaMJbB9kSaoPr77tF6sTFfYrBDJ,true,0xc784c70cddbfe35e0fdbe2f67c028aa4ae9a6a98,1784641694076,2026-07-21T13:48:14.076Z,127214.5585,0,127214.5585,115649.5986,0,11564.95987,ok,ok,200,1,2026-08-05T02:57:26.472Z,
3248,xrpl,rL8jMd6xEd9vHE6bDzVHVspWgt2YDuNWBX,true,0x6008ae7de53800141475f4144c26e2a95c77b318,1784720980519,2026-07-22T11:49:40.519Z,126997.634372,0,126997.634372,115452.394893,0,11545.239479,ok,ok,200,1,2026-08-05T02:57:26.675Z,
3252,xrpl,rQDqzw8kgA5pNDSxiiKsA99MJ88Rtdk3PE,true,0xbcfd98ef8a736bb54bae21443f65b5e16eaac853,1784644693056,2026-07-21T14:38:13.056Z,126401.935005,0,126401.935005,105959.98804200001,0,20441.946963,ok,ok,200,1,2026-08-05T02:57:27.655Z,
3254,xrpl,rfbBdkiZPMiaKj9indUo7PZALiJzZi7Mt3,true,0xf2563c96639774d075f30c0219aeb9c82ce062d9,1784687356601,2026-07-22T02:29:16.601Z,126027.666653000007,126026.414453000005,1.2522,126027.666653000007,0,0,ok,ok,200,1,2026-08-05T02:57:27.898Z,
3257,ethereum,0x609a90fcca59d243b653f015dc4d9d50e2fc1a6d,true,0x609a90fcca59d243b653f015dc4d9d50e2fc1a6d,1784642167979,2026-07-21T13:56:07.979Z,125541.1507,0,125541.1507,125541.1507,0,0,ok,ok,200,1,2026-08-05T02:57:28.515Z,
3258,xrpl,rne88jkyu8TKhseRwzn8zJw91rV1WgpFXC,true,0x089dad2435924a3428ec2db215b9a1c290df2b81,1784695101388,2026-07-22T04:38:21.388Z,125276.201105999993,0,125276.201105999993,113887.455569999991,0,11388.745536,ok,ok,200,1,2026-08-05T02:57:28.718Z,
3263,xrpl,rhJh1zGpeZbpGGjukzwWuCxAnJpJxLfv1X,true,0x6da1bac246f79002bc7aca4e8c5630f9eb900fc8,1785260452179,2026-07-28T17:40:52.179Z,124886.845037,11367.380806,113519.464231,124886.845037,0,0,ok,ok,200,1,2026-08-05T02:57:29.758Z,
3266,xrpl,rNpP8xf2boj6cYKdZMnAUR9DswfThY7Lsg,true,0xa7391153afaa117dbf8e50fc4bfc99ade8a15ea4,1784815727267,2026-07-23T14:08:47.267Z,124573.630924,0,124573.630924,124573.630924,0,0,ok,ok,200,1,2026-08-05T02:57:30.354Z,
3276,xrpl,rUmt5CV8j7YzjCy6CAsXemoWUqDnLetY3t,true,0xb48c2d3c004a4b7ac37a547cf8b3c0b85daba66c,1784641574508,2026-07-21T13:46:14.508Z,123785.262099,0,123785.262099,103154.385056,0,20630.877043,ok,ok,200,1,2026-08-05T02:57:32.364Z,
3281,xrpl,rstfWRKAr66pz7pqYqg4uo1oGYB8wLo7YS,true,0xa2fb24202db6c0b120e91a1b2ff671dbbbe88e2d,1785278972447,2026-07-28T22:49:32.447Z,123461.993918,113863.251484,9598.742434,104545.99406799999,8778.203673,10137.796177,ok,ok,200,1,2026-08-05T02:57:33.376Z,
3284,xrpl,rf1R6LyZxokQRn1hJeLePMYyGxbXYtZC9Y,true,0x04d529b7ada2364b20bbcc7f500a7e2db4726d51,1785030616742,2026-07-26T01:50:16.742Z,123309.527057,0,123309.527057,123309.527057,0,0,ok,ok,200,1,2026-08-05T02:57:33.990Z,
3286,xrpl,r4giW6kf54mcLREkJLUgKUTLMJEpbQNEVE,true,0x6577a36c980e16faba52990311a937ffc509ec26,1784642353709,2026-07-21T13:59:13.709Z,123216.5476,0,123216.5476,113311.4783,0,9905.069298,ok,ok,200,1,2026-08-05T02:57:34.390Z,
3288,xrpl,rD2PHbrtHJaaicjStKPYW2XxAQhNXBvAgA,true,0x6d6fa74b78654924def772b3e84557f11d481c0b,1785080200948,2026-07-26T15:36:40.948Z,122867.4162,0,122867.4162,106841.23149600001,0,16026.18474,ok,ok,200,1,2026-08-05T02:57:34.793Z,
3289,xrpl,rsRx6UvkYk7VNLakgWN61JDYbS3HsQkQ8J,true,0x4525d67590b426008d47fd7dbf2363b071de5837,1784639353245,2026-07-21T13:09:13.245Z,122833.387805999999,0,122833.387805999999,122833.387805999999,0,0,ok,ok,200,1,2026-08-05T02:57:34.998Z,
3292,xrpl,rMRNAhtNUWi25eUodDcv4eybGfFhPaUV9w,true,0x84e9690c35093d7e028dbf0c0cbc171df181be37,1784697417989,2026-07-22T05:16:57.989Z,122670.095737,111587.932095,11082.163642,122670.095737,0,0,ok,ok,200,1,2026-08-05T02:57:35.609Z,
3293,xrpl,rDewkMdjRB8ro3oiW5DFHxHeVr7gQN5MMc,true,0x39e39a5cbb3856ba4af53b1704c5789a1ef15789,1784683427662,2026-07-22T01:23:47.662Z,122653.1608,0,122653.1608,122653.1608,0,0,ok,ok,200,1,2026-08-05T02:57:35.811Z,
3294,xrpl,rpLh5b47GyfmanEPhwVfqcwsNmhmFtdHWT,true,0x0b809277652ebfdb59e74b109ffac1bacf0f5bf0,1784983615669,2026-07-25T12:46:55.669Z,122628.688022,40631.070856,81997.617166,122628.688022,0,0,ok,ok,200,1,2026-08-05T02:57:36.032Z,
3296,xrpl,rshKZYdoFpvt95n62xpjuKyzcANswNLZ3j,true,0xdad85506de27670693ddc101ac7a9a11c02b3567,1784674679965,2026-07-21T22:57:59.965Z,122616.474303,0,122616.474303,111587.309216,0,11029.165087,ok,ok,200,1,2026-08-05T02:57:36.421Z,
3299,xrpl,rp6aLLYNitJ8KGxhPbS1m1obQSq1n64cVj,true,0xdfd4392dda1415fb0eaa43b1b89591b059a34367,1784809290775,2026-07-23T12:21:30.775Z,121856.698766999994,0,121856.698766999994,110778.817083999995,0,11077.881683,ok,ok,200,1,2026-08-05T02:57:37.039Z,
3300,xrpl,rnv5S5621YS6pGQrhVb3aCimRzx8PANcHF,true,0xce1fed3a277093ebb7afd28efc120cbb70ae17af,1784809677686,2026-07-23T12:27:57.686Z,121806.646336,0,121806.646336,110739.358986,0,11067.28735,ok,ok,200,1,2026-08-05T02:57:37.235Z,
3301,xrpl,rs8Sxm52A32jx6Dv91XbLY7XdutVcG9GFv,true,0x2b25bccca8f8cc5643e065fa088a8905e302c903,1784645004194,2026-07-21T14:43:24.194Z,121725.46493,0,121725.46493,110675.208587,0,11050.256343,ok,ok,200,1,2026-08-05T02:57:37.407Z,
3302,ethereum,0xd3b877c0afe99e760e5596b1520fd00cf568b4e7,true,0xd3b877c0afe99e760e5596b1520fd00cf568b4e7,1785294759983,2026-07-29T03:12:39.983Z,121672.0709,0,121672.0709,121672.0709,0,0,ok,ok,200,1,2026-08-05T02:57:37.637Z,
3306,xrpl,rPv37JEVzSXM1LfidbjVtbURbWB82VP82w,true,0xcc9b8a5da7bc5e36481ad65ccf42a62c5be26550,1785317854973,2026-07-29T09:37:34.973Z,121089.531147999995,10469.496719999999,110620.034427999999,121089.531147999995,0,0,ok,ok,200,1,2026-08-05T02:57:38.438Z,
3309,xrpl,rKLVH4YvRDuoktf77GGzKDAXMFzsDWJJwT,true,0x093c1c700d4a4b4c5df94ad0f1c02d714041046f,1785039886058,2026-07-26T04:24:46.058Z,120865.154542,0,120865.154542,120865.154542,0,0,ok,ok,200,1,2026-08-05T02:57:39.043Z,
3313,xrpl,rMS9BhqJNiNixngsvmaP8H5jY6nYEBQZzT,true,0x7cac76d1116356f646d0f36ba868800825150bfe,1784645125225,2026-07-21T14:45:25.225Z,120448.870501,0,120448.870501,120448.870501,0,0,ok,ok,200,1,2026-08-05T02:57:39.869Z,
3315,xrpl,rnNAa9XmZRawLpmNFmPZeKJv7FKEcwSysH,true,0x68d003d209836e1fc8c4b4978a8b3c64b11cc8ad,1784878254012,2026-07-24T07:30:54.012Z,120380.506906,0,120380.506906,120380.506906,0,0,ok,ok,200,1,2026-08-05T02:57:40.286Z,
3322,xrpl,rBHRvZ3n6MMEHumksANsJurNtpxqKQq81e,true,0xf9ebb03c9aab48fb9ad2eb2dcbf6ddfabf80baa5,1784704416494,2026-07-22T07:13:36.494Z,119476.56886,0,119476.56886,22466.602853999997,97009.966006,0,ok,ok,200,1,2026-08-05T02:57:41.694Z,
3323,xrpl,rhPovTDbBJcJtY3R2bk4fmcBAdLhtxxoZa,true,0xbad38bfc2774e06574e5f515e6bff09724c7f5e5,1784714498567,2026-07-22T10:01:38.567Z,119376.463124,0,119376.463124,119376.463124,0,0,ok,ok,200,1,2026-08-05T02:57:41.911Z,
3324,xrpl,rhKYG89T2WA26Akh1EJsnEPSSEtzUKXpsa,true,0x0f880d5658de6f115841fcdd3c54e1333df3ec05,1785173014473,2026-07-27T17:23:34.473Z,119337.893665,70846.691017,48491.202648,119337.893665,0,0,ok,ok,200,1,2026-08-05T02:57:42.114Z,
3326,xrpl,rJVBwBMp7c6LtustcHc3VZV8RqTxdnRpHd,true,0x9b53da52267866a045837b3d666f8c62164ef01b,1784673728038,2026-07-21T22:42:08.038Z,119109.804653,43445.859984,75663.944669,35179.0469240000147,80412.853004,3517.904725,ok,ok,200,1,2026-08-05T02:57:42.522Z,
3327,xrpl,rNDGbMbMRWkWzCweMLyWdvPVJS9N7Z6x2a,true,0x79e5e618bb8e101603c0813803d2a66210ffcf43,1784640317017,2026-07-21T13:25:17.017Z,119087.428750000006,0,119087.428750000006,108261.298873000007,0,10826.129876999999,ok,ok,200,1,2026-08-05T02:57:42.710Z,
3328,xrpl,rnkeHSgNvVakHzM5PjrNhJzz66Cv13JhhF,true,0x743b7f5956b7e9f96e2c6c4fb99b69948ebced63,1784696898548,2026-07-22T05:08:18.548Z,119066.118049000005,53118.022818000005,65948.095231,116463.216112000005,0,2602.901937,ok,ok,200,1,2026-08-05T02:57:42.923Z,
3329,xrpl,rp1eshVFrvtAnu86rwgFDSVdzdjfxKNgsu,true,0x43cf8d1ac37785b27a3992011a622ef5e5c2fdaf,1784643127224,2026-07-21T14:12:07.224Z,118900.585963,0,118900.585963,57776.715945,55346.198439,5777.671579,ok,ok,200,1,2026-08-05T02:57:43.110Z,
3331,xrpl,rJkZ6jqMXsnbDAnJJoEZHdPk9YZAFfbUWj,true,0x51d761312ab2c663e89ad65c94392c1e1bfcf20e,1784646973822,2026-07-21T15:16:13.822Z,118690.492784,89334.392465,29356.100319,118690.492784,0,0,ok,ok,200,1,2026-08-05T02:57:43.520Z,
3332,xrpl,rLSFezsxkFEwcHZATgv7HFLGRnAn5ndqw7,true,0x249f7d4e03ae79be0dc4346bd78a8528a393d871,1784643250997,2026-07-21T14:14:10.997Z,118615.44823,20226.601631,98388.846599,118615.44823,0,0,ok,ok,200,1,2026-08-05T02:57:43.728Z,
3337,xrpl,ra9jnBJJ6oX1bVfzcHvhujFzgkaXkW9yms,true,0x7a40460713f5a58e5a1756dbd9d799831f5120b3,1785253413578,2026-07-28T15:43:33.578Z,117932.263481999995,0,117932.263481999995,117932.263481999995,0,0,ok,ok,200,1,2026-08-05T02:57:44.719Z,
3341,xrpl,rLZF14SV4u3oY8MhxthrvMoPHyM1jnwgU,true,0xc54a7fa53a59a93e341c9b1be4741362195a1a58,1784984434293,2026-07-25T13:00:34.293Z,117573.610003,87954.832771,29618.777232,117573.610003,0,0,ok,ok,200,1,2026-08-05T02:57:45.588Z,
3342,xrpl,rBKbRcbeqjqWhbNRSha9wj7Uv9hAHKssBt,true,0x3a9e5e90b35c13f271b4fc1dbdf3becf7b37ec69,1784756184729,2026-07-22T21:36:24.729Z,117548.401,43398.64408,74149.75693,68793.383907000004,48755.0171,0,ok,ok,200,1,2026-08-05T02:57:45.749Z,
3344,xrpl,rLhdASXGTEeqTkpK4QiT8QWVmvgT17Qhiu,true,0xd781462cca877223f99e9f4e39385f923c042818,1785326732383,2026-07-29T12:05:32.383Z,117502.589349,36429.826952,81072.762397,117502.589349,0,0,ok,ok,200,1,2026-08-05T02:57:46.160Z,
3351,xrpl,r93cDM4Wr1XPH5uZ4R1uFQBTZceEdSAtnz,true,0xf3e5297c229c82fb977d9bf18831ccfca454e73f,1784760983225,2026-07-22T22:56:23.225Z,116931.993954,18676.333529,98255.660425,116931.993954,0,0,ok,ok,200,4,2026-08-05T02:58:20.906Z,
3352,xrpl,rsJdqEDksT71P98rbgpdLKGUDfj77b8AEN,true,0x8ba9201bcd2b6e9779efef3a887d1a0318ad1729,1784813222672,2026-07-23T13:27:02.672Z,116805.636233,0,116805.636233,19673.807392000002,96345.940301,785.88854,ok,ok,200,4,2026-08-05T02:58:21.087Z,
3353,xrpl,r3Cs9xs7NqkMQLrb6DmaCN44xfon2tpFzd,true,0x54a4e49dbf58a05f68c15a44e83f009b73e21b98,1784676017798,2026-07-21T23:20:17.798Z,116772.104234,33517.901562,83254.202672,116772.104234,0,0,ok,ok,200,1,2026-08-05T02:58:21.285Z,
3355,xrpl,rHwnDqcFXzUsawF1NzYdGjk24P984Ynktm,true,0x043ec3ed7f303cf945a168efc63bfc9056c50ac0,1784789037778,2026-07-23T06:43:57.778Z,116600.070824,0,116600.070824,106000.06443,0,10600.006394,ok,ok,200,1,2026-08-05T02:58:21.705Z,
3358,xrpl,rBBknjQLzjYCwaJeB1s9nbGxjYS7DHK43K,true,0x92b45113b0774e4f96d4bff200257b15213d99eb,1784684960149,2026-07-22T01:49:20.149Z,116047.5633,65664.86028,50382.703,116047.5633,0,0,ok,ok,200,1,2026-08-05T02:58:22.292Z,
3360,xrpl,rJoU7KMSMSS4XAZy8STM4Fm5QaeYY7J3Bq,true,0x92929a2588e3b0913e8cb06a4e5070e0768345f8,1784637626811,2026-07-21T12:40:26.811Z,115626.27371,0,115626.27371,115626.27371,0,0,ok,ok,200,1,2026-08-05T02:58:22.710Z,
3361,xrpl,ra9EdpawtQdqFtnsYaDpaVvT5G7AA7heDM,true,0xb211aa35b3bafdfd6313f960e1b842465a38c20f,1784644838065,2026-07-21T14:40:38.065Z,115515.330362000008,63205.871408999999,52309.458953000001,115515.330362000008,0,0,ok,ok,200,1,2026-08-05T02:58:22.924Z,
3368,xrpl,rNxYuY9NbHeLspzA64R6T9g35YWwyWyezj,true,0x33d7a0865b93afa375ae08d0d0234ed491429043,1784649804440,2026-07-21T16:03:24.440Z,114863.374738,0,114863.374738,104421.249769,0,10442.124969,ok,ok,200,1,2026-08-05T02:58:24.324Z,
3377,xrpl,rLwAGQRsjdGXegusogrLhJTaWsAfoJrJT2,true,0x88f1a936bbbcf1d6f02d76499ea6962ef5960550,1784637213813,2026-07-21T12:33:33.813Z,113843.626982999995,0,113843.626982999995,214.174232999992,113619.910493000003,9.542257,ok,ok,200,1,2026-08-05T02:58:26.193Z,
3380,xrpl,r462pueW7cP4YieZiToQyEnxMReB6V1sRp,true,0x7efe7c38fe281869163a468cb3f3ae91d4ad6bff,1784724880229,2026-07-22T12:54:40.229Z,113701.6098,0,113701.6098,113701.6098,0,0,ok,ok,200,1,2026-08-05T02:58:27.000Z,
3381,xrpl,rUML79TJetZvZX29QjKy98NU9mEm7vivZA,true,0xf2d1b17e6b4fcd3d4c6e52855e7f9ddf53d35d40,1784704617620,2026-07-22T07:16:57.620Z,113631.004373,0,113631.004373,113631.004373,0,0,ok,ok,200,1,2026-08-05T02:58:27.190Z,
3384,xrpl,rMAh3o1bkewr17gJgJhyQPtbJVb7eTejW4,true,0x4bef3a6dbea1a8a07b4c806ab3d2ee527cd0701f,1784741377644,2026-07-22T17:29:37.644Z,113355.640767000004,36743.894400999998,76611.746366000007,113355.640767000004,0,0,ok,ok,200,1,2026-08-05T02:58:27.975Z,
3385,xrpl,rn5mQj8bresTdc6SPMjYdr92Qrn2dve1yL,true,0xba8e0562099224372efe3766b6b9933eb33b9db4,1784641553963,2026-07-21T13:45:53.963Z,113342.578367,63032.845063,50309.733304,113342.578367,0,0,ok,ok,200,1,2026-08-05T02:58:28.195Z,
3392,xrpl,rwkdLY7ZpqwqKgfGuHAzUaesy3AYPKXFrG,true,0xb99ed4dacb2e20f31ed7eaa4c84a66e3b868bc96,1784674209011,2026-07-21T22:50:09.011Z,112475.055582999994,0,112475.055582999994,112475.055582999994,0,0,ok,ok,200,1,2026-08-05T02:58:29.631Z,
3395,xrpl,rpo9AZQ8pj6HGjooua1seNih6BB1KxvBbw,true,0x786d164141881d42cc42117b74b6c5a9ae1240ca,1785001686230,2026-07-25T17:48:06.230Z,112306.959868,0,112306.959868,112306.959868,0,0,ok,ok,200,1,2026-08-05T02:58:30.283Z,
3403,xrpl,rJxJN5Agmnv6mw7PqivXSxwhU5K6MQmJJq,true,0x750edfe10e0da29fe39a1b5d2aac01b9a45962ef,1784641313009,2026-07-21T13:41:53.009Z,111824.778258,0,111824.778258,102217.496845,0,9607.281413,ok,ok,200,1,2026-08-05T02:58:31.888Z,
3404,xrpl,rJhKYLSe1yg4pDtMYx22iA5Txh3bLD36ua,true,0xcbc7fd8cf17a36a77cdcc45554f4b583afa34968,1785130169252,2026-07-27T05:29:29.252Z,111800.214167,0,111800.214167,101636.558337,0,10163.65583,ok,ok,200,1,2026-08-05T02:58:32.079Z,
3405,xrpl,rP7wVpVvcSLhh5Sg9CjcNb8Y7gG5sSHHis,true,0x22bce88ac287d45736ea0ea0f15b0c37c0740a08,1784990312023,2026-07-25T14:38:32.023Z,111781.655059,75524.229908,36257.425151,100702.31224099998,1009.111543,10070.231275,ok,ok,200,1,2026-08-05T02:58:32.294Z,
3408,ethereum,0x1512bb3b85696fa4d85cb4bbf78e9c4fe95db90f,true,0x1512bb3b85696fa4d85cb4bbf78e9c4fe95db90f,1784636217562,2026-07-21T12:16:57.562Z,111574.5445,0,111574.5445,101431.4041,0,10143.1404,ok,ok,200,1,2026-08-05T02:58:32.910Z,
3411,xrpl,rEoFacYmCQEsppNPD2AuijfRM5pBw5HkVA,true,0x0022b5edaee9aec27da8a28c1e1483f89c49288f,1784953189001,2026-07-25T04:19:49.001Z,110896.034423,0,110896.034423,100814.576749,0,10081.457674,ok,ok,200,1,2026-08-05T02:58:33.488Z,
3413,xrpl,r6fxdhztsxkKQK3Mt5dmeEKfjuzDvEhfU,true,0x850966c817a83c9900942e55f49ed03f5f945198,1784695151706,2026-07-22T04:39:11.706Z,110627.6307,0,110627.6307,110627.6307,0,0,ok,ok,200,1,2026-08-05T02:58:33.895Z,
3414,ethereum,0xedb9394b623723cf030fb94a358297b8ed4e16c3,true,0xedb9394b623723cf030fb94a358297b8ed4e16c3,1784700867119,2026-07-22T06:14:27.119Z,110385.3619,0,110385.3619,45912.86189,64472.5,0,ok,ok,200,1,2026-08-05T02:58:34.103Z,
3415,xrpl,rDbJjaewgC4wHBHu73QJNcWwyzFzFKqQFo,true,0xa7eae3f838004bfccce205509f7b03956be4a9f8,1784763135078,2026-07-22T23:32:15.078Z,110239.57193199999,0,110239.57193199999,103233.70295199999,0,7005.86898,ok,ok,200,1,2026-08-05T02:58:34.311Z,
3428,xrpl,rUoY78djH7EmbpgAXWskyCpanfcSTeNAay,true,0x041c52425e1b61e50599f90af74d77fc7271cea5,1784698451900,2026-07-22T05:34:11.900Z,108797.987363000007,66718.039430000004,42079.947933000003,108797.987363000007,0,0,ok,ok,200,1,2026-08-05T02:58:36.929Z,
3432,xrpl,rpZBftfjL3U6wowRqKHEC96jC2Dc37Cw8G,true,0x263fa1c268b2a7148a28083c25f2216b48eeb325,1784952929040,2026-07-25T04:15:29.040Z,108644.393998,0,108644.393998,108644.393998,0,0,ok,ok,200,1,2026-08-05T02:58:37.753Z,
3443,xrpl,raNS7KuGXxzR6giRvXkmskyn5tKrt636bt,true,0x0ffc05a5ad8fc711cf66ce1337d594b6d14ccafc,1784867419900,2026-07-24T04:30:19.900Z,107338.363652,0,107338.363652,107338.363652,0,0,ok,ok,200,1,2026-08-05T02:58:39.974Z,
3447,xrpl,rUF5NxJx3ouXFvqiYwXmSubF9hu7akGKMu,true,0xba97436288ad715810a19b543c330c05d73a2448,1785198952418,2026-07-28T00:35:52.418Z,106744.970089,0,106744.970089,106744.970089,0,0,ok,ok,200,1,2026-08-05T02:58:40.790Z,
3448,xrpl,rhVUW92wDpSXyE2ss74h3V5R1HdVavZcub,true,0x699bc5c447587282472aba1963bff6628aef7666,1784846923908,2026-07-23T22:48:43.908Z,106742.143324999997,0,106742.143324999997,97038.312116999994,0,9703.831208,ok,ok,200,1,2026-08-05T02:58:40.979Z,
3450,xrpl,rK2V1SUXZHz5D3xbvQhjtNBN9V6bxoAqfQ,true,0x0bbe8959e5047c52e53c8296425937cfa38482ad,1784646041452,2026-07-21T15:00:41.452Z,106714.56836,0,106714.56836,90522.58825100001,0,16191.980109,ok,ok,200,1,2026-08-05T02:58:41.409Z,
3455,xrpl,rNp2DtMDBnRvW1KJZRPcyGegG5fhtLRnEk,true,0x0fe68320ae148627b6adec74e2fe05892c655a41,1784641217158,2026-07-21T13:40:17.158Z,106414.508871,0,106414.508871,96740.462605,0,9674.046266,ok,ok,200,1,2026-08-05T02:58:42.433Z,
3458,ethereum,0xcdf198a569fee3af4d4e2aa82f4b696c21a64396,true,0xcdf198a569fee3af4d4e2aa82f4b696c21a64396,1784649151908,2026-07-21T15:52:31.908Z,106268.4954,0,106268.4954,88557.07948300001,0,17711.41592,ok,ok,200,1,2026-08-05T02:58:43.007Z,
3459,xrpl,rnoY9BR5opLiJ3Xw45CgXBXusrYo4iptuy,true,0x5df741f91a425a5496491a64ec11163425dfb13c,1784640701408,2026-07-21T13:31:41.408Z,106253.905378,0,106253.905378,106253.905378,0,0,ok,ok,200,1,2026-08-05T02:58:43.235Z,
3460,xrpl,r3tAj9RwheqEqrF9TM9UTD7tHk6cpWqwqC,true,0x011aca2f188d9d6136bfb80d7a424a000d601ac6,1784663030538,2026-07-21T19:43:50.538Z,106235.8608,5062.196005,101173.6648,103465.8294,2770.031362,0,ok,ok,200,1,2026-08-05T02:58:43.431Z,
3461,xrpl,rhQtwF2srD8v5W63ZzZKjzgujRsvAayd8D,true,0x7d634b474fb7743b3e94b2134b4a85fd6fa4a121,1785060831115,2026-07-26T10:13:51.115Z,106161.593568,0,106161.593568,96510.53962,0,9651.053948,ok,ok,200,1,2026-08-05T02:58:43.650Z,
3462,xrpl,rGgoen3d77PKuFUxGvDnrmsEHApiu3DkQG,true,0x92e9094eb275a3e8ce7df072ce644532d2f57d91,1784651794228,2026-07-21T16:36:34.228Z,106123.714966,100379.39486,5744.320106,106123.714966,0,0,ok,ok,200,1,2026-08-05T02:58:43.859Z,
3463,xrpl,rfhmfPVDuGaLubGz6Ppuy9s4tstVPZwbAr,true,0xd2a7398cd82a6995e3af5b87a195e643548250db,1785410286392,2026-07-30T11:18:06.392Z,106078.962144,0,106078.962144,106078.962144,0,0,ok,ok,200,1,2026-08-05T02:58:44.052Z,
3467,xrpl,radT5HJfA6yWP2yvukhG1KxyQq38SybCZw,true,0x13755966ba36496c8add99ab04dbdb1e68dc6886,1784654732061,2026-07-21T17:25:32.061Z,105361.463562,83701.90428,21659.559282,105361.463562,0,0,ok,ok,200,1,2026-08-05T02:58:44.869Z,
3473,xrpl,rEm8hgpEgyUirHvK4C1hjzixMARDyG1QnG,true,0x31e7f30ead43471153fadcffabc1f80b1553aff8,1784656410233,2026-07-21T17:53:30.233Z,104440.975451,0,104440.975451,94946.341329,0,9494.634122,ok,ok,200,5,2026-08-05T02:59:25.152Z,
3476,ethereum,0xed04e37cf978c767470dc25734db99ced4b98008,true,0xed04e37cf978c767470dc25734db99ced4b98008,1784641975155,2026-07-21T13:52:55.155Z,104304.9294,0,104304.9294,104304.9294,0,0,ok,ok,200,5,2026-08-05T02:59:26.408Z,
3478,xrpl,rJTcLFnMbmvwe7SCTeBfA7n8vn2JQchK8q,true,0x4e0eca12c7a9f8e30a11c72f272754a95813dd86,1784650497073,2026-07-21T16:14:57.073Z,104177.830221,0,104177.830221,94707.118397,0,9470.711824,ok,ok,200,1,2026-08-05T02:59:25.797Z,
3481,xrpl,rw9vuHhZnLaHgK5UdMWwzd5X6hBZkGr4ax,true,0x6bc4dfceb7df2c7cceaa09d73c916094d4df4eda,1784670411666,2026-07-21T21:46:51.666Z,103640.068754000007,0,103640.068754000007,86366.723966999998,0,17273.344787000002,ok,ok,200,1,2026-08-05T02:59:26.804Z,
3484,xrpl,rMmNKvuXHfzG9qZfszUGbr2ZkET2o2fjNg,true,0x06fb7ed2a8823a21dcb5664759622ad3e28a4d7c,1784874422685,2026-07-24T06:27:02.685Z,103360.080253,103359.135184,0.945069,103360.080253,0,0,ok,ok,200,1,2026-08-05T02:59:27.404Z,
3485,xrpl,r4XbaHrQ8d27pitsRRZJQU5y2QkQA6QwZn,true,0x60ec1dbdcd0c2353c9f2d2b0d0abf57e5a38fb67,1784709711975,2026-07-22T08:41:51.975Z,103079.8006,89493.86611,13585.9345,103079.8006,0,0,ok,ok,200,1,2026-08-05T02:59:27.615Z,
3488,xrpl,rECXVh4BtoTNigo84KuFSTReAew2R9EkD1,true,0xa312a0ad6efd03260b8d678c7cdbe7532abfa9d9,1784637548513,2026-07-21T12:39:08.513Z,102895.5896,64597.67845,38297.91115,89474.42574,0,13421.16387,ok,ok,200,1,2026-08-05T02:59:28.232Z,
3489,xrpl,rpPjaivrz35EwhzeVyXCCb7NEwEJxpeW4K,true,0x60896ae0a23296427ed80ad2360d8feee326446d,1784988417826,2026-07-25T14:06:57.826Z,102616.63725900001,59849.629583000002,42767.007676000001,93287.852023000014,0,9328.785236,ok,ok,200,1,2026-08-05T02:59:28.448Z,
3491,xrpl,r93Jmrx8j44WJcwziQq1ax3AzK77uty2v2,true,0xa120cfbc2cae14d13aea4a6a46fbd1f32c82d7af,1784747905007,2026-07-22T19:18:25.007Z,102472.0755,0,102472.0755,93974.13095,0,8497.944538,ok,ok,200,1,2026-08-05T02:59:28.842Z,
3496,xrpl,rz5J6QB3fX4orgB6b58n1WCwGu1g3fEDa,true,0x6b5f6af3bbe9012248678fcb993dd38f22557e07,1785056505764,2026-07-26T09:01:45.764Z,101736.402206,0,101736.402206,89004.72787100001,5759.305975,6972.36836,ok,ok,200,1,2026-08-05T02:59:29.854Z,
3497,xrpl,rUgnAP16EKQ3XaRgB6tvDVr2eQxh6jj42S,true,0xc89b320ac43990220239346d7140df067203e977,1784638604892,2026-07-21T12:56:44.892Z,101647.452071,0,101647.452071,101647.452071,0,0,ok,ok,200,1,2026-08-05T02:59:30.042Z,
3498,xrpl,rJeJrrpJoS3xCyAZfN2LQiRq7K71YtzejP,true,0x7063459dc8deb04a977cf53b195c32539fbe3f57,1784673146251,2026-07-21T22:32:26.251Z,101622.950522,0,101622.950522,92463.441971,0,9159.508551,ok,ok,200,1,2026-08-05T02:59:30.253Z,
3499,xrpl,rpVQD471wWJeBxwkU7vTsvjghTSkh24u2t,true,0x162c6448dded55eb24b1cf5be782ff1c526412e0,1784716796724,2026-07-22T10:39:56.724Z,101475.99297800001,0,101475.99297800001,26008.71850000001,72972.425393,2494.849085,ok,ok,200,1,2026-08-05T02:59:30.447Z,
3500,xrpl,rnJP6TCXDovNx1816ZnsevES7Rys5wkJ5j,true,0x1c0e32acc8a526fde7881d71ffc7a89290b2f572,1784669908735,2026-07-21T21:38:28.735Z,101448.798431000003,0,101448.798431000003,99868.732220000005,1580.066211,0,ok,ok,200,1,2026-08-05T02:59:30.713Z,
3503,xrpl,rnHybC8mkDa9eV9L6zCqC6j1r4D8FZmcN8,true,0x80822f8b875d6e614dcbea07e813d83ea12581db,1784648002634,2026-07-21T15:33:22.634Z,101093.654337,0,101093.654337,91909.386847000002,0,9184.26749,ok,ok,200,1,2026-08-05T02:59:31.250Z,
3506,xrpl,rsCtp5EkiUsqtWtLWsPXnsizrNtzS4L5SP,true,0x744a01601424d95f738ae96791f905175b302126,1784638090000,2026-07-21T12:48:10.000Z,100611.438565999997,28088.711445000001,72522.727121000004,91578.257341000019,0,9033.181225,ok,ok,200,1,2026-08-05T02:59:31.876Z,
3507,xrpl,rfUWawkzpJzYHAs4mV34Wr8bVtkKNtNphv,true,0x3f8a7b69b8b061f3e32a18275cf1601923129913,1784638177280,2026-07-21T12:49:37.280Z,100611.425575999994,28088.708455,72522.717120999994,91578.245560999989,0,9033.180015,ok,ok,200,1,2026-08-05T02:59:32.072Z,
3509,xrpl,rCHcAYELwFTtzc7eeWh4ZJUwZK1zYpeYe,true,0x7f954145c410bef094fa8a25cf3852224938bace,1784637942042,2026-07-21T12:45:42.042Z,100556.515,28112.68803,72443.82698,91528.32685600001,0,9028.188151,ok,ok,200,1,2026-08-05T02:59:32.474Z,
3515,xrpl,rMEUEfe9NrB7en9M5WXeJX19xSN9JuFWRo,true,0xab4df3391f488767d24b2c07eab5d086fe5f2ae0,1785392911179,2026-07-30T06:28:31.179Z,100004.838793,29530.621986,70474.216807,100004.838793,0,0,ok,ok,200,1,2026-08-05T02:59:33.682Z,
3517,xrpl,rMLYhLPZERPL1BYTPsw8BRXZHbk5ssD7zZ,true,0x1cf4c66a6a92798b1243321948af0ab5f4f83074,1784722863279,2026-07-22T12:21:03.279Z,99877.06215,0,99877.06215,99877.06215,0,0,ok,ok,200,1,2026-08-05T02:59:34.114Z,
3521,xrpl,rMyGMTZt98JkBAyUsgUkcdMdh5mHoNuK6U,true,0xc006d2dbfee189576234f6b7d853f06ad3be35a9,1784669616419,2026-07-21T21:33:36.419Z,99478.375611,99464.171024,14.204587,99478.375611,0,0,ok,ok,200,1,2026-08-05T02:59:34.908Z,
3522,xrpl,rw4HS18p2nam5PHq3vXkpBYZDfaj1FL5Bb,true,0x8774706ac625a3962bbc8d53ce22e1f06acc9fdb,1785273095392,2026-07-28T21:11:35.392Z,99386.649786,0,99386.649786,99386.649786,0,0,ok,ok,200,1,2026-08-05T02:59:35.094Z,
3527,xrpl,rMAZzS3UUAWSHVyRGhNCSagpphWAiYY2Ka,true,0x79b9b74dff9161f70e91d399779244d5ac971199,1784767505619,2026-07-23T00:45:05.619Z,98878.583447,0,98878.583447,98878.583447,0,0,ok,ok,200,1,2026-08-05T02:59:36.109Z,
3529,xrpl,rKcAnyZW6dDQ3cC8Yb1aCEB1Q7Z7hpbARm,true,0x73548b73a78d1966e91a59421c304effcfbe0f96,1784691833230,2026-07-22T03:43:53.230Z,98794.558924,0,98794.558924,98794.558924,0,0,ok,ok,200,1,2026-08-05T02:59:36.535Z,
3534,xrpl,rPTXz4KJAeBF1Vc1Wd6L3ZVgLhnx6mZmuP,true,0xfbf35b351a22a35de239001ec7c1003fd420bc27,1784707214285,2026-07-22T08:00:14.285Z,97753.130995,0,97753.130995,97753.130995,0,0,ok,ok,200,1,2026-08-05T02:59:37.558Z,
3542,xrpl,rPkA6jUL7EYZTtZmDV4mSAU2CRHVohLNZA,true,0xdb6fa11b6453a75903c010506b69438be301f22b,1784998229545,2026-07-25T16:50:29.545Z,97184.911894000004,0,97184.911894000004,97184.911894000004,0,0,ok,ok,200,1,2026-08-05T02:59:39.195Z,
3546,xrpl,raftX5JhpD9BYnmQU2HHLeFYh4ZkhKkX17,true,0x1a55ddd1942178b13efdba36e717872b5b69c7d8,1785022446046,2026-07-25T23:34:06.046Z,96624.12505,30627.982316,65996.142734,96624.12505,0,0,ok,ok,200,1,2026-08-05T02:59:40.022Z,
3547,xrpl,rwQbT25TA3NEvTAHFxmfEZkMUfQ7tYJ7T6,true,0xc5592cf00a213d13c7a7c6fa6dee42c5422f439d,1784973790336,2026-07-25T10:03:10.336Z,96591.586053999999,30443.286221999999,66148.299832000004,96591.586053999999,0,0,ok,ok,200,1,2026-08-05T02:59:40.234Z,
3549,xrpl,rEBgqNXRKDYdoYTpYsdo5f5cttcA2GXYd4,true,0x3a45d41170f6c9b00e61cef07f846cae1db79ee7,1784642624456,2026-07-21T14:03:44.456Z,96330.92783,0,96330.92783,96330.92783,0,0,ok,ok,200,1,2026-08-05T02:59:40.604Z,
3552,xrpl,rfTVkhUTS1JBe19ES4crrajirtn1Gd18kg,true,0xa492899977d5ff3cf13eff6000eac26b3fc81e2d,1785398866557,2026-07-30T08:07:46.557Z,95988.220281999995,95979.416830000002,8.803452,95988.220281999995,0,0,ok,ok,200,1,2026-08-05T02:59:41.234Z,
3554,xrpl,rPKbNx3PqX84cVJ57EAA2Rrdqabxs6tbhC,true,0x063c2cb6aa70fcb1410f2f455f153d0664e92369,1784653936472,2026-07-21T17:12:16.472Z,95981.707808000006,0,95981.707808000006,81912.234047000005,5878.250299,8191.223462,ok,ok,200,1,2026-08-05T02:59:41.673Z,
3556,xrpl,rDZUBnJMgAr424JHRmCZ5S9AUgG5wLu6ZV,true,0x745824537a4df19aa9a4f985d082344cefb64675,1784790680029,2026-07-23T07:11:20.029Z,95858.85527599999,0,95858.85527599999,95858.85527599999,0,0,ok,ok,200,1,2026-08-05T02:59:42.033Z,
3557,xrpl,r34rKYxrRwbqc9HwVbPP3YZov8wa4i2iAn,true,0x08d0234c666cf18b0c0c279437b54fbe6f3ccd57,1785409885028,2026-07-30T11:11:25.028Z,95822.55604,0,95822.55604,86623.2714,536.957501,8662.327137,ok,ok,200,1,2026-08-05T02:59:42.264Z,
3563,xrpl,rDj1NpaqwRokitka5EwSxHRV5Q6JCAtutN,true,0xb8494e9d81e068088c11d6833d6f1bd019daf2a7,1784653019393,2026-07-21T16:56:59.393Z,94588.455504,43849.182492,50739.273012,85989.505048,0,8598.950456,ok,ok,200,1,2026-08-05T02:59:43.438Z,
3564,xrpl,rpCwoHXiVocZLU2eAtok7PHFyh5fNBswxu,true,0x3063cdb76315d3141d1929c6ef28798e32560412,1784723881816,2026-07-22T12:38:01.816Z,94460.481653,0,94460.481653,93947.468006,0,513.013647,ok,ok,200,1,2026-08-05T02:59:43.647Z,
3566,xrpl,r3G8KiLVyQ1a4tSDCcmBz1XijmwS3UWzaL,true,0xd31fb66057f64bc6942111bf8799c453df3c4dc6,1784643479624,2026-07-21T14:17:59.624Z,94264.50412,0,94264.50412,64876.218236999994,22917.43284,6470.853038,ok,ok,200,1,2026-08-05T02:59:44.059Z,
3567,ethereum,0x9e632a19921cee12a5f0ecf0a04e7b5b09271f4b,true,0x9e632a19921cee12a5f0ecf0a04e7b5b09271f4b,1785113418446,2026-07-27T00:50:18.446Z,94158.80006,0,94158.80006,81878.71745,12280.08261,0,ok,ok,200,1,2026-08-05T02:59:44.272Z,
3575,xrpl,rNmvbmV69TyLh4bcKDcB3cPsXcojypQe6V,true,0x5b97f7d52129d3c1f20554d73b647cd89f16d216,1784645612292,2026-07-21T14:53:32.292Z,93044.843943,0,93044.843943,93044.843943,0,0,ok,ok,200,1,2026-08-05T02:59:45.863Z,
3577,xrpl,rGEQAUGNcn7VTpK2Ph7eq4uSLKSUvNEPpR,true,0x19fe066f404f36305fad3f684f1f913d0e5c4a99,1784704456111,2026-07-22T07:14:16.111Z,92738.197996,92738.194149,0.003847,92738.197996,0,0,ok,ok,200,1,2026-08-05T02:59:46.284Z,
3588,xrpl,rfd1xov9YvmfFmrgjgQFW9v2tM3jjefjec,true,0xcc74d21e0f69b77bd99a01506d07bf1ba7dfcda7,1784982217540,2026-07-25T12:23:37.540Z,92145.020444,73769.257953,18375.762491,92145.020444,0,0,ok,ok,200,1,2026-08-05T02:59:48.511Z,
3590,ethereum,0xc97e8e9d19826bb3b5832164ffba9fe92df64826,true,0x24da44100a7ce93424fa0c5c6b1899a9acf2b61d,1784638929093,2026-07-21T13:02:09.093Z,91371.56933,0,91371.56933,91371.56933,0,0,ok,ok,200,1,2026-08-05T02:59:48.939Z,
3592,xrpl,rKwcgRNKTYPEqJbdVX6aFfqhk1NG4ddyqq,true,0xaccb50b8abe6a7cd72c867b0a17ea3d4206e951b,1784686877341,2026-07-22T02:21:17.341Z,91294.137612,0,91294.137612,91294.137612,0,0,ok,ok,200,1,2026-08-05T02:59:49.306Z,
3597,xrpl,rwV82TTCrrqT8Qx2hAe1zYLbnPFrGvY2Rm,true,0x32dc039b172565e51015c029a72d2b55dafe9b4d,1784895241169,2026-07-24T12:14:01.169Z,90671.664543,52597.875884,38073.788659,90671.664543,0,0,ok,ok,200,4,2026-08-05T03:00:22.771Z,
3598,xrpl,rPuwToi1wQgwKXozXWBa9m6UvShDP3H926,true,0xe87dec6b9ae8ab23b56ea7b3dec8457161468f1f,1784654229515,2026-07-21T17:17:09.515Z,90483.249742,0,90483.249742,59614.154361000001,30869.095380999999,0,ok,ok,200,4,2026-08-05T03:00:23.200Z,
3603,xrpl,rDgs4xEqqETVfXNHzEkRRTbdCe3BZmYshj,true,0xefb94413b7eaa4a4a021118cc7abfb789604fe4c,1784668232761,2026-07-21T21:10:32.761Z,89926.9807,0,89926.9807,89926.9807,0,0,ok,ok,200,1,2026-08-05T03:00:23.604Z,
3610,xrpl,rLY8GQethwjEmBr3QCTGA5amfD1wZxeVLK,true,0xb0ee7604a425f75315454fca28ed12573b0bf97a,1785116087271,2026-07-27T01:34:47.271Z,89446.101096,0,89446.101096,89446.101096,0,0,ok,ok,200,1,2026-08-05T03:00:25.414Z,
3612,xrpl,r9XFKsTTyY9yxSNhJn5vg4fyQy67r2yPGk,true,0x31929e20d3fc56c2eb70d2089ac48cd663c71647,1784638736210,2026-07-21T12:58:56.210Z,89185.22264,0,89185.22264,89185.22264,0,0,ok,ok,200,1,2026-08-05T03:00:25.806Z,
3617,ethereum,0x4831bb85f44274f573cfd7acf9ae77e36fa19d06,true,0x4831bb85f44274f573cfd7acf9ae77e36fa19d06,1784645816790,2026-07-21T14:56:56.790Z,88885.07639,12.599,88872.47739,74070.89700000001,0,14814.17939,ok,ok,200,1,2026-08-05T03:00:26.831Z,
3623,xrpl,rKGBHxFJ7xLFRoNVLBk6ky6xFYpdK1w4Rc,true,0x6f569dffadf9382736f32d7228915bacc949663a,1785151411595,2026-07-27T11:23:31.595Z,88355.497312,0,88355.497312,80323.179357,0,8032.317955,ok,ok,200,1,2026-08-05T03:00:28.036Z,
3624,xrpl,rKCiRAcMadQd9Gjd1LwQ2Yz4cmJuYtAWR3,true,0xe6d3474310ff037f3788a233a7526eeeed93397a,1784638734049,2026-07-21T12:58:54.049Z,88269.597846999996,45650.196874,42619.400972999996,88269.597846999996,0,0,ok,ok,200,1,2026-08-05T03:00:28.257Z,
3625,xrpl,rKu4dZ7VGnUZpBVunTE256hoAyL6QM3LyX,true,0x543918930d5c3547d6537d8a8f0aa5a217dec024,1784640084679,2026-07-21T13:21:24.679Z,88059.845205,0,88059.845205,79683.696805,407.77876,7968.36964,ok,ok,200,1,2026-08-05T03:00:28.485Z,
3626,xrpl,rHWqerJZLXsoPjrYdysRUz3J5fKQZiPa5q,true,0x7cf8e714873edb8354ffdd85c8525be2d55cea3d,1784705177105,2026-07-22T07:26:17.105Z,87954.236021,0,87954.236021,87954.236021,0,0,ok,ok,200,1,2026-08-05T03:00:28.639Z,
3628,xrpl,rfRpwoDxs8jbn1VgPjrGgLVHBcggnpqPpZ,true,0x2473b3b01653605cfb520e980ec9f073ad27e8b2,1785148601478,2026-07-27T10:36:41.478Z,87756.810891000001,0,87756.810891000001,79778.918998000008,0,7977.891893,ok,ok,200,1,2026-08-05T03:00:29.055Z,
3641,xrpl,r34yzvzHSyyyp45ewqY556h1SkQxcCdX7x,true,0x00c756b6b77485f1b8ab5c1e19156ab86bd33445,1785080730665,2026-07-26T15:45:30.665Z,86425.74746,0,86425.74746,86425.74746,0,0,ok,ok,200,1,2026-08-05T03:00:31.686Z,
3642,xrpl,rG22EFTDyyP1zrESz5esJbsxNse991jW6A,true,0x27244541c454a9baf2c6cc77f5229ccf4d84adc3,1785200297609,2026-07-28T00:58:17.609Z,86369.584381,17.354344,86352.230037,82622.884247,0,3746.700134,ok,ok,200,1,2026-08-05T03:00:31.881Z,
3643,xrpl,rJLq39e2BuXtK37NAzsogcTfoBk3V73BgZ,true,0x2aac3f8177c1e05a7cd7b71e7a3b3d6a274a78cf,1785318053785,2026-07-29T09:40:53.785Z,86364.955315,64072.198166,22292.757149,62604.215936000008,23760.739379,0,ok,ok,200,1,2026-08-05T03:00:32.099Z,
3648,xrpl,r4u1tvQsRfmqq5GsWpRu4TZskcEzNMGRFh,true,0xc00d043a3ed15bce57315f07c542797626640b2d,1784648152847,2026-07-21T15:35:52.847Z,85706.11661,85697.3473,8.769312,85706.11661,0,0,ok,ok,200,1,2026-08-05T03:00:33.088Z,
3649,xrpl,rKn5U1BJzaqjEArHrV2T36mmsmWdXzv8sX,true,0xcb18014d2bc6dddc44a37dceb54f48ab1a5833bc,1784651372381,2026-07-21T16:29:32.381Z,85666.131204,65485.829697,20180.301507,73961.880893,5205.991457,6498.258854,ok,ok,200,1,2026-08-05T03:00:33.291Z,
3652,xrpl,rauzqA4WrVoDvEH3oBrV8uzXTaLEBvtX3i,true,0xae78d31a018d5392205f3c050b6ab35bc12ba680,1784643634061,2026-07-21T14:20:34.061Z,85593.000082,0,85593.000082,77811.818231,0,7781.181850999999,ok,ok,200,1,2026-08-05T03:00:33.896Z,
3656,xrpl,rMEZgM3KpJem89sfjikPiRLyRw1yf6E39U,true,0x1d2f0da169ceb9fc7b3144628db156f3f6c60dbe,1784802537967,2026-07-23T10:28:57.967Z,85304.692718,17323.463786,67981.228932,85304.692718,0,0,ok,ok,200,1,2026-08-05T03:00:34.732Z,
3657,xrpl,raWthEi4wKR6DxDtdznxbk5NcA7VV29zGT,true,0x695c02a021da6bab5d08c641b6d81fdaf4ce8223,1784653812472,2026-07-21T17:10:12.472Z,85302.763227,0,85302.763227,85302.763227,0,0,ok,ok,200,1,2026-08-05T03:00:34.924Z,
3659,xrpl,r9eAQjtjb7CAJ499zNUzxyFBzRsQD4ADug,true,0xe163b5aa8a42983f481986993eba17cede267b37,1784639391003,2026-07-21T13:09:51.003Z,85255.401724,0,85255.401724,77700.97549,0,7554.426234,ok,ok,200,1,2026-08-05T03:00:35.323Z,
3660,xrpl,rUp4TDEgu88ZQ9ZEoj6pF8UMUhcmZSBTJ3,true,0x1f9606ee62b91bc8f8c46193fbdb9acb2cf63fe3,1784886198756,2026-07-24T09:43:18.756Z,85253.682495999994,0,85253.682495999994,85253.682495999994,0,0,ok,ok,200,1,2026-08-05T03:00:35.534Z,
3663,xrpl,rw7SYYpnd4tNa6sH5fdsjbDCcgEKVt52xb,true,0x0db13601704f269bfc8f50b31dd47c70a7983ad2,1784640687477,2026-07-21T13:31:27.477Z,85029.562979,0,85029.562979,85029.562979,0,0,ok,ok,200,1,2026-08-05T03:00:36.129Z,
3669,xrpl,rJBQKakPt5oWfdkXFFCEdVjXBYyzPQRW6J,true,0x73cac22e15670a91c26bacf32d677db8c50c7a86,1784641051565,2026-07-21T13:37:31.565Z,84608.689195,0,84608.689195,84608.689195,0,0,ok,ok,200,1,2026-08-05T03:00:37.361Z,
3673,xrpl,r4cddwKWUS3H7auABonPHGm5WKi5MJn9sr,true,0x379e0f5717dff42a5b99c610b90a7b58b0b9cb69,1785222333546,2026-07-28T07:05:33.546Z,84226.94048,0,84226.94048,76569.94589,0,7656.994585,ok,ok,200,1,2026-08-05T03:00:38.167Z,
3678,xrpl,rEGFurPcxHr4BEH9KQmKAzL3TVwmKCBzQX,true,0xe2bf44d0a7e0beae0c7e5cdf2c5ad27a6c3f8a5a,1784697535689,2026-07-22T05:18:55.689Z,83853.08577,4775.493935,79077.59184,67233.05179,13173.75852,3446.275468,ok,ok,200,1,2026-08-05T03:00:39.207Z,
3679,xrpl,rnk2QEAgvTAxzKJMm76VWEitAuRQGVCfDX,true,0xde18e3d1be09ccad5a34e5bea4171da341a3da0c,1784722510061,2026-07-22T12:15:10.061Z,83837.947131,0,83837.947131,66170.62798599999,11050.256343,6617.062802,ok,ok,200,1,2026-08-05T03:00:39.436Z,
3682,xrpl,rpJhkenqNRj976NqHvi1JSx4pExLFa9pz1,true,0x807257b89e22329d15d1c16c1f5bb13a9d0e658f,1784850278721,2026-07-23T23:44:38.721Z,83282.828023,0,83282.828023,83282.828023,0,0,ok,ok,200,1,2026-08-05T03:00:40.102Z,
3687,xrpl,rPLoNas7Zp7dTsRvXHgv5d6qRrUm2JZhsn,true,0xba97436288ad715810a19b543c330c05d73a2448,1785199132507,2026-07-28T00:38:52.507Z,82904.58973,0,82904.58973,82904.58973,0,0,ok,ok,200,1,2026-08-05T03:00:41.077Z,
3688,xrpl,rpdd5Trqepn6E3asCf7yAPfiKmM4zE69hr,true,0x202aab38f89cbc3ea0f67a075e0d8f3046168665,1784639278464,2026-07-21T13:07:58.464Z,82871.544348,0,82871.544348,75337.767595,0,7533.776753,ok,ok,200,1,2026-08-05T03:00:41.284Z,
3691,xrpl,rfu8KVxKRNUPWKBuAgVup51fgMxnmjgTtA,true,0x81985073004ea350374f2b69f265f5e3da9bb731,1784730428917,2026-07-22T14:27:08.917Z,82799.645743000001,5695.844111,77103.801632000002,82799.645743000001,0,0,ok,ok,200,1,2026-08-05T03:00:41.886Z,
3692,xrpl,r9G9tDfw8XKo2tVWoK25EKaBj3Q3hutXJU,true,0xf25c929ddae44c8439cec27934526f81e933568b,1784637979307,2026-07-21T12:46:19.307Z,82777.54409,82777.54079,0.003309,75252.31337,0,7525.23072,ok,ok,200,1,2026-08-05T03:00:42.107Z,
3693,xrpl,rKFiKQUA2VnMXJsXgogQRkEUCmvnPXmYxJ,true,0x5c6434de44e97ef5e9721556979e529bb559b897,1784639967583,2026-07-21T13:19:27.583Z,82712.77873,0,82712.77873,75193.43521200001,0,7519.343518,ok,ok,200,1,2026-08-05T03:00:42.291Z,
3697,xrpl,rpR3Qr8n5fSnLPVbuptSKuifp9RtEytvjK,true,0x459080fe44e477aeab9d5947db55df2d6b33a9a3,1784689228749,2026-07-22T03:00:28.749Z,82436.635045000003,0,82436.635045000003,82436.635045000003,0,0,ok,ok,200,1,2026-08-05T03:00:43.118Z,
3698,xrpl,rp5uqL5MwhsGYajE57a9jGhD7VpdSrCqxL,true,0xa42b37b50fe7f1a4850e66881c22e80a80a08240,1784660037144,2026-07-21T18:53:57.144Z,82405.924443,0,82405.924443,82405.924443,0,0,ok,ok,200,1,2026-08-05T03:00:43.328Z,
3704,xrpl,rUujQmYmPpJbM9yK1sKhLbT6ZLC76TTsYd,true,0xf65d967ebc53df0d1a1d1bd6708fcb4c3c7021c3,1784997317902,2026-07-25T16:35:17.902Z,82020.357423,0,82020.357423,82020.357423,0,0,ok,ok,200,1,2026-08-05T03:00:44.535Z,
3705,xrpl,r44vWGZpSdXGSsqs2NaSp1FsZUbXcXVnXz,true,0x966f7e49bce4897d0c9974754ff0d697c89baf43,1785024452418,2026-07-26T00:07:32.418Z,81932.44785,0,81932.44785,81932.44785,0,0,ok,ok,200,1,2026-08-05T03:00:44.770Z,
3714,xrpl,rJGpVmeFud7Bz59QH6wKBBbXiQEVHsQurG,true,0x6008ae7de53800141475f4144c26e2a95c77b318,1784720703733,2026-07-22T11:45:03.733Z,81609.546046,0,81609.546046,74190.496401,0,7419.049645,ok,ok,200,1,2026-08-05T03:00:46.605Z,
3716,xrpl,rNJRjhNNi82ttnusBqKacCEggvNTwnRMtB,true,0xa22817474d36aef0e45b4059ce21ac2200b66fa1,1784642511764,2026-07-21T14:01:51.764Z,81309.805017,0,81309.805017,81309.805017,0,0,ok,ok,200,1,2026-08-05T03:00:46.998Z,
3722,xrpl,rEngfb54Dc2DvrrHBXMXrUyUoshjwMagy6,true,0x6d66b68ac2b09f6f0a727105778e452dc55cbd1c,1784806706568,2026-07-23T11:38:26.568Z,80909.888212,0,80909.888212,80909.888212,0,0,ok,ok,200,4,2026-08-05T03:01:20.688Z,
3724,xrpl,rNVd4DTxjAThHkAyRHYM2cXfCCHxLS5f1S,true,0xf92a64885002fcc7162840aed64bca3f10eee9d5,1785164421452,2026-07-27T15:00:21.452Z,80704.770585,56630.744975,24074.02561,80704.770585,0,0,ok,ok,200,4,2026-08-05T03:01:21.315Z,
3730,xrpl,ryhL1mkjkNfsHPH6Wfk5kvS251q44TLt3,true,0xa73fb4ce40fb48475f288f975baaff361d4cc0e4,1784657147469,2026-07-21T18:05:47.469Z,80180.905604,22320.82913,57860.076474,80180.905604,0,0,ok,ok,200,1,2026-08-05T03:01:22.347Z,
3734,xrpl,rsap1FGD7r1k4UKadXs94sVyR8xrH5tA9L,true,0x5690fc225d43bb6322361827110e9efed1afdc07,1785010164003,2026-07-25T20:09:24.003Z,79785.382759,47286.99286,32498.389899,72532.166145000002,0,7253.216614,ok,ok,200,1,2026-08-05T03:01:23.157Z,
3739,xrpl,rEy2qGX4nza4R8zqLEMa4CuJ9szBpo26GK,true,0x28d4f7bd61ba1ea8d04f759136b02b8b0577d0d0,1785265263388,2026-07-28T19:01:03.388Z,79239.017191,1510.909714,77728.107477,79239.017191,0,0,ok,ok,200,1,2026-08-05T03:01:24.166Z,
3740,xrpl,rEccLvzVhyeGU3uqE5SNdmzJ8jSf2m4cEp,true,0x4a2fa67d4632d14aed49a4656c04c84cb8f4ecaa,1785322309667,2026-07-29T10:51:49.667Z,79233.546078,0,79233.546078,72514.700872,0,6718.845206,ok,ok,200,1,2026-08-05T03:01:24.408Z,
3742,xrpl,rwMnp7jeu8z9RURUgmziTVDPrCkCFC1N9C,true,0x143c13d782ebbf5e7cf71ee370d783605b0d1273,1784641584522,2026-07-21T13:46:24.522Z,79140.566866,0,79140.566866,72013.44789,0,7127.118976,ok,ok,200,1,2026-08-05T03:01:24.797Z,
3743,xrpl,rUXK7rtowsgEPZv77Py5GEN2LnnxHBxPyS,true,0xd61682cf29d358582693fd21763120876e6021a2,1784643518962,2026-07-21T14:18:38.962Z,79072.965705,0,79072.965705,79072.965705,0,0,ok,ok,200,1,2026-08-05T03:01:25.008Z,
3745,xrpl,r3848nDo4PMFSpueHXBreoyM8GLtaJKLRw,true,0xd2c011721103f1cbc3836f88ecd0c47a5c26f028,1784666017987,2026-07-21T20:33:37.987Z,79050.63259999999,656.096505,78394.53609499999,71350.20309999998,566.7289460000001,7133.700553999999996,ok,ok,200,1,2026-08-05T03:01:25.396Z,
3748,xrpl,rBgXXYgVSvmeUuzxGum8YchiKYC8QeEMGm,true,0xa536f3c4ada83acddedf17c67b11e44766a7ffd3,1784642294228,2026-07-21T13:58:14.228Z,78788.77295,0,78788.77295,71626.15724,0,7162.615712,ok,ok,200,1,2026-08-05T03:01:25.996Z,
3752,xrpl,rDuC8rZ6uHSgMixd7s7t21QUVDdA2oYzW5,true,0x707c56fb7cb7a12ef3d149a48042003cb1c1d547,1784684632970,2026-07-22T01:43:52.970Z,78295.64050899999,0,78295.64050899999,78295.64050899999,0,0,ok,ok,200,1,2026-08-05T03:01:26.796Z,
3765,xrpl,r3hp6k7L64uoo6PgtrQxcsFGHXPtb5TMVf,true,0xd4df826ec0235b1e9862da59287033d37d9b46bf,1785238097959,2026-07-28T11:28:17.959Z,77129.157447,38747.195089,38381.962358,77129.157447,0,0,ok,ok,200,1,2026-08-05T03:01:29.801Z,
3770,xrpl,rEapd6Ubvsyarso4Qrcgj3aFButNWgfXnf,true,0x651856f61c8438c3111e15459a12fd58275360b3,1784637531622,2026-07-21T12:38:51.622Z,76836.044750999996,43304.164174,33531.880576999996,66410.599420999992,1500.842475,8924.602855,ok,ok,200,1,2026-08-05T03:01:30.644Z,
3772,ethereum,0x3daddac5e7c1afa3f61de908a6094b549d2d3a8c,true,0x3daddac5e7c1afa3f61de908a6094b549d2d3a8c,1784645227205,2026-07-21T14:47:07.205Z,76773.17555,0,76773.17555,69793.79597,0,6979.379576,ok,ok,200,1,2026-08-05T03:01:31.074Z,
3774,ethereum,0xc89e3b392348b20bbebe4c5c918ecb505c64b8a7,true,0xc89e3b392348b20bbebe4c5c918ecb505c64b8a7,1784856218998,2026-07-24T01:23:38.998Z,76717.63594,0,76717.63594,58113.69733,6981.199135,11622.73947,ok,ok,200,1,2026-08-05T03:01:31.497Z,
3775,xrpl,rJupthkW47iEPE6UHXPSy6NLuuYvckgTA7,true,0x32f7840251e304bada0c7b6cdc88eb973e29bb9b,1784638447128,2026-07-21T12:54:07.128Z,76682.598917,65640.36717,11042.231747,76682.598917,0,0,ok,ok,200,1,2026-08-05T03:01:31.678Z,
3786,xrpl,rLKB7X6vcAiXcfDbavrngekocmwqWTXi22,true,0x171f15c19c6547784324c464a6cf8217bdaadf0e,1784679767387,2026-07-22T00:22:47.387Z,76123.177268,6.284752,76116.892516,74661.067828,0,1462.10944,ok,ok,200,1,2026-08-05T03:01:33.921Z,
3790,xrpl,rEZ4AocZJ1wHzri1QuGyDx1WFfQrNvpLgm,true,0xebf5c8018cf7f10c8ff766f2436dd0d9f2b126aa,1784656610838,2026-07-21T17:56:50.838Z,75710.25043,19693.52422,56016.72621,75710.25043,0,0,ok,ok,200,1,2026-08-05T03:01:34.718Z,
3793,xrpl,rHsUMqZxMjqHGgpCFod2jU5UikqUGxNQUY,true,0x9f6a2efe497fb81a90999ca0b965dda2bac5b373,1784887857581,2026-07-24T10:10:57.581Z,75455.385542,7074.957622,68380.42792,75455.385542,0,0,ok,ok,200,1,2026-08-05T03:01:35.318Z,
3796,xrpl,rpTe9tS8PyizHXaRrg8XFX9WGM35fZQQLW,true,0x8c62abe541805f575497af366dfafd4459eb82d2,1785112040931,2026-07-27T00:27:20.931Z,75089.980546,61007.527585,14082.452961,74915.769478,174.211068,0,ok,ok,200,1,2026-08-05T03:01:35.948Z,
3797,xrpl,r4bSnF5zCBuUrpeseHjmYTTHjNrZoiqLvm,true,0x97e802ceb92715427c61001fad21f296252c212a,1784726212979,2026-07-22T13:16:52.979Z,74995.09408,0,74995.09408,68177.35826,0,6817.735826,ok,ok,200,1,2026-08-05T03:01:36.168Z,
3798,xrpl,r4zCTsiS1stN8rBAxob7ts6juc9MtGRqMf,true,0x42dc71028909d1802cdb13512536dbe54c18d77c,1784876417950,2026-07-24T07:00:17.950Z,74980.68241,0,74980.68241,52586.85258,17135.14458,5258.685248,ok,ok,200,1,2026-08-05T03:01:36.358Z,
3804,xrpl,rMeqhRC3J6zXvpRJNfckjk7xYUJv3a5Spj,true,0x8ef37e2b9ec55c555112ae7e0ef89b5735662b23,1785407961463,2026-07-30T10:39:21.463Z,74568.91847,0,74568.91847,74568.91847,0,0,ok,ok,200,1,2026-08-05T03:01:37.574Z,
3806,ethereum,0x2a381a41627de73c9285de8f5b74791ad18bd292,true,0x2a381a41627de73c9285de8f5b74791ad18bd292,1784646395092,2026-07-21T15:06:35.092Z,74289.39006,19541.87027,54747.51979,74289.39006,0,0,ok,ok,200,1,2026-08-05T03:01:37.958Z,
3809,xrpl,r4zQY1wb11sd3fFc49x1PsZiG1QKBJunJ7,true,0x6179ee593aa0eb527ff8c7b412c869f6be4daf00,1784730063327,2026-07-22T14:21:03.327Z,74199.85172,198.824153,74001.02756,70607.83929,0,3592.012431,ok,ok,200,1,2026-08-05T03:01:38.603Z,
3810,xrpl,r4TrJChDHyndo6RVFha79qTSVxDUH3nwGY,true,0x3d890f90c90e794dae372ef09bc7ff7a56639e9a,1784712425554,2026-07-22T09:27:05.554Z,74180.79976,10841.443162,63339.356598,74180.79976,0,0,ok,ok,200,1,2026-08-05T03:01:38.784Z,
3813,xrpl,rDoryaDLsNjXR1MNyQCKqDnED2zqjpqwZ1,true,0x4c92ded13335a65345e3951ab80416f69ceb11ac,1784959174071,2026-07-25T05:59:34.071Z,73956.81965,0,73956.81965,73956.81965,0,0,ok,ok,200,1,2026-08-05T03:01:39.398Z,
3814,xrpl,rDfruRjWYFzwhLP4aJrXq6xA4387JgqGCQ,true,0x969ffba6f8d02b149a8f1c4bacac20088ef10274,1784994993000,2026-07-25T15:56:33.000Z,73952.28801,0,73952.28801,73952.28801,0,0,ok,ok,200,1,2026-08-05T03:01:39.618Z,
3819,xrpl,rw3nmBQxjX4cRLf7tfFaWNsvVvcYL68yud,true,0x5b4047f42106dac79adb241a3a508f50c2d449e2,1784651406966,2026-07-21T16:30:06.966Z,73368.350863,1353.167275,72015.183588,67124.487861000001,0,6243.863002,ok,ok,200,1,2026-08-05T03:01:40.611Z,
3820,xrpl,rnNNai6sarQGtmBTVwVH3o38jEqFUVpY8F,true,0x897349fa3b34ea72dc1aca981bdbe99ff0d868a4,1784987837472,2026-07-25T13:57:17.472Z,73255.877951,13948.786437,59307.091514,73255.877951,0,0,ok,ok,200,1,2026-08-05T03:01:40.832Z,
3823,xrpl,rQDzNpKvaSfKSGAhAi9FnAefXFsDk8Lff1,true,0x093c1c700d4a4b4c5df94ad0f1c02d714041046f,1784685195507,2026-07-22T01:53:15.507Z,73195.370085,0,73195.370085,72346.285945,849.08414,0,ok,ok,200,1,2026-08-05T03:01:41.449Z,
3825,xrpl,rUH1ZjKNZDHaezhekduwZ42bXDomVJXnkN,true,0xb79e7def607612d77c28c5cab874d897e60a2a18,1784783344789,2026-07-23T05:09:04.789Z,73136.861339,0,73136.861339,73136.861339,0,0,ok,ok,200,1,2026-08-05T03:01:41.863Z,
3831,xrpl,rJ32f8qw8oXCRTLaoJWyFN7gkGEqqDq7RN,true,0xc584810bdb24526929a72a6bb51de4ab76445db2,1784994805920,2026-07-25T15:53:25.920Z,72409.920233,0,72409.920233,72409.920233,0,0,ok,ok,200,1,2026-08-05T03:01:43.077Z,
3833,xrpl,rE6kruJN5eR8GaQeTaMJf13jKiDqJMh466,true,0x175a2b1a82dd948ee20194c4600af44b8f813f93,1785402940205,2026-07-30T09:15:40.205Z,72104.174,0,72104.174,72104.174,0,0,ok,ok,200,1,2026-08-05T03:01:43.473Z,
3837,xrpl,rhoqaYdqnjEp4RmZuUCpLiYRsMTTMoJ37r,true,0x063c2cb6aa70fcb1410f2f455f153d0664e92369,1784653782565,2026-07-21T17:09:42.565Z,71890.373732000004,11279.375202,60610.998530000004,57906.066206,9339.248413000001,4645.059113,ok,ok,200,1,2026-08-05T03:01:44.294Z,
3839,xrpl,r9d6CkgkmZmrsV9PkBNHRRowEsjU9eTADL,true,0x74c5ff1f32c8dab535991081b5e902c8d536cc4a,1784647190605,2026-07-21T15:19:50.605Z,71721.66380299999,4208.455871,67513.20793199999,71721.66380299999,0,0,ok,ok,200,1,2026-08-05T03:01:44.686Z,
3840,xrpl,rDDYs1U6NYC9RN6DP3byk6Lgzj7H9Rk3fS,true,0x25b75d6eb94861d5de88bef7ffbf676533597df7,1784640088281,2026-07-21T13:21:28.281Z,71653.457292,0,71653.457292,71653.457292,0,0,ok,ok,200,1,2026-08-05T03:01:44.890Z,
3847,xrpl,r3D1kuUysakjvdthAixaXmo9odppAqdiaf,true,0xac4e0a5965db85943ad00d3451a1df0ac472e175,1784808468806,2026-07-23T12:07:48.806Z,71290.996332,4750.23141,66540.764922,71290.996332,0,0,ok,ok,200,5,2026-08-05T03:02:25.881Z,
3859,xrpl,rKjH6fBg9sb1HbxYnxua9DDwvHMg24pswZ,true,0x7a1b5c6931f175de1462e2294ce002bed33174db,1784891184811,2026-07-24T11:06:24.811Z,70637.383553,0,70637.383553,70637.383553,0,0,ok,ok,200,1,2026-08-05T03:02:27.574Z,
3861,xrpl,rE1Gu3Whwhn3fV51DrqEe5wmCnsWGESKKE,true,0xf50a0c58c959071d3937bfaa85265fdf9364345a,1784650126790,2026-07-21T16:08:46.790Z,70465.86841,0,70465.86841,50.577837000007186,70410.23279,5.05778,ok,ok,200,1,2026-08-05T03:02:27.926Z,
3864,xrpl,rfAXW8Uq79cJriEqvUesDekT6ahpYCNKoM,true,0x954ffddad4d3dda9b6807a63716cf74395edcaea,1784660628112,2026-07-21T19:03:48.112Z,70330.498003000001,0,70330.498003000001,64170.367632000001,0,6160.130371,ok,ok,200,1,2026-08-05T03:02:28.539Z,
3868,xrpl,r9Rx85FQPcyVboauoXUMw8jeRvqEb6bANx,true,0x185694811ca844364dc88ef82f524c30636410e4,1784908488869,2026-07-24T15:54:48.869Z,70082.02412,11329.19662,58752.8275,63710.931,0,6371.093119,ok,ok,200,1,2026-08-05T03:02:29.359Z,
3871,xrpl,r3rvfnvif9yaNBfeutuy9U4TvkR1KoFHiy,true,0x6f6dcc3635c3c42f943b3dcbcaee0ecafafe4af2,1784698151689,2026-07-22T05:29:11.689Z,69627.40205,0,69627.40205,69627.40205,0,0,ok,ok,200,1,2026-08-05T03:02:29.963Z,
3872,ethereum,0x37ce6d9390c1844e4000974f35e7f1574970e92e,true,0x37ce6d9390c1844e4000974f35e7f1574970e92e,1784868322703,2026-07-24T04:45:22.703Z,69522.57687,49392.88679,20129.69008,63202.342611000005,0,6320.234255,ok,ok,200,1,2026-08-05T03:02:30.172Z,
3873,xrpl,rfh8WPxsx4koNzeyQPVVaQLguHqGTLAVzv,true,0x63def45816564ec90383ed3ded4853564310fa86,1784792681823,2026-07-23T07:44:41.823Z,69465.465462,1755.590331,67709.875131,69465.465462,0,0,ok,ok,200,1,2026-08-05T03:02:30.365Z,
3876,ethereum,0x7edbc49422b7da38121357e52fc77c522307a9b7,true,0x7edbc49422b7da38121357e52fc77c522307a9b7,1784641096145,2026-07-21T13:38:16.145Z,69314.9793,0,69314.9793,63013.61753,0,6301.361772,ok,ok,200,1,2026-08-05T03:02:31.049Z,
3877,xrpl,rGBFEBZx7YumDRkQeNMFZtZfwBTf3Gtvoc,true,0x57141ee2db0a521239b7cf8b97ac12f8d200d824,1785358746009,2026-07-29T20:59:06.009Z,69298.68643,0,69298.68643,69298.68643,0,0,ok,ok,200,1,2026-08-05T03:02:31.208Z,
3878,xrpl,rw12qnTFdyoLhhs2BvGm2KwX9Grq2k8BPG,true,0x0ae6e0007f765f882ca9bd565a106713fa60bcf4,1784639323038,2026-07-21T13:08:43.038Z,69246.013576,1155.339248,68090.674328,69246.013576,0,0,ok,ok,200,1,2026-08-05T03:02:31.437Z,
3880,xrpl,rEGizGUgrRTqgfWDX23Wor4UYCF9tB61Tb,true,0x9c00d830cf6312e20b903ab8ddc629bcd981a55a,1784639666092,2026-07-21T13:14:26.092Z,69200.26056200001,0,69200.26056200001,16734.08546100001,51660.31843,805.856668,ok,ok,200,1,2026-08-05T03:02:31.831Z,
3882,xrpl,rGAejn9E3YM4To5CopDidmYxa9k9kqqEjw,true,0x9b53da52267866a045837b3d666f8c62164ef01b,1784673809909,2026-07-21T22:43:29.909Z,68962.446864,50301.553108,18660.893756,60505.853995,2510.670571,5945.922298,ok,ok,200,1,2026-08-05T03:02:32.200Z,
3885,xrpl,rw1G6bCBm1f4ob4JwvRzDmPCvkozFovfZm,true,0x0df811d84f143fdee3694cb16ce78ce84665debc,1785164234729,2026-07-27T14:57:14.729Z,68593.218988,10595.09904,57998.119948,68593.218988,0,0,ok,ok,200,1,2026-08-05T03:02:32.807Z,
3888,xrpl,rwJfiZ4gjMYc34uV1BtXc7boSys8xizb5Q,true,0xfe97f5ce3c11d6d6bb784af42c3ee0a54695b345,1784813660909,2026-07-23T13:34:20.909Z,68478.030094000002,68476.775116999997,1.254977,68478.030094000002,0,0,ok,ok,200,1,2026-08-05T03:02:33.409Z,
3891,xrpl,rp1hVToasAcNWcsgVuWtoN2qDEz68RcDc3,true,0xb0a8fbfa54bbdf788db224434c4e5f618697877d,1784639408958,2026-07-21T13:10:08.958Z,68120.493583,0,68120.493583,68120.493583,0,0,ok,ok,200,1,2026-08-05T03:02:34.060Z,
3892,xrpl,rMyVFqTMAWiCswsv2p3WfVyWHe2Z31giPt,true,0x73c31560107a7fb424ed5dae505d581de22f16d6,1784808521803,2026-07-23T12:08:41.803Z,68024.619477,0,68024.619477,68024.619477,0,0,ok,ok,200,1,2026-08-05T03:02:34.245Z,
3893,xrpl,r9CjrTxwiWQTXjCjibV4RNnH5sVcPMvBPq,true,0x87b03024ba6059dbc1e2a50589d7920ffbb83d4e,1784698859894,2026-07-22T05:40:59.894Z,67974.20765,0,67974.20765,62171.502196999994,0,5802.705449,ok,ok,200,1,2026-08-05T03:02:34.451Z,
3897,xrpl,rGnH1A4ExGjF8aYsTFduRmZ8dsmMpaBE3F,true,0xee1f287ac0903ce02e55f1776dc1c4a15e2550c6,1785068177351,2026-07-26T12:16:17.351Z,67745.015881,43652.704436,24092.311445,67745.015881,0,0,ok,ok,200,1,2026-08-05T03:02:35.239Z,
3899,xrpl,r48WteGBETGzYwoRMxzhtnERrWfWEfU2k5,true,0x162c6448dded55eb24b1cf5be782ff1c526412e0,1784716426319,2026-07-22T10:33:46.319Z,67632.755856,0,67632.755856,23108.896775000005,42662.609698,1861.249383,ok,ok,200,1,2026-08-05T03:02:35.647Z,
3901,xrpl,rpgtbNuTeDtdBmLpjsL8KsdoukciuNSLtf,true,0x612a930f4df7edec95609e824ec2be055e49ff78,1784711261304,2026-07-22T09:07:41.304Z,67502.768691000005,0,67502.768691000005,58698.059742000005,0,8804.708949,ok,ok,200,1,2026-08-05T03:02:36.058Z,
3904,xrpl,rKJ878R5m9Q6FRpzbrQV4uTGRKXFgAwsSU,true,0xacb5620b0a66763c86fd05a62cb801f822aecdc9,1784650476510,2026-07-21T16:14:36.510Z,67200.094639,0,67200.094639,67200.094639,0,0,ok,ok,200,1,2026-08-05T03:02:36.649Z,
3909,xrpl,rMHCuKwXK3p9Q9Sg5eB1JQ5aDMimZZNpbU,true,0xaccb50b8abe6a7cd72c867b0a17ea3d4206e951b,1784680342567,2026-07-22T00:32:22.567Z,66513.157975,0,66513.157975,66513.157975,0,0,ok,ok,200,1,2026-08-05T03:02:37.682Z,
3911,xrpl,rn3ixbJEKXfKxpPhoTPquxo5myH8Avnvzx,true,0xfb017fbf65a571542ba54fe01a7462e5916cfdfb,1784640597241,2026-07-21T13:29:57.241Z,66345.029178,0,66345.029178,66345.029178,0,0,ok,ok,200,1,2026-08-05T03:02:38.085Z,
3912,xrpl,rMAafZMe6shLnm7jvF8b3BP6YXTwamdX7U,true,0x439b2bbf87fe192003931204698e731f77b4e361,1784699567892,2026-07-22T05:52:47.892Z,66287.298005000004,28115.009316,38172.288689000001,59182.712035999997,7104.585969,0,ok,ok,200,1,2026-08-05T03:02:38.292Z,
3913,xrpl,rB2zpWNgqyjPHfoQP8aihtTBBZtmYPsbX7,true,0x6cb2bcbf61efc9bdb10477816565f7d1b153c210,1784713318243,2026-07-22T09:41:58.243Z,66044.80144,49844.60364,16200.19781,31292.0664259999985,31623.52838,3129.206632,ok,ok,200,1,2026-08-05T03:02:38.479Z,
3914,xrpl,rLyzhbxAAZfccFyxrzMNzXc7UYzfLZiaL4,true,0xf403ced831c0d9c6efc168936d2888576b98f9ca,1785124198096,2026-07-27T03:49:58.096Z,66010.899112,36832.268982,29178.63013,66010.899112,0,0,ok,ok,200,1,2026-08-05T03:02:38.690Z,
3916,xrpl,rhbBC5WwcZyR7d9vxR56ZaVvnV7aQQEFVk,true,0xb94ba81598cef8c5679af6c3b4037a8248999453,1785332077827,2026-07-29T13:34:37.827Z,65928.347517,0,65928.347517,54940.29278,5494.025474,5494.029263,ok,ok,200,1,2026-08-05T03:02:39.077Z,
3917,xrpl,rKsUW7GLddDNqwvsxF8gQuLKfB3yu72a6S,true,0xb94ba81598cef8c5679af6c3b4037a8248999453,1785332010994,2026-07-29T13:33:30.994Z,65912.521956,0,65912.521956,54927.103685,5492.70791,5492.710361,ok,ok,200,1,2026-08-05T03:02:39.280Z,
3918,xrpl,rPiK23aQeEiHCViimsrCJE5Rxmd7BDrS9D,true,0xb94ba81598cef8c5679af6c3b4037a8248999453,1784643260005,2026-07-21T14:14:20.005Z,65912.455595,0,65912.455595,54927.041112000006,5492.710361,5492.704122,ok,ok,200,1,2026-08-05T03:02:39.484Z,
3921,ethereum,0x2ebbd5a37bca00ae65fe068a385f100729bd7bdb,true,0x2ebbd5a37bca00ae65fe068a385f100729bd7bdb,1784641336082,2026-07-21T13:42:16.082Z,65829.00466,0,65829.00466,54958.66233600001,0,10870.34232,ok,ok,200,1,2026-08-05T03:02:40.098Z,
3922,xrpl,r4miK7gJfurMtJ2Adxf7U8EgHMdzwxHib5,true,0x336c20c1e9aae29dda0f574857e5c32e74030709,1784714034717,2026-07-22T09:53:54.717Z,65800.75391,0,65800.75391,65800.75391,0,0,ok,ok,200,1,2026-08-05T03:02:40.346Z,
3926,xrpl,rn6dfckkHtaToYyeWkXm8ptSDFCWvSq67K,true,0xd54cff6855a0ed7b346e978257e367d9d70f99e5,1784649106754,2026-07-21T15:51:46.754Z,65533.872443,45482.080019,20051.792424,65533.872443,0,0,ok,ok,200,1,2026-08-05T03:02:41.118Z,
3929,xrpl,rNRj5C3awtpHaaiQnvtJwScvtwNLrHMdGz,true,0x9c2c49a07bf56f8206a0ab9d39339dcbb4f3c72e,1784669101617,2026-07-21T21:25:01.617Z,65255.554201,0,65255.554201,65255.554201,0,0,ok,ok,200,1,2026-08-05T03:02:41.725Z,
3945,xrpl,rDAemLmaT6RU8nzbbc5pDRXrtvjTSti2hD,true,0x7fd3224da668b42e2c05bd2ebedbc19ec3bb1898,1784818382352,2026-07-23T14:53:02.352Z,64193.54651,0,64193.54651,64193.54651,0,0,ok,ok,200,1,2026-08-05T03:02:44.962Z,
3952,xrpl,rJXaV7Zz2B5zQoohsLZ9UBPZoxRPtzEK7J,true,0x62c950ffedd76e314ee6df56252787a4b002084f,1784685252779,2026-07-22T01:54:12.779Z,63454.695664,0,63454.695664,57708.633302,0,5746.062362,ok,ok,200,1,2026-08-05T03:02:46.381Z,
3954,xrpl,rw9V9jXjab7K6B6ecFDxUPmN36Vg9dNEPU,true,0x02a47d897acbcd8a6c75a503626c289afdc0f8c7,1784636343887,2026-07-21T12:19:03.887Z,63393.537242000006,49832.608480000003,13560.928762,63393.537242000006,0,0,ok,ok,200,1,2026-08-05T03:02:46.799Z,
3957,xrpl,rNxZP8hubLhKjwFSaodZQQ37t5aLrKcWRd,true,0xd694e15383a8ac5b195c9dd4b0ef0c6edf86ec05,1784710427867,2026-07-22T08:53:47.867Z,63176.948522,0,63176.948522,63176.948522,0,0,ok,ok,200,1,2026-08-05T03:02:47.388Z,
3958,xrpl,rpYiQ5cyeQhrRs3k3MAnidXJYfQ9S98wom,true,0xa39a097e8d7167025eb2412d3d9800be7334c727,1784675668851,2026-07-21T23:14:28.851Z,63118.223905999999,0,63118.223905999999,57380.203544999997,0,5738.020361,ok,ok,200,1,2026-08-05T03:02:47.596Z,
3964,xrpl,rKB8FwKFVvkfxGq8iGFnogBpW8wupkLysJ,true,0x1facff912de481596115d8ab153b7f9fb5923c44,1785068070554,2026-07-26T12:14:30.554Z,62692.755873,0,62692.755873,56993.414429000004,0,5699.341444,ok,ok,200,1,2026-08-05T03:02:48.807Z,
3971,xrpl,rPhfjSqH4rMoUkXW7Kvkc5r5CfowkRdCdi,true,0x087ba64d3c0bbb0ae3d623c2e1b6340bc9f2424b,1785289200938,2026-07-29T01:40:00.938Z,62022.041603,49235.07889,12786.962713,62022.041603,0,0,ok,ok,200,4,2026-08-05T03:03:24.008Z,
3973,xrpl,rMv2gvhLXnpoYKtqHBRBZNCY3pRJJ7boXJ,true,0x25f9b177bdf8aa55b7a617dc0bcd07fab22429e2,1784668071052,2026-07-21T21:07:51.052Z,61972.821949,40359.450405,21613.371544,61972.821949,0,0,ok,ok,200,1,2026-08-05T03:03:23.408Z,
3976,xrpl,rBRbbjVwHnYTa8uqBQkvKUgFuukm3PZnhz,true,0x071ee9749aafd7e491f207e550835eca153e8fb9,1785003832899,2026-07-25T18:23:52.899Z,61763.53704,0,61763.53704,61763.53704,0,0,ok,ok,200,1,2026-08-05T03:03:24.408Z,
3981,xrpl,rNDE7JgG5tf9FhQPfg9ygCf1YcJXsV76S6,true,0xc1260b5f58b302e0acbc875de8100154a01e9d69,1784992605581,2026-07-25T15:16:45.581Z,61385.052727000002,44015.753750000003,17369.298976999999,55804.593399999998,0,5580.459327,ok,ok,200,1,2026-08-05T03:03:25.406Z,
3982,xrpl,rNgszYMPBaQARcD9AkfG3PKoztLAUVsTbP,true,0xe241022be9781fb86c7b0f9dd11fb3d276d30c98,1784639014136,2026-07-21T13:03:34.136Z,61312.007282999999,16488.541566,44823.465716999999,45614.561499000003,13028.270582000001,2669.175202,ok,ok,200,1,2026-08-05T03:03:25.628Z,
3983,xrpl,rLPjxHoG7MiK3TNxSPxWN7xTetxSgdLcko,true,0xc1511d6ba6ddf37c2e03f4e6d8b057ccd4c106f5,1784638316237,2026-07-21T12:51:56.237Z,61290.010833,0,61290.010833,55722.886389,0,5567.124444,ok,ok,200,1,2026-08-05T03:03:25.814Z,
3985,xrpl,r3pAfJHmTVkHsLqwkY8F4bWZVZZHW4mAK4,true,0x6febef600d58b3b6d3cd5ab79db522ed3b2d7906,1784747984090,2026-07-22T19:19:44.090Z,61235.23979,0,61235.23979,53197.840252999995,57.723505,7979.676032,ok,ok,200,1,2026-08-05T03:03:26.255Z,
3988,xrpl,rUQuKyZv2f6anPfPzxwPjTHtfV1C4cxgw,true,0x510218869100f87c6f039f3e35fec94ad35d7153,1785010196905,2026-07-25T20:09:56.905Z,60950.117223,0,60950.117223,60950.117223,0,0,ok,ok,200,1,2026-08-05T03:03:26.833Z,
3993,xrpl,rn6WDhUh2XYfJcxrdUe8WguXMjBvPFwUGj,true,0x4a84f9588dd3ac94e1298acf8287546d76286948,1785110214273,2026-07-26T23:56:54.273Z,60743.169607,0,60743.169607,55221.063278,0,5522.106329,ok,ok,200,1,2026-08-05T03:03:27.864Z,
3996,xrpl,rfFTa6xK4K4Y1MzcPg5dtGwf31ZPZ3xRoj,true,0x2cf6ada56e42dc4d8cfabb321c005caad32a9be9,1785320866021,2026-07-29T10:27:46.021Z,60469.106602,0,60469.106602,44089.053427,14891.298727,1488.754448,ok,ok,200,1,2026-08-05T03:03:28.456Z,
4000,xrpl,rHeD1aDKSb8c5j3WAgBUAc14vRTdFSna3W,true,0x61f2ddd8e22ab2d9bf57e326654872df70f6754c,1784678057050,2026-07-21T23:54:17.050Z,60412.50655,0,60412.50655,54199.047008999994,793.554837,5419.904704,ok,ok,200,1,2026-08-05T03:03:29.289Z,
4008,xrpl,r456WNBh2JL9Qb2NoEuqNnw6ziL5FALJbP,true,0x0b68c46c2466f2ad3bc95dce22a1e4482f7af789,1784782516336,2026-07-23T04:55:16.336Z,60127.52693,0,60127.52693,60127.52693,0,0,ok,ok,200,1,2026-08-05T03:03:30.887Z,
4015,xrpl,r3U6apGxoupYQv6P1g55mEDMXYecxHMgkA,true,0x3bd1765c3b581c1ff1e89d8f139fe17b1553bd2f,1784640998774,2026-07-21T13:36:38.774Z,59834.45218,0,59834.45218,54394.95654,0,5439.495638,ok,ok,200,1,2026-08-05T03:03:32.327Z,
4021,xrpl,rLrzBcchEbSDUSAA69tk7p677r4xEcGUnQ,true,0xf380e19a9153490c5ee29b451acca5582cc53b39,1784724871457,2026-07-22T12:54:31.457Z,59486.388465,0,59486.388465,54079.49228200001,0,5406.896183000001,ok,ok,200,1,2026-08-05T03:03:33.569Z,
4022,xrpl,rNSrCR87nVkCDkKbAW6KUJk3z8XFfgYrN4,true,0x0d872795899a418da8895f0d45712b65a6f97ee8,1784773693361,2026-07-23T02:28:13.361Z,59461.825688,42139.822865,17322.002823,59461.825688,0,0,ok,ok,200,1,2026-08-05T03:03:33.766Z,
4025,xrpl,rDsFVSpURRVxqKzL2jfG78w94vTwkBQ9a3,true,0x110e475862024af1a7014b6547e160c5addd8593,1784865090048,2026-07-24T03:51:30.048Z,59097.781594,0,59097.781594,59097.781594,0,0,ok,ok,200,1,2026-08-05T03:03:34.359Z,
4027,xrpl,rJU8bwrEYniXmmr9JXem7NGbkBpQSbdP5u,true,0xbb2be711e20b6c69963e51c4ba80812176e8c252,1784798756856,2026-07-23T09:25:56.856Z,59010.029136,24749.72727,34260.301866,59010.029136,0,0,ok,ok,200,1,2026-08-05T03:03:34.777Z,
4030,xrpl,rDMysZWrUVLBxh13HiD3PZfJjvh92fay1D,true,0xbab858fb0a45860d2bea54d46646962f0f5d231f,1784745359696,2026-07-22T18:35:59.696Z,58837.181285,58833.283648,3.897637,58837.181285,0,0,ok,ok,200,1,2026-08-05T03:03:35.365Z,
4032,xrpl,rDYzs37qzn1AskDbhWqXK2QHoJnGB68oQx,true,0x0b6bf9739d3294a099c924a841632de2eb90c840,1784660886268,2026-07-21T19:08:06.268Z,58809.082107,0,58809.082107,58809.082107,0,0,ok,ok,200,1,2026-08-05T03:03:35.756Z,
4034,xrpl,rLfN95dFWodE6JuMCN9cAvFi5N2TdD9eBN,true,0xd5e234aff6908e4cc338db468982c528eb084dbd,1784699750132,2026-07-22T05:55:50.132Z,58580.420854,0,58580.420854,53254.92805,0,5325.492804,ok,ok,200,1,2026-08-05T03:03:36.163Z,
4038,xrpl,rUbcLfQkG7x2WxZpDaPPaMvukahZkmSWEr,true,0x996cbe921f56a063d8fbee9a0854adfdbdd24727,1784991241374,2026-07-25T14:54:01.374Z,58335.531567,368.18397,57967.347597,53033.175361,0,5302.356206000000006,ok,ok,200,1,2026-08-05T03:03:36.971Z,
4043,xrpl,rJjqTpiHvan2vSAMR35MMaWQbcxiT3L1ic,true,0xb3a60853cffab43a0154a33ab10c498084bce8af,1784659670000,2026-07-21T18:47:50.000Z,58032.734381,0,58032.734381,48360.611884,0,9672.122497,ok,ok,200,1,2026-08-05T03:03:38.002Z,
4046,xrpl,rPShRNLLhC3sEdU3yj23HyXUqXkEiF2m2g,true,0x029f8c7e0b220c2937ebc10b3c4deb0dfa2b47f8,1784647217925,2026-07-21T15:20:17.925Z,57746.297454,0,57746.297454,48238.014603999996,0,9508.28285,ok,ok,200,1,2026-08-05T03:03:38.619Z,
4048,xrpl,rs2rGjREWZ7bDmLZrzPhVKEs4bdN7UwLp5,true,0xaabcf80ca85fbaae2a4cead6cec680405a6eb82f,1784900765064,2026-07-24T13:46:05.064Z,57701.621062999999,0,57701.621062999999,52456.750306999995,0,5244.870756,ok,ok,200,1,2026-08-05T03:03:39.006Z,
4050,xrpl,rL6x23hmxtH1KJFBxyssfKcCxY4V3fh2qy,true,0x9215825ea76b9b2b25922114d51ea92d1916bd89,1784706685726,2026-07-22T07:51:25.726Z,57662.740955,0,57662.740955,57662.740955,0,0,ok,ok,200,1,2026-08-05T03:03:39.402Z,
4051,xrpl,rwYM29kxi4ekXzozHjxetCxVpYcF2gwSNG,true,0x1ce8047d4c14e45e2ae8d75cafbd15e0bcf2b7c3,1784643725305,2026-07-21T14:22:05.305Z,57592.248458,0,57592.248458,57592.248458,0,0,ok,ok,200,1,2026-08-05T03:03:39.598Z,
4052,xrpl,rnGBzXu1xGEGKvmmisXu1mBTdwVk7VdRTZ,true,0x5ef7656277cdf560d114a90136c069ae580b9130,1784793107292,2026-07-23T07:51:47.292Z,57556.319268,0,57556.319268,57556.319268,0,0,ok,ok,200,1,2026-08-05T03:03:39.807Z,
4055,xrpl,rGnAPfsNwFNid3PPx9qkYPvqcmysEhmYmq,true,0x9bff5049548e6d7d468758596d6e5969687c023c,1784640837015,2026-07-21T13:33:57.015Z,57415.78645,0,57415.78645,57415.78645,0,0,ok,ok,200,1,2026-08-05T03:03:40.405Z,
4059,xrpl,rsikd1bR4XF61hFP5UV4qNTNdKgGY8qCFA,true,0x29010f8f0ba8a959cff4b842050337dd9286a1c8,1785132498075,2026-07-27T06:08:18.075Z,57259.226034,3689.877381,53569.348653,57259.226034,0,0,ok,ok,200,1,2026-08-05T03:03:41.249Z,
4072,xrpl,rLozLhbXu5WkQZByAat1BWH8giYNAtGm9j,true,0x76addf75c40177c0e50d80df89d23c4847dbf349,1784724122453,2026-07-22T12:42:02.453Z,56522.311466,56522.311466,0,56522.311466,0,0,ok,ok,200,1,2026-08-05T03:03:43.870Z,
4081,xrpl,rJXcH96aPohJeKpqmrVGpdGgkRPsAvn4hm,true,0x43891e8e9f77ac9397312ee73a50447417739172,1784820846256,2026-07-23T15:34:06.256Z,56173.399678,176.572191,55996.827487,56173.399678,0,0,ok,ok,200,1,2026-08-05T03:03:45.699Z,
4082,xrpl,r3W8zg68b2nZX8SCx7X4RLM3WppHbwJNyd,true,0x7a39af4edd4c58d116d5579b2ee71b996d0c224e,1785099600728,2026-07-26T21:00:00.728Z,56165.929864,0,56165.929864,56165.929864,0,0,ok,ok,200,1,2026-08-05T03:03:45.886Z,
4083,xrpl,rJTQJXbMoDKx34WrTPb8iZhpqBbAJo57K3,true,0x3c84c7dd3045a44b64f0394a53688151db960834,1785403801648,2026-07-30T09:30:01.648Z,56148.565441,0,56148.565441,56148.565441,0,0,ok,ok,200,1,2026-08-05T03:03:46.109Z,
4095,xrpl,rKMeGCvQBpeLjXeKXBWXkBs7tFdXkDTjys,true,0x5a9caa9d7ab6fc928aab4382c5035d861bc1a1af,1784684572907,2026-07-22T01:42:52.907Z,55593.500364,0,55593.500364,55593.500364,0,0,ok,ok,200,4,2026-08-05T03:04:21.890Z,
4097,xrpl,rndcz6oh4QMWL8a2oUbijoK3gyZ8iwQdPz,true,0xd608f6639e9f0b9dc90334d0639f8383d51b6ec0,1784716759864,2026-07-22T10:39:19.864Z,55523.582065999995,0,55523.582065999995,55523.582065999995,0,0,ok,ok,200,1,2026-08-05T03:04:21.301Z,
4100,xrpl,rMW2uBj2rXaKZoceUWJYHp2y5EvebrGYoE,true,0x832d15aebc931529f7ce0f4abceb5233b351c16f,1784824794464,2026-07-23T16:39:54.464Z,55344.115969,0,55344.115969,55344.115969,0,0,ok,ok,200,1,2026-08-05T03:04:22.138Z,
4101,xrpl,rPQckahTwJYE4EANJYgrEjNqmWC58G5Ptm,true,0x6a4dbc1878345f5ba3723eff9e35d8991aec4336,1785406840528,2026-07-30T10:20:40.528Z,55313.392518,0,55313.392518,50284.902304,0,5028.490214,ok,ok,200,1,2026-08-05T03:04:22.530Z,
4103,xrpl,r4jrTLNCJsSNBntPh2vx8u6QbRGwnkr5y3,true,0xecdb6081688a9252160b9555fe1f668c52beaba2,1785391957734,2026-07-30T06:12:37.734Z,55232.50954,0,55232.50954,55232.50954,0,0,ok,ok,200,1,2026-08-05T03:04:22.931Z,
4106,xrpl,rnV3qTnjLM4YLEW7KdwywvdrZ9FvqXyKmb,true,0x50ab48630af3a1488d9d0ca757e6f7d4e22bfe04,1785065450780,2026-07-26T11:30:50.780Z,55157.294064,0,55157.294064,55157.294064,0,0,ok,ok,200,1,2026-08-05T03:04:23.539Z,
4110,xrpl,rprQ1mHxCMHNUc13ANJPj8sATAx3rbYVJ5,true,0x75a11873957fdcbc1463fd92962247efe4ac497b,1784727808808,2026-07-22T13:43:28.808Z,54807.010636999999,0,54807.010636999999,49824.555124999999,0,4982.455512,ok,ok,200,1,2026-08-05T03:04:24.380Z,
4112,xrpl,rn7bweEptxTEERHf4toDoApktir4K1TQ58,true,0xf372ffbaa51e56b11b8cd5bc485a089ef9fa5c06,1785041393167,2026-07-26T04:49:53.167Z,54736.410363999996,0,54736.410363999996,52496.341298,2240.069066,0,ok,ok,200,1,2026-08-05T03:04:24.776Z,
4116,xrpl,r3URGujBEUvJQ1URD8VetbmujF41uSvQF3,true,0x74ea165a63536ae94f9a3bc97f47957a63ef60b4,1784644750730,2026-07-21T14:39:10.730Z,54548.50285,36215.98915,18332.5137,54548.50285,0,0,ok,ok,200,1,2026-08-05T03:04:25.577Z,
4120,xrpl,r3rAXiDSWZpAUPEjnXhjwtoZrPbmHrMWZA,true,0xfad99e216d51824c6a2218020b09bfad3d77997d,1784644564541,2026-07-21T14:36:04.541Z,54239.052312,0,54239.052312,52032.189178,0,2206.863134,ok,ok,200,1,2026-08-05T03:04:26.353Z,
4130,xrpl,rQpiLAnHfkmgzbd1PEtuqGW9TnryjGz8No,true,0x15e787223102c26b292ba0ecaaeb8b6d49ef6d04,1784853310060,2026-07-24T00:35:10.060Z,53607.999538,53595.075726,12.923812,53607.999538,0,0,ok,ok,200,1,2026-08-05T03:04:28.380Z,
4131,xrpl,rMm9fzYruh4nTugBD2fMFXp5gEg3Uf3zh8,true,0x5233999c7f108831843ac378b035fdd6e69f9a39,1785183583951,2026-07-27T20:19:43.951Z,53540.128152,0,53540.128152,53540.128152,0,0,ok,ok,200,1,2026-08-05T03:04:28.579Z,
4132,xrpl,r91cC7FfwXKA15627osE1LAY3Rudg2nBpd,true,0x544d2e8690a3c7e6e0ce6f5c0007a48d6ef54090,1784675592119,2026-07-21T23:13:12.119Z,53505.808034,0,53505.808034,53505.808034,0,0,ok,ok,200,1,2026-08-05T03:04:28.791Z,
4133,xrpl,rNGGe97ev5Na37sooRsz91P9XyDCt17w9M,true,0xe4079133a308bd52604daf29860f9b4091b5d533,1784637281390,2026-07-21T12:34:41.390Z,53505.294941,0,53505.294941,38158.776426000004,11530.640854,3815.877661,ok,ok,200,1,2026-08-05T03:04:29.000Z,
4135,xrpl,rUBRNfeJETCGKDGM4fmosiySx8yABiaV6h,true,0xade1762c020d50b41e5e4e3092a639f4f4a5d1c9,1784641017984,2026-07-21T13:36:57.984Z,53472.473064999998,0,53472.473064999998,46703.740328,2120.867211,4647.865526,ok,ok,200,1,2026-08-05T03:04:29.394Z,
4136,xrpl,r9LxSDHW9E4NseG4AcmdBP9BbDGNMWSP3z,true,0x928ef8988189ec349cbc08c370a736f3d465c724,1784675427531,2026-07-21T23:10:27.531Z,53418.67837,0,53418.67837,48628.454471000005,0,4790.223897,ok,ok,200,1,2026-08-05T03:04:29.600Z,
4147,xrpl,r4mf1Y7oi2H2pza7KTTpfoMAySzroagYNE,true,0xafc2a63e322b5492f48285e3f1e63587f482b379,1784682664799,2026-07-22T01:11:04.799Z,52859.59922,0,52859.59922,47221.85542299999,917.051089,4720.692709,ok,ok,200,1,2026-08-05T03:04:31.799Z,
4150,xrpl,rn1PDC3HgTffPYMiyZoPRnwTgF1E5yjLUT,true,0xd4730476681eda758311dacd133c637376b5fb14,1785123251849,2026-07-27T03:34:11.849Z,52780.089516,0,52780.089516,52780.089516,0,0,ok,ok,200,1,2026-08-05T03:04:32.421Z,
4158,xrpl,r3SL8qGua7wDK2hZoF83iNMKGroeaPMPsZ,true,0x4991e914e3998fbb4788db1318ca1a60fb0fd3e2,1784671482248,2026-07-21T22:04:42.248Z,52489.60851,0,52489.60851,52489.60851,0,0,ok,ok,200,1,2026-08-05T03:04:34.050Z,
4159,xrpl,rKmrvvCAeDRkiL5myRwFvpGEgXg3BD6CUr,true,0x5a8efb2c5a7623d2692e850c1e03b1403bde8f98,1784969746801,2026-07-25T08:55:46.801Z,52466.337888,0,52466.337888,52466.337888,0,0,ok,ok,200,1,2026-08-05T03:04:34.253Z,
4162,xrpl,rnFEW2vFAStPCX5xHhj9UU21A8MddW9EtH,true,0xfb3f8caad689ee8e3829b429d3952f7a9257b09e,1784845081768,2026-07-23T22:18:01.768Z,52120.105264,0,52120.105264,52120.105264,0,0,ok,ok,200,1,2026-08-05T03:04:34.861Z,
4165,xrpl,rp8KhVLYzM7MWc7NR8LCmwvMuqaoxqTK21,true,0x178f407d14c8ec6b6ffbf0a3c012c2d697730b22,1785261719165,2026-07-28T18:01:59.165Z,51991.043000999998,30030.974862999999,21960.068137999999,47265.305057000005,0,4725.737944,ok,ok,200,1,2026-08-05T03:04:35.450Z,
4166,xrpl,rEd5H3mjQiKb6DawaHBwrv5adYJDzNaJwV,true,0xfb3f8caad689ee8e3829b429d3952f7a9257b09e,1784845212491,2026-07-23T22:20:12.491Z,51972.730843,0,51972.730843,51972.730843,0,0,ok,ok,200,1,2026-08-05T03:04:35.660Z,
4181,xrpl,r4kvpenjzMWSmyeg53bNPVMNXL8Gg8srzQ,true,0x992f09e9144f68cbb365b0d447590cfbd9eb7400,1784636936777,2026-07-21T12:28:56.777Z,50865.1563,49346.06018,1519.096124,22973.1415469999999,25594.70064,2297.314121,ok,ok,200,1,2026-08-05T03:04:38.699Z,
4187,xrpl,rEkEpAsuV5DHMQXq3wu4qsYzyzhppTX3DG,true,0x175a2b1a82dd948ee20194c4600af44b8f813f93,1785367869836,2026-07-29T23:31:09.836Z,50658.230633,0,50658.230633,50658.230633,0,0,ok,ok,200,1,2026-08-05T03:04:39.924Z,
4189,xrpl,ruRb7BuU4hAXfvChhkGmK65oh6Ac4W7xK,true,0x2b467a6a63d28375e4f213b5513b1fc68f3d7da8,1784641373548,2026-07-21T13:42:53.548Z,50554.11656,14209.242003,36344.874557,45969.199532000005,0,4584.917028,ok,ok,200,1,2026-08-05T03:04:40.326Z,
4191,xrpl,rBXzJDAFWJLeFnDx6YXT5bhMo1jDLRp99W,true,0x67cdc407b56170761e99b75d79eb3c9ebbea43c9,1784681159966,2026-07-22T00:45:59.966Z,50432.9393,0,50432.9393,50432.9393,0,0,ok,ok,200,1,2026-08-05T03:04:40.734Z,
4197,xrpl,rhNc8NfA1NFY4trLgUdpFBFW73nEAqodbj,true,0xf3c7a504d00d531759d40b907566804a995985ba,1784640311420,2026-07-21T13:25:11.420Z,50122.819735,5766.722893,44356.096842,46131.512102,0,3991.307633,ok,ok,200,1,2026-08-05T03:04:41.958Z,
4198,xrpl,rMtB4Pdh72xNuYfJCf289Msx78vZHNuiDB,true,0x2c71c0e20fad84273cd81575bfdbfb8746932e04,1784702190725,2026-07-22T06:36:30.725Z,50102.191807,50001.263943,100.927864,50102.191807,0,0,ok,ok,200,1,2026-08-05T03:04:42.159Z,
4199,xrpl,rpXPzSw8fnGPrLbDSXiXWnV9L4f7jjtc6F,true,0x531216af56218f3f364064d5c2bee39310d4b47e,1784663029242,2026-07-21T19:43:49.242Z,49998.729508,0,49998.729508,49998.729508,0,0,ok,ok,200,1,2026-08-05T03:04:42.388Z,
4200,xrpl,rEmvsYD4sEg2rn8PovyoF5vvsuxtiWExJK,true,0x09afb123e5501553495232d077902f6d18250e6f,1785388977675,2026-07-30T05:22:57.675Z,49867.129246,16879.488192,32987.641054,48176.978298999998,0,1690.150947,ok,ok,200,1,2026-08-05T03:04:42.557Z,
4205,xrpl,rK8wtB4tTCKQ2Egkf5nM2MLhps4XG2erz5,true,0x9da75247357eafca528ccc1cc0c6c84fc74ba743,1785248131356,2026-07-28T14:15:31.356Z,49540.846449,0,49540.846449,49540.846449,0,0,ok,ok,200,1,2026-08-05T03:04:43.790Z,
4206,xrpl,rKi8dEy7bMAsR3PKoPpvunGnAocDJZMxTo,true,0xe8b3e96a056986a9de606fe9751b627ffdff55dd,1784648812496,2026-07-21T15:46:52.496Z,49523.60473,0,49523.60473,49523.60473,0,0,ok,ok,200,1,2026-08-05T03:04:43.803Z,
4218,xrpl,rsf7Wvwt1anNfrcT9vzVgGS4z8gis4jmtS,true,0xbdc428e926ad87dbefe28024457a016e50961f42,1784813790374,2026-07-23T13:36:30.374Z,48909.923439,0,48909.923439,44463.56677,0,4446.356669,ok,ok,200,5,2026-08-05T03:05:25.671Z,
4227,xrpl,rPiT9KGjoh2sKLekZriFDvSsPGwVxzDvt6,true,0x5017c1e062c4db1cf739e6dffda748be40b1b5ad,1784646377298,2026-07-21T15:06:17.298Z,48478.60791,0,48478.60791,40981.857647,0,7496.750263,ok,ok,200,1,2026-08-05T03:05:27.211Z,
4232,xrpl,rUAaYNo4Fksn61Xz69TjdSiDxDayfN2MKa,true,0xfc45e0ce83ce45f5cc7d50df4a8cc46b27863f97,1784987779649,2026-07-25T13:56:19.649Z,48326.684474000002,43764.066218,4562.618256,48326.684474000002,0,0,ok,ok,200,1,2026-08-05T03:05:28.126Z,
4233,xrpl,rUBFpEPAS1eFb7Eo5vtRsFxWB8ct31Taiz,true,0x73d56c1aafdad1c0a09782744844915de46f2b22,1784638438906,2026-07-21T12:53:58.906Z,48320.001254000003,0,48320.001254000003,48320.001254000003,0,0,ok,ok,200,1,2026-08-05T03:05:28.370Z,
4241,xrpl,rnfXVfvHvJx1jMr43e3QwBn4QARxSziHGp,true,0x6a79fda6d6395b8411bc4bff2049776bc47c877e,1785250696480,2026-07-28T14:58:16.480Z,47906.904044,47798.257472,108.646572,47906.904044,0,0,ok,ok,200,1,2026-08-05T03:05:29.928Z,
4253,xrpl,rK78ezy88f1mdBeTNDGX5H4pyjFFzPVFm7,true,0x23572b691ae68f4e0473d78122a408f47261b94d,1784720378776,2026-07-22T11:39:38.776Z,47668.5917,0,47668.5917,47668.5917,0,0,ok,ok,200,1,2026-08-05T03:05:32.371Z,
4263,xrpl,rPqZmtzt8DhoR2NEXSQUtSpJifAJNcTv4f,true,0x29a9355cd369b45188a796110d594036c48276f2,1785118801875,2026-07-27T02:20:01.875Z,46917.775789,0,46917.775789,46917.775789,0,0,ok,ok,200,1,2026-08-05T03:05:34.390Z,
4266,xrpl,raRBisf37xZGH2qYFqcXbDZo1R6jahPWpw,true,0xc5d5ea28512ec378215dc913c72ea9fff7080035,1784694390113,2026-07-22T04:26:30.113Z,46844.27009,26826.890074,20017.380016,46844.27009,0,0,ok,ok,200,1,2026-08-05T03:05:35.001Z,
4271,xrpl,r4YAxX6WUgQKHhQCMxS9k8jx9Y9dZfXxHs,true,0xc006d2dbfee189576234f6b7d853f06ad3be35a9,1784892027162,2026-07-24T11:20:27.162Z,46539.00123,0,46539.00123,46539.00123,0,0,ok,ok,200,1,2026-08-05T03:05:36.011Z,
4277,xrpl,rKVmQP9jtrxQM8KU83AU5SrUrFJ8i5TuPr,true,0xc83610866514428e4f444a38733a905205f8ee03,1784677623959,2026-07-21T23:47:03.959Z,46207.196655,0,46207.196655,39964.978664999995,5446.039406,796.178584,ok,ok,200,1,2026-08-05T03:05:37.250Z,
4279,xrpl,rURJLN6sywaRaQ3mJ2BochVyrgFCaHd697,true,0x63d3f5aa0e8307bdb39db658af6c4b86bed99736,1784943549106,2026-07-25T01:39:09.106Z,46109.864558,0,46109.864558,46109.864558,0,0,ok,ok,200,1,2026-08-05T03:05:37.661Z,
4285,xrpl,rsU9w71tj2JM4UzQaQAxXgGyF5323yyBxG,true,0xe81cb7dfe51523571529443deda97934f944a94d,1785022461255,2026-07-25T23:34:21.255Z,46024.593974,35761.915912,10262.678062,46024.593974,0,0,ok,ok,200,1,2026-08-05T03:05:38.860Z,
4295,xrpl,rJMtDy4XpaPTtaHeRRfAgoz66cZHZt1jK9,true,0x79e5e618bb8e101603c0813803d2a66210ffcf43,1784639541853,2026-07-21T13:12:21.853Z,45628.206723,0,45628.206723,31740.218740000004,10798.268507,3089.719476,ok,ok,200,1,2026-08-05T03:05:40.881Z,
4299,xrpl,r4J1SnBBaEgV1zFf1meLwh1ofGyisPyVBj,true,0x6f1970686f50d31fe074c2fa5209cd66f19716cf,1784682955899,2026-07-22T01:15:55.899Z,45428.95058,0,45428.95058,45428.95058,0,0,ok,ok,200,1,2026-08-05T03:05:41.699Z,
4306,xrpl,rL67y6emgGNNxYLUwMZG6UyCHh6vqdAhWj,true,0x3973dc2f8a45177279376e8567dde6aacab45f3b,1784748942598,2026-07-22T19:35:42.598Z,45093.330976,0,45093.330976,45093.330976,0,0,ok,ok,200,1,2026-08-05T03:05:43.104Z,
4308,ethereum,0x8fa74d850babb2b21ba2ea1f8c9ccd13770864cd,true,0x8fa74d850babb2b21ba2ea1f8c9ccd13770864cd,1784683352892,2026-07-22T01:22:32.892Z,44954.6905,0,44954.6905,40867.90049,0,4086.790012,ok,ok,200,1,2026-08-05T03:05:43.525Z,
4311,xrpl,rpnLsxWoUEFUBTYaL8MBqhb5p9ekUcFXHC,true,0xb00ddb153300354ff5a9ad93938c611e686b0b34,1784725734901,2026-07-22T13:08:54.901Z,44846.213421,0,44846.213421,44846.213421,0,0,ok,ok,200,1,2026-08-05T03:05:44.119Z,
4313,xrpl,rMZx25L1N75f6N5F96T8RN6HAcaStdWqjQ,true,0xd7b23858dfe634d9030b98cf62d39744349e6c50,1784640938675,2026-07-21T13:35:38.675Z,44747.101027,0,44747.101027,37292.829120999995,0,7454.271906,ok,ok,200,1,2026-08-05T03:05:44.528Z,
4317,xrpl,rnAV52wsyzQq7ShWvS1AvmTcB36BqWc6CX,true,0x5736ddb2ff0e8f68d6a50c3355e90990b187c080,1784785110765,2026-07-23T05:38:30.765Z,44657.8305,5738.604826,38919.225674,44657.8305,0,0,ok,ok,200,1,2026-08-05T03:05:45.349Z,
4323,xrpl,r4pjLXNB9smryQycFVHygTuHyCoE7hUuKH,true,0x7807d6687d1ae83cc96aaff00e119a2ee3f93fea,1784802265821,2026-07-23T10:24:25.821Z,44428.449237,0,44428.449237,42040.481852,0,2387.967385,ok,ok,200,1,2026-08-05T03:05:46.571Z,
4324,xrpl,rphEjU9urQm5Ktffq47GU4tw17vDJetC94,true,0x9e3701ab1803b1fb69858273d8c99bc545d99238,1784993843413,2026-07-25T15:37:23.413Z,44418.666366999998,0,44418.666366999998,44418.666366999998,0,0,ok,ok,200,1,2026-08-05T03:05:46.759Z,
4326,xrpl,rP7bz9fA2jtECDrKTHGX4b5Ln2qyzzv2XS,true,0xc8e470ec46e8689941a68a6e96372cc65407230c,1785041772864,2026-07-26T04:56:12.864Z,44205.267104,0,44205.267104,36837.722595,0,7367.544509,ok,ok,200,1,2026-08-05T03:05:47.171Z,
4329,xrpl,rKePh4w8dCT4nYSWF84Q62H2SThzHPsEPt,true,0x99e3399a6eb3cc42b771b3a9944167f9dd0600e7,1785321005032,2026-07-29T10:30:05.032Z,43962.013346,33309.27682,10652.736526,43962.013346,0,0,ok,ok,200,1,2026-08-05T03:05:47.784Z,
4332,xrpl,rMPydXwJ7guJhBep8aE1caVrKtAJkiGreg,true,0xa4697bcd379ea99933a3d1dc202eb83c8affa5e7,1785403824091,2026-07-30T09:30:24.091Z,43883.043597,32320.097697,11562.9459,43883.043597,0,0,ok,ok,200,1,2026-08-05T03:05:48.382Z,
4333,ethereum,0x7363c82af29ad0b64283bb0ce307d16054d094d6,true,0x7363c82af29ad0b64283bb0ce307d16054d094d6,1784683445535,2026-07-22T01:24:05.535Z,43873.99746,0,43873.99746,39885.45222,0,3988.545241,ok,ok,200,1,2026-08-05T03:05:48.595Z,
4342,xrpl,rDK8gtTTkpHxbrEed8gwes4B4FpnrPN7uD,true,0xa6f511683d2f5af05e1e1a55a2c26a20da1c8f7f,1784637012415,2026-07-21T12:30:12.415Z,43359.61873,0,43359.61873,43359.61873,0,0,ok,ok,200,4,2026-08-05T03:06:23.053Z,
4344,xrpl,rf4ZfkWhJcWbnpqqEtrrqx4YKtfGsnmKwn,true,0x125efaeb25280e6fe8c78285cef3046ba7c5dc04,1784867249492,2026-07-24T04:27:29.492Z,43234.476286,0,43234.476286,43234.476286,0,0,ok,ok,200,4,2026-08-05T03:06:23.660Z,
4346,xrpl,r9uBvmMKcgurzTfEYKTHR4rYxXoEiRDq2z,true,0x30489f486b07ad307054a6efb477e3ec9fdc8bcd,1785182629753,2026-07-27T20:03:49.753Z,43179.982816999998,15645.62794,27534.354875999998,43179.982816999998,0,0,ok,ok,200,1,2026-08-05T03:06:23.279Z,
4349,xrpl,rHt9oH8kH6xbt6VW7fDJASbk1jSHV2pVw8,true,0xe2620e4919d7bfd332227d131a3a9dc389442b89,1785059626107,2026-07-26T09:53:46.107Z,42913.921939,13916.344468,28997.577471,42913.921939,0,0,ok,ok,200,1,2026-08-05T03:06:24.291Z,
4350,xrpl,rM4S6Sh8vNtfkE7jujVcbfWMW6JzZ1FcFJ,true,0xce631360377f5ba13ec67197a32ed31657b84d53,1785182267456,2026-07-27T19:57:47.456Z,42906.485570999997,42381.24394,525.241631,42906.485570999997,0,0,ok,ok,200,1,2026-08-05T03:06:24.498Z,
4354,xrpl,rKWrFTfSQmMEGLH7Fg2CuDo2JwVzNw97s1,true,0x666a3371f6ede9c7c0f1bc014535c6df5a48179a,1784639890814,2026-07-21T13:18:10.814Z,42677.386222,0,42677.386222,18529.245453,22295.216214,1852.924555,ok,ok,200,1,2026-08-05T03:06:25.320Z,
4355,xrpl,rUCGgAWKr2A6mjhT4iNCmnEk1qi2VJzFKU,true,0x5c63117821d64592e1d1bcbd3951a910637c13ee,1784641581199,2026-07-21T13:46:21.199Z,42614.022614,0,42614.022614,36478.696792,2807.484392,3327.84143,ok,ok,200,1,2026-08-05T03:06:25.530Z,
4362,xrpl,r3HjUxDxqvRwYz8sbWCEG2jfa2nnUiHRad,true,0xa8faabcd0af5695b92d085176b6d2c0736f2ebbd,1785389412353,2026-07-30T05:30:12.353Z,42392.62469,24859.01405,17533.61064,42392.62469,0,0,ok,ok,200,1,2026-08-05T03:06:26.958Z,
4369,xrpl,rBKfA72ximmQWzZkRv8Js8LH3jsJC3xSAK,true,0x66cbf962fd607da93e01a68a20ecbf3fb0d28e27,1784651913198,2026-07-21T16:38:33.198Z,42076.6796,0,42076.6796,42076.6796,0,0,ok,ok,200,1,2026-08-05T03:06:28.397Z,
4373,xrpl,rJptwt5SGAUeCo27RZyfvQTyyrkxsTur8B,true,0x5336ea9fa8b90f1b4b3449f80c63cdf426c724a8,1784817182884,2026-07-23T14:33:02.884Z,41907.86666,35175.984744,6731.881916,41907.86666,0,0,ok,ok,200,1,2026-08-05T03:06:29.200Z,
4383,xrpl,raQxDZT6RJMT9xHpPANdNLNmB3sQqAj779,true,0xd38408e320901f9b0f10f89213b22239424fd996,1784641999246,2026-07-21T13:53:19.246Z,41611.31593,0,41611.31593,41611.31593,0,0,ok,ok,200,1,2026-08-05T03:06:31.254Z,
4384,xrpl,rMEMY5nPD65c9BJckk4CcadiYUcWNiVL9s,true,0x2efa14743526e5d881870c54ccb76bf6a5f86ed0,1784945836399,2026-07-25T02:17:16.399Z,41584.314667,31444.790569,10139.524098,41584.314667,0,0,ok,ok,200,1,2026-08-05T03:06:31.440Z,
4385,ethereum,0x3269710878717a6bd2e1ea5e2c1069ea8ed08c71,true,0x3269710878717a6bd2e1ea5e2c1069ea8ed08c71,1784638110666,2026-07-21T12:48:30.666Z,41553.63833,0,41553.63833,37776.03484,0,3777.603487,ok,ok,200,1,2026-08-05T03:06:31.644Z,
4388,xrpl,rHMJN2aWfBN96wLV9FqygnU5sbkAnYE2hC,true,0x39da38bccd0d398380e181c4eb0469e08520a972,1784729049441,2026-07-22T14:04:09.441Z,41393.214503999996,0,41393.214503999996,39346.176330999995,1112.20127,934.836903,ok,ok,200,1,2026-08-05T03:06:32.249Z,
4391,xrpl,rpUJsZYP7BTBhCrgWcRzhhMbKa7sSjGpWQ,true,0x4fe377cdd53d1c6f499ba0faa9e1170b00ccf499,1785343852545,2026-07-29T16:50:52.545Z,41260.844665,25146.962675,16113.88199,37509.858801,0,3750.985864,ok,ok,200,1,2026-08-05T03:06:32.854Z,
4393,xrpl,rsVoYNZhR1dGpXztY7bv2AJB7bjPpVUgMN,true,0x97af4def5ab5071efc15961511489caa651b7eac,1784900490438,2026-07-24T13:41:30.438Z,41185.153751,0,41185.153751,41185.153751,0,0,ok,ok,200,1,2026-08-05T03:06:33.277Z,
4395,xrpl,rHUzG6LNpc4EPWMeTR1KkW3rGXwybVQ3rL,true,0x6e4cd8a1c90f4dfe7c8738f931fd432b45f07da0,1784637011932,2026-07-21T12:30:11.932Z,41152.330161,6771.92394,34380.406221,41152.330161,0,0,ok,ok,200,1,2026-08-05T03:06:33.662Z,
4402,xrpl,rKNWBub1WmvANHuB5r9qsyHzpp3xrAi9gP,true,0xe889bcd4ab08bdba4dbf386afdefd61758eb4237,1784636729389,2026-07-21T12:25:29.389Z,40933.010789,0,40933.010789,39474.453815,0,1458.556974,ok,ok,200,1,2026-08-05T03:06:35.085Z,
4403,xrpl,raXV8Ao3h1GLcWfJtitUCpu4DuW9xRpn7b,true,0x5ca654d08a68bfdb467a7d480f39474523495d56,1785319509249,2026-07-29T10:05:09.249Z,40897.594247,0,40897.594247,35565.208263,0,5332.385984,ok,ok,200,1,2026-08-05T03:06:35.297Z,
4404,xrpl,rw6W78osAjijNRG8j5eyeBtC1AFz38oUSq,true,0x560e140a594a914ff937d83c8475d4e7cc1cf0ef,1784681931996,2026-07-22T00:58:51.996Z,40842.798953,0,40842.798953,40842.798953,0,0,ok,ok,200,1,2026-08-05T03:06:35.483Z,
4405,xrpl,rEwBpNXGP4GmnDJDfyjpNkQsoqGuuidQLy,true,0x045b4b174743d663222a7cacca41dd7112e1945d,1784852009455,2026-07-24T00:13:29.455Z,40791.788494,30385.875761,10405.912733,37083.444108,0,3708.344386,ok,ok,200,1,2026-08-05T03:06:35.685Z,
4413,xrpl,rLwT5KUpk8Hha1fqekC162PFWDuJTZk3ZM,true,0x655b8f66e9a69c7eaa785d570dc7b250111116b3,1784649270330,2026-07-21T15:54:30.330Z,40449.524459,40438.776904,10.747555,40449.524459,0,0,ok,ok,200,1,2026-08-05T03:06:37.357Z,
4415,xrpl,rnPPycWzF5GWH4eoVqeYhmMnhLLtZVmu9W,true,0xe861320b914f81056d5b8841277034da584b326d,1784733034487,2026-07-22T15:10:34.487Z,40354.013951,0,40354.013951,40354.013951,0,0,ok,ok,200,1,2026-08-05T03:06:37.729Z,
4418,xrpl,r914tg5DqKTG3g8ZBqk2EZxsDzTDPrR8Eb,true,0x2ce9912f26befb0ef27c3c68fe2cafd218abbe2c,1784638314313,2026-07-21T12:51:54.313Z,40252.20203,0,40252.20203,40252.20203,0,0,ok,ok,200,1,2026-08-05T03:06:38.364Z,
4422,xrpl,rMASJsWwcbBdD4XTm1H5d3P1KX4ji1KWbz,true,0x3bc79ddb399fec8d13dfe8816ea04d92341b3419,1784650646974,2026-07-21T16:17:26.974Z,40142.583199,0,40142.583199,40142.583199,0,0,ok,ok,200,1,2026-08-05T03:06:39.169Z,
4434,xrpl,rHWSX2bSX5vKMmQtt1PqkeqDSWhiy1CKqf,true,0xf411753f278cca723105e59f6121e6c4a47f1c4d,1784678751869,2026-07-22T00:05:51.869Z,39630.409007,0,39630.409007,36041.670381,0,3588.738626,ok,ok,200,1,2026-08-05T03:06:41.599Z,
4435,xrpl,rGqhP8m8XHK7QZYMS11R3ojNScZxUUAZGM,true,0x9784421c33f2743d20d3e4f7aa011ea6942f6500,1784647971630,2026-07-21T15:32:51.630Z,39547.913591,0,39547.913591,32964.595171999994,0,6583.318419,ok,ok,200,1,2026-08-05T03:06:41.801Z,
4436,ethereum,0x1e2d74815a011d43acab02a468f3021f0f1a9645,true,0x1e2d74815a011d43acab02a468f3021f0f1a9645,1784645382943,2026-07-21T14:49:42.943Z,39528.17681,0,39528.17681,32940.14733,0,6588.029486,ok,ok,200,1,2026-08-05T03:06:41.999Z,
4439,xrpl,rP4LN3F1NXXnAiqbCwmuW7MRt6Jh78cjJp,true,0xb9742391ed81c96318a2f275cc070f3608269e93,1784728195575,2026-07-22T13:49:55.575Z,39470.281231,0,39470.281231,39470.281231,0,0,ok,ok,200,1,2026-08-05T03:06:42.612Z,
4440,xrpl,rJ1rNRLwZxvbDJSAgyLHxyFvEDNRVhHeyA,true,0x535608c92cd1c7ddec9318662d04da3cf4cb39fa,1784804280754,2026-07-23T10:58:00.754Z,39355.671011,0,39355.671011,35812.277145,0,3543.393866,ok,ok,200,1,2026-08-05T03:06:42.819Z,
4446,xrpl,rPXnNpngrRWKZpuAPZp1JE5pMKiDMg5kTD,true,0x46d62b416d1d0f78d3455a31a934a2727f0bd669,1784654570793,2026-07-21T17:22:50.793Z,39150.269392,23051.589499,16098.679893,39150.269392,0,0,ok,ok,200,1,2026-08-05T03:06:44.046Z,
4447,xrpl,rhd9HWUKuPwVMaED5Caog9CRfS6UnZKHQA,true,0x08d0234c666cf18b0c0c279437b54fbe6f3ccd57,1785410553990,2026-07-30T11:22:33.990Z,39142.672542,15438.057853999999,23704.614687999998,26911.230873999997,9636.523321999999,2594.918346,ok,ok,200,1,2026-08-05T03:06:44.223Z,
4452,xrpl,r9ZqbGGsJzyKELWZ6fsmef21stZ5ynxgF1,true,0x4ae6f90f3ce637d268733f8c940b12206e165991,1784665878726,2026-07-21T20:31:18.726Z,38862.72178,0,38862.72178,35329.74708,0,3532.974706,ok,ok,200,1,2026-08-05T03:06:45.239Z,
4456,xrpl,r9ccnC8zDcM9XP8Swy85YLWiRzXEnPj9og,true,0x2dada690936c655cb7c4a7a5b3b021402a382a2c,1785344050367,2026-07-29T16:54:10.367Z,38691.05458,0,38691.05458,38691.05458,0,0,ok,ok,200,1,2026-08-05T03:06:46.077Z,
4457,xrpl,rnE3r62xgo97TabKVYizscgXKYTisyBbKd,true,0xf9aa8fda37c92aa0656d54dc69213519573ede2a,1785311055252,2026-07-29T07:44:15.252Z,38678.815872,0,38678.815872,38678.815872,0,0,ok,ok,200,1,2026-08-05T03:06:46.250Z,
4466,xrpl,rspE1RD249TvWcWDcMzPuShuSJN4styJvY,true,0x050ffe44b90f8a5047e4db0666a069d7fc5c51d3,1784888485519,2026-07-24T10:21:25.519Z,38239.044595,1184.795792,37054.248803,38239.044595,0,0,ok,ok,200,4,2026-08-05T03:07:21.662Z,
4471,xrpl,rKMZHzwDuDMc5zd1VuTvsmiUc9c5nF6ph4,true,0xd0e40a3e2456412d315be8d7a450ee47af4a8c81,1784637704473,2026-07-21T12:41:44.473Z,38050.624675,214.666587,37835.958088,38050.624675,0,0,ok,ok,200,1,2026-08-05T03:07:22.146Z,
4474,xrpl,rnHpWgpsDSWvjDHQfkjTCo7Ep6943Y2M23,true,0x807986258d8b711d1b71b061361cde80161704c4,1785396508167,2026-07-30T07:28:28.167Z,37873.474904000002,37867.85138,5.623524,37873.474904000002,0,0,ok,ok,200,1,2026-08-05T03:07:22.684Z,
4477,xrpl,rsLtwyRs6Zm92q15twExCyuSUAHcvvLNgZ,true,0x8c9c32c85f9bc1f5206d960a7aa0b2cff455e433,1784877859874,2026-07-24T07:24:19.874Z,37805.681589,0,37805.681589,37805.681589,0,0,ok,ok,200,1,2026-08-05T03:07:23.295Z,
4479,xrpl,r4DE5xGQ3D1dg1RFutiwmAddJPGVwaSQyF,true,0xa8950ef80baa376c5b5650e478759e4f469a2bc7,1784673867513,2026-07-21T22:44:27.513Z,37759.37172,0,37759.37172,37759.37172,0,0,ok,ok,200,1,2026-08-05T03:07:23.900Z,
4480,xrpl,rGByitqojsJ7uH1GZNwPFZRNboAvtJQjPX,true,0xc302c38157b7da56edbb127559920b95b5e90978,1784645875009,2026-07-21T14:57:55.009Z,37743.317087,15471.263566,22272.053521,37743.317087,0,0,ok,ok,200,1,2026-08-05T03:07:23.891Z,
4485,xrpl,rQHAFxih3xSWr4hghQbrRF6JsxKhs2vcN4,true,0x144844b5b9a5ef4587442bb740c0ff12a16b4d14,1784677365448,2026-07-21T23:42:45.448Z,37476.158776999997,0,37476.158776999997,37476.158776999997,0,0,ok,ok,200,1,2026-08-05T03:07:24.921Z,
4492,xrpl,rDA6puv5pvzEhAwpgtRutRB5QRHEcgUYiV,true,0x72e35050c24dc5abba38f5a0d8bcaf6c74ec9d46,1784646108724,2026-07-21T15:01:48.724Z,37203.3548,0,37203.3548,31002.79644,0,6200.558355,ok,ok,200,1,2026-08-05T03:07:26.319Z,
4494,xrpl,r31dVLtJZWwLFHf217YedHTeYMCeMbBc4t,true,0x6008ae7de53800141475f4144c26e2a95c77b318,1784720216085,2026-07-22T11:36:56.085Z,37120.33489,0,37120.33489,33745.758972999996,0,3374.575917,ok,ok,200,1,2026-08-05T03:07:26.719Z,
4495,xrpl,rJ9bFHfbgsytp5oXbWQjyJZpcqthAqKTnN,true,0x9c0202c7d0008bf8ca42b885543480cde820c788,1784671088005,2026-07-21T21:58:08.005Z,37066.723193,0,37066.723193,33698.720782,0,3368.002411,ok,ok,200,1,2026-08-05T03:07:26.926Z,
4498,xrpl,rp7Vz8F7FSAMR9THLU3JyFtz63oNZCC36R,true,0x7197b52e82083785045eefa2c6bdf6b3f62bbe5e,1784876577583,2026-07-24T07:02:57.583Z,36926.899309,26686.222959999999,10240.676348999999,36926.899309,0,0,ok,ok,200,1,2026-08-05T03:07:27.723Z,
4506,xrpl,ranARtATKrEACKp9tUFmNxE2Q2ejLu6Mu8,true,0x57ca2ceb706348518207b5ee4f38d6db4bd32eb1,1784989680926,2026-07-25T14:28:00.926Z,36746.744278,10577.564485,26169.179793,36746.744278,0,0,ok,ok,200,1,2026-08-05T03:07:29.362Z,
4517,ethereum,0x981a453beb373a4382c4bd371830c826736075d7,true,0x981a453beb373a4382c4bd371830c826736075d7,1784646793055,2026-07-21T15:13:13.055Z,36409.23966,0,36409.23966,36409.23966,0,0,ok,ok,200,1,2026-08-05T03:07:31.600Z,
4518,xrpl,rETEPXD1ehH8i6CmhQWsuqkBffyccdtUdg,true,0x5984d242b249bd0726eaa53bcf41c41812fb20ca,1784673028375,2026-07-21T22:30:28.375Z,36372.81283,0,36372.81283,36372.81283,0,0,ok,ok,200,1,2026-08-05T03:07:31.805Z,
4519,xrpl,rJL4r2oQ2RsHojo7b6T3s8gH4sYeikAnRj,true,0x8b7ae2f084e5c05f43c8f2ba1500f96e0e24a8eb,1784727197492,2026-07-22T13:33:17.492Z,36288.454278,0,36288.454278,32989.516351,0,3298.937927,ok,ok,200,1,2026-08-05T03:07:31.998Z,
4526,xrpl,rn4RnVkyTUXds6PjAJ19s7omdcR7WKJQ4R,true,0x1c503e39d81269d65b00a32a23aae38dd788c7a3,1784640056062,2026-07-21T13:20:56.062Z,35861.616956,0,35861.616956,21719.380694999996,12270.586149,1871.650112,ok,ok,200,1,2026-08-05T03:07:33.422Z,
4528,xrpl,rpvVBL9Ya7jM3HU9rxB7AkoXN3Vaj1UweH,true,0xf8f3c91887408562478c79e5e78888968bbf7b7f,1784643022012,2026-07-21T14:10:22.012Z,35832.470923,0,35832.470923,32574.973558,0,3257.497365,ok,ok,200,1,2026-08-05T03:07:33.838Z,
4529,xrpl,rwbuTmqppafwUdhjTYRSweYPTYXNuMB9Wm,true,0x9ecd1a7d4ffc1cc5371f2b880bca098c2ebd2227,1784869481694,2026-07-24T05:04:41.694Z,35791.584015999993,17461.264456999997,18330.319559,35791.584015999993,0,0,ok,ok,200,1,2026-08-05T03:07:34.040Z,
4531,xrpl,raizRJKAKnSgtYUQg9us9tUtBXyq5fkLGT,true,0x0202e767b5b2b56a6850dbb57177fdf9cac0af2e,1784638060166,2026-07-21T12:47:40.166Z,35567.262823,0,35567.262823,35567.262823,0,0,ok,ok,200,1,2026-08-05T03:07:34.450Z,
4532,xrpl,rPw4bGvghp8jYSNJyix614oCJTTL5hbWZ6,true,0x529ab8f50815e148f1424f1aa2e6c5425ed03783,1784645874645,2026-07-21T14:57:54.645Z,35560.539589,0,35560.539589,35560.539589,0,0,ok,ok,200,1,2026-08-05T03:07:34.644Z,
4534,xrpl,rw1FnGiD7HCHNNvNELhGZ8PdL3Zx8VPQqk,true,0x966f7e49bce4897d0c9974754ff0d697c89baf43,1784986095894,2026-07-25T13:28:15.894Z,35482.771912,0,35482.771912,35482.771912,0,0,ok,ok,200,1,2026-08-05T03:07:35.069Z,
4539,xrpl,rp58g4d75fXTTsHhmXt7491Li7C8yNnQgt,true,0x19b973bd7fc05561f2f786da78ef7edae85765ea,1784665928639,2026-07-21T20:32:08.639Z,35093.204997,0,35093.204997,35093.204997,0,0,ok,ok,200,1,2026-08-05T03:07:36.058Z,
4543,xrpl,rHdZiZnwZA4qRNLbRLSstmhE5Gsv7H5Npg,true,0x67ded304b519f71fc2315d179c77b4c39b81b7b3,1784962057648,2026-07-25T06:47:37.648Z,34942.395494,0,34942.395494,31765.814098999996,0,3176.581395,ok,ok,200,1,2026-08-05T03:07:36.848Z,
4548,xrpl,rGMHkW3rhxmfdtgT7r7WJC4Gd2S2dgQNdQ,true,0x3426411ff813950401b25e768859c5eb0690848f,1785408715678,2026-07-30T10:51:55.678Z,34520.350469,7991.654616,26528.695853,34520.350469,0,0,ok,ok,200,1,2026-08-05T03:07:37.890Z,
4549,xrpl,rUvW7hUKSKkBvtPiR5NSZF1N6Dew7NHqcS,true,0x4d4cc0fce33e7785b2fa309fc6112de6f123551c,1785243075011,2026-07-28T12:51:15.011Z,34484.717913,0,34484.717913,34484.717913,0,0,ok,ok,200,1,2026-08-05T03:07:38.079Z,
4553,xrpl,rD1bxxMMbPmj3TD5jq5gjGFTERZM4H1uRS,true,0xeda5a7cf83eea32afd5a3f8fe2a98d441c8ef50f,1784690250755,2026-07-22T03:17:30.755Z,34411.57842,0,34411.57842,34411.57842,0,0,ok,ok,200,1,2026-08-05T03:07:38.890Z,
4555,xrpl,rB4f8LRWkSNUNbLBVB1p6tUcayJSnqrkee,true,0x6df899e7a9d2bfd378f362081eb97f72113b59b9,1784724335900,2026-07-22T12:45:35.900Z,34298.73079,0,34298.73079,31180.66435,0,3118.066437,ok,ok,200,1,2026-08-05T03:07:39.295Z,
4557,xrpl,rDbZfWuk8nVMiZAgdEKeb4KPRd9Y6H8RYm,true,0xc5c555a4e18a377fab2ce1e6639dfc5f986db2c9,1784684434336,2026-07-22T01:40:34.336Z,34268.9829,0,34268.9829,34268.9829,0,0,ok,ok,200,1,2026-08-05T03:07:39.700Z,
4559,xrpl,raYeyXfQCPHp9vq2KX33ry6pvwX5CxTmKR,true,0xe5743288ebd5a3dd7757a908b233389e57754671,1784640848581,2026-07-21T13:34:08.581Z,34210.169716,0,34210.169716,28074.843893999998,3327.84143,2807.484392,ok,ok,200,1,2026-08-05T03:07:40.122Z,
4569,xrpl,r1ERcKHMshev2KqhnDQmkqkdcaWbW1V1j,true,0x6e4d867b0b9da23d0b15e28d1ddc8f382e9e3a5b,1785043642008,2026-07-26T05:27:22.008Z,33473.47329,19176.77917,14296.69411,25359.157314999999,5578.400177,2535.915794,ok,ok,200,1,2026-08-05T03:07:42.141Z,
4573,xrpl,r4R3znTeJqEabzUEW24bH3VREjtWzsDa4n,true,0xb6fccc51b0e8fac3704715cb1d9d8adb244d1468,1784666626942,2026-07-21T20:43:46.942Z,33288.35564,0,33288.35564,33288.35564,0,0,ok,ok,200,1,2026-08-05T03:07:42.958Z,
4574,xrpl,rKhAGLjiby7KLZL2s1DHBnzdjJbcQ1MzYj,true,0x06882c7e3539f3bdfb255a5659ad75838620798d,1784639696528,2026-07-21T13:14:56.528Z,33247.749438,0,33247.749438,33247.749438,0,0,ok,ok,200,1,2026-08-05T03:07:43.161Z,
4579,xrpl,rnwDttKyFNXTX7gCZbL6GgnHK8FMsKrjqt,true,0x2188910f77badce03aabd4fc6c7cde4672802dd6,1784642976984,2026-07-21T14:09:36.984Z,33007.929480999999,0,33007.929480999999,30007.208607,0,3000.720874,ok,ok,200,1,2026-08-05T03:07:44.197Z,
4580,xrpl,rHbaPNAVFKnufY7qsdQtj7MSz4BDBooJWh,true,0x00342abf8d32d4b31ecfbcc1aaffd2f52859d0f2,1784639033023,2026-07-21T13:03:53.023Z,32957.509663,0,32957.509663,30150.525326999996,0,2806.984336,ok,ok,200,1,2026-08-05T03:07:44.400Z,
4581,xrpl,rK6yQWwGu1yQLiHHwU7XHj6igN4mFJWpTc,true,0x9f0f1fd646397a1c393c52c83ab0af493f114414,1784733972859,2026-07-22T15:26:12.859Z,32955.650045,0,32955.650045,27463.041600000004,0,5492.608445,ok,ok,200,1,2026-08-05T03:07:44.598Z,
4583,xrpl,rs28X78R7zUmhFDERNTCdzAd8qTxt5CKaw,true,0xffff2f3ffd5f1458ae9d4e2ab33a849c3ac0eb71,1784875057308,2026-07-24T06:37:37.308Z,32937.132422,3615.553409,29321.579013,32937.132422,0,0,ok,ok,200,1,2026-08-05T03:07:45.038Z,
4589,ethereum,0x714828941217a1b1ea527df404af04d4ad01092f,true,0x7b2bb473d54bd55dc6b0cdbff4520bce96c91deb,1784641151681,2026-07-21T13:39:11.681Z,32853.42325,0,32853.42325,32853.42325,0,0,ok,ok,200,5,2026-08-05T03:08:25.323Z,
4590,xrpl,rf3QyWiVwBJNBMQZtjin3uio99UWRzuHNp,true,0x34a5e21a3cd68358662f42ed871b19eefc24a369,1785348466212,2026-07-29T18:07:46.212Z,32804.460587,3061.15772,29743.302867,32804.460587,0,0,ok,ok,200,5,2026-08-05T03:08:25.896Z,
4592,xrpl,rDygFXNzpuz44Bt42zZhBnk7gKcu3bE4kn,true,0xc152d957934c3419e388139841b8dc55af0f0092,1784641267298,2026-07-21T13:41:07.298Z,32731.07127,7295.918286,25435.15299,31221.97527,0,1509.096,ok,ok,200,5,2026-08-05T03:08:26.363Z,
4603,xrpl,rJzFvj7NvMu6yW5HvPtHh52XxjsHAhatg4,true,0xdca6ad81e87726e52c924bf78065064d982bb490,1785068670696,2026-07-26T12:24:30.696Z,32330.207527,0,32330.207527,29427.851220999997,0,2902.356306,ok,ok,200,1,2026-08-05T03:08:28.211Z,
4617,xrpl,raXc95dVu3kc8F9iXMSFmPwfrrYid4s2sG,true,0xf9eb0f723e2f56e6ed1111eea2a2e985cfef5018,1784983847474,2026-07-25T12:50:47.474Z,31746.31321,0,31746.31321,31746.31321,0,0,ok,ok,200,1,2026-08-05T03:08:31.021Z,
4619,xrpl,rJmPcHdT7xeDMxuEk5Cf3RPALtZTZLW7oi,true,0xe270b5430473189edb12cdc1f1acc576a6913440,1785333679780,2026-07-29T14:01:19.780Z,31719.068330000002,0,31719.068330000002,31719.068330000002,0,0,ok,ok,200,1,2026-08-05T03:08:31.405Z,
4629,xrpl,rMXM4bEqByvg29wLdCEZF8YBH1i71Bk26K,true,0xda958789bb553f58059b0d0119fc7b6ed0d541e1,1784907369855,2026-07-24T15:36:09.855Z,31312.587324,0,31312.587324,28466.763863,0,2845.823461,ok,ok,200,1,2026-08-05T03:08:33.455Z,
4632,xrpl,rnTV6Ks97LzETaYAJKMEP1nSTvHfL2SkPf,true,0x81ee9a84c2d0a1ce3ceb2674c7748a543059149d,1784700076831,2026-07-22T06:01:16.831Z,31165.343482,22291.454608,8873.888874,31165.343482,0,0,ok,ok,200,1,2026-08-05T03:08:34.045Z,
4633,xrpl,ras6ZW5yVhF2zVxySRkP6yHhoWgkAaoXVv,true,0x238a9bdcd0a7aacbc791988e859b1c7c4642eb37,1784639474714,2026-07-21T13:11:14.714Z,31164.179248,0,31164.179248,31164.179248,0,0,ok,ok,200,1,2026-08-05T03:08:34.254Z,
4641,ethereum,0x4d655208ab35fd7146311656806174e72863f7be,true,0x96095d01d40b4f8c6e33a7d4f888cc2d320537cc,1784701278715,2026-07-22T06:21:18.715Z,31039.06094,0,31039.06094,31039.06094,0,0,ok,ok,200,1,2026-08-05T03:08:35.872Z,
4654,xrpl,r4yAWmnX62JsQC1EWzyDMGvL3a17r8PLZs,true,0xca0247a209fc334302e49c5ec1d5bf32d298f68c,1785056547067,2026-07-26T09:02:27.067Z,30646.823897,0,30646.823897,27722.03577,232.882179,2691.905948,ok,ok,200,1,2026-08-05T03:08:38.514Z,
4655,xrpl,rKRFbMy6MqbXx9JBUwYDzaaHwgsbEUHv32,true,0xddc98e21da3692528abd1aa9da49630d9503a187,1784782167718,2026-07-23T04:49:27.718Z,30636.358304,0,30636.358304,28120.120437,0,2516.237867,ok,ok,200,1,2026-08-05T03:08:38.736Z,
4660,xrpl,rELCh9RHsmo2B7Ebhti6jsAxqB9Fz6wxS2,true,0x5c927effeec7dd88c614d436dfb55a0b3a2f38a6,1784801866790,2026-07-23T10:17:46.790Z,30558.03213,0,30558.03213,27800.40612,0,2757.626013,ok,ok,200,1,2026-08-05T03:08:39.724Z,
4670,xrpl,rKSvp8r6kAd7J3A1dVW8QtQ3rayq7GArfZ,true,0xb58bf2d5ffb52c1fad60f6750b639156ab249f53,1784641483096,2026-07-21T13:44:43.096Z,30393.506782,0,30393.506782,26429.136344,0,3964.370438,ok,ok,200,1,2026-08-05T03:08:41.766Z,
4675,xrpl,rswxFBrvMNkiqoCZPKj8pArcFQiv3U95nz,true,0x1967086bb141253df24fbd5566aa230b1f32042f,1784788934983,2026-07-23T06:42:14.983Z,30238.990814000001,0,30238.990814000001,27489.991657999999,0,2748.999156,ok,ok,200,1,2026-08-05T03:08:42.774Z,
4681,xrpl,rDBfdT3HCanLNA1AT9ftpwYSEcnZGr8js6,true,0x20653f0a0c33c0ab7f6f51fcde7da7b455d19e61,1784645489262,2026-07-21T14:51:29.262Z,30009.65166,0,30009.65166,27281.50151,0,2728.15015,ok,ok,200,1,2026-08-05T03:08:43.987Z,
4699,xrpl,rNNKMnxkdYJNHyk43K4NW2jXy1Jr6Lbuns,true,0x00fb6dd0a89c038443bf0385b0bef22cab067628,1784849536777,2026-07-23T23:32:16.777Z,29687.863817,0,29687.863817,29687.863817,0,0,ok,ok,200,1,2026-08-05T03:08:47.647Z,
4700,xrpl,rQa9QMcFgG8tqjoTn3WVnB1HkTGFAeKNaV,true,0xc7472674dc02dffb2e5ba90e71a4ec58ebe30034,1785171668374,2026-07-27T17:01:08.374Z,29626.44517,16077.301626,13549.143544,29626.44517,0,0,ok,ok,200,1,2026-08-05T03:08:47.848Z,
4701,xrpl,rpn5SSBjZhL3Jhi39MoAFpxCtNeFMFLMv7,true,0xb6a99d07f7beb9f42c997243d8a951901d5f9c8b,1784694605124,2026-07-22T04:30:05.124Z,29601.045529,27334.267104,2266.778425,29601.045529,0,0,ok,ok,200,1,2026-08-05T03:08:48.060Z,
4703,xrpl,rU9EjNTAv97x53Jt39BeFTHszjNLjcLTFX,true,0x61a7ecca34dbbd6358992e695b95b9b4593cf879,1785089125978,2026-07-26T18:05:25.978Z,29516.886248,0,29516.886248,29516.886248,0,0,ok,ok,200,1,2026-08-05T03:08:48.448Z,
4714,xrpl,r9TThzZ9scBj73xp85WQGiFwMqQzCsAATY,true,0x2c97939115e01879aefd67d30c755931fafb6aef,1784680842065,2026-07-22T00:40:42.065Z,29268.45225,0,29268.45225,26607.68387,0,2660.768381,ok,ok,200,4,2026-08-05T03:09:23.840Z,
4716,xrpl,r3myAsTmEfu5QDwLJhzS8mBBDfDU4GKPoY,true,0x9532c428ce3926522ff606b09d151ac3da09eefd,1784818638469,2026-07-23T14:57:18.469Z,29235.90174,0,29235.90174,8962.321949,19377.3476,896.232188,ok,ok,200,4,2026-08-05T03:09:24.651Z,
4720,xrpl,rHB84HuBC1c413xwMXtu8Lqac5w6PDnjAL,true,0x0e20e5db6ddb0890c1f2badaaddbc0e21c318830,1784653874621,2026-07-21T17:11:14.621Z,28870.707457,27625.819162,1244.888295,28870.707457,0,0,ok,ok,200,1,2026-08-05T03:09:24.244Z,
4721,xrpl,rMvL27NiCNjv5o2iuK8f59vQMY7Sjtevib,true,0x9bfb96d1641dfad899972595eca5923bb846d2a5,1785152596069,2026-07-27T11:43:16.069Z,28858.043559,0,28858.043559,28858.043559,0,0,ok,ok,200,1,2026-08-05T03:09:24.463Z,
4726,xrpl,rMkQbVfYYjp6mRRmk4Mx2Xuc2DUgebJ27B,true,0xc5e0743184a2ad53ae86160fba182b2b32ca50dd,1784718219394,2026-07-22T11:03:39.394Z,28637.862902,0,28637.862902,28637.862902,0,0,ok,ok,200,1,2026-08-05T03:09:25.681Z,
4727,xrpl,rQw2HjC6uw6VxTjsHhbWrmLrMvTQtjmHcx,true,0x2dda5d9966dca1fb1cbf087296d3921626e553a6,1784644157679,2026-07-21T14:29:17.679Z,28590.555429,0,28590.555429,28590.555429,0,0,ok,ok,200,1,2026-08-05T03:09:25.895Z,
4728,xrpl,rGQ4TMgnk5pEo3pbyFqfxGdZASoGp3JSGS,true,0x1fd25a97177ccb07527cb9d4d9df4f1a75dd04da,1784642704386,2026-07-21T14:05:04.386Z,28575.984101,0,28575.984101,28575.984101,0,0,ok,ok,200,1,2026-08-05T03:09:26.091Z,
4729,xrpl,rpvYrN2VTCmbV93ZqMZLSVNmw3pmH8htbS,true,0xb70de9859c19530dab5ba742557f1f522207538d,1784639452297,2026-07-21T13:10:52.297Z,28553.589415,0,28553.589415,23805.493906999996,0,4748.095508,ok,ok,200,1,2026-08-05T03:09:26.286Z,
4732,xrpl,rK8Ej1XsojigCxE6CeZb2FmLHAM1qUxNdw,true,0x82dade0dd6ec364eeb29d2cb363565f72db383f9,1784721052390,2026-07-22T11:50:52.390Z,28520.223424,0,28520.223424,25925.323848,2.367189,2592.532387,ok,ok,200,1,2026-08-05T03:09:26.906Z,
4735,xrpl,rhNHbCVXteh3jmFNCi8fuFM4BYQtMbP9T6,true,0x91cc7e811459121e7bb99efe5d672259f639a3ee,1785204228684,2026-07-28T02:03:48.684Z,28417.598787000003,0,28417.598787000003,28417.598787000003,0,0,ok,ok,200,1,2026-08-05T03:09:27.491Z,
4739,xrpl,rJ6MyNBmhto68TtEQDN8BsKterfGLCFRfA,true,0xd6b64714e15c442b5bde6943de15238060cebc4e,1785338281943,2026-07-29T15:18:01.943Z,28346.702718000002,20489.100204000002,7857.602514,16553.551419000003,10137.796169,1655.35513,ok,ok,200,1,2026-08-05T03:09:28.291Z,
4747,xrpl,rQDVCjcKxDRJ7UNt986zokTMhCvtYxXCwd,true,0x496e2ebb17d81d9bcdb97b75980b952bb9b750b5,1785085018872,2026-07-26T16:56:58.872Z,28208.077845,28204.95012,3.127725,28208.077845,0,0,ok,ok,200,1,2026-08-05T03:09:29.932Z,
4752,xrpl,rf9AEpMBCxcJBGf1uAvQT8avjSXEZe2q4w,true,0x3a99ec1924bcfe04ca46f0e80cb4bdfc1eaae0ee,1784636323131,2026-07-21T12:18:43.131Z,28164.888052000002,23691.281005000001,4473.607047,26764.884829000002,1400.003223,0,ok,ok,200,1,2026-08-05T03:09:30.947Z,
4762,xrpl,rNzAivyH7dfTtxB48dUAKFM5gkFD7e8K7Q,true,0xa320ca3b6e384bcf284e035ba8bd432cfda29141,1784978459366,2026-07-25T11:20:59.366Z,27844.235899,0,27844.235899,27844.235899,0,0,ok,ok,200,1,2026-08-05T03:09:32.977Z,
4772,xrpl,rsjoEFa4aP2fVVs4X9dJW8oevxnZHTCHxc,true,0xb98e4df5a9e6e62c972fef6781568f336e066291,1784647771665,2026-07-21T15:29:31.665Z,27593.382663,0,27593.382663,23001.956053000002,0,4591.42661,ok,ok,200,1,2026-08-05T03:09:35.014Z,
4776,xrpl,r9LHzebaKMcnvSYN2o9NRrWF1C3soYCdCv,true,0x5896c77d67041bddf365e981020b41d2b8955878,1784991355134,2026-07-25T14:55:55.134Z,27488.20161,0,27488.20161,27488.20161,0,0,ok,ok,200,1,2026-08-05T03:09:35.811Z,
4780,xrpl,raabTdrZAZeBNqNGoSayHaQjBHcgAMPcR6,true,0x961014e56176cb180cc486fb1e0c5fa972a8c265,1784653796345,2026-07-21T17:09:56.345Z,27295.309323,0,27295.309323,27295.309323,0,0,ok,ok,200,1,2026-08-05T03:09:36.640Z,
4781,xrpl,r4YhF1GbZshuvJqzTr15GLTA8dkapTPWaa,true,0x870de9f8ab88251f3f1676d4cfada99c592a6071,1784794695217,2026-07-23T08:18:15.217Z,27292.34199,16161.39231,11130.94968,27292.34199,0,0,ok,ok,200,1,2026-08-05T03:09:36.811Z,
4784,xrpl,rwub67LtizP6jGsTpCsq9kvtEYXWbCvCZv,true,0xff58bd20272669a5d8621ec8f1cc46b63ab368b0,1784675637648,2026-07-21T23:13:57.648Z,27177.924735000001,21012.675050999998,6165.249684,27177.924735000001,0,0,ok,ok,200,1,2026-08-05T03:09:37.440Z,
4786,xrpl,rK1ztwBJoDUCNybQY7cjnBmzk9HhyVoLdX,true,0xedb002d5c65dfc2d946272df41403011470ef34c,1785408642422,2026-07-30T10:50:42.422Z,27124.912256,0,27124.912256,24708.583821,0,2416.328435,ok,ok,200,1,2026-08-05T03:09:37.840Z,
4797,ethereum,0x76337b85c89bb576bf9ca773ebf40a2b057d39fd,true,0x76337b85c89bb576bf9ca773ebf40a2b057d39fd,1784636262236,2026-07-21T12:17:42.236Z,26816.75455,0,26816.75455,24378.86777,0,2437.88678,ok,ok,200,1,2026-08-05T03:09:40.060Z,
4798,xrpl,rGD4GzeRCgQ98mB4wJLtbrYa8WkhN2DB22,true,0x454ba032bbb3e78f854eec6c61f9b8d6dea269b0,1785044414834,2026-07-26T05:40:14.834Z,26808.107087,25872.920275,935.186812,26808.107087,0,0,ok,ok,200,1,2026-08-05T03:09:40.260Z,
4807,xrpl,r4Wy811bzTfcp3gZXjMuMgr7LWWh1Cf4H8,true,0xc439608b7c775829f3fba14a070665c0f90a341a,1784701555485,2026-07-22T06:25:55.485Z,26666.72945,19595.68999,7071.039458,26666.72945,0,0,ok,ok,200,1,2026-08-05T03:09:42.121Z,
4809,xrpl,rs2zpiHP7enYQZ8HrNij2hpRjwbuTAUMb1,true,0x6c6d054e96aec9ae6592666e532c9e7bb6bcef41,1784641346119,2026-07-21T13:42:26.119Z,26614.710498,0,26614.710498,26614.710498,0,0,ok,ok,200,1,2026-08-05T03:09:42.531Z,
4811,xrpl,r4GkeajoQKZcfr4ZRetvHNc324HRk6xxeR,true,0x9b53da52267866a045837b3d666f8c62164ef01b,1784673689045,2026-07-21T22:41:29.045Z,26508.58924,0,26508.58924,24098.71748,0,2409.871754,ok,ok,200,1,2026-08-05T03:09:42.941Z,
4814,xrpl,rPPfxwE16DPnhLZmgii9k88caSnLeuahZC,true,0x08ae4e647e06d0aed6fd01f3ce314767f0b45616,1784718363409,2026-07-22T11:06:03.409Z,26326.357886,0,26326.357886,26326.357886,0,0,ok,ok,200,1,2026-08-05T03:09:43.539Z,
4817,xrpl,rU1GjbdHYgp7TLPkss3sBN9FoKXzCtxzW2,true,0xc0477ebae433007ec103e22a550f2fdb9f0d0da7,1784856217500,2026-07-24T01:23:37.500Z,26268.116073000001,0,26268.116073000001,26268.116073000001,0,0,ok,ok,200,1,2026-08-05T03:09:44.161Z,
4821,xrpl,rDzyDicxJ9oJBvpdX7ZSuHMKuwasriBS92,true,0x6179ee593aa0eb527ff8c7b412c869f6be4daf00,1784729318196,2026-07-22T14:08:38.196Z,26197.08036,0,26197.08036,26197.08036,0,0,ok,ok,200,1,2026-08-05T03:09:44.961Z,
4822,xrpl,rpqNoZdgX18Nkb2w973krxJg4yxGD5Friu,true,0x98f566a7443c3317f150159b1dff927a29477a82,1785286150327,2026-07-29T00:49:10.327Z,26154.449974,20643.714091,5510.735883,26154.449974,0,0,ok,ok,200,1,2026-08-05T03:09:45.167Z,
4823,xrpl,r3bqh53DLughbvYtVzWrkDoc6ZNWetPRBs,true,0x3f6d937d9800383fe274e1ee60501c40a50e1f8f,1784766846540,2026-07-23T00:34:06.540Z,26136.8845,16414.14739,9722.737117,26136.8845,0,0,ok,ok,200,1,2026-08-05T03:09:45.361Z,
4824,xrpl,r4eNGdNXSmWjuehbV6fdGWomChJ5zavSq5,true,0x6da1bac246f79002bc7aca4e8c5630f9eb900fc8,1785260126726,2026-07-28T17:35:26.726Z,26077.091931,0,26077.091931,26077.091931,0,0,ok,ok,200,1,2026-08-05T03:09:45.564Z,
4828,xrpl,rQwynxTiRVeK7QHgjkeFF48pNcNVatN77q,true,0xb631d8d61dd940374f3862716dea969e88b708b3,1784771477301,2026-07-23T01:51:17.301Z,25875.547139000002,0,25875.547139000002,25875.547139000002,0,0,ok,ok,200,1,2026-08-05T03:09:46.360Z,
4829,xrpl,rJXqdQ2p4J3sN1pungJdRpJL5bKbeufpHS,true,0xc204c5ecf5d3e506562b9bdd627ce5f5ea7d2099,1784908998732,2026-07-24T16:03:18.732Z,25774.064198999999,13701.609081999999,12072.455117,23540.095144,0,2233.9690550000002,ok,ok,200,1,2026-08-05T03:09:46.566Z,
4831,xrpl,rwu1SA9fmATq6Fc55LuhRq844s14qTqB9a,true,0x407e6f878cd8f7761463ce1c107b667e82221b0e,1785198528571,2026-07-28T00:28:48.571Z,25766.035328,0,25766.035328,25766.035328,0,0,ok,ok,200,1,2026-08-05T03:09:46.972Z,
4837,xrpl,rU1v1vZCpV1V625yfnFdijRrLTuXAniQqb,true,0xae6cfbbe5a8a37f732e743aad72268c895ae0385,1784692602625,2026-07-22T03:56:42.625Z,25701.861567,0,25701.861567,25701.861567,0,0,ok,ok,200,4,2026-08-05T03:10:21.400Z,
4841,xrpl,rHz8nFbFqpJMvyKnXTsQqnQpEMbgPw45bE,true,0x2837f748b8ab20c9781aa732749d0b4d1c43611f,1784992950142,2026-07-25T15:22:30.142Z,25679.453719,19427.341288,6252.112431,25679.453719,0,0,ok,ok,200,1,2026-08-05T03:10:21.605Z,
4845,xrpl,rMmrhyZr6aU5AfamkuAo14FgEFYC6Vm4sw,true,0x0b2ba40ef84e26417a06aeadd9de8b4f0639f4e5,1784960880894,2026-07-25T06:28:00.894Z,25565.438367,18942.268095,6623.170272,23242.087591,0,2323.350776,ok,ok,200,1,2026-08-05T03:10:22.800Z,
4849,xrpl,rK6eK22gMbxx33gQo43JUu1kXZ3KabdjgZ,true,0x0ba580e7b32f5f84e0f9d67d501d7774921425bf,1784670200419,2026-07-21T21:43:20.419Z,25411.326234,0,25411.326234,25411.326234,0,0,ok,ok,200,1,2026-08-05T03:10:23.620Z,
4853,xrpl,rsoy71eA8DQtwWzixdjuaggcgVSF7SCLHF,true,0xe50843a22b564bff77f1e6e79fffea7b9a09b5e2,1784637996611,2026-07-21T12:46:36.611Z,25270.469854,24705.820365,564.649489,22973.154477,0,2297.315377,ok,ok,200,1,2026-08-05T03:10:24.422Z,
4856,xrpl,rENUFhkdmn4h3pmtBk5CNJcQVoJHXD4WP4,true,0x891be8e2fbfa801a50e48b29d256fc57af05ef4e,1784774268919,2026-07-23T02:37:48.919Z,25254.79358,987.388991,24267.40459,25254.79358,0,0,ok,ok,200,1,2026-08-05T03:10:25.042Z,
4858,xrpl,rND5wN8iDDgRAH3s7sdXq4GkSzK9rE3Cv8,true,0xd27e2c7dbe412920a69b589c305d26af76736aa1,1784683496252,2026-07-22T01:24:56.252Z,25230.573535,24665.933363,564.640172,22936.885035,0,2293.6885,ok,ok,200,1,2026-08-05T03:10:25.429Z,
4859,xrpl,rNGSjWa9YkWVfzueVuNywLwSB8krWPJJUX,true,0xb91bdd2fc5a16436371768a58e8cb0d5db384a2b,1784683733829,2026-07-22T01:28:53.829Z,25230.557891,24665.925317,564.632574,22936.870849,0,2293.687042,ok,ok,200,1,2026-08-05T03:10:25.648Z,
4860,xrpl,rMMG2CF5J8gDrfexr3PTSHPb5vEouM2FV5,true,0x06763a3fa512ef21f6c99f91d132b2b2f5a34860,1784683883743,2026-07-22T01:31:23.743Z,25230.543839,24665.914445,564.629394,22936.8580899999981,0,2293.685749,ok,ok,200,1,2026-08-05T03:10:25.828Z,
4861,xrpl,rGMB64ZeWaaPmcXm3xidsPD4eUzerjKCz2,true,0x06fb9b83a74a7cc193c046bf3b6dd6692086f781,1784683932303,2026-07-22T01:32:12.303Z,25230.543351,24665.912719,564.630632,22936.857657,0,2293.685694,ok,ok,200,1,2026-08-05T03:10:26.043Z,
4862,xrpl,rDzoLngQqasfXomDptP2jomP6Z3wSWY956,true,0xa7e1194aa2ed61e4e7d440b4308322e9fc6925a1,1784683273739,2026-07-22T01:21:13.739Z,25230.5407,24665.91174,564.628954,22936.85524,0,2293.685453,ok,ok,200,1,2026-08-05T03:10:26.242Z,
4866,xrpl,rLwGgS8aSZNyMYA7LLqxBoBRP7cdtVxQHi,true,0xa61ba19486e7aee84a8c94bd301edbabd3c9d27d,1785044424428,2026-07-26T05:40:24.428Z,25154.08611,15644.791298,9509.294812,25154.08611,0,0,ok,ok,200,1,2026-08-05T03:10:27.066Z,
4869,xrpl,r3FUx37ZgoWmD8DgjQqLLTbhjuLbvBrn6B,true,0xee2a776d3eba6a57060bce85555c0b7d5a0d33a5,1785238983409,2026-07-28T11:43:03.409Z,25030.97018,0,25030.97018,25030.97018,0,0,ok,ok,200,1,2026-08-05T03:10:27.645Z,
4870,xrpl,ra4pvR6NjwsXQHJgVctMGQEnHwJQffsTZE,true,0xa45fa07f85e609b6fdde19ccef095491c74fa2e8,1784635881295,2026-07-21T12:11:21.295Z,24968.823044,0,24968.823044,24968.823044,0,0,ok,ok,200,1,2026-08-05T03:10:28.048Z,
4880,xrpl,rHz9pu7MaH94c3JryzsWTWk2BHaD92AAb4,true,0x5bf960dec9cd97a8d603fc926e4e2d48363a7aa4,1784712053816,2026-07-22T09:20:53.816Z,24546.524017,11058.665444,13487.858573,24546.524017,0,0,ok,ok,200,1,2026-08-05T03:10:29.890Z,
4884,xrpl,rL1ChoHVdhq7LU2gMrh5aEkq2d4v8JAiUR,true,0x5dff3a9249b07d1cfa8814c7816d1fb6bcda656d,1785278895639,2026-07-28T22:48:15.639Z,24491.21679,11435.141179,13056.075611,24491.21679,0,0,ok,ok,200,1,2026-08-05T03:10:30.687Z,
4887,xrpl,rPeJ4ATSXTo77gziiVoEdrP5sgL4RFePmo,true,0x8504fd6b101aa3dc7f724dfe99bc6b59fd5af83c,1784855543348,2026-07-24T01:12:23.348Z,24394.385314,0,24394.385314,24394.385314,0,0,ok,ok,200,1,2026-08-05T03:10:31.307Z,
4888,xrpl,rUqD1y8SUvDQcLW5AS5uUtD1HmvFTCr3LS,true,0x0b558b1172aa26b11ab537983626e1ae04354cf0,1784684840977,2026-07-22T01:47:20.977Z,24370.520732,0,24370.520732,24370.520732,0,0,ok,ok,200,1,2026-08-05T03:10:31.503Z,
4897,xrpl,r2G5P2gHp9RnTjmsmH44A32xBLeSCvFaC,true,0xe45fd1edf54a9971f213e6694818e188aa1f41fe,1784638917389,2026-07-21T13:01:57.389Z,24055.37551,0,24055.37551,11280.29735,11755.75895,1019.319207,ok,ok,200,1,2026-08-05T03:10:33.339Z,
4900,xrpl,r3onyCoQS5xorV4iC9ya32eEQ4J98FJAph,true,0x30a9c02bc438248187afb5bcbb64ac3cf6785277,1784646302479,2026-07-21T15:05:02.479Z,23763.09122,0,23763.09122,21642.22541,0,2120.865813,ok,ok,200,1,2026-08-05T03:10:33.922Z,
4901,xrpl,rD7bTLP73DdqYHjsjKE31Kq7Vx8PiqfYVp,true,0xcc11f5c6a531c45fcfa2a9c9d91726bb2bb1f4ca,1784646939407,2026-07-21T15:15:39.407Z,23735.94699,23733.03866,2.90833,23735.94699,0,0,ok,ok,200,1,2026-08-05T03:10:34.126Z,
4903,xrpl,rhQFPioy8zow1bkUbKVHFzEncipfUU49Q2,true,0x608db4f29055dd43d136bedf8cff95dc3739ebab,1784713897267,2026-07-22T09:51:37.267Z,23629.537907,15945.476645,7684.061262,23629.537907,0,0,ok,ok,200,1,2026-08-05T03:10:34.532Z,
4913,xrpl,rHWP9SD4Szb2fgraHrWJH53ri182GpPZd4,true,0x07ce62dea5cdafdaf2956b2d6d6bf82f7e4ceabc,1784984193962,2026-07-25T12:56:33.962Z,23316.962439,0,23316.962439,21197.238578,0,2119.723861,ok,ok,200,1,2026-08-05T03:10:36.560Z,
4918,xrpl,rNL8tKc87CJbWwMmr2LK8sXmo6VRB3rf47,true,0x8d7e19518a7d2e30138addfd1788f4e9e4fdd73d,1784675325108,2026-07-21T23:08:45.108Z,23170.996743,0,23170.996743,23170.996743,0,0,ok,ok,200,1,2026-08-05T03:10:37.584Z,
4924,xrpl,rGKvSZQT5ui5fRkBJUFY2u9G427EMSt6cJ,true,0xdaf7c64e1ca34e433bc2949364ebcec16b3ded69,1784644406634,2026-07-21T14:33:26.634Z,23096.5562,0,23096.5562,23096.5562,0,0,ok,ok,200,1,2026-08-05T03:10:38.902Z,
4926,xrpl,rhVCLNkrsZJCA49gDfy7Ufnf8mxGrMK3Hu,true,0x2bc995c9a43c819150212a82a331304b027d88bb,1785013490229,2026-07-25T21:04:50.229Z,23041.232295000002,0,23041.232295000002,23041.232295000002,0,0,ok,ok,200,1,2026-08-05T03:10:39.200Z,
4927,xrpl,rsS3AV4k7BzJRAzJVWnAw2dvW8Ytf2uMPd,true,0x5a196ecb8e9b0d5a0b12722bd1b7eba601dc5df9,1785254908833,2026-07-28T16:08:28.833Z,23030.205314999999,20126.125502999999,2904.079812,20936.550268999999,0,2093.655046,ok,ok,200,1,2026-08-05T03:10:39.417Z,
4929,xrpl,rm4KwvQgZmGZjAUPpaZUUw3o12CAc7ogc,true,0x08910f32eefd08c74bc7f2cfbca3e8938d7e8730,1785142089427,2026-07-27T08:48:09.427Z,23028.652478,0,23028.652478,23028.652478,0,0,ok,ok,200,1,2026-08-05T03:10:39.807Z,
4932,xrpl,raAmCkvUvwG1a6B7zUomRjFxGRTsFhWYhB,true,0x29f88164051f976ef73e550554e9f3b88af92e12,1784690214584,2026-07-22T03:16:54.584Z,22989.046564,0,22989.046564,20899.133239999999,0,2089.913324,ok,ok,200,1,2026-08-05T03:10:40.415Z,
4933,xrpl,rPSMjEe1yHWerg48h9bftjW8xazNdQrjLH,true,0xc091c67d3773ced69e55fad0a72805ba55f1f12f,1785015877392,2026-07-25T21:44:37.392Z,22974.890977,13331.16256,9643.728417,22974.890977,0,0,ok,ok,200,1,2026-08-05T03:10:40.618Z,
4934,xrpl,rHgzsognj9JWZu3cBB6W8f7wD5vjRGoL1s,true,0x78b787b11ae1d50acc97be2f3e54f1d1851f522b,1784638098280,2026-07-21T12:48:18.280Z,22973.136559,22459.822306,513.314253,22973.136559,0,0,ok,ok,200,1,2026-08-05T03:10:40.864Z,
4935,xrpl,rMRs14Uq1iD6nj5KjpaNbu7SjWsujJm6JS,true,0xf09a8da6725d227d5d1b7f90d00ef021f98b8d07,1784656802054,2026-07-21T18:00:02.054Z,22962.773389,15775.96988,7186.803509,20875.248549,0,2087.52484,ok,ok,200,1,2026-08-05T03:10:41.040Z,
4939,xrpl,r9TXQSAuGG4mfC5j9wWue9jVVs1dQCSauq,true,0xd2c011721103f1cbc3836f88ecd0c47a5c26f028,1784886378055,2026-07-24T09:46:18.055Z,22910.8557059999995,15753.67448,7157.1812279999995,15751.61872999999963,7152.729098,6.507878,ok,ok,200,1,2026-08-05T03:10:41.859Z,
4941,xrpl,rNoCaCivwFuw37XqvagLdjd1nN6U2jThue,true,0x84e9690c35093d7e028dbf0c0cbc171df181be37,1784638973578,2026-07-21T13:02:53.578Z,22826.07652,0,22826.07652,22826.07652,0,0,ok,ok,200,1,2026-08-05T03:10:42.255Z,
4947,xrpl,rLAMK9QS5chqarZ1ZL2r4oS41QM8BLJCZo,true,0xbc8cce949f62452e99445ec92e0fce17cee711c2,1784722968243,2026-07-22T12:22:48.243Z,22497.487665,0,22497.487665,20452.261499,0,2045.226166,ok,ok,200,1,2026-08-05T03:10:43.503Z,
4949,xrpl,rJxoNe18BUyE8ghQdNnynPoE8YqzKRt33J,true,0x12b630b3a44a09ef0cd13cda265a1fb0ce85d096,1784679989982,2026-07-22T00:26:29.982Z,22490.364857,0,22490.364857,22490.364857,0,0,ok,ok,200,1,2026-08-05T03:10:43.888Z,
4951,ethereum,0x8a441c79eb07c012b1c9103c19fdcf7423aa445f,true,0x8a441c79eb07c012b1c9103c19fdcf7423aa445f,1784695515745,2026-07-22T04:45:15.745Z,22474.87444,9795.934268,12678.94017,20431.704024000002,0,2043.170416,ok,ok,200,1,2026-08-05T03:10:44.301Z,
4954,xrpl,rNkPtGVSuxwJXTFYoo3oFr22GiNdK6azjD,true,0xa75fc2cbe4c8a68276853c274e700561f05a78ae,1784646127165,2026-07-21T15:02:07.165Z,22429.075163,0,22429.075163,22429.075163,0,0,ok,ok,200,1,2026-08-05T03:10:44.916Z,
4970,xrpl,rEtJZHH23C7UDrrfxYsbcgpw8EJPgLbrf8,true,0x691589d587cc717646f680fb5473d70b55292de3,1785189770788,2026-07-27T22:02:50.788Z,22003.486758,21997.04946,6.437298,22003.486758,0,0,ok,ok,200,1,2026-08-05T03:11:22.171Z,
4971,xrpl,raUKRQgfrfjnUJKZwWpmC5ufhZwHLUkxYu,true,0xf996b743f747a4a4788a994aaa068901213852ad,1784758526722,2026-07-22T22:15:26.722Z,21979.409113999998,0,21979.409113999998,19981.281008999998,0,1998.128105,ok,ok,200,1,2026-08-05T03:11:22.378Z,
4974,ethereum,0x316673def397db30a185e8c61abf0449e257108e,true,0x316673def397db30a185e8c61abf0449e257108e,1784639869808,2026-07-21T13:17:49.808Z,21945.27819,0,21945.27819,13263.360978999997,7968.365953,713.551261,ok,ok,200,1,2026-08-05T03:11:22.997Z,
4975,xrpl,rBTfpd5XiKy9hW6sa6MjriqvAnTPDYzZiZ,true,0x2d4f4cfcd524de330876b2e98bdfd79e4d5e7d5e,1785025322430,2026-07-26T00:22:02.430Z,21889.465212,0,21889.465212,21889.465212,0,0,ok,ok,200,1,2026-08-05T03:11:23.248Z,
4980,xrpl,raCNotgJCmUaWD8Hn38cKjKDy6tJkEugLA,true,0x298e1ae0a13ce2b4fd6aac1db6109bed819571c0,1784669490161,2026-07-21T21:31:30.161Z,21761.374639,8548.432639,13212.942,21761.374639,0,0,ok,ok,200,1,2026-08-05T03:11:24.223Z,
4982,xrpl,rK35XpYDcQUtdxjrv9ePh4CHZhfiTokkQx,true,0x584300dc94dd0db3de3773d336b8df2fd901a92c,1784861781651,2026-07-24T02:56:21.651Z,21714.846331999999,14395.462685999999,7319.383646,21714.846331999999,0,0,ok,ok,200,1,2026-08-05T03:11:24.642Z,
4984,xrpl,rH45WyXFFRyKbazpiUDHaeuUHDaDRo7YvZ,true,0x3c04d34826c973bdb8fe976907113a30860f05c8,1784643508063,2026-07-21T14:18:28.063Z,21658.772333,0,21658.772333,21658.772333,0,0,ok,ok,200,1,2026-08-05T03:11:25.048Z,
4995,xrpl,rUL76X8UBCCTbp6wZ3qW7d4G9sqBvAC8Xb,true,0xbd26be6b5541bb2a089321529b5886b08779c604,1785175676188,2026-07-27T18:07:56.188Z,21340.395403999999,1104.272229,20236.123175000001,19698.158810999998,0,1642.236593,ok,ok,200,1,2026-08-05T03:11:27.650Z,
4996,xrpl,rsirddDuoFzmM1EGBz9Wc1gqspLkXnqG6m,true,0x121167fc31dffebd3b99298b7edf72ee0966ae3c,1784636321690,2026-07-21T12:18:41.690Z,21336.37742,16333.698002,5002.679418,21336.37742,0,0,ok,ok,200,1,2026-08-05T03:11:27.852Z,
5002,xrpl,rPkDdjNMq2n8oBmP9ksdyso2zxAshrAFxB,true,0x22bce88ac287d45736ea0ea0f15b0c37c0740a08,1784990359840,2026-07-25T14:39:19.840Z,21187.511485999999,17884.252173000001,3303.259313,10108.167629,10070.231885000001,1009.111972,ok,ok,200,1,2026-08-05T03:11:29.095Z,
5007,xrpl,rakXW7W46cjSE9yt8vV8m3SLvaJYpjSsxi,true,0xc2f561b3b1758908db4d62e8788fcdb9ac2056ef,1784918149491,2026-07-24T18:35:49.491Z,20980.398523,0,20980.398523,20980.398523,0,0,ok,ok,200,1,2026-08-05T03:11:30.087Z,
5012,xrpl,rB3WAsaEpzKJoDcJ9hHScmvuKKcB6vyEBK,true,0x407e6f878cd8f7761463ce1c107b667e82221b0e,1785198336585,2026-07-28T00:25:36.585Z,20824.21432,0,20824.21432,20824.21432,0,0,ok,ok,200,1,2026-08-05T03:11:31.097Z,
5013,xrpl,rf5HFy4NQo1SffuGYMJpb6W1rk9iyjVfPg,true,0xb20000000000000000000066c938c21d88a50d01,1784983889628,2026-07-25T12:51:29.628Z,20805.80123,0,20805.80123,20805.80123,0,0,ok,ok,200,1,2026-08-05T03:11:31.319Z,
5014,xrpl,r4SFzDNE987cLbuXtb7vsYzZbGLDjwY4Cc,true,0x70150553ed125bcafebdf3e6a94727128d5aa95b,1784642352380,2026-07-21T13:59:12.380Z,20792.99302,0,20792.99302,20792.99302,0,0,ok,ok,200,1,2026-08-05T03:11:31.506Z,
5018,xrpl,rfhXtnwjv7r6BosR8sC2q1JKXsmubz24Nm,true,0x788eb362829db935ae4a837035376e6416ef6d4e,1784759076114,2026-07-22T22:24:36.114Z,20685.39371,0,20685.39371,20685.39371,0,0,ok,ok,200,1,2026-08-05T03:11:32.328Z,
5024,ethereum,0x78fa1fdccfc92ca78a5623e22d0c548084b604ee,true,0x78fa1fdccfc92ca78a5623e22d0c548084b604ee,1784643473471,2026-07-21T14:17:53.471Z,20547.84244,7603.614274,12944.22816,19513.491193999999,1034.351243,0,ok,ok,200,1,2026-08-05T03:11:33.560Z,
5027,xrpl,rLeZHPnuhRqVvVetM9Rmndi86qGxykfUWe,true,0xa1c4c0286e5339a720f83924049f3d3a68b8c24a,1784830441113,2026-07-23T18:14:01.113Z,20385.378524,0,20385.378524,20385.378524,0,0,ok,ok,200,1,2026-08-05T03:11:34.167Z,
5029,xrpl,rsarzJeupMQnJWSA9kX2ZBvpocCSDtL3nw,true,0xf2619723b6f948875b65ba37a24ffd867f49b43c,1784644575210,2026-07-21T14:36:15.210Z,20364.952484,0,20364.952484,18513.593166000002,0,1851.359318,ok,ok,200,1,2026-08-05T03:11:34.573Z,
5036,xrpl,r4PD2CwmMVLDTQrYuAWFXNDkzBS8miY68L,true,0x26a4a9b4d73fea04057a474cb8eae73605e46e7c,1784695116453,2026-07-22T04:38:36.453Z,20230.28537,14725.95438,5504.330997,18391.16852,0,1839.116856,ok,ok,200,1,2026-08-05T03:11:36.001Z,
5041,xrpl,rKeXMJKkUUdvFoBd8QFc3anfgYMffRwzzZ,true,0xf15ace20363eed4416fffed3fac98b1298374ece,1784670770389,2026-07-21T21:52:50.389Z,20058.778554,0,20058.778554,10211.463457000002,9118.285458999999,729.029638,ok,ok,200,1,2026-08-05T03:11:37.018Z,
5051,xrpl,rE6yfGfTVHLbKkPe7VxSXzUk5wiPh36V6S,true,0x7ad046bcc9327fbd6df240a0d40aa9dabdabc61a,1784932044859,2026-07-24T22:27:24.859Z,19747.19691,0,19747.19691,19747.19691,0,0,ok,ok,200,1,2026-08-05T03:11:39.088Z,
5052,xrpl,rEyd7cy59WnH4XSWKYDJEzJinve1MRm2iu,true,0x21ae6237031eab82d17f058283c1f5d6ed8c7023,1785047570289,2026-07-26T06:32:50.289Z,19732.625635,0,19732.625635,17938.778139000002,0,1793.847496,ok,ok,200,1,2026-08-05T03:11:39.267Z,
5055,xrpl,rPwxKUfwra1t7BE4aSopuc6XsYUg5EKxDA,true,0xc91515cac69777fed62d6928e541d5b027975596,1784712050401,2026-07-22T09:20:50.401Z,19697.625472,0,19697.625472,19697.625472,0,0,ok,ok,200,1,2026-08-05T03:11:39.893Z,
5056,xrpl,rhxeot5BhP1dxrkUMWHKt3rbfC6PsZFcgb,true,0x24eff302091aab4519f53be8e3ce648bbb10703e,1784700275538,2026-07-22T06:04:35.538Z,19547.769510999999,14039.811680000001,5507.957831,19547.769510999999,0,0,ok,ok,200,1,2026-08-05T03:11:40.105Z,
5061,xrpl,rJBdcb8chZdoqwnDxKjDcq5SMUwqiigtvd,true,0x62ebf095a04941c5724fb8fba99ec708cc3e009c,1784673579561,2026-07-21T22:39:39.561Z,19401.1831,0,19401.1831,19401.1831,0,0,ok,ok,200,1,2026-08-05T03:11:41.089Z,
5070,xrpl,rDyLdhNvbqjG3gqJhu4T3cFXqRm6JTrhv,true,0x837b4225b99a36e4a3daff701410c559297e07f8,1784720905993,2026-07-22T11:48:25.993Z,19257.37299,0,19257.37299,19257.37299,0,0,ok,ok,200,1,2026-08-05T03:11:42.927Z,
5073,xrpl,rw5mV96sHBB6xbPXpG9zBxdDXgrzfg8UXY,true,0xeec82d50cf96fe6d4d842de0eef53c6e6231b542,1785040398594,2026-07-26T04:33:18.594Z,19169.305609,0,19169.305609,17426.641458,0,1742.664151,ok,ok,200,1,2026-08-05T03:11:43.609Z,
5076,xrpl,rEirDqW8eiDj8yDErQoasmbCiiM9cQGPM3,true,0x511a70da8dcb2b8ad40ad76c8e97d4128d8884bd,1784874849704,2026-07-24T06:34:09.704Z,19091.799806,0,19091.799806,19091.799806,0,0,ok,ok,200,1,2026-08-05T03:11:44.131Z,
5077,xrpl,r4JMwxfYaZZNcHUG56pVTvtP89pZtuBfPm,true,0x36365498a6107a11c8475ce8f2a5515fbcd56ec0,1784891436014,2026-07-24T11:10:36.014Z,19088.87301,2918.199756,16170.67326,19088.87301,0,0,ok,ok,200,1,2026-08-05T03:11:44.337Z,
5079,xrpl,rGz1sPmwvkaRyZido3CQB3ziVd9dwQ4Y6x,true,0x342ab2a7bd521d63320fcf646261b6511dc54bbe,1784951231794,2026-07-25T03:47:11.794Z,19034.542566,0,19034.542566,19034.542566,0,0,ok,ok,200,1,2026-08-05T03:11:44.732Z,
5088,xrpl,rwS4wznqggBWv49w9dDLLAwFFwUBEHKXAP,true,0x88e7c0772760510b4d06bcc763617a3fd959af76,1785075781430,2026-07-26T14:23:01.430Z,18912.859641999999,405.611365,18507.248276999999,804.073391,18069.483919999999,39.302331,ok,ok,200,5,2026-08-05T03:12:25.822Z,
5097,xrpl,r4YSqckuwj2JRPJukQJM5hdZ2TBVrudnhT,true,0x9c1822fbb6335fa79b04af4c209e4612ed22c19b,1784675585301,2026-07-21T23:13:05.301Z,18554.84716,0,18554.84716,10985.449180999998,6470.853038,1098.544936,ok,ok,200,1,2026-08-05T03:12:27.251Z,
5104,xrpl,rparujrHLduh5rXB83LpuMZHgxvKz5rHFs,true,0x12fa6b007e1f8813353cd95ad47c1bcaf5709940,1784774983784,2026-07-23T02:49:43.784Z,18390.061078999999,2629.617435,15760.443643999999,18390.061078999999,0,0,ok,ok,200,1,2026-08-05T03:12:28.678Z,
5108,xrpl,rwWZgxYFiLUvFYztQjegCRAMXctMB3FW9c,true,0x169c4d1b07cf08bfe5b12e3697d21cac7cf2aa7f,1784642404540,2026-07-21T14:00:04.540Z,18320.371212,0,18320.371212,16654.882933999997,0,1665.488278,ok,ok,200,1,2026-08-05T03:12:29.488Z,
5118,xrpl,rBKzFbj23rYF85Kzrm6gqwU8XtjnLyovCT,true,0x950769f9392c55577d9ebf290eb6fa7cad890082,1785359911207,2026-07-29T21:18:31.207Z,18011.64364,0,18011.64364,18011.64364,0,0,ok,ok,200,1,2026-08-05T03:12:31.492Z,
5120,xrpl,rPisuPAnhSKRSTQxQNfFqptFFgPVqyCKaY,true,0xad51ed32419d3358cba911f53be644a3a9ea180b,1785234749791,2026-07-28T10:32:29.791Z,17981.094039,0,17981.094039,16346.449143,0,1634.644896,ok,ok,200,1,2026-08-05T03:12:31.891Z,
5128,ethereum,0x5f0ab641ec7240bd9f6885b6d8c15b177f1a8cae,true,0x5f0ab641ec7240bd9f6885b6d8c15b177f1a8cae,1784657388521,2026-07-21T18:09:48.521Z,17759.49531,16131.7558,1627.739512,14469.164680999998,3290.330626,0,ok,ok,200,1,2026-08-05T03:12:33.523Z,
5132,xrpl,r3n7AqouKuFTEFWpK1RoppEZP1MHM3T6JQ,true,0xa767a793add58b795825eaac789d9ac23dfd5c13,1784793517430,2026-07-23T07:58:37.430Z,17735.73364,17732.562,3.171642,17735.73364,0,0,ok,ok,200,1,2026-08-05T03:12:34.367Z,
5133,xrpl,rhkvi7NchbFa1cp5mA6h19kfbnUWSHxUwc,true,0xada85812f4faebaa79d4fe7b7730b9f908eeaad7,1784644469810,2026-07-21T14:34:29.810Z,17722.414846,0,17722.414846,17722.414846,0,0,ok,ok,200,1,2026-08-05T03:12:34.541Z,
5134,xrpl,rEF8W7Rwu31xtFr9pEegeThmMqX9QNCWT,true,0x47e6b83f577ab9511f58c15b96b89e176dabd26e,1785341101817,2026-07-29T16:05:01.817Z,17658.97184,0,17658.97184,17658.97184,0,0,ok,ok,200,1,2026-08-05T03:12:34.739Z,
5139,xrpl,rNrCxX71DBTZfs7sjz5ZqKk9ETw1mfCVtP,true,0x5d9b194af4c48d9a0eb75890c181626a9d7daeb8,1784669451313,2026-07-21T21:30:51.313Z,17551.288802,0,17551.288802,17551.288802,0,0,ok,ok,200,1,2026-08-05T03:12:35.781Z,
5145,xrpl,r3U6qnXusvJf3puiwL35L2S5Pm6iNptV1U,true,0x87ebe571f7a9c8c05abb5aa3671974e350fb20ec,1784840183751,2026-07-23T20:56:23.751Z,17221.69064,0,17221.69064,17221.69064,0,0,ok,ok,200,1,2026-08-05T03:12:36.997Z,
5149,xrpl,r9ct1to4eZ3kv3wfvTDzZWswLkwLUxdodY,true,0x0a999c4ad36c9a7fc202565f0984334bd6c54094,1784720670144,2026-07-22T11:44:30.144Z,17168.002511,0,17168.002511,16621.736092,0,546.266419,ok,ok,200,1,2026-08-05T03:12:37.804Z,
5155,xrpl,rLZLCd6yyKBhGNnMYc1hnW3sC1vcW2T8Di,true,0x7cb8791ead9ed1c8ce1e46f97811f092f7058f64,1785169585554,2026-07-27T16:26:25.554Z,17073.764884,0,17073.764884,17073.764884,0,0,ok,ok,200,1,2026-08-05T03:12:39.002Z,
5156,xrpl,rUj7vwXe7YzBv74RLje3DYAjqt2AovmC5x,true,0x17c9504cfd58e0e541c722dfabaacd9d13521d6f,1784636647453,2026-07-21T12:24:07.453Z,17065.128158,0,17065.128158,14840.098051,768.57022,1456.459887,ok,ok,200,1,2026-08-05T03:12:39.204Z,
5158,xrpl,r9wLzYZJWi2SJ11FqquGjjnEA9U2D2S9NJ,true,0x96095d01d40b4f8c6e33a7d4f888cc2d320537cc,1784701759546,2026-07-22T06:29:19.546Z,17019.57131,10366.82541,6652.745908,17019.57131,0,0,ok,ok,200,1,2026-08-05T03:12:39.612Z,
5162,xrpl,rsuv11gBwUSij2M3LEKBZm3K6noPnc98Tb,true,0xf17f05801548651d9c60f2415f5d081fe8189a0d,1784796684732,2026-07-23T08:51:24.732Z,16900.244779,0,16900.244779,53.00728000000163,16847.237499,0,ok,ok,200,1,2026-08-05T03:12:40.421Z,
5172,xrpl,rKfGRVdVHksApTFW3TpSRAaaZkcsNbi3Fc,true,0x7c3b5e74f1eed66ef0ef65528b539f7f01765266,1784662285868,2026-07-21T19:31:25.868Z,16567.830175,0,16567.830175,15165.083522999998,359.458162,1043.28849,ok,ok,200,1,2026-08-05T03:12:42.465Z,
5173,xrpl,rnk2HE9vn3LfVAew5Ez1XJwi32tCCtRc8X,true,0x5ba0ba024a076c3cf8fbefaf4187c30833f9025a,1784673536673,2026-07-21T22:38:56.673Z,16567.540995,0,16567.540995,16567.540995,0,0,ok,ok,200,1,2026-08-05T03:12:42.644Z,
5175,xrpl,rPpr8qbbFr5HyD38GDZn5AeR91Bpdb8efy,true,0x6084a10f63bd36265e0b6e07fd4c03f2108f852c,1784648830339,2026-07-21T15:47:10.339Z,16558.453778,0,16558.453778,15053.139802,0,1505.313976,ok,ok,200,1,2026-08-05T03:12:43.048Z,
5178,xrpl,rNehKfXfmityodKhfh62uF8gmqEA52AJZK,true,0xe0b33a36c89c8bbbabc449f58e5562d1dca71e94,1784732870882,2026-07-22T15:07:50.882Z,16517.962364,0,16517.962364,15016.329432999999,0,1501.632931,ok,ok,200,1,2026-08-05T03:12:43.683Z,
5179,ethereum,0xeb04ec3ea3204adbe21a96568e3d8aea7c35109d,true,0x651856f61c8438c3111e15459a12fd58275360b3,1784637746822,2026-07-21T12:42:26.822Z,16509.26754,0,16509.26754,15008.425068999999,0,1500.842475,ok,ok,200,1,2026-08-05T03:12:43.891Z,
5188,xrpl,rMFtQm8LpjqN1mBC9eR5zzdNAkZQU4tzXH,true,0xeb8c1f92debb6f61f1fa4314a8cb7f1c164dcfbb,1785225160588,2026-07-28T07:52:40.588Z,16375.148299,0,16375.148299,16375.148299,0,0,ok,ok,200,1,2026-08-05T03:12:45.700Z,
5189,xrpl,rp3eVHrsBc5tJ5XTWK1q5Hqh7ABn3g8icQ,true,0x635c9fd10bccc2c5b06c084ad4452e4cef06b964,1784636232591,2026-07-21T12:17:12.591Z,16334.344862,0,16334.344862,16334.344862,0,0,ok,ok,200,1,2026-08-05T03:12:45.923Z,
5213,xrpl,r4Dii5u4NSZkEQLvCoD36qYzqnah9PTikU,true,0x282b67c52f54e5b4eb972424539a5f073c2561b9,1784639056441,2026-07-21T13:04:16.441Z,15910.77677,0,15910.77677,15661.635597999999,0,249.141174,ok,ok,200,1,2026-08-05T03:13:22.382Z,
5214,xrpl,rntZbztGWM6qx7h6qGnffbgJ4Ci3vHxoRW,true,0x163cd6a2a83d27014a05bffc675b82d36d88daad,1784796825539,2026-07-23T08:53:45.539Z,15868.531027,0,15868.531027,15868.531027,0,0,ok,ok,200,1,2026-08-05T03:13:22.613Z,
5215,xrpl,rGDNiGWPDRoc1SkBueik5M1LZBjNp1iJLh,true,0x90993cb58224f1748310062821d53f74028ff1fd,1784648977861,2026-07-21T15:49:37.861Z,15831.647293,0,15831.647293,15831.647293,0,0,ok,ok,200,1,2026-08-05T03:13:22.854Z,
5216,xrpl,rwdQ54kSof9GcLbCfs4bBEHeL3uvh84Aer,true,0x54ff3c403acab8430779324078b6f878438bc28d,1784648156696,2026-07-21T15:35:56.696Z,15805.923551,0,15805.923551,13171.602982,0,2634.320569,ok,ok,200,1,2026-08-05T03:13:23.257Z,
5219,xrpl,rC7k1qquwwSYSv9wsPzybptA34pMZbHvK,true,0x8370970362ea00a6e0db0c73b55fbcc1f65ecff0,1784641047333,2026-07-21T13:37:27.333Z,15742.82128,0,15742.82128,15742.82128,0,0,ok,ok,200,1,2026-08-05T03:13:24.452Z,
5226,xrpl,rpxXWu8HEYF2RnfAFTcr7hzjtcvzckQLY4,true,0x7a33d55d7614f65f10af025c2f77a8f67cdab66d,1784694504240,2026-07-22T04:28:24.240Z,15542.027352,0,15542.027352,14129.115804,0,1412.911548,ok,ok,200,1,2026-08-05T03:13:25.666Z,
5227,xrpl,rDMJK6LiHBpg7y82EpWH2GtcKYVnMqjGjK,true,0x96d88438fa18b9af642b27a8ea55039469f45462,1784786650662,2026-07-23T06:04:10.662Z,15527.74648,10232.33439,5295.412083,15527.74648,0,0,ok,ok,200,1,2026-08-05T03:13:25.893Z,
5237,xrpl,r9RsqPZ5w4nFKcbJ3FymUxqRQqRfVnrZbL,true,0x50c364556bc3e3510eed6d7bc0c1563e1f1076c2,1784641465801,2026-07-21T13:44:25.801Z,15386.24825,0,15386.24825,14155.14213,0,1231.106119,ok,ok,200,1,2026-08-05T03:13:27.900Z,
5241,xrpl,rh9MpURqapXLRpSMvu4NCNTvfnXfHYjA3z,true,0xea13ae7413b5caa87161e25ee47d0d24d7e72400,1784716986116,2026-07-22T10:43:06.116Z,15314.402935,0,15314.402935,13932.787742,0,1381.615193,ok,ok,200,1,2026-08-05T03:13:28.701Z,
5246,xrpl,r9ftEjC248t8bXyo2TrskA2eSb8u99dJLB,true,0x753be6f0a917d4360d10871b703e77e0bc2a61b1,1784646856569,2026-07-21T15:14:16.569Z,15280.00693,0,15280.00693,15280.00693,0,0,ok,ok,200,1,2026-08-05T03:13:29.743Z,
5248,xrpl,rHHKgcuSvBp4SYdDYb9rU4TitKWtYwzjYn,true,0x72cf9aabee89aea6622576582a87cef197fac1ef,1784809849207,2026-07-23T12:30:49.207Z,15253.535076,0,15253.535076,15253.535076,0,0,ok,ok,200,1,2026-08-05T03:13:30.144Z,
5252,xrpl,rH6k6C8MGSRB2bV9WorcFgAbt5TExHchA,true,0xe27251df45119fa7f451e989ba5c3eb5f95fb709,1784869784608,2026-07-24T05:09:44.608Z,15214.095447,0,15214.095447,15214.095447,0,0,ok,ok,200,1,2026-08-05T03:13:30.973Z,
5253,xrpl,rDTLnFAHFAdBKQ4E6ZukgXfcR9sqEwXea5,true,0x5ff903581cc74bff86c842d0ab5f3e4b16a1ee47,1784636125420,2026-07-21T12:15:25.420Z,15209.807090999999,0,15209.807090999999,13787.312265999999,44.287629,1378.2071959999998,ok,ok,200,1,2026-08-05T03:13:31.203Z,
5254,xrpl,r3Evp6wRxcy8A51ojYP6He4gtd7JftS5kE,true,0xbb377944bb7b3e0ca15525c69894bd97cdd6b989,1784721276251,2026-07-22T11:54:36.251Z,15205.80781,3149.799357,12056.00845,15205.80781,0,0,ok,ok,200,1,2026-08-05T03:13:31.384Z,
5256,xrpl,rDo4tBBUyfcHJsb2nR1wGq9bwG9BpU4Zo8,true,0x7d37ea14dae35464732b040b3f8a93f9bf272be5,1785399866075,2026-07-30T08:24:26.075Z,15186.01135,0,15186.01135,13805.46485,0,1380.546495,ok,ok,200,1,2026-08-05T03:13:31.764Z,
5268,xrpl,rL3o8hDrK99yYZtdwQKuARAY3zMfuUZUYr,true,0x3e979f6eb09e637a42f6ce0f3cd3e018ef4f9c87,1784768234945,2026-07-23T00:57:14.945Z,14990.639302,0,14990.639302,14990.639302,0,0,ok,ok,200,1,2026-08-05T03:13:34.211Z,
5274,xrpl,rfygn9rFQCGYut54q1UwDxi2VyRPdXUZQ3,true,0x94fbea3376266acdf93a81421315e882831edfb2,1784704265858,2026-07-22T07:11:05.858Z,14890.844513,0,14890.844513,14890.844513,0,0,ok,ok,200,1,2026-08-05T03:13:35.454Z,
5284,xrpl,rL9KtTdi7f75Ei9jRJBjb8eHrfQYU1bKkS,true,0x8575e8ed0e39452c6e855cf98cce50ee6835fe1b,1784680990498,2026-07-22T00:43:10.498Z,14729.457128,0,14729.457128,14729.457128,0,0,ok,ok,200,1,2026-08-05T03:13:37.459Z,
5287,xrpl,rwwfSv28bKdU2EV3yyZXRk7EkBWa3UP7kW,true,0x1b9a929870fd05a1fa211bd8205fca3ff143294c,1784639755002,2026-07-21T13:15:55.002Z,14604.204249,0,14604.204249,14604.204249,0,0,ok,ok,200,1,2026-08-05T03:13:38.050Z,
5292,xrpl,rL5KNh5sRf7cAUf2bfQXLNpJhwVtLvBwUv,true,0x11db74950bf0fadc75fb95b6256ea4b4bf69b2fa,1785203392331,2026-07-28T01:49:52.331Z,14496.498991,3927.402461,10569.09653,14496.498991,0,0,ok,ok,200,1,2026-08-05T03:13:39.067Z,
5305,xrpl,rGfkemnbvqsu1azBxttBgWdStwFGqBXU1F,true,0x01739366cf5197c7d45a9953f82ea5b06b8c5d04,1784940713201,2026-07-25T00:51:53.201Z,14248.916547,0,14248.916547,14248.676145000001,0,0.240402,ok,ok,200,1,2026-08-05T03:13:41.667Z,
5306,xrpl,rUT4E2osi87vCx1rz6PspMD2cKxhXsrKdN,true,0xf13813187a966fef27a6297359b9a40af03e1e0c,1785037526222,2026-07-26T03:45:26.222Z,14243.59135,14242.337729,1.253621,14243.59135,0,0,ok,ok,200,1,2026-08-05T03:13:41.933Z,
5315,xrpl,rHR37V472ZtcfqwefKMTaozAmpFt9fscoj,true,0x9540ea70f9fc0c1f3b4986a63298c3fd5bd91f11,1784639524571,2026-07-21T13:12:04.571Z,14102.545025,0,14102.545025,14102.545025,0,0,ok,ok,200,1,2026-08-05T03:13:43.740Z,
5323,xrpl,r4k43cCSowznRVAEJBzsjkudCJ5KGGmGBt,true,0x28342adfb362bf021e89063e982129a0535405ac,1785063894495,2026-07-26T11:04:54.495Z,13983.341815,6059.94484,7923.396975,12712.129038,0,1271.212777,ok,ok,200,1,2026-08-05T03:13:45.326Z,
5327,xrpl,rN3EVD27CNwY1QgJpWK4HQ9Qwg5X8H2EQs,true,0x576e4430d911d872ab2fc611fdb69c5462c3a0e1,1785395997892,2026-07-30T07:19:57.892Z,13942.696884,2723.445855,11219.251029,13942.696884,0,0,ok,ok,200,1,2026-08-05T03:13:46.150Z,
5337,xrpl,rL7VMu6t2mh6oDVsYRS9ZkkJXwPZqC8rXH,true,0xa4697bcd379ea99933a3d1dc202eb83c8affa5e7,1785403489964,2026-07-30T09:24:49.964Z,13761.095392,9911.527644,3849.567748,13761.095392,0,0,ok,ok,200,1,2026-08-05T03:14:23.910Z,
5350,xrpl,rJdVkYfLjdnTMass9v26Q3EbGMrKhUZWyW,true,0x6627853e685b52cc248ccbadd0620d617c83967f,1784712104091,2026-07-22T09:21:44.091Z,13561.436379,0,13561.436379,13561.436379,0,0,ok,ok,200,1,2026-08-05T03:14:24.762Z,
5353,xrpl,rBPMeDsGhJNSychxhbYWPTNUkYH7uTjt9b,true,0x063c2cb6aa70fcb1410f2f455f153d0664e92369,1784727132302,2026-07-22T13:32:12.302Z,13477.15327,0,13477.15327,12251.95752,0,1225.195749,ok,ok,200,1,2026-08-05T03:14:25.357Z,
5360,xrpl,rNDmzNoTpGiUrjJJdMwtsShVqCPjfXmnAT,true,0x2aa56aaa45e7a5911233f2d4ee9e8bcb2ac2d08a,1784734184179,2026-07-22T15:29:44.179Z,13368.879295999999,0,13368.879295999999,12140.686620999999,0,1228.192675,ok,ok,200,1,2026-08-05T03:14:26.767Z,
5367,xrpl,r46Z94nk3Yt2dKwbAMVuEPYHGs7KvHyXQ4,true,0x9c2829c47cf2b6b54bcc8b40f26af4efc105bb30,1784649307729,2026-07-21T15:55:07.729Z,13297.71415,0,13297.71415,13297.71415,0,0,ok,ok,200,1,2026-08-05T03:14:28.176Z,
5375,xrpl,rs3pV9DXzoZSYnJoofuxhtiwYukQSRWyP9,true,0x0c99ae5b316b7bd7b6aa3da04234dc9517566399,1784668586377,2026-07-21T21:16:26.377Z,13228.438759000001,0,13228.438759000001,13228.438759000001,0,0,ok,ok,200,1,2026-08-05T03:14:29.781Z,
5383,xrpl,rKJfkn6oGPYNCQ2etXJP3tgnfp52xY6z2G,true,0xfae4c296fe090d8df283e1b5dde576d0bdf7e850,1784738016878,2026-07-22T16:33:36.878Z,13066.015821,0,13066.015821,13066.015821,0,0,ok,ok,200,1,2026-08-05T03:14:31.428Z,
5385,xrpl,rpfuChTbyqarLuin88wunWzCZ5hPajzP5T,true,0x08d0234c666cf18b0c0c279437b54fbe6f3ccd57,1785410058544,2026-07-30T11:14:18.544Z,13020.081655,3254.46055,9765.621105,9477.9855219999997,2594.2975719999999,947.798561,ok,ok,200,1,2026-08-05T03:14:31.826Z,
5387,xrpl,raHD5KgTwf7tDDkCMRy9pAxDMpCimeuJNe,true,0x7612be18f6220111469781f96347be7f399a6f29,1784959094154,2026-07-25T05:58:14.154Z,12975.58561,0,12975.58561,12975.58561,0,0,ok,ok,200,1,2026-08-05T03:14:32.228Z,
5389,xrpl,r43f6w4MQ1QewTzHmx6LmeGCiexVmyn2SU,true,0xaa27c89de0b0a8158f6e9540accb42cdcc3f4854,1784697765330,2026-07-22T05:22:45.330Z,12918.82897,0,12918.82897,771.5529649999991,12070.78387,76.492134,ok,ok,200,1,2026-08-05T03:14:32.626Z,
5391,xrpl,rBFfhuG5Fm2ues9LucC6X3oiGJXPqvtRuv,true,0x616328b7b8166b2e38bbb15e6f9110964a73925a,1784949509346,2026-07-25T03:18:29.346Z,12909.91104,2032.562048,10877.34899,12909.91104,0,0,ok,ok,200,1,2026-08-05T03:14:33.038Z,
5393,xrpl,r3Vy7i7U1mMQgZqxp7DXaQyuyoVRpLCkD7,true,0xd3d03b32d9ab362d9d8254cc9e2c086aafbf7185,1784800642153,2026-07-23T09:57:22.153Z,12901.270431,0,12901.270431,11753.788771000001,0,1147.48166,ok,ok,200,1,2026-08-05T03:14:33.448Z,
5399,xrpl,rn16joABdrtkoPSMcGVjCPXhdfUbUb4CE7,true,0x8402f2f33f48f8092afd9c957ed01103ad5c97ee,1785288184010,2026-07-29T01:23:04.010Z,12804.005225999999,0,12804.005225999999,12804.005225999999,0,0,ok,ok,200,1,2026-08-05T03:14:34.670Z,
5405,xrpl,raiKGi1MGKddTed3LTLjnEvr4xdwFNBpBz,true,0x49dbb47606ee9b7bc41a862e55183f01b8522c59,1785055216654,2026-07-26T08:40:16.654Z,12751.065345999999,0,12751.065345999999,12751.065345999999,0,0,ok,ok,200,1,2026-08-05T03:14:35.856Z,
5413,xrpl,r4mghfBjGcCvb4n4VyBALG4TQdtT5cLj8o,true,0x063c2cb6aa70fcb1410f2f455f153d0664e92369,1784653855698,2026-07-21T17:10:55.698Z,12661.84417,0,12661.84417,11510.76746,0,1151.076712,ok,ok,200,1,2026-08-05T03:14:37.498Z,
5416,xrpl,rByKFxUxRTrwXpTpG9VfCb2AF7XF2udX3t,true,0xad88929ae54eede7575de4b8a158d6536b1bf311,1785252651204,2026-07-28T15:30:51.204Z,12643.4027,0,12643.4027,11495.13635,0,1148.266347,ok,ok,200,1,2026-08-05T03:14:38.102Z,
5419,xrpl,ra1djjyYujU5jSrUi8nHRj1jhry1ysoavf,true,0xc067034de0f62616624c3b07cabd6251a8be5e57,1784731138572,2026-07-22T14:38:58.572Z,12594.918851,0,12594.918851,11449.926225000001,0,1144.992626,ok,ok,200,1,2026-08-05T03:14:38.718Z,
5436,xrpl,rQKGZq12XdLcc9zPwk8QAd6a8TeebY8jge,true,0x576e4430d911d872ab2fc611fdb69c5462c3a0e1,1785395940188,2026-07-30T07:19:00.188Z,12304.533993,2403.040841,9901.493152,12304.533993,0,0,ok,ok,200,1,2026-08-05T03:14:42.165Z,
5438,xrpl,rJ6EMmLPffFonaoWJyeVaLFknJGygjWFyT,true,0x07dae3c1e939b897f3dc22b905c19eb6f3b06924,1784638406509,2026-07-21T12:53:26.509Z,12280.28086,12278.402141,1.878719,12280.28086,0,0,ok,ok,200,1,2026-08-05T03:14:42.547Z,
5439,xrpl,r9S6a8WX9kdezkMeCkjVcY19WJNEgWZa2h,true,0xe52d1a3fde4913ad225b255fce72ebaf8937051e,1784896986826,2026-07-24T12:43:06.826Z,12213.70425,0,12213.70425,12213.70425,0,0,ok,ok,200,1,2026-08-05T03:14:42.829Z,
5457,xrpl,rKcPzdCxzvfshDUdZNxbSFe1s1XuDpALhm,true,0x9e95aaea5128c4da13465b62e5e8ed000aabae43,1784923260832,2026-07-24T20:01:00.832Z,11874.36901,0,11874.36901,10868.287898,0,1006.081112,ok,ok,200,5,2026-08-05T03:15:26.374Z,
5471,xrpl,rpbyypJ9RE7NLQHmG8oYehsjSoMwAVSbFb,true,0x7d37ea14dae35464732b040b3f8a93f9bf272be5,1785398833430,2026-07-30T08:07:13.430Z,11649.353637,0,11649.353637,10590.321494,0,1059.032143,ok,ok,200,1,2026-08-05T03:15:23.671Z,
5477,xrpl,rJLpNvFbh4APdzZoNYz6WoEURgePDYbvLw,true,0xb13311d631de6bbbe713192d08cc5f051b65f66d,1784878209249,2026-07-24T07:30:09.249Z,11545.213619,0,11545.213619,11545.213619,0,0,ok,ok,200,1,2026-08-05T03:15:24.729Z,
5487,ethereum,0x5444eacc3d709ed09bcf6d8621453d8951368b5c,true,0x5444eacc3d709ed09bcf6d8621453d8951368b5c,1784643436845,2026-07-21T14:17:16.845Z,11377.86368,7147.416747,4230.446935,10343.51244,0,1034.351243,ok,ok,200,1,2026-08-05T03:15:27.184Z,
5501,xrpl,rm7xHJXaeNjyGEkLM8Uw7HZJGSvYuNzew,true,0xe3342d7623e1ef936bfd4abc12fd3f0d5e4411ab,1784700124849,2026-07-22T06:02:04.849Z,11227.608777,11226.422174,1.186603,11227.608777,0,0,ok,ok,200,1,2026-08-05T03:15:30.018Z,
5504,xrpl,rJc4PExvFHeNXA1vCCtkF7A5XaPkwW5fhC,true,0x289bad042fdaf86e36322d08a9ade041a1ea039b,1784642916440,2026-07-21T14:08:36.440Z,11219.238715,0,11219.238715,11219.238715,0,0,ok,ok,200,1,2026-08-05T03:15:30.605Z,
5511,xrpl,rs8NHQZJRtpapJRwcJ7CNuETjBzwfVQTdp,true,0x9ca3ebe552a588cede477568f798f96811d60e7f,1785030678796,2026-07-26T01:51:18.796Z,11124.865901,11124.865901,0,11124.865901,0,0,ok,ok,200,1,2026-08-05T03:15:32.015Z,
5512,xrpl,rf8wjLnPtcPmpMQMSyxoQt8bxEdMspbt5x,true,0x753f45bfd676318813df9867a350955efc84dce7,1785209852331,2026-07-28T03:37:32.331Z,11124.356213999999,0,11124.356213999999,11124.356213999999,0,0,ok,ok,200,1,2026-08-05T03:15:32.212Z,
5513,xrpl,rwHAuGpXXgb5X8af1toTfpTAdoVmNcL8GL,true,0xd01de2310cec52fe43d763441915ce6ab7c411b3,1784639032402,2026-07-21T13:03:52.402Z,11114.160123,0,11114.160123,10292.087194,0,822.072929,ok,ok,200,1,2026-08-05T03:15:32.424Z,
5519,xrpl,rBUkLd3rUemT9dFVm9ui3KryfydRmzpyfG,true,0x2a98049a11418e8a9f628ad6cfb93297bb83f1c2,1784986910820,2026-07-25T13:41:50.820Z,11077.109063,0,11077.109063,11077.109063,0,0,ok,ok,200,1,2026-08-05T03:15:33.666Z,
5520,xrpl,raCNkVr9jAirs3aWFoTBTDGJPTZ1zXGzmm,true,0xa8886b42627ce1fc4dcc909f585ec861aafbf026,1784644898261,2026-07-21T14:41:38.261Z,11072.140528,1913.593615,9158.546913,11072.140528,0,0,ok,ok,200,1,2026-08-05T03:15:33.836Z,
5536,xrpl,rsomGCwb4XgUUT9VokVfqZKZMgnyG6VaK2,true,0xf90f23741df271da54162384473a50d31d5d88f9,1784699060493,2026-07-22T05:44:20.493Z,10872.450842999999,0,10872.450842999999,10872.450842999999,0,0,ok,ok,200,1,2026-08-05T03:15:37.086Z,
5537,xrpl,rpoFQugw6sgCuRR1y1aGqHAzQaqJ4ucqvG,true,0xd798049a8ec49a3b98947144c9a262ffc3871778,1784666239315,2026-07-21T20:37:19.315Z,10870.756329,0,10870.756329,10870.756329,0,0,ok,ok,200,1,2026-08-05T03:15:37.371Z,
5540,xrpl,r3hHFjFwYwzsZE1vQzzNUye5M2wpbAtc6b,true,0xa10e878584aa26c6ae8553c2900f285a3803b5f9,1784660370182,2026-07-21T18:59:30.182Z,10826.249759,0,10826.249759,10826.249759,0,0,ok,ok,200,1,2026-08-05T03:15:37.899Z,
5544,xrpl,rpfDoeCRY1tsfQFT9xLDGc5KtoreNqkydy,true,0x2818a14ee8924185859daced5d3b7de2655b2d06,1784673538520,2026-07-21T22:38:58.520Z,10770.172864,0,10770.172864,10770.172864,0,0,ok,ok,200,1,2026-08-05T03:15:38.713Z,
5546,xrpl,rsnNZAJqGvnAebd6LHvBPbQiiE5k1dqEoy,true,0x170e7328ff804ed2c75fe56f43e93658df4addc9,1784808939699,2026-07-23T12:15:39.699Z,10745.908513,0,10745.908513,10745.908513,0,0,ok,ok,200,1,2026-08-05T03:15:39.109Z,
5548,xrpl,rLCFdfzCNScSTgvUMaD1GK9wnTKYpLUvHG,true,0x87aa5f514debf300d465e5797655801a6d10b343,1784703740811,2026-07-22T07:02:20.811Z,10737.4905159999999,8822.636677,1914.8538389999999,10737.4905159999999,0,0,ok,ok,200,1,2026-08-05T03:15:39.507Z,
5554,xrpl,rhuSq6D3dB7ebmwpQXjnof4WKTo27agQUQ,true,0x94a386164c9db1ff93b17275451f5ca4f3567ed3,1784646742986,2026-07-21T15:12:22.986Z,10620.065153,0,10620.065153,10620.065153,0,0,ok,ok,200,1,2026-08-05T03:15:40.799Z,
5563,xrpl,rnyiHK9EMBxc25n3DphAviv6tdKaqCNxUs,true,0x1d3c5e08e7a5a92ca93b5ab15b04bd683a990ca4,1784807757083,2026-07-23T11:55:57.083Z,10481.791124000001,0,10481.791124000001,9529.179254000001,0,952.61187,ok,ok,200,1,2026-08-05T03:15:42.598Z,
5587,xrpl,rxqRKyefrnUfda5YF4RZZyfnLg5p1B8km,true,0x1fd0d445ca6f31bdb61435ff12ac71a70ddff6de,1784796387452,2026-07-23T08:46:27.452Z,10104.459207,3423.69003,6680.769177,10104.459207,0,0,ok,ok,200,1,2026-08-05T03:16:26.285Z,
5598,xrpl,rMpQmmNE966hJnjT7P8KLiqQyzcyiMjPJa,true,0xcd88a42f8b7a4788ba2cda9b31ed7bb2b1f6a8b4,1785373892944,2026-07-30T01:11:32.944Z,9925.261449,0,9925.261449,9925.261449,0,0,ok,ok,200,1,2026-08-05T03:16:29.219Z,
5605,xrpl,rNrZg486DaQRmn5dMz3TaZorUhxnp5xW7t,true,0xd43b0b03e437f69a5bc5c37e45b0bc7d3a7c1ce8,1784725158518,2026-07-22T12:59:18.518Z,9875.020629,0,9875.020629,8977.291477,0,897.729152,ok,ok,200,1,2026-08-05T03:16:30.366Z,
5606,xrpl,rPKatD62AbMrFnKECmXX3wjJ4FTA65kB6s,true,0x0625fb66f89f056000ebc71c4a4f1d61a43d4914,1785043832041,2026-07-26T05:30:32.041Z,9865.034111000001,0,9865.034111000001,9865.034111000001,0,0,ok,ok,200,1,2026-08-05T03:16:30.554Z,
5623,xrpl,rDRKF2qzpNfw99Ey68eZD5EVkZRQXqvZp,true,0xabfe22163b5abde1faad7bc1ab16b316d655f01d,1784663508370,2026-07-21T19:51:48.370Z,9586.913312,510.923244,9075.990068,9586.913312,0,0,ok,ok,200,1,2026-08-05T03:16:33.999Z,
5633,xrpl,rai4QcwDEUcNDZEVX8QYKAYdd2Bn6PU6zV,true,0xc435dcf27d670e6f9186c778ce3e294db51fcb17,1784668295988,2026-07-21T21:11:35.988Z,9482.931422,0,9482.931422,9482.931422,0,0,ok,ok,200,1,2026-08-05T03:16:36.187Z,
5635,xrpl,r3atD4yjfJdFmvemTgVANPRrqVkmjP2LCx,true,0x0bb8f1ef50ee733d4b2b6adc393963fbd8c682cb,1784704657373,2026-07-22T07:17:37.373Z,9468.984625,2807.520807,6661.463818,9468.984625,0,0,ok,ok,200,1,2026-08-05T03:16:36.424Z,
5638,xrpl,rNhB8GCnhCurp3A8DTrcoG8GWFuiyNgjXh,true,0x98f858bdf669b9b1595514d9839fd3edb6664191,1784702716274,2026-07-22T06:45:16.274Z,9415.995683,6151.532628,3264.463055,9415.995683,0,0,ok,ok,200,1,2026-08-05T03:16:37.045Z,
5640,xrpl,rnNGq5j8dCA66T4VqBSFiAGcvXC5qrZuNE,true,0x6e67d15ad6c6932632e8328771cb64345acd991d,1784642244638,2026-07-21T13:57:24.638Z,9394.917827,0,9394.917827,8540.834391999999,0,854.083435,ok,ok,200,1,2026-08-05T03:16:37.446Z,
5643,xrpl,rM65b3GLYgtz6zb6xy1f8h19VchU3jjn4v,true,0x111d3290ee2ff19fe33942030ca63985ef64fbbf,1784642099355,2026-07-21T13:54:59.355Z,9358.937633,0,9358.937633,8508.125125999999,0,850.812507,ok,ok,200,1,2026-08-05T03:16:38.209Z,
5646,xrpl,rJKVr7ZsMGuazpM6F56getMrDnHzRCBWPK,true,0xb631d8d61dd940374f3862716dea969e88b708b3,1784771557352,2026-07-23T01:52:37.352Z,9351.671809,0,9351.671809,9351.671809,0,0,ok,ok,200,1,2026-08-05T03:16:38.750Z,
5651,xrpl,rJYoP4LfdKGQNAG2Fz8NQWAYKFi7xJfzGF,true,0x4e420d76f66b7574c3ea45c4755431fc1e9fcad4,1784645478664,2026-07-21T14:51:18.664Z,9300.833055,1488.688365,7812.14469,7866.303272,669.405531,765.124252,ok,ok,200,1,2026-08-05T03:16:39.696Z,
5663,xrpl,r4ib2fB19HnCUG3kUqMoVgoup487YMsF3N,true,0x32d4b62e3475f3d314f82f943db505fb0445f368,1784796387419,2026-07-23T08:46:27.419Z,9122.042067,0,9122.042067,9122.042067,0,0,ok,ok,200,1,2026-08-05T03:16:42.137Z,
5664,xrpl,rNNjdHiY438SBaer7iamPcyHWjGBg6YgpL,true,0x05b8b328ddd0748278e12fda04cfdda6fbfa6619,1784839647543,2026-07-23T20:47:27.543Z,9109.040564,0,9109.040564,9109.040564,0,0,ok,ok,200,1,2026-08-05T03:16:42.327Z,
5667,xrpl,raju8fMPcfMqQ5XiZXRhwvtnv78TFMpty7,true,0xfb2bf6fee9b96f8d9af0f0f426dc0f5c0308a7ba,1784758869753,2026-07-22T22:21:09.753Z,9077.905349000001,0,9077.905349000001,9077.905349000001,0,0,ok,ok,200,1,2026-08-05T03:16:42.942Z,
5672,xrpl,rpjXgty1N4TntBziiSPZqkP36Ffs2ZMSHs,true,0xe58686597201a52df0f090df3f4a5a0a068b5cb7,1784830406286,2026-07-23T18:13:26.286Z,9042.105194,0,9042.105194,2913.0541109999995,6129.051083,0,ok,ok,200,1,2026-08-05T03:16:43.974Z,
5677,xrpl,rD7jQ1RLJKvaqjrhGKzP6AKzQzvzF5xZjK,true,0xea8aa792a6247d781e547894de00aa4eab8e3250,1784666712756,2026-07-21T20:45:12.756Z,8944.875275,0,8944.875275,8944.875275,0,0,ok,ok,200,1,2026-08-05T03:16:44.969Z,
5679,xrpl,rHoFcusRUXYoakWMJreECxknPtNEwR8H4V,true,0xbbdf5e33bf944bf56114adaa05087f16e4e9f9e9,1784719273072,2026-07-22T11:21:13.072Z,8889.549406,0,8889.549406,8889.549406,0,0,ok,ok,200,1,2026-08-05T03:16:45.379Z,
5680,xrpl,r9vVcwMgocqB7ocXT2LBQnWcNi2F2Gvm1M,true,0xc2ecc20d0a4cdc0849114c97fd8ff9d5e3f3682b,1784705115008,2026-07-22T07:25:15.008Z,8887.673618,8886.885965,0.787653,8887.673618,0,0,ok,ok,200,1,2026-08-05T03:16:45.573Z,
5685,xrpl,rDU2oQSBaEaewTqvXdmN2Z4RcVKnrzMoyT,true,0xb5f4da83d4cd56e87a69ed058ea7224dc8f2087b,1784944748816,2026-07-25T01:59:08.816Z,8807.244198,0,8807.244198,6194.896468000001,1992.858066,619.489664,ok,ok,200,1,2026-08-05T03:16:46.622Z,
5688,xrpl,r4YAmUCEUE5QaDk4PavbGMK4rfTxTYRwBX,true,0x24240b8c54984411d25f4f21967ca23323f869d5,1785299774314,2026-07-29T04:36:14.314Z,8774.218627,0,8774.218627,8774.218627,0,0,ok,ok,200,1,2026-08-05T03:16:47.219Z,
5691,xrpl,rLgppvMtdnAA2aTvhFBSCiRcyM3aDuMRhK,true,0x8a8feac106666e03acc82aad10c2bd063fc283ab,1785392152586,2026-07-30T06:15:52.586Z,8715.006524,0,8715.006524,8715.006524,0,0,ok,ok,200,1,2026-08-05T03:16:47.829Z,
5697,xrpl,rfbtkRVKnZB1vX6z2ZKHTJqgUDqFs6wr3r,true,0xc7e4eb5b0747acff2ae4d2c2907edfde2fd37a3c,1785335326597,2026-07-29T14:28:46.597Z,8595.931468,0,8595.931468,8595.320973000002,0.593174,0.017321,ok,ok,200,1,2026-08-05T03:16:49.023Z,
5709,xrpl,r3uzR9jW31EnLFzK97yueRVooSyA5FeFu3,true,0xd919080c2e9f157a8dc095245cbfd378a900a1c7,1784636735519,2026-07-21T12:25:35.519Z,8454.267401,0,8454.267401,7685.697312999999,0,768.570088,ok,ok,200,1,2026-08-05T03:17:23.332Z,
5710,xrpl,r48YVu5FqsxZmv8e4thmAf8TE5jz8Ba7Dd,true,0x7945dfff02f98ac032d67cba5edea3fd344af8a5,1784636481158,2026-07-21T12:21:21.158Z,8447.78063,0,8447.78063,8402.251903999999,45.528726,0,ok,ok,200,1,2026-08-05T03:17:23.773Z,
5720,xrpl,rQ9wFDGBN235qvECQW3UXncZqGF99En6f3,true,0x45de06e6d64807bb21840809411dc26921d30063,1784705275418,2026-07-22T07:27:55.418Z,8389.291385999999,0,8389.291385999999,7627.419501999999,0,761.8718839999999,ok,ok,200,1,2026-08-05T03:17:26.170Z,
5729,xrpl,r9hHSXLi1nxCf36gHV8JYZRAe221CQnvzx,true,0x16303ef39eea9ebbf3b03e986c33f6836b4d12dd,1785150785804,2026-07-27T11:13:05.804Z,8294.858839,0,8294.858839,8294.858839,0,0,ok,ok,200,1,2026-08-05T03:17:28.013Z,
5746,xrpl,rJ3NmcZwj49hYhmuFkp9vmPe64kUmP14Gj,true,0xcca41696ef4c70c030068f0837c05924cbecbb06,1784640355502,2026-07-21T13:25:55.502Z,8102.613625,0,8102.613625,8102.613625,0,0,ok,ok,200,1,2026-08-05T03:17:31.470Z,
5749,xrpl,r39ABHaPVNekp6nC2NhESYAobrpv4T7Rg8,true,0x10fbb7240781e6707e3e0057573686ca313b96e0,1785381804410,2026-07-30T03:23:24.410Z,8069.437974,0,8069.437974,8069.437974,0,0,ok,ok,200,1,2026-08-05T03:17:32.071Z,
5751,xrpl,rUgnfcLCHGiYFtMSTPoh63ZnnrwfRCgfdF,true,0xe2ce39bc22f1a9bbe6795f72f642c79474ed51f1,1784636814622,2026-07-21T12:26:54.622Z,8060.821569,6169.241846,1891.579723,8060.821569,0,0,ok,ok,200,1,2026-08-05T03:17:32.491Z,
5761,xrpl,rnJAF2cmyuih9Y1wzspppMaDfwKxTL35Fe,true,0x0081f6ee480befebd70c7ef1ca8a4a23ed4573f2,1784637624427,2026-07-21T12:40:24.427Z,7992.43991,0,7992.43991,7266.14397,0,726.29594,ok,ok,200,1,2026-08-05T03:17:34.470Z,
5771,xrpl,ragzzFKq6J5zBa8omJHQuZBYKV1VuJJ4ND,true,0x06507c603f7ad552648129f51e7952273b863054,1784710328713,2026-07-22T08:52:08.713Z,7920.804081,5301.081158,2619.722923,7200.7309669999996,0,720.073114,ok,ok,200,1,2026-08-05T03:17:36.490Z,
5777,xrpl,rPmPDhrKBm35EXAqwfhnajrspjA7zaoVsN,true,0xbe0c6b83d086bdfd8c7aae68887f0e5394e65e37,1784696573012,2026-07-22T05:02:53.012Z,7789.350114,0,7789.350114,7081.227374999999,0,708.122739,ok,ok,200,1,2026-08-05T03:17:37.749Z,
5779,ethereum,0x5805e9e5f18f0e6d13728ad7ad9c5c18a3e6ad66,true,0x5805e9e5f18f0e6d13728ad7ad9c5c18a3e6ad66,1784645268669,2026-07-21T14:47:48.669Z,7786.216904,7786.216904,0,7786.216904,0,0,ok,ok,200,1,2026-08-05T03:17:38.108Z,
5783,xrpl,rLYh2bcKDp1LTrFKjsGKUzjDBqb56Fprrq,true,0x7612be18f6220111469781f96347be7f399a6f29,1784959066416,2026-07-25T05:57:46.416Z,7750.598937,0,7750.598937,7750.598937,0,0,ok,ok,200,1,2026-08-05T03:17:38.925Z,
5784,xrpl,rLNYxJrz2wqqjYorDmNLaGZdwfqFkXo6yS,true,0x1dcbbd943bcd3533d5a3f5b74389e6f6cdf2e049,1784680991578,2026-07-22T00:43:11.578Z,7748.588547,0,7748.588547,7748.588547,0,0,ok,ok,200,1,2026-08-05T03:17:39.149Z,
5785,xrpl,r4sjy34NGXqbq2bhkTMX96RCgYQdMRerbw,true,0xfee03169f9c7ea2299337227f3e6ed0d5c65c804,1784896854583,2026-07-24T12:40:54.583Z,7744.994079,0,7744.994079,7040.903712,0,704.090367,ok,ok,200,1,2026-08-05T03:17:39.335Z,
5793,xrpl,r95YewAaDAhvUXtzryKSepqEynMLWJqXuW,true,0x16fc1230203875d21f5dbfa11fed0456e2955cae,1784699907137,2026-07-22T05:58:27.137Z,7678.787816,2268.771186,5410.01663,7678.787816,0,0,ok,ok,200,1,2026-08-05T03:17:40.975Z,
5797,xrpl,rsKoDrdx6AWdAnsFrNU3mHcGpC4qVsY2C3,true,0xc2db3e2beb0d995646c183fdc85c1a92ee381ead,1784781505540,2026-07-23T04:38:25.540Z,7656.904704,0,7656.904704,7656.904704,0,0,ok,ok,200,1,2026-08-05T03:17:41.778Z,
5799,xrpl,rnxbjeEE5ogN8EscnJVCnTnPDEDMaThc68,true,0x35d3ab4ab8522c13e06973be7cdcf5b92fcd4bbf,1784966663902,2026-07-25T08:04:23.902Z,7626.5531,0,7626.5531,7626.5531,0,0,ok,ok,200,1,2026-08-05T03:17:42.187Z,
5812,xrpl,rhnN8RtwNQ4iiDFET4hEVG9p2hejBbqvQx,true,0xd7cfa62926a7d006f814af17cd58a4f64f91c886,1784673356469,2026-07-21T22:35:56.469Z,7376.115143,0,7376.115143,7376.115143,0,0,ok,ok,200,1,2026-08-05T03:17:44.810Z,
5813,xrpl,rnoQ7DyyRqSyRKR4D22DCN55j922fX4LcU,true,0xbfbed3129d823914fb9bcddcfa65acadc8418f8a,1784673382890,2026-07-21T22:36:22.890Z,7358.447107,0,7358.447107,7358.447107,0,0,ok,ok,200,1,2026-08-05T03:17:45.019Z,
5817,xrpl,rD195mxcRo11gUHkvTJPrcBGjNgQ7awjkh,true,0x042835e222447da891036c832f44832b5760ddc7,1785207836013,2026-07-28T03:03:56.013Z,7312.893609,0,7312.893609,7312.893609,0,0,ok,ok,200,1,2026-08-05T03:17:45.810Z,
5817,xrpl,rGgrPfTwExyfz6N8NhC3r7GNVopaCzs5X6,true,0x060486fb3d11dc841b79f8a790d03c9bd7bae4ea,1785244849298,2026-07-28T13:20:49.298Z,7312.893609,0,7312.893609,7312.893609,0,0,ok,ok,200,1,2026-08-05T03:17:46.022Z,
5821,xrpl,rPGwJDy4Rsz1jpAcpGWxC9CchUsmn6kGo1,true,0x807b082fdb86a7aabf7497eed1319da5e06c3df5,1784681764187,2026-07-22T00:56:04.187Z,7270.672906,0,7270.672906,7270.672906,0,0,ok,ok,200,1,2026-08-05T03:17:46.641Z,
5836,xrpl,rMJcSNLmL8X7m9gY7vKiUkhwbAPrEBZSKJ,true,0x131352e022bc072ba83aab65e59472b63aeb6ca4,1785062123809,2026-07-26T10:35:23.809Z,7183.243187,0,7183.243187,7183.243187,0,0,ok,ok,200,1,2026-08-05T03:18:23.396Z,
5840,xrpl,rKneig3CBMHKQh2s1L2oJZpzocMVFEmzHN,true,0x6cdf3acb65030aec17609a6e434d6c8ceb078f5b,1784949591248,2026-07-25T03:19:51.248Z,7147.449349,0,7147.449349,7147.449349,0,0,ok,ok,200,1,2026-08-05T03:18:24.198Z,
5844,xrpl,rHurB1NE2otvBxDTnfaKzfgt3etmKqF2wb,true,0xd7871fe178a536e38ef7d7f7a6d3a3f42f1b8dc4,1784682947451,2026-07-22T01:15:47.451Z,7136.531175,0,7136.531175,6487.755626,0,648.775549,ok,ok,200,1,2026-08-05T03:18:25.088Z,
5847,xrpl,rLyLK95uQhPvux6wptFZYMYR7UwYy7Aa88,true,0x2d1f22eaaee458f7afa58e29d71c746e2c326c27,1785303078428,2026-07-29T05:31:18.428Z,7007.286695,0,7007.286695,7007.286695,0,0,ok,ok,200,1,2026-08-05T03:18:25.708Z,
5851,xrpl,rfk4R5vYQTe1fb1PrkFNR7vv62whjgBYEi,true,0x41198f3ccd69dc1731470a5d01a11b3e8f4ec121,1784646650487,2026-07-21T15:10:50.487Z,6969.945694,0,6969.945694,6969.945694,0,0,ok,ok,200,1,2026-08-05T03:18:26.451Z,
5857,xrpl,rJUQioswFwhQ6Ev2vrfZ6A1hMaFwWhuL8U,true,0x1fb9d2e59f66d62c8fee59370b1281ad3729531b,1784696929321,2026-07-22T05:08:49.321Z,6924.48478,0,6924.48478,6294.986162,0,629.498618,ok,ok,200,1,2026-08-05T03:18:27.736Z,
5860,xrpl,rQU8qesypvyxei9dhuQnGzXnvzzCqaiEmx,true,0x1cfef1c430eaca70aab800cbdf4f409f3472007d,1784640215842,2026-07-21T13:23:35.842Z,6900.015705,0,6900.015705,6900.015705,0,0,ok,ok,200,1,2026-08-05T03:18:28.256Z,
5862,xrpl,rJ8jS8HL1iJsiTPs4fe2fkJH1V33MhiRZN,true,0x57b7aab1ed8651c419c62ef0da61b86692192047,1784665963406,2026-07-21T20:32:43.406Z,6887.351718,0,6887.351718,6261.381219,0,625.970499,ok,ok,200,1,2026-08-05T03:18:28.754Z,
5869,ethereum,0x4a543a38203b87fea43e5096540cc136bf071f5a,true,0x4a543a38203b87fea43e5096540cc136bf071f5a,1784649019899,2026-07-21T15:50:19.899Z,6828.013354,0,6828.013354,6207.2848429999995,0,620.728511,ok,ok,200,1,2026-08-05T03:18:30.081Z,
5870,ethereum,0x564cc021b1eeeac8ee1534a7c5b3a51cc9439c76,true,0x564cc021b1eeeac8ee1534a7c5b3a51cc9439c76,1784640018333,2026-07-21T13:20:18.333Z,6826.28835,0,6826.28835,5688.573627,0,1137.714723,ok,ok,200,1,2026-08-05T03:18:30.311Z,
5877,xrpl,rUGaE6YNCwZ1ieqEZaHnmwoXSsE9vsxYMS,true,0x47905805fc44c88fa3c06ca667cfb4ab43fec6ba,1784673319057,2026-07-21T22:35:19.057Z,6792.455512,0,6792.455512,6175.011194000001,0,617.444318,ok,ok,200,1,2026-08-05T03:18:31.693Z,
5878,xrpl,rBhc37HM2WaVjjFxHDf5fc4fjPn1SciHRn,true,0xf40a34f9f57a54d12dbb2bb6381c154713b091d0,1784833678136,2026-07-23T19:07:58.136Z,6788.37668,0,6788.37668,6788.37668,0,0,ok,ok,200,1,2026-08-05T03:18:31.888Z,
5880,xrpl,r34ESgPJSznen1s2DEaPyyNquPxQh3fw8S,true,0xef04dc76f71d8ff42cb1703fad6037bbc6121b94,1785354416130,2026-07-29T19:46:56.130Z,6757.967238,0,6757.967238,6757.967238,0,0,ok,ok,200,1,2026-08-05T03:18:32.319Z,
5881,xrpl,rH9jw6VdLVqp5UE6QmB9yXBzjQuHMAzhyT,true,0x104032b88ea3fb5e8ef84a487a1ab956fba7c526,1784652659318,2026-07-21T16:50:59.318Z,6754.582791,0,6754.582791,6754.582791,0,0,ok,ok,200,1,2026-08-05T03:18:32.511Z,
5884,xrpl,rELpWD73BKa46iS26peXT52FBUdnymWdN3,true,0xbce4a244a099e1ec9937c28f03836c1eccace399,1785351817584,2026-07-29T19:03:37.584Z,6728.696763,0,6728.696763,6728.696763,0,0,ok,ok,200,1,2026-08-05T03:18:33.102Z,
5887,xrpl,rnir5QWoy6H51SSS3fZbiVLS13Y7WHZeot,true,0xd2eefdd1ceef356deeb8078c19682ee23ff0e957,1785398028278,2026-07-30T07:53:48.278Z,6695.979076,3881.76973,2814.209346,6695.979076,0,0,ok,ok,200,1,2026-08-05T03:18:33.721Z,
5896,xrpl,rp5cthqReXWfcuqzvK6gkeCc2WmPDp4XGY,true,0x2cb50ba6e82bc5abf6e49c72aa39d82ee00b5dfe,1784736360341,2026-07-22T16:06:00.341Z,6540.413591,950.087668,5590.325923,6540.413591,0,0,ok,ok,200,1,2026-08-05T03:18:35.540Z,
5898,xrpl,rMFVKAFMgGVG7VXHkdxwqgK3GbHx95XSdE,true,0x1d26d3c17120a3e55ccb42e7c29bf7d0b93b9da5,1785300866193,2026-07-29T04:54:26.193Z,6534.474844,0,6534.474844,6534.474844,0,0,ok,ok,200,1,2026-08-05T03:18:35.950Z,
5900,xrpl,rLs1ByBeGqExkZd2yDUkDfRxmtUSNS8qFM,true,0xdf4e2400e239c8f94e3782fef042ff83250b7557,1784710645175,2026-07-22T08:57:25.175Z,6521.355229,0,6521.355229,6521.355229,0,0,ok,ok,200,1,2026-08-05T03:18:36.365Z,
5903,xrpl,rpstxp2bkTgHinkb8BFdYE4DoK81eTbn3A,true,0xc166215597746945fbe909a7f0198382096af2bb,1784748624506,2026-07-22T19:30:24.506Z,6513.944817000001,6483.727818,30.216999,6513.944817000001,0,0,ok,ok,200,1,2026-08-05T03:18:36.983Z,
5913,xrpl,r9pzVjiPt6uchep6oHNS1w9Q6MwKUmpE8B,true,0x21ce8366a4000e9d61306f6595e83b1a6c9bcda5,1784673119873,2026-07-21T22:31:59.873Z,6437.779729,0,6437.779729,6437.779729,0,0,ok,ok,200,1,2026-08-05T03:18:39.011Z,
5919,xrpl,rGWvLZtbvpzw6HAaNBW3jHwfdsFUSF66Ez,true,0xbb644efbe1925c713c6fad7bb4a83c14e38de062,1784981421900,2026-07-25T12:10:21.900Z,6403.380663,0,6403.380663,5821.255147,0,582.125516,ok,ok,200,1,2026-08-05T03:18:40.218Z,
5923,xrpl,r9hxkhyDXoJ3v3GYHA8pihjYfSb9cWnkmk,true,0x56897fc85db3fde157a1ea8f9d3aae99913343eb,1784646581492,2026-07-21T15:09:41.492Z,6378.045522,0,6378.045522,6378.045522,0,0,ok,ok,200,1,2026-08-05T03:18:41.015Z,
5945,xrpl,riHBxer6Ci1hPogRvZnu6bfigVTLX5B2P,true,0x37933fcbfc0bee9202f359a2bdc8cfae4f961b4d,1784637598202,2026-07-21T12:39:58.202Z,6136.814102,0,6136.814102,6136.814102,0,0,ok,ok,200,1,2026-08-05T03:18:45.501Z,
5963,xrpl,rfhr42AcEP3nMTgr1m4Chy3fvyUSSTc966,true,0x5cb125a4044b73c59aa3f6563a4a472ba036e57f,1784991315405,2026-07-25T14:55:15.405Z,5993.029275999999,4921.145455,1071.883821,5448.208458999999,0,544.820817,ok,ok,200,1,2026-08-05T03:19:22.459Z,
5966,xrpl,r9bth89q2UX7Wbv8dT77JKATDe3HueVCKH,true,0x81acba6316c8ef64acc24d078ab2ca591c6d7f77,1784644192711,2026-07-21T14:29:52.711Z,5960.222041,0,5960.222041,5960.222041,0,0,ok,ok,200,1,2026-08-05T03:19:23.129Z,
5970,xrpl,rK5ur4gvjRLyY8b78hQUD3jwxsiMn1doxf,true,0x98d09b3e86e951db5dff72e01dc4fcc8336f8e22,1784907381221,2026-07-24T15:36:21.221Z,5954.265328,3977.788231,1976.477097,5954.265328,0,0,ok,ok,200,1,2026-08-05T03:19:24.074Z,
5975,xrpl,rp2ZHZw47uZkQKhA5mR643GgQQjBUuS1YY,true,0xd2c011721103f1cbc3836f88ecd0c47a5c26f028,1784665903059,2026-07-21T20:31:43.059Z,5910.587181,0,5910.587181,5373.261084,0,537.326097,ok,ok,200,1,2026-08-05T03:19:25.213Z,
5976,xrpl,r9MFSzQocV3No3qF9uoaznqdeGneczHizS,true,0x08d0234c666cf18b0c0c279437b54fbe6f3ccd57,1785410274876,2026-07-30T11:17:54.876Z,5908.601282,0,5908.601282,5371.455727,0,537.145555,ok,ok,200,1,2026-08-05T03:19:25.422Z,
5990,xrpl,rn9CNCgztX9ZVP5ygmaxmMGFD6cxbg3DGG,true,0x8622cfbd8ba8ec4c7ce60f726557f1ac7c4641ac,1784668435947,2026-07-21T21:13:55.947Z,5817.002023,156.954243,5660.04778,5817.002023,0,0,ok,ok,200,1,2026-08-05T03:19:28.976Z,
5991,xrpl,rPeEEYwvTcpPYMTQXS9msRDVBxRXiYMY8M,true,0x05cf6d9751ed20b716c7df08ccebb5a9e6f76006,1784801113448,2026-07-23T10:05:13.448Z,5810.619195,3769.071327,2041.547868,5052.7123750000002,0,757.90682,ok,ok,200,1,2026-08-05T03:19:29.178Z,
5995,xrpl,rn1XzuU4srVCfQ1HumQdQc7YfkuuZdRdm6,true,0x8b86abdd6ed429a301606368c6affc8080c74266,1784650875882,2026-07-21T16:21:15.882Z,5792.271225,4325.410105,1466.86112,5792.271225,0,0,ok,ok,200,1,2026-08-05T03:19:29.986Z,
5998,xrpl,rfNwiMzkbAJuKyri7XThbJo4SsbBFjznPG,true,0x9a721672dd218932dd1e6da42d80066e92721ff3,1785224843284,2026-07-28T07:47:23.284Z,5764.936118,0,5764.936118,5764.936118,0,0,ok,ok,200,1,2026-08-05T03:19:30.585Z,
6002,xrpl,rpZBxuv4LLEL1pJYxhrnyGXH8osNhh8hG6,true,0xa0948aa156c125c7a7b7c5d37acff7a430b2c535,1784636859806,2026-07-21T12:27:39.806Z,5745.427379,0,5745.427379,5745.427379,0,0,ok,ok,200,1,2026-08-05T03:19:31.409Z,
6009,ethereum,0x3e4ea3019792778d647364e0f0d3d178eaeee0fb,true,0x3e4ea3019792778d647364e0f0d3d178eaeee0fb,1784640174730,2026-07-21T13:22:54.730Z,5689.946594,568.33847,5121.608124,5689.946594,0,0,ok,ok,200,1,2026-08-05T03:19:32.820Z,
6018,xrpl,rfgeBBSLU58wouxCZCoD9hxXnA3AgfXfQ5,true,0xc584152849d5a93e1f14f9c4764e32eb3fdbae72,1785328098071,2026-07-29T12:28:18.071Z,5641.071539,0,5641.071539,5641.071539,0,0,ok,ok,200,1,2026-08-05T03:19:34.655Z,
6027,xrpl,r3QKbPqKDZZM8793PWbYZtv6PrCDvPvWr6,true,0x1652de36ebc4539817f2ff87bca4704d8db63749,1785391729086,2026-07-30T06:08:49.086Z,5613.626945,0,5613.626945,5613.626945,0,0,ok,ok,200,1,2026-08-05T03:19:36.476Z,
6028,xrpl,r9WdrEvvWqS5DuYVKgwXrDxh1QmjJbKPR2,true,0x6a4dbc1878345f5ba3723eff9e35d8991aec4336,1785406752025,2026-07-30T10:19:12.025Z,5613.048252,0,5613.048252,533.7990509999995,5025.869294,53.379907,ok,ok,200,1,2026-08-05T03:19:36.702Z,
6032,xrpl,r95CRCxTmhPZCiEgUztMGTJgD7vqSe2oNa,true,0xf609db6b0dbe34a533195009ecc4f9d74d2013df,1784696457194,2026-07-22T05:00:57.194Z,5601.449292,0,5601.449292,5601.449292,0,0,ok,ok,200,1,2026-08-05T03:19:37.610Z,
6037,xrpl,rwFiTHLTkZGNWFm4JjAYxNCnFiDfv1epYP,true,0xce5ca792dad0ec6e1a72d3016219c2da24ab1b87,1785163264539,2026-07-27T14:41:04.539Z,5586.469207,0,5586.469207,5586.469207,0,0,ok,ok,200,1,2026-08-05T03:19:38.495Z,
6038,xrpl,rA8SbPjRnsBL3hFLvG1YLtz6bHafQyspW,true,0x3f68ddfddec2847d4602ec20dcaf2adf82234d02,1784885371603,2026-07-24T09:29:31.603Z,5585.885198,0,5585.885198,5585.885198,0,0,ok,ok,200,1,2026-08-05T03:19:38.692Z,
6039,xrpl,rMG5oFNYRbTtrKdv8BD5MjWTX7Myp93ryc,true,0x08d4dba2a1d9a34a666c271ca7bc546c2a4d1665,1785309444088,2026-07-29T07:17:24.088Z,5582.754894,0,5582.754894,5582.754894,0,0,ok,ok,200,1,2026-08-05T03:19:38.906Z,
6048,xrpl,r4hRhG45myuq2emvyCjjjSh955Ah7ZZm37,true,0xbb3255787b7a48526091e69db8347a7a1983ce22,1784988245490,2026-07-25T14:04:05.490Z,5537.99877,0,5537.99877,2614.843283,2690.371587,232.7839,ok,ok,200,1,2026-08-05T03:19:40.740Z,
6051,xrpl,r44qaVsk3xG3zMzsRMsFQKeDFuQ9ezSKdf,true,0x6914ed25ae79ff1c8da66a509b894aa57bae14ff,1784645434775,2026-07-21T14:50:34.775Z,5527.197944,0,5527.197944,5527.197944,0,0,ok,ok,200,1,2026-08-05T03:19:41.356Z,
6052,xrpl,rPgdR22b6N3ycQBzUZNzU7S19guHGP4S9G,true,0xb8a94a7141fa8cd703d7868923383d410db93783,1784639435040,2026-07-21T13:10:35.040Z,5524.624178,998.469426,4526.154752,5524.624178,0,0,ok,ok,200,1,2026-08-05T03:19:41.570Z,
6054,xrpl,rhKkCne2tGAP8GRMKutntRfmCnEozHYLBM,true,0xc42324396285eaf34b19cb6ebcc900c80a2a46e8,1785169516034,2026-07-27T16:25:16.034Z,5508.9543,0,5508.9543,5508.9543,0,0,ok,ok,200,1,2026-08-05T03:19:41.963Z,
6069,xrpl,rhxGxF3nCX9W1jTLQxhhabPCD6Ccqh8isX,true,0xc47269afb3bcb6fa91e09f34fdaa88120714d3e0,1784717029204,2026-07-22T10:43:49.204Z,5437.193026,1483.674924,3953.518102,5437.193026,0,0,ok,ok,200,1,2026-08-05T03:19:44.999Z,
6071,xrpl,rmABwXF8ZLDDedFFuHfLC98KKPmgXZge8,true,0xc08c2a7e5caa9973c992ec6bc2a27948e62add37,1784692219480,2026-07-22T03:50:19.480Z,5424.009687,3933.266826,1490.742861,5424.009687,0,0,ok,ok,200,1,2026-08-05T03:19:45.406Z,
6089,xrpl,rp1VrzAfs6dxtu5mQgLDR14fpe5Gg3b3bc,true,0x7e1d356435156f9518ee1f02d9321e21286712a1,1784673686697,2026-07-21T22:41:26.697Z,5313.084731,0,5313.084731,5313.084731,0,0,ok,ok,200,1,2026-08-05T03:20:22.927Z,
6102,xrpl,rHeDUar4FidXTZTWpx248gpTRhcPo4As4Y,true,0x744c63d8d53309f0d749c0bd4374200ab5cb49b3,1784664704223,2026-07-21T20:11:44.223Z,5236.964019,0,5236.964019,5236.964019,0,0,ok,ok,200,1,2026-08-05T03:20:25.579Z,
6104,xrpl,raHP18HzUPD9W9vNqab357DArxoSHFoXvk,true,0xbc5edb37a36cc2a8dbad0a459595ea0655d96101,1784640199719,2026-07-21T13:23:19.719Z,5236.642551,0,5236.642551,5236.642551,0,0,ok,ok,200,1,2026-08-05T03:20:25.980Z,
6109,xrpl,rPCRjazPqSxZruHnygcjL3v1mSapgcDoa2,true,0x471ffa32713c7cd0a062eeca3070a905c5acb104,1784836739522,2026-07-23T19:58:59.522Z,5175.11386,0,5175.11386,5175.11386,0,0,ok,ok,200,1,2026-08-05T03:20:27.170Z,
6111,xrpl,rMvmun3utYueR8cNSfZgA3kNzjZGxp41iS,true,0xf0b588bc388d7a3ff8bf3cf62dc2e6b99715743a,1785021101047,2026-07-25T23:11:41.047Z,5166.912471,0,5166.912471,4697.19315,0,469.719321,ok,ok,200,1,2026-08-05T03:20:27.591Z,
6121,xrpl,rLakEQy4W6wngHihQVXT4N2CsGLddzfym1,true,0xf395fa99fa6808b894041ef3d91cc25cfddad31d,1784662833041,2026-07-21T19:40:33.041Z,5048.618913,0,5048.618913,5048.618913,0,0,ok,ok,200,1,2026-08-05T03:20:29.813Z,
6128,xrpl,r3FUNyW1Ukv5pZbpm8ix1tk2rp9bwLEjsf,true,0x94bfef5699dff7386f1b9fb0126d3d4514e51bf9,1784668965882,2026-07-21T21:22:45.882Z,5013.553846,0,5013.553846,4581.527989,0,432.025857,ok,ok,200,1,2026-08-05T03:20:31.222Z,
6136,xrpl,rpceFwEkzbYhNU4mXfcMq5SQLpcNKAvV18,true,0x70ee3fa11ba67bf9df48e21d199e9211b384ad6c,1784727248444,2026-07-22T13:34:08.444Z,4973.401962,0,4973.401962,4973.401962,0,0,ok,ok,200,1,2026-08-05T03:20:32.839Z,
6143,xrpl,rNuBbB6yuPvTuxLLBkfjvPwWUJoyS9MVGs,true,0xf2f6809ef5f23384dc69f32a4b4c7a2bed4756fb,1784549534083,2026-07-20T12:12:14.083Z,4941.895875,2014.035476,2927.860399,4941.895875,0,0,ok,ok,200,1,2026-08-05T03:20:34.265Z,
6153,xrpl,rsassjXeNg2syRnTGemLnAgFTLguB73EAs,true,0x316673def397db30a185e8c61abf0449e257108e,1784639821152,2026-07-21T13:17:01.152Z,4899.398133000001,100.665697,4798.732436,4178.467125,313.15082,407.780188,ok,ok,200,1,2026-08-05T03:20:36.283Z,
6156,xrpl,rhaKELeTCgkGDjSh12peAZrrJfV8WNvpjs,true,0x121908ede5e1d254d24c9d9f45fec9fa34805c26,1784639744249,2026-07-21T13:15:44.249Z,4864.586139,0,4864.586139,4864.586139,0,0,ok,ok,200,1,2026-08-05T03:20:36.894Z,
6163,xrpl,r4wxuQJCg8fEbhVjvh1ZWpt7bFRohqCt1r,true,0x970b38540f885e3784c2ee99a9a40f34c38ecef7,1784731148484,2026-07-22T14:39:08.484Z,4797.082356,0,4797.082356,4362.332022,0,434.750334,ok,ok,200,1,2026-08-05T03:20:38.303Z,
6168,xrpl,rGn9gfg2f6zMz8efGRKEdodC2n6ZsKctvw,true,0xcf3f71997f37451e89f608dc638d2b56ba17ea49,1784883775781,2026-07-24T09:02:55.781Z,4762.129178,0,4762.129178,4762.129178,0,0,ok,ok,200,1,2026-08-05T03:20:39.293Z,
6171,xrpl,r4wTXLwsyiCiww6VH167oKCJBLdFmbct6e,true,0xdc2e5e54814148375e4eba3bf2e3b11881abfeb7,1784661445826,2026-07-21T19:17:25.826Z,4745.258482,773.975848,3971.282634,4745.258482,0,0,ok,ok,200,1,2026-08-05T03:20:39.936Z,
6184,xrpl,rnnVviGMeVmSe3HLFuGqPn6aPeQDn8o94M,true,0xfae9411d6e46147acc71b445510745a30d59edf9,1784979622125,2026-07-25T11:40:22.125Z,4660.445383,0,4660.445383,4660.445383,0,0,ok,ok,200,1,2026-08-05T03:20:42.538Z,
6193,xrpl,rbTMoqt5n9bw7vcVfockhCVxFUTEFU2ZH,true,0x34276b860f11ae04a81c0e77fa9ccbd4dd69fb0b,1784734389299,2026-07-22T15:33:09.299Z,4585.642345,2022.497234,2563.145111,4585.642345,0,0,ok,ok,200,1,2026-08-05T03:20:44.372Z,
6206,xrpl,r1WEh1xoCjEzhWGXYvZ9ZwwxX4cwiUq1s,true,0x8c9c32c85f9bc1f5206d960a7aa0b2cff455e433,1784877766928,2026-07-24T07:22:46.928Z,4540.352068,0,4540.352068,4540.352068,0,0,ok,ok,200,1,2026-08-05T03:21:25.657Z,
6209,xrpl,rJBXEEctXFoEkPuMcgTUNYo2jsgV1pwmGQ,true,0x39f7fb406035ef90917bbd05a0c9836fc09e175f,1784657436367,2026-07-21T18:10:36.367Z,4530.702387,0,4530.702387,4530.702387,0,0,ok,ok,200,1,2026-08-05T03:21:26.699Z,
6223,xrpl,rGEim3HtA9dKVzbCscfBpb3P1a7F5N5g52,true,0x183c0ce2911815616b722d092548d0a3052ac4e7,1784639039929,2026-07-21T13:03:59.929Z,4488.544425,0,4488.544425,4488.544425,0,0,ok,ok,200,1,2026-08-05T03:21:29.594Z,
6227,xrpl,rhySxZz1Y4uYepd7StJ9QuU9nHGshgYFdN,true,0x0bb7343d4157902f6fe21dc7674f7f8d6d038f13,1784788470392,2026-07-23T06:34:30.392Z,4473.538568,4439.119147,34.419421,4142.790987,0,330.747581,ok,ok,200,1,2026-08-05T03:21:30.310Z,
6241,xrpl,rGufgRMs8E18rjbcai19tcsqELH48D3Qtg,true,0xf1ff76b811e33670ebd49bc3fd08f2a59149ef26,1784653126788,2026-07-21T16:58:46.788Z,4375.637552,0,4375.637552,4375.637552,0,0,ok,ok,200,1,2026-08-05T03:21:33.174Z,
6244,xrpl,rKf2dukfPrQVxQRdQzJpTZLahaPR2N97dZ,true,0xf83ed46123029b2e2b0d21656defb42106e410e1,1784972691502,2026-07-25T09:44:51.502Z,4359.385136,0,4359.385136,4359.385136,0,0,ok,ok,200,1,2026-08-05T03:21:33.751Z,
6247,ethereum,0xaee181ca0cbabde2c63115787f75af4f6d4b9e54,true,0x1e96e0c5e781284487c0f37e07b9e5571758c6ee,1785066302016,2026-07-26T11:45:02.016Z,4357.223175,4357.223175,0,4357.223175,0,0,ok,ok,200,1,2026-08-05T03:21:34.384Z,
6249,xrpl,rDV2db5iTe5u3dYoX8HpTN4azg7YSbX3W6,true,0xb0b1e64589512773f6ddae3def59b1a8bb7b6309,1785070692031,2026-07-26T12:58:12.031Z,4348.361798,311.155533,4037.206265,4348.361798,0,0,ok,ok,200,1,2026-08-05T03:21:34.793Z,
6253,xrpl,rwPCnXsRkPddfw8ozYcBRGtmJkzzUFATku,true,0x4a2dfeaf03ecae4e9f8f9448652708dd40d3f22e,1784670863756,2026-07-21T21:54:23.756Z,4302.098721,0,4302.098721,4302.098721,0,0,ok,ok,200,1,2026-08-05T03:21:35.584Z,
6254,xrpl,rLvApR963Mrks3sXXUxQuHNbRbLgqAg4Zd,true,0x7094d625e30e319fde17002d99295949680b7e55,1784642514828,2026-07-21T14:01:54.828Z,4298.52417,3374.440799,924.083371,4298.52417,0,0,ok,ok,200,1,2026-08-05T03:21:35.783Z,
6268,xrpl,rGP7fMUjZLQwAGZuVHTNvBNm4VV2c3EmYE,true,0xdf9555a5a2c6ec17f08419026ab797325d76c9f7,1785195161340,2026-07-27T23:32:41.340Z,4229.448521,0,4229.448521,4229.448521,0,0,ok,ok,200,1,2026-08-05T03:21:38.621Z,
6287,xrpl,r4xY8HfWvkiSGaxP5dV3npnyYBrrWbX5gy,true,0x1bd15cfcf37b7f93ca887ca17dd605d1c4783784,1784833786734,2026-07-23T19:09:46.734Z,4081.793053,0,4081.793053,4081.793053,0,0,ok,ok,200,1,2026-08-05T03:21:42.468Z,
6296,xrpl,rhQyiU7XPSkXxNvJFZ5hmze8L79v5Za5Bs,true,0x96095d01d40b4f8c6e33a7d4f888cc2d320537cc,1784701491226,2026-07-22T06:24:51.226Z,4034.440816,0,4034.440816,4034.440816,0,0,ok,ok,200,1,2026-08-05T03:21:44.293Z,
6297,xrpl,r393mtsQAPJFSXKEt8YseVxSffFcKJh36q,true,0x318d7c153a8007e17ddf03ec81f3061cb6aef91b,1784794586127,2026-07-23T08:16:26.127Z,4032.02067,0,4032.02067,4032.02067,0,0,ok,ok,200,1,2026-08-05T03:21:44.511Z,
6302,xrpl,ra9DnQv4454De2hWkypnCReYYGEPoAMeBv,true,0x3cecb0e02cf57dc2bce0cb65ac833eb64676baa2,1784637667513,2026-07-21T12:41:07.513Z,3975.44288,0,3975.44288,3975.44288,0,0,ok,ok,200,1,2026-08-05T03:21:45.534Z,
6303,xrpl,rNYTAJFLZPyPw8fkzwC1eWzJpwbuM2kDG6,true,0x3044aad98447a37a3c65600787106f4d0c9fb2e9,1784658001162,2026-07-21T18:20:01.162Z,3975.370364,0,3975.370364,3975.370364,0,0,ok,ok,200,1,2026-08-05T03:21:45.736Z,
6304,xrpl,rQEvNM6J4SX2ZFKrzTf7kSkJqoEb15DtyV,true,0x12fbec495e26e86dc2c3dfecbd5dc539e9caf0bb,1784665490298,2026-07-21T20:24:50.298Z,3954.040751,0,3954.040751,3594.582589,0,359.458162,ok,ok,200,1,2026-08-05T03:21:45.941Z,
6319,xrpl,rL7GkLZnVUQQi9FoyTnHBg2EFNSAbgNfo2,true,0x635c9fd10bccc2c5b06c084ad4452e4cef06b964,1784636376225,2026-07-21T12:19:36.225Z,3855.307217,0,3855.307217,3855.307217,0,0,ok,ok,200,1,2026-08-05T03:21:48.973Z,
6333,xrpl,r3jaVdkjetChaRnkaxFpSrJS28RGr4beQZ,true,0x818446929b3e8a27bfd12ca2edd3b60a379c5670,1784654682784,2026-07-21T17:24:42.784Z,3804.033777,3801.678767,2.35501,3804.033777,0,0,ok,ok,200,1,2026-08-05T03:22:24.938Z,
6336,xrpl,rP7oAPczuemyjggUAEYKh5ouGEByKCKHNF,true,0x635c9fd10bccc2c5b06c084ad4452e4cef06b964,1784636460422,2026-07-21T12:21:00.422Z,3793.955229,0,3793.955229,3793.955229,0,0,ok,ok,200,1,2026-08-05T03:22:25.390Z,
6337,xrpl,r4joq5fAnN7hc2HMvJ9dJfBckSx6Hs1jsk,true,0xb5e30c47efa0a550daab5e2d02f9182e6529adcb,1785131471757,2026-07-27T05:51:11.757Z,3779.588979,3779.52743,0.061549,3779.588979,0,0,ok,ok,200,1,2026-08-05T03:22:25.614Z,
6340,xrpl,rwf3EUWFiyS6T2ASwUmoUMpNnVPqThma3S,true,0x635c9fd10bccc2c5b06c084ad4452e4cef06b964,1784636515535,2026-07-21T12:21:55.535Z,3749.141129,0,3749.141129,3749.141129,0,0,ok,ok,200,1,2026-08-05T03:22:26.029Z,
6347,xrpl,rKKQs6xYsnr6WF7ggEvaEugm88U2xCuXjU,true,0x93fe43db40c997ae784143f060032db16293d93f,1785031328982,2026-07-26T02:02:08.982Z,3677.660793,1748.557857,1929.102936,3677.660793,0,0,ok,ok,200,1,2026-08-05T03:22:27.496Z,
6354,xrpl,r411TvVvra18i4TxM6n1dQuHi7mzK99UHe,true,0x76addf75c40177c0e50d80df89d23c4847dbf349,1784724321623,2026-07-22T12:45:21.623Z,3641.662529,2713.299823,928.362706,3412.532556,0,229.129973,ok,ok,200,1,2026-08-05T03:22:28.821Z,
6374,xrpl,rPhxynJqrE9ehQSXUeopm7gb958zjpBpAo,true,0xf2f6809ef5f23384dc69f32a4b4c7a2bed4756fb,1784551880453,2026-07-20T12:51:20.453Z,3568.745062,2609.211016,959.534046,2885.9861690000003,394.160049,288.598844,ok,ok,200,1,2026-08-05T03:22:32.872Z,
6378,xrpl,rsojCdXq56Q5KCcqbcoXein6NRvaWrkDr5,true,0x9aea29a1a0eb5b6a2db345d97358223a73f2e936,1784657309379,2026-07-21T18:08:29.379Z,3557.344161,0,3557.344161,3557.344161,0,0,ok,ok,200,1,2026-08-05T03:22:33.704Z,
6386,xrpl,rpGS29TUcobtbDa5B4aoJzxqD1qPJ2EjVu,true,0x503a241b1dc374a20db89284cdd0ce1ec030ddc7,1784711858412,2026-07-22T09:17:38.412Z,3486.73024,0,3486.73024,3486.73024,0,0,ok,ok,200,1,2026-08-05T03:22:35.328Z,
6396,xrpl,rKx98AGCAfmL7J6xftW8BRKA1SEKKCav8J,true,0xbb5796e549fb51146524e72d64c84a3989903490,1784641040266,2026-07-21T13:37:20.266Z,3451.761869,1406.319646,2045.442223,199.194696999999825,3244.177685,8.389487,ok,ok,200,1,2026-08-05T03:22:37.354Z,
6409,xrpl,rwwAh8eqKS1wqtLvzfG59vVLNcZyCBzLKZ,true,0x27a359a9476db26aa93c7bf165196e2fc64f5e9f,1784713716954,2026-07-22T09:48:36.954Z,3383.14911,0,3383.14911,3383.14911,0,0,ok,ok,200,1,2026-08-05T03:22:39.968Z,
6412,xrpl,ra5wozE8oDrnqpSwo1qic5ikqjM14Fcjnu,true,0xa05acd29f345ab1367992f11d5c525980284637b,1784928288034,2026-07-24T21:24:48.034Z,3377.7255560000003,0,3377.7255560000003,3377.7255560000003,0,0,ok,ok,200,1,2026-08-05T03:22:40.587Z,
6417,xrpl,rM8sipmfbD6HcmUPEJEzVk5RFVCChR65ys,true,0xfd35598c095fb81f08583657389b6eaa9a1460ce,1784983745225,2026-07-25T12:49:05.225Z,3361.106117,0,3361.106117,3055.551004,0,305.555113,ok,ok,200,1,2026-08-05T03:22:41.618Z,
6429,xrpl,rLrcTwhFaQqLEhc2swtnkjWmjtmGUpYxGW,true,0xb39645a797f2100637de5674582026beca808e89,1784987922984,2026-07-25T13:58:42.984Z,3320.936056,0,3320.936056,3320.936056,0,0,ok,ok,200,1,2026-08-05T03:22:44.063Z,
6477,xrpl,rL6UaJM3VAPAxuzA7AF4mtmRt5ATQex7UU,true,0x3eb1eac487e6210735b3bd0c9c51ad3d8f7ac2ba,1784997700481,2026-07-25T16:41:40.481Z,3092.4412779999996,3092.1201979999996,0.32108,3092.4412779999996,0,0,ok,ok,200,1,2026-08-05T03:23:27.335Z,
6480,xrpl,rhjGrJqnzHqHgUZoeMqRB51DWYpg9PZXHv,true,0xa646f193e7a50607aa858ad140a4f6600f379015,1784649089974,2026-07-21T15:51:29.974Z,3087.65981,0,3087.65981,3087.65981,0,0,ok,ok,200,1,2026-08-05T03:23:27.930Z,
6489,xrpl,rPyGbFnpYNvsNMKH5mweGwzjELHbU3xued,true,0xf31328c2412ff85415b299d7b4abab3f00c752e5,1784647118941,2026-07-21T15:18:38.941Z,3049.755439,1792.382589,1257.37285,3049.755439,0,0,ok,ok,200,1,2026-08-05T03:23:29.794Z,
6493,xrpl,rNvztcRJjbbq55JrmnQfbVh5mar38UiVEW,true,0x563ba372ace51fbd79600dbc7cc9eaf85b037b7f,1784970642107,2026-07-25T09:10:42.107Z,3027.047803,0,3027.047803,3027.047803,0,0,ok,ok,200,1,2026-08-05T03:23:30.549Z,
6502,xrpl,rJ37kmijh3gjWdFB2WvpPWgGDP3S2x44Qq,true,0xf969ccf3110a27ad5d8b8b3c99b7722da024b4ab,1784980629297,2026-07-25T11:57:09.297Z,2995.22405,2995.18011,0.04394,2995.22405,0,0,ok,ok,200,1,2026-08-05T03:23:32.379Z,
6507,xrpl,r9PVDYcMMBw7A6QYGuEf3SiNwkx3d5cTN6,true,0x6f1970686f50d31fe074c2fa5209cd66f19716cf,1784683221938,2026-07-22T01:20:21.938Z,2969.801752,0,2969.801752,2969.801752,0,0,ok,ok,200,1,2026-08-05T03:23:33.402Z,
6521,xrpl,rp2SHMZNJ5y5m3SYpSHzeGiV6nFbscjQc4,true,0x2ab5765e9b3cc5c8326aa2c148b5fce31c48c798,1784897148377,2026-07-24T12:45:48.377Z,2920.156288,0,2920.156288,2920.156288,0,0,ok,ok,200,1,2026-08-05T03:23:36.214Z,
6536,xrpl,rfNT1GVfizjh2A1k2jALttjV6ABrxqTLVH,true,0xc23c519bbb65c2b4835c229299bc81b42242d70b,1784641563672,2026-07-21T13:46:03.672Z,2888.469593,0,2888.469593,2888.469593,0,0,ok,ok,200,1,2026-08-05T03:23:39.247Z,
6537,xrpl,rD7g5tA9b5B9WoMRLzRuajZmeRMkmjPSUc,true,0x9532c428ce3926522ff606b09d151ac3da09eefd,1784816732344,2026-07-23T14:25:32.344Z,2887.721059,0,2887.721059,2625.200961,0,262.520098,ok,ok,200,1,2026-08-05T03:23:39.457Z,
6542,xrpl,rDJcrN2XbENtsAyzwa46TDaPUSowcy7NXA,true,0x68f1d2f4a013c6ce85c1e9275df715840d3561cd,1784641118500,2026-07-21T13:38:38.500Z,2869.064442,0,2869.064442,2869.064442,0,0,ok,ok,200,1,2026-08-05T03:23:40.477Z,
6553,xrpl,rpD5DQNDidZyf4UWDkKFDtoWjoZFMp24Wb,true,0x8f7542059f3e4ddd73eb64cd2d6572de94e1c6de,1785098481565,2026-07-26T20:41:21.565Z,2846.526732,0,2846.526732,2846.526732,0,0,ok,ok,200,1,2026-08-05T03:23:42.714Z,
6554,xrpl,rGZhvqtFT9bhTuWKhAXux6RTAyVgdNCL88,true,0xf036f13acca60715477d967bdac3dbfddb7a46e7,1784646655370,2026-07-21T15:10:55.370Z,2839.675374,0,2839.675374,2839.675374,0,0,ok,ok,200,1,2026-08-05T03:23:42.892Z,
6566,ethereum,0xf164655be3730c09c2a7f0bd4842168662a8fdd0,true,0xae057f2e3ed70ad4add00f6d67e76f3a6fae41ef,1785145213759,2026-07-27T09:40:13.759Z,2797.541831,0,2797.541831,2797.541831,0,0,ok,ok,200,1,2026-08-05T03:23:45.365Z,
6567,xrpl,rE8GM4k8B93cmg6JUM9toMhDWhwVvgsgcA,true,0x635c9fd10bccc2c5b06c084ad4452e4cef06b964,1784636569024,2026-07-21T12:22:49.024Z,2797.058689,0,2797.058689,2797.058689,0,0,ok,ok,200,1,2026-08-05T03:23:45.554Z,
6574,xrpl,rEVKqg7M5NLuCjgbDrV1WmgPbTETrshukV,true,0x248658a1fe34cd507eac70cdabd1847fd9356380,1784649498460,2026-07-21T15:58:18.460Z,2771.09818,0,2771.09818,2771.09818,0,0,ok,ok,200,5,2026-08-05T03:24:26.823Z,
6581,xrpl,rnTZSgZGSeYU8xdbpq46u24BQ77Fk5YyUh,true,0xc89ab156f6d193f9df8a2b0a63cc981c73ab5f5b,1784859537320,2026-07-24T02:18:57.320Z,2742.784094,850.447654,1892.33644,2742.784094,0,0,ok,ok,200,1,2026-08-05T03:24:27.605Z,
6604,xrpl,rJAHXd4cZC3xikQ9hqA93FAR7DQv1GA5kB,true,0x421fb24a0d7a84d5278d11ac3cbb87e95437eedc,1784806843349,2026-07-23T11:40:43.349Z,2661.956141,0,2661.956141,2661.956141,0,0,ok,ok,200,1,2026-08-05T03:24:32.375Z,
6605,xrpl,rEFUBCmQFRRN4efENAReEbdVvUqY4kpywd,true,0x5de170852454c356a5440ee8ceddbc9fe4975bc1,1784647731383,2026-07-21T15:28:51.383Z,2661.22653,0,2661.22653,2339.8765639999997,87.362281,233.987685,ok,ok,200,1,2026-08-05T03:24:32.519Z,
6608,xrpl,rpMH3qMpdi8NA1EatkgC2wtFM2KuWqvKd2,true,0x22e9ce7b6db26a6c446ab83929a202b094a14c37,1784715066394,2026-07-22T10:11:06.394Z,2654.607362,0,2654.607362,23.99616000000018,2628.211585,2.399617,ok,ok,200,1,2026-08-05T03:24:33.108Z,
6613,xrpl,ragjQ2vdTKUcULhjMHRkY27jijqX2PphYy,true,0x7d27e5416f97a0d5a3f38197a835efd88b1eb3ae,1784859588948,2026-07-24T02:19:48.948Z,2640.09142,1915.776152,724.315268,2640.09142,0,0,ok,ok,200,1,2026-08-05T03:24:34.130Z,
6620,xrpl,rfV6aBPGAccD3mvDuU7qgiMMPULaJmoFvo,true,0x5a08471e4d2c184aa5b347e989137d8bed17ae00,1784776671653,2026-07-23T03:17:51.653Z,2605.802156,0,2605.802156,2605.802156,0,0,ok,ok,200,1,2026-08-05T03:24:35.540Z,
6625,xrpl,raz8S5f7PiqsAMUTBjDW8zWzW1c64Z91iQ,true,0x7be7dd6428bedc56eef003cbd91586b2c4fe2d13,1785323095634,2026-07-29T11:04:55.634Z,2598.741592,0,2598.741592,2598.741592,0,0,ok,ok,200,1,2026-08-05T03:24:36.578Z,
6628,ethereum,0x716dbbd3d059be54134250d0b17409dc10aabe8e,true,0x26e3c4076432b71ed407a1da421db2216d76fbe2,1784638598847,2026-07-21T12:56:38.847Z,2585.237009,0,2585.237009,2585.237009,0,0,ok,ok,200,1,2026-08-05T03:24:37.174Z,
6633,xrpl,rfMrWfKBDxUoZHpZxQDDCm9Z3rLq1G32GV,true,0xc23c519bbb65c2b4835c229299bc81b42242d70b,1784641507872,2026-07-21T13:45:07.872Z,2564.238843,0,2564.238843,2564.238843,0,0,ok,ok,200,1,2026-08-05T03:24:38.414Z,
6645,xrpl,rnBrLhLYakLyzTiWg9yxvmUu1bbXv2gqPt,true,0xec5f559509b0a64a115b64b86c939203fe81d37c,1784645078088,2026-07-21T14:44:38.088Z,2531.378811,0,2531.378811,2531.378811,0,0,ok,ok,200,1,2026-08-05T03:24:40.626Z,
6652,xrpl,rGzfJXjvs9btFA8fvtyGx5MaBfgQ2XADZD,true,0x448dd97e7457f18e132f5b0bde39ec21ca10926c,1784817818054,2026-07-23T14:43:38.054Z,2510.856586,0,2510.856586,2510.856586,0,0,ok,ok,200,1,2026-08-05T03:24:42.021Z,
6659,xrpl,rUxLVbMc7p1mQwrAtXieVExoPHLa1KV6XQ,true,0xbdbd5d7705a2ff408de20ff43b29b394e1027945,1784639379966,2026-07-21T13:09:39.966Z,2489.734785,0,2489.734785,2464.323004,13.527488,11.884293,ok,ok,200,1,2026-08-05T03:24:43.433Z,
6661,xrpl,rKQrNf8mjU3VQMw3jeH99F8m2FDZ3WMbCz,true,0x79e0da8e8034882c84777cf7f958b62956ed8dc8,1784665394505,2026-07-21T20:23:14.505Z,2486.859469,0,2486.859469,2486.859469,0,0,ok,ok,200,1,2026-08-05T03:24:43.854Z,
6668,xrpl,rp2PL6vDTkmx4oVxUK2iCUrrwiXqayRio4,true,0xcd0fa1dbc4e36f893d992de4e9c194854c45e198,1785338763709,2026-07-29T15:26:03.709Z,2467.566602,0,2467.566602,2467.566602,0,0,ok,ok,200,1,2026-08-05T03:24:45.299Z,
6673,xrpl,rMWCRyrQroyFJoshG367xgWg9898g6ZT8J,true,0x617d67793acfd009ee9c12d60283232df7dedfb2,1785375023034,2026-07-30T01:30:23.034Z,2447.326249,1874.686699,572.63955,2447.326249,0,0,ok,ok,200,1,2026-08-05T03:24:46.270Z,
6687,xrpl,rBaY2dbvoCV1p9SWMtSRjwkcQa9r5Zry76,true,0x621ba667c3462f64d6d9ec2e23da50b651435895,1784988007400,2026-07-25T14:00:07.400Z,2387.241631,0,2387.241631,2387.241631,0,0,ok,ok,200,1,2026-08-05T03:24:49.133Z,
6690,xrpl,rUyXVVnopZgSvDNDaxJQWTWBFeCM8xY2A1,true,0xbbf3fb274db2684f60f048118d7d01325b24a154,1784687291797,2026-07-22T02:28:11.797Z,2379.983531,0,2379.983531,2379.983531,0,0,ok,ok,200,1,2026-08-05T03:24:49.741Z,
6736,xrpl,rE5K2UoBxrH7jVMsDzTCc71N9fjLiwTvMK,true,0x64da6dc3dfcef3085de419731decfa61fe6a40f3,1784897004148,2026-07-24T12:43:24.148Z,2252.35381,0,2252.35381,2047.59436,0,204.75945,ok,ok,200,1,2026-08-05T03:25:28.616Z,
6745,xrpl,rJfdsycH3bk5k5hkPKJFpzpDEUST76UAb2,true,0xe6fab07466de853e49fd145edb3f4cc3cb42d00c,1785404637946,2026-07-30T09:43:57.946Z,2203.232135,2203.133294,0.098841,2203.232135,0,0,ok,ok,200,1,2026-08-05T03:25:30.469Z,
6750,xrpl,r34fRzre5s1ZDYqCze62MwuZV5TnPcH6J7,true,0xdcc18ca3e66f0ddb43459914289c072bb2c474e7,1784723102813,2026-07-22T12:25:02.813Z,2187.977498,0,2187.977498,2187.977498,0,0,ok,ok,200,1,2026-08-05T03:25:31.469Z,
6756,xrpl,r3pYWzTfWNdVeXr9iipxBAJKRgj52MtAC2,true,0x52357c832cec362c5107f4a942180eac20cbc439,1784984802285,2026-07-25T13:06:42.285Z,2156.025461,2146.450827,9.574634,2156.025461,0,0,ok,ok,200,1,2026-08-05T03:25:32.685Z,
6757,xrpl,rfuErewR3pqYfY712HEh8UKKEMEQdSbuLD,true,0xeabf8ee34f52692a273386102aab1153ce99a4ea,1785151410743,2026-07-27T11:23:30.743Z,2155.698892,0,2155.698892,2090.941036,0,64.757856,ok,ok,200,1,2026-08-05T03:25:32.898Z,
6761,xrpl,r323S9XvmyJZ5MU9mLTUmedh8s1x2WgaNL,true,0x3a037c484ad5f05a30c32456c5b138fa44e8a720,1784686952434,2026-07-22T02:22:32.434Z,2144.507733,0,2144.507733,2144.507733,0,0,ok,ok,200,1,2026-08-05T03:25:33.699Z,
6779,xrpl,rKVWjg7ceDp71PyPx6WztBFznzwkTzhzVE,true,0x75e6ab826a795685aeedbfa733e30221f4392628,1785045139162,2026-07-26T05:52:19.162Z,2100.528824,290.416231,1810.112593,2100.528824,0,0,ok,ok,200,1,2026-08-05T03:25:37.377Z,
6780,xrpl,rMRsU1SZcAPvS6FFo9A1NxMw4HVbwdERXt,true,0x8d1999b7f9d14431d88305def6ce5e6df9be0d36,1784995697333,2026-07-25T16:08:17.333Z,2100.478924,2100.39372,0.085204,2100.478924,0,0,ok,ok,200,1,2026-08-05T03:25:37.575Z,
6788,xrpl,rsQ4gQNNPKSQxDCKPetdzea6DugRWSu6Hd,true,0x9c2ed89c38b25345d8f7dea994610a173446ced4,1784660106680,2026-07-21T18:55:06.680Z,2086.529453,1634.668925,451.860528,1896.844906,0,189.684547,ok,ok,200,1,2026-08-05T03:25:39.187Z,
6799,xrpl,r46TMJJsYoo31ruJEZGdTSu62tCbJy5iDq,true,0x209b3bceb680b55d7f04aa938cf71ce64bde3f48,1785022137307,2026-07-25T23:28:57.307Z,2046.21071,0,2046.21071,2046.21071,0,0,ok,ok,200,1,2026-08-05T03:25:41.456Z,
6846,xrpl,rNLc21YWCUk5272b3JFNJtpNpA5fNzwaZh,true,0x4e57e0e27dca8b9146f29d29222a06c6c40bd6a9,1784642627179,2026-07-21T14:03:47.179Z,1909.640751,1498.937745,410.703006,1909.640751,0,0,ok,ok,200,1,2026-08-05T03:26:29.837Z,
6861,xrpl,rH1J3qnGzXSyXUZv7u8aX64cq5zdpZikob,true,0x5c082d66dcdda59af314e8ee475d593a731fe6cb,1784720864084,2026-07-22T11:47:44.084Z,1865.427739,1055.953137,809.474602,1865.427739,0,0,ok,ok,200,1,2026-08-05T03:26:33.776Z,
6889,xrpl,rJvH4PDdAntD2TfgkJ5cZk9rAQ88ZCWa9p,true,0x21728bae85dabbe3d7ef43e58dc43450e884062d,1784678894937,2026-07-22T00:08:14.937Z,1781.917816,0,1781.917816,1619.93447,0,161.983346,ok,ok,200,1,2026-08-05T03:26:38.557Z,
6892,xrpl,rsDDa7Q5BCExCZhcuzLCiQoakBJ3uRh1tf,true,0xccbe52cbe25256ec821411a89f3793663b2e8f89,1784735159311,2026-07-22T15:45:59.311Z,1766.612628,882.901947,883.710681,1766.612628,0,0,ok,ok,200,1,2026-08-05T03:26:39.177Z,
6897,xrpl,rML8zQB5A4xcvoVBBz85TKkwXYBs2cv2un,true,0xd1de90278132c2a8f510304071416c7c24de1220,1784641441270,2026-07-21T13:44:01.270Z,1757.719118,0,1757.719118,1757.719118,0,0,ok,ok,200,1,2026-08-05T03:26:40.201Z,
6899,xrpl,rs7ETRAqjuRCDjtJaaKBvnUZny6FmKo4ek,true,0xa4527f2595aa4f0f9e58cc5b1fb950849f6ea260,1784647228787,2026-07-21T15:20:28.787Z,1756.778185,0,1756.778185,1756.778185,0,0,ok,ok,200,1,2026-08-05T03:26:40.607Z,
6913,xrpl,r3xiJvYEHADwkG9Hrh86VQ41YgkQCUgMoa,true,0x79bf9f5ea964c935fece95fbafed6d73c60fc479,1785172201636,2026-07-27T17:10:01.636Z,1720.754595,1311.174946,409.579649,1720.754595,0,0,ok,ok,200,1,2026-08-05T03:26:43.479Z,
6920,xrpl,rsmn8oe3hggxBpBXP5Fxzz3GK39uhA16U4,true,0x865e42005f87d0c883a6f2f609025bf41fa822b3,1785053375650,2026-07-26T08:09:35.650Z,1708.548708,1348.684881,359.863827,1708.548708,0,0,ok,ok,200,1,2026-08-05T03:26:44.864Z,
6925,xrpl,rGGywDE9hGBr9pfgnPj48n6jycUm5o5KjS,true,0x094984dd8aec56ebbb58d62ccca9984bf2fad111,1784991741207,2026-07-25T15:02:21.207Z,1695.692053,1286.129412,409.562641,1695.692053,0,0,ok,ok,200,1,2026-08-05T03:26:45.885Z,
6934,ethereum,0x49c4a00d054d421f6deb02af357275afec2555c8,true,0x49c4a00d054d421f6deb02af357275afec2555c8,1784640966926,2026-07-21T13:36:06.926Z,1663.017156,0,1663.017156,1663.017156,0,0,ok,ok,200,1,2026-08-05T03:26:47.717Z,
7013,xrpl,rsXbQmCqyowzaxkDiGmB3W6mfWDPNYJnyn,true,0x80e615a541e343f824ed18524b482fb3a9f6674f,1785029880652,2026-07-26T01:38:00.652Z,1582.254254,0,1582.254254,1375.873278,0,206.380976,ok,ok,200,1,2026-08-05T03:27:36.750Z,
7037,xrpl,rweJfhxRJpoKmQeNe33iDR376SNrB5mroQ,true,0xbdbd5d7705a2ff408de20ff43b29b394e1027945,1784731369200,2026-07-22T14:42:49.200Z,1542.829399,0,1542.829399,1518.632563,11.316102,12.880734,ok,ok,200,1,2026-08-05T03:27:41.591Z,
7046,xrpl,rEEUCpsxjPYeWC6aVS8Rzu8h9mh8g9eF8U,true,0x2f6935e27859b7e61a384fb560f7071932e8dccb,1784812729423,2026-07-23T13:18:49.423Z,1518.081881,0,1518.081881,1518.081881,0,0,ok,ok,200,1,2026-08-05T03:27:43.426Z,
7128,xrpl,rNXT5eGBcAQH1vTXxoBY8bY7T6U8CRHokg,true,0xf569946cd54e2879dd1143413e792be2287e991b,1784871088367,2026-07-24T05:31:28.367Z,1397.26345,0,1397.26345,1397.26345,0,0,ok,ok,200,1,2026-08-05T03:28:32.749Z,
7130,xrpl,rNRfFJUX1yKS8PnmG29f7Tajry4WU1vwfR,true,0x92a0a8ee727de9bb6f8ca4fe43ee7e3b0c1ae794,1784701734731,2026-07-22T06:28:54.731Z,1391.098284,0,1391.098284,1391.098284,0,0,ok,ok,200,1,2026-08-05T03:28:33.162Z,
7132,xrpl,rfsyUB4BamXgcQg3GjKfZu3AHJQdWiUwBb,true,0xc3b05dd20a14d4838c26f585cf3e9ac4d6e7affe,1785049723884,2026-07-26T07:08:43.884Z,1388.52205,0,1388.52205,1388.52205,0,0,ok,ok,200,1,2026-08-05T03:28:33.588Z,
7140,xrpl,rsm9mEsL57gtVDqeVkWSSja8Sca83YqgZ1,true,0xa4829170a2b346b4cd003e125fc2365344e439eb,1784639477671,2026-07-21T13:11:17.671Z,1378.644939,1070.643669,308.00127,1378.644939,0,0,ok,ok,200,1,2026-08-05T03:28:35.188Z,
7141,xrpl,rNVQEMeQwhwpMeJPWPVDtbmugSBR8wfps8,true,0xae9854e69c2b4957bd434e8909461be0f95e7a90,1784736041181,2026-07-22T16:00:41.181Z,1378.353856,0,1378.353856,1378.353856,0,0,ok,ok,200,1,2026-08-05T03:28:35.418Z,
7156,xrpl,rNDtP2hGqECNub9R4xYvEpQpy17gx6SaGy,true,0x515273f20e4ad5a547ffd3cc7dde947f07d52bbd,1784740451988,2026-07-22T17:14:11.988Z,1336.857289,0,1336.857289,1336.857289,0,0,ok,ok,200,1,2026-08-05T03:28:38.429Z,
7163,xrpl,rPkZeZaZvfHKcjD1mR67XgjTrw7Tn5GAS4,true,0x5117d51ea616f2d065e901249091f8ad93e9d884,1784644504581,2026-07-21T14:35:04.581Z,1324.195814,0,1324.195814,1324.195814,0,0,ok,ok,200,1,2026-08-05T03:28:39.869Z,
7216,xrpl,rfBRyAobfZE1UvRN2AxL9DSXR8twmAzYPR,true,0x8afc3a7cef925274be5dd261ccd4bcce4b94ec4b,1785329519234,2026-07-29T12:51:59.234Z,1284.633884,0,1284.633884,1284.633884,0,0,ok,ok,200,1,2026-08-05T03:29:29.682Z,
7224,xrpl,r36ekHMKujSdRSbTtuD72p5qTtJgSaHExG,true,0x6f007a0fbfe7043c3451a9899c13f2e27a0b868b,1784703414812,2026-07-22T06:56:54.812Z,1269.525921,739.732065,529.793856,1269.525921,0,0,ok,ok,200,1,2026-08-05T03:29:31.252Z,
7230,xrpl,r95EupE1fx6jm3D6SumojLsbudXrtTUhin,true,0x1893d2f9938d37968766ff2740a328f549838993,1784648847701,2026-07-21T15:47:27.701Z,1261.465216,0,1261.465216,1146.7865430000002,0,114.678673,ok,ok,200,1,2026-08-05T03:29:32.468Z,
7234,xrpl,rs9vMsJQK1zNacAqj3FA6Hv3to7YiipP9y,true,0x10ec9761f72c0cf24c9eade20099cce3cd496a65,1784677902144,2026-07-21T23:51:42.144Z,1255.230728,731.620205,523.610523,1255.230728,0,0,ok,ok,200,1,2026-08-05T03:29:33.272Z,
7236,xrpl,rp3tt2dPw7bfdaB22v399DZfCg5iybEzvE,true,0xbd7277b69ba4ab3843d99338cc11a22aceb5d5c7,1784648448856,2026-07-21T15:40:48.856Z,1250.538326,0,1250.538326,1250.538326,0,0,ok,ok,200,1,2026-08-05T03:29:33.699Z,
7240,xrpl,rLoobggEchoxhY8BBBEX9Z29pqi5Yoqa9z,true,0x30f0fd43212b707054d126778b9a0e0817a59012,1784727861971,2026-07-22T13:44:21.971Z,1234.449659,0,1234.449659,1127.6257220000002,0,106.823937,ok,ok,200,1,2026-08-05T03:29:34.509Z,
7243,xrpl,r47RhE7ixVM5hn18b9XCfzCJrDi1F17tTg,true,0xc25d4f90fa02104132ddb864605d3c5b2076a081,1784740345985,2026-07-22T17:12:25.985Z,1227.631016,0,1227.631016,1227.631016,0,0,ok,ok,200,1,2026-08-05T03:29:35.113Z,
7246,xrpl,rJMTZNQbe6btky8VY9PaFqAW1rheXzRviV,true,0xd798049a8ec49a3b98947144c9a262ffc3871778,1784666478125,2026-07-21T20:41:18.125Z,1224.853073,0,1224.853073,1224.853073,0,0,ok,ok,200,1,2026-08-05T03:29:35.701Z,
7247,xrpl,rP99dT6jfmx1M57DAKPJbw57HLbHutV4FW,true,0x438ef5df153145a0d8b1c299c086ad541f6e31e5,1784651385838,2026-07-21T16:29:45.838Z,1220.299399,0,1220.299399,1220.299399,0,0,ok,ok,200,1,2026-08-05T03:29:35.906Z,
7271,xrpl,rGYg2gQXBqwuLB6tkC4aRvsZCHMo4j1VPC,true,0xac779d021d53c0ef9b90dc2ab5ac883ee8b35ee9,1784672408827,2026-07-21T22:20:08.827Z,1175.56414,186.438361,989.125779,1175.56414,0,0,ok,ok,200,1,2026-08-05T03:29:40.779Z,
7280,xrpl,rKPVyQxN1H3SJFzfuohFAzYnnmUcpLN4xF,true,0x4099aa1e6135006ce94ec16a646221aad89710ec,1785030515165,2026-07-26T01:48:35.165Z,1166.865777,0,1166.865777,1166.865777,0,0,ok,ok,200,1,2026-08-05T03:29:42.625Z,
7288,xrpl,r4x9hC5CE14fG8VDCRufhKQ4eKX5XatsjY,true,0x5ed44cb56478eedeeb107360502af393eec14615,1784638922683,2026-07-21T13:02:02.683Z,1157.089866,0,1157.089866,1157.089866,0,0,ok,ok,200,1,2026-08-05T03:29:44.227Z,
7307,xrpl,rJmwaszv4ZboPBjSA82WUfswsdChs92S6T,true,0x5c387654d51be9abc3e47da975a6113a0fceaabb,1784650496467,2026-07-21T16:14:56.467Z,1118.559337,0,1118.559337,1016.8721119999999,0,101.687225,ok,ok,200,1,2026-08-05T03:29:48.100Z,
7310,xrpl,rPYMxrME7x9GruRuK9gyU3EPcccWtGXNDf,true,0x6f50bdbedf9283c0746ade62949b736c43019372,1785242169061,2026-07-28T12:36:09.061Z,1116.536483,0,1116.536483,1116.536483,0,0,ok,ok,200,1,2026-08-05T03:29:48.700Z,
7320,xrpl,rfvYS7xmHHkbUTLgbWQU3n16Qg5MUdCxh8,true,0xbc7a7b6bbed583946d4424002a378397b1ef386d,1785035903105,2026-07-26T03:18:23.105Z,1110.673063,0,1110.673063,1110.673063,0,0,ok,ok,200,4,2026-08-05T03:30:23.634Z,
7327,xrpl,rLBq6hnDxgAKwhYBDTH8znFPC5TKenhWpP,true,0x7f3a6f4d62185c5969aefc6ce324798feb4a1f7b,1784711477742,2026-07-22T09:11:17.742Z,1091.817151,0,1091.817151,1091.817151,0,0,ok,ok,200,1,2026-08-05T03:30:24.643Z,
7350,xrpl,rDVu87bJycC7g682vUVivkBt9zsBuUZbJL,true,0xcd6ef30d619afc9596082175637b1d7d4db26e70,1784640247327,2026-07-21T13:24:07.327Z,1033.971287,0,1033.971287,1033.971287,0,0,ok,ok,200,1,2026-08-05T03:30:29.315Z,
7376,xrpl,rgc7cTmtiB5uHdrvFCDJnqzzvJVRLboT2,true,0x062560e61b71c12fbda6894da84889b9178b4b17,1784856781513,2026-07-24T01:33:01.513Z,987.565694,0,987.565694,899.689687,0,87.876007,ok,ok,200,1,2026-08-05T03:30:34.957Z,
7386,xrpl,rM8SzGssFZ9AQGmUWKhmPhiTyaYN9dekCK,true,0x5d22e5006c5646899a9e02e19707ba10289a2884,1784844716529,2026-07-23T22:11:56.529Z,970.828758,969.989955,0.838803,970.828758,0,0,ok,ok,200,1,2026-08-05T03:30:36.610Z,
7422,xrpl,rPPgJUg1uzBo9XyiVrQ8DYF7oVZBm1kevK,true,0x8fb13a2fe4e00b18df459e4612acd1daff7403d4,1784682026677,2026-07-22T01:00:26.677Z,894.465822,0,894.465822,894.465822,0,0,ok,ok,200,1,2026-08-05T03:30:43.857Z,
7432,xrpl,rwcYjPmcnMr1tfCUq6Gjd4AKCQ5icapKsM,true,0x88d702d4f6602fa6ee32afdfe7cf453d6d457dd2,1785282760865,2026-07-28T23:52:40.865Z,871.225387,564.031268,307.194119,871.225387,0,0,ok,ok,200,1,2026-08-05T03:30:45.901Z,
7473,ethereum,0xe6035b0c4c12f3a5910dcb032768641c95c3a2a4,true,0xe6035b0c4c12f3a5910dcb032768641c95c3a2a4,1784638040510,2026-07-21T12:47:20.510Z,808.962157,0,808.962157,276.88718500000004,476.697535,55.377437,ok,ok,200,1,2026-08-05T03:31:27.018Z,
7478,xrpl,rscQpLxfFvGgh6Ce6LhYixZKPhx2QDZqwF,true,0x08c671435f2bbb29a61c0d42455adcd3ee34023f,1785317597304,2026-07-29T09:33:17.304Z,801.600205,0,801.600205,801.600205,0,0,ok,ok,200,1,2026-08-05T03:31:28.188Z,
7483,xrpl,rK6RjYhP9M94mqTDjSSThJgSBWV9H1Gy5U,true,0x9532c428ce3926522ff606b09d151ac3da09eefd,1784815541695,2026-07-23T14:05:41.695Z,791.296475,0,791.296475,738.298237,0,52.998238,ok,ok,200,1,2026-08-05T03:31:29.224Z,
7488,xrpl,rayqDF55mRJRJCLN7iDXqydRKKTAYnxXs,true,0xb7e098c55e97c00f34007dbdfe81e635b5adc0bb,1785293537088,2026-07-29T02:52:17.088Z,784.035696,0,784.035696,784.035696,0,0,ok,ok,200,1,2026-08-05T03:31:30.234Z,
7492,xrpl,r3VXKSqHk2PDtaSXovxWGCPwaWUbEJxMGy,true,0x3184851a07f55c7573badd97a950566952287522,1784632888417,2026-07-21T11:21:28.417Z,773.81202100000002,554.052347,219.75967400000002,773.77593900000002,0.036082,0,ok,ok,200,1,2026-08-05T03:31:31.041Z,
7503,xrpl,raD8ujr93VxJ8ZPCtP1C5LXcn1FRCop1DB,true,0xce8cd6f684ededb2aa3d40152fb69641b25a7057,1784648685413,2026-07-21T15:44:45.413Z,757.165838,757.165838,0,757.165838,0,0,ok,ok,200,1,2026-08-05T03:31:33.272Z,
7506,xrpl,rpic2ot8M5S6hSAE31jkp3QFLvE2KLPGyc,true,0xa9e0cb4e0b385b7e740234735016b39014c6cb56,1785080781212,2026-07-26T15:46:21.212Z,751.047296,0,751.047296,751.047296,0,0,ok,ok,200,1,2026-08-05T03:31:33.869Z,
7516,xrpl,rLnRFpcUd5d7QHmxenYB9f6VL8xnoN7T1U,true,0x9a3bf45d9f9ba2b95ced710f1f6706ac103d9439,1784643921971,2026-07-21T14:25:21.971Z,731.237027,0,731.237027,610.038202,0,121.198825,ok,ok,200,1,2026-08-05T03:31:35.910Z,
7527,xrpl,r3hzhQv3MJhX9XEhzHSa54LeAZRJYKhbNv,true,0xd3d27e0a6c4865ed3ce7aeae336bcf26603e9468,1784702455562,2026-07-22T06:40:55.562Z,716.334607,0,716.334607,596.945394,0,119.389213,ok,ok,200,1,2026-08-05T03:31:38.139Z,
7532,xrpl,rHtZ7eRJbmdNgXf3AShgtF9cvHoLG4F5Xe,true,0x8069e4e1cd28f2970f7b62d54f1793dc7b9cda89,1785327496206,2026-07-29T12:18:16.206Z,709.253903,0,709.253903,644.776295,0,64.477608,ok,ok,200,1,2026-08-05T03:31:39.163Z,
7581,xrpl,rU6qTsVJcNKFJz77e3DXZW1LnZETCJywLZ,true,0xda94d79707338d0f67a46aaa4a44ad192414880c,1784846711809,2026-07-23T22:45:11.809Z,637.35424,0,637.35424,637.35424,0,0,ok,ok,200,1,2026-08-05T03:32:27.862Z,
7582,xrpl,raFZBoHAGm55n95Z9eW2dS6KUbibZMi8y5,true,0xf606c6d005245ce299f585596c651c9a7aa60792,1784676891701,2026-07-21T23:34:51.701Z,635.253294,0,635.253294,635.253294,0,0,ok,ok,200,1,2026-08-05T03:32:28.074Z,
7584,xrpl,rU6FPRUQvdmtRQUstMxSBxfa37DJJrPRpj,true,0x6febef600d58b3b6d3cd5ab79db522ed3b2d7906,1784750504522,2026-07-22T20:01:44.522Z,634.963738,0,634.963738,577.24023,0,57.723508,ok,ok,200,1,2026-08-05T03:32:28.506Z,
7585,xrpl,rUBUfWLf97EEwNzaSVa5fr8R82c1X3JAw7,true,0xcad75b96193da5801056bb01085864bf7d4fddf3,1784636250551,2026-07-21T12:17:30.551Z,634.759187,634.759187,0,634.759187,0,0,ok,ok,200,1,2026-08-05T03:32:28.720Z,
7591,xrpl,rUZQuTgXuPBbUNYoyaS6MBGz5uP4fKv8eb,true,0x503a241b1dc374a20db89284cdd0ce1ec030ddc7,1784712052597,2026-07-22T09:20:52.597Z,627.629184,576.35556,51.273624,627.629184,0,0,ok,ok,200,1,2026-08-05T03:32:29.946Z,
7615,xrpl,rUYbEDVPmeQkdkcTEgWwKgmgUw3NBLqG7B,true,0x8f0fb154012b191912242c43756cf7c7b80af800,1784553999279,2026-07-20T13:26:39.279Z,602.870336,0,602.870336,602.870336,0,0,ok,ok,200,1,2026-08-05T03:32:36.029Z,
7619,xrpl,rpc65YeSxiKWZbPk2wuzoor4RFesGvZcnx,true,0x9b53da52267866a045837b3d666f8c62164ef01b,1784673067427,2026-07-21T22:31:07.427Z,594.987089,0,594.987089,540.897547,0,54.089541999999994,ok,ok,200,1,2026-08-05T03:32:36.824Z,
7631,xrpl,rj4yT8CQc9y3jYxR5cwtJRD353B6qGQcA,true,0x8df7d6282fdabf44e59025b42c24468834f15921,1784684933208,2026-07-22T01:48:53.208Z,575.859752,0,575.859752,575.859752,0,0,ok,ok,200,1,2026-08-05T03:32:39.261Z,
7655,xrpl,rntaJGPbbuVfLPYnhfzZL2XrSJLM3d2cqd,true,0x4e1b69cbeaa3232b7eaa4012ea5e78eeeb0fe0d8,1784721540707,2026-07-22T11:59:00.707Z,564.477215,0,564.477215,513.161095,0,51.31612,ok,ok,200,1,2026-08-05T03:32:44.110Z,
7675,xrpl,rJyfYn14hBdduRvgxfoh6ydHgCfTf5GV28,true,0xce4a20601e8c13c5070f14bb88a6354ae20b202d,1784957953826,2026-07-25T05:39:13.826Z,559.583688,0,559.583688,559.583688,0,0,ok,ok,200,1,2026-08-05T03:32:48.142Z,
7689,xrpl,rBeCpPkwSi7dcrmWXYve3HxzbdoENazhCe,true,0x9c0f46573d07ec8b6c62c2c0129aea05b81f2f1a,1784699713082,2026-07-22T05:55:13.082Z,550.147437,0,550.147437,550.147437,0,0,ok,ok,200,4,2026-08-05T03:33:23.192Z,
7692,xrpl,rM3WZhWqGpwRtGehs9y77q4Wgr6hmkRxMw,true,0xf33adefa06beef4820fe6faa343af393944ae7f3,1784641858277,2026-07-21T13:50:58.277Z,548.886258,0,548.886258,548.886258,0,0,ok,ok,200,3,2026-08-05T03:33:20.949Z,
7718,xrpl,rGiHBJ6QorgNCz9V1vsLTNeoEf6pekAPdc,true,0x41d3947599020fed10eac6b05c8134616b294a65,1784639266640,2026-07-21T13:07:46.640Z,527.466188,0,527.466188,527.466188,0,0,ok,ok,200,1,2026-08-05T03:33:26.630Z,
7731,xrpl,rfmiKBo91BGaC3tdmV5SNKE5mCiewvRvqd,true,0x001fd714a40531c7283ded84ed1edea4b69caa56,1784642734279,2026-07-21T14:05:34.279Z,515.205822,0,515.205822,515.205822,0,0,ok,ok,200,1,2026-08-05T03:33:29.242Z,
7733,xrpl,rnP6u8dJMF1vHx8nxKVd6DhoMXhpHzYquh,true,0xf0d9a893315e45da5d2735b07d02391bc7b2c322,1785000170726,2026-07-25T17:22:50.726Z,514.476376,0,514.476376,514.476376,0,0,ok,ok,200,1,2026-08-05T03:33:29.672Z,
7737,xrpl,rs3YXbMRBPsaNqbQuA6r6XL3bSsQUeUMU6,true,0x2f34e81f34294563e3a5a780adc1b83ea0d5d602,1785067734671,2026-07-26T12:08:54.671Z,512.010913,0,512.010913,465.464466,0,46.546447,ok,ok,200,1,2026-08-05T03:33:30.482Z,
7748,xrpl,ra9wWfN1QeB5aaSsi9btBz5dZhfY6DcH41,true,0x3d968dfc11504654e2f69e24049dcddcea218b55,1784643352302,2026-07-21T14:15:52.302Z,504.643911,384.22013,120.423781,504.643911,0,0,ok,ok,200,1,2026-08-05T03:33:32.708Z,
7755,xrpl,rJatcZs59xFVvmizGiftRZLdnhd6omy5vB,true,0x416f59b171fd5cfdbe58a9aabc552239f4b64c91,1785120224257,2026-07-27T02:43:44.257Z,495.799225,0,495.799225,495.799225,0,0,ok,ok,200,1,2026-08-05T03:33:34.129Z,
7758,xrpl,ra4GeKv3xamQnXDcUtUfD4vP5T4R9myrqJ,true,0x9948e05c198b1a2bfdb7d5e22fece913baf8eb98,1784733298231,2026-07-22T15:14:58.231Z,493.818832,0,493.818832,493.818832,0,0,ok,ok,200,1,2026-08-05T03:33:34.741Z,
7766,xrpl,r7nxX3fwgGFezSioyCUgorebWigubF6PY,true,0x6961ffad3428e9ae1a498d901dc72e5e33833eca,1784681021974,2026-07-22T00:43:41.974Z,487.370162,0,487.370162,487.370162,0,0,ok,ok,200,1,2026-08-05T03:33:36.329Z,
7788,xrpl,rPSSYD5D5SiAbRUNcbGB7JouU2KRNH8qAu,true,0xf43f3ac8c01b799c4b38ce6effaacefc1dd5bf99,1784916467851,2026-07-24T18:07:47.851Z,471.236267,0,471.236267,471.236267,0,0,ok,ok,200,1,2026-08-05T03:33:40.803Z,
7791,xrpl,rwMasCTMLb5thz1kzcCbXSKro8o8cGLPuq,true,0xdc8e76e6e8b634e9fecec782907665c04ea7b8b6,1784663949453,2026-07-21T19:59:09.453Z,469.772215,0,469.772215,427.06563400000005,0,42.706581,ok,ok,200,1,2026-08-05T03:33:41.399Z,
7793,xrpl,raHEzs2sL8bnNRE4tGQBmeoAnmZT54Qtjg,true,0x9df86e29460d13a9c96f85f8e78c1836158222a0,1785255053259,2026-07-28T16:10:53.259Z,467.059243,0,467.059243,467.059243,0,0,ok,ok,200,1,2026-08-05T03:33:41.823Z,
7804,ethereum,0x8aea71d1398fc29a084521e9328b2d7bb37da47e,true,0x8aea71d1398fc29a084521e9328b2d7bb37da47e,1784802723610,2026-07-23T10:32:03.610Z,457.71991,0,457.71991,457.71991,0,0,ok,ok,200,1,2026-08-05T03:33:44.070Z,
7826,ethereum,0xd3a1b8db6921b938b3626f2db02e2258d8d17bc3,true,0xd3a1b8db6921b938b3626f2db02e2258d8d17bc3,1784638007272,2026-07-21T12:46:47.272Z,443.670139,0,443.670139,403.33648700000003,0,40.333652,ok,ok,200,1,2026-08-05T03:34:28.126Z,
7830,ethereum,0xa9c98372d6e08a4816115f4df9409259651d0b50,true,0xa9c98372d6e08a4816115f4df9409259651d0b50,1784637990270,2026-07-21T12:46:30.270Z,442.316075,0,442.316075,402.105527,0,40.210548,ok,ok,200,1,2026-08-05T03:34:28.863Z,
7835,ethereum,0x7e2fa00a33f4a0b4f323fcf76339865dc5ef31f8,true,0x7e2fa00a33f4a0b4f323fcf76339865dc5ef31f8,1784637943828,2026-07-21T12:45:43.828Z,438.950668,0,438.950668,399.046065,0,39.904603,ok,ok,200,1,2026-08-05T03:34:29.876Z,
7837,ethereum,0x9e0584da53b86d13882b0daf40e499cbd33f1e5e,true,0x9e0584da53b86d13882b0daf40e499cbd33f1e5e,1784637749731,2026-07-21T12:42:29.731Z,436.549515,0,436.549515,396.86319399999996,0,39.686321,ok,ok,200,1,2026-08-05T03:34:30.253Z,
7838,ethereum,0xc506d91e10203c48b1eddbda728886959165ced9,true,0xc506d91e10203c48b1eddbda728886959165ced9,1784637769944,2026-07-21T12:42:49.944Z,436.219173,0,436.219173,396.56289100000004,0,39.656282,ok,ok,200,1,2026-08-05T03:34:30.463Z,
7839,ethereum,0x56682a24f42007915804bcf366c5265749561bff,true,0x56682a24f42007915804bcf366c5265749561bff,1784637916060,2026-07-21T12:45:16.060Z,435.871136,0,435.871136,396.246486,0,39.62465,ok,ok,200,1,2026-08-05T03:34:30.673Z,
7840,ethereum,0xd5287e4166f633ab982e5adb29240352d7eb94f8,true,0xd5287e4166f633ab982e5adb29240352d7eb94f8,1784637891659,2026-07-21T12:44:51.659Z,435.687773,0,435.687773,396.079793,0,39.60798,ok,ok,200,1,2026-08-05T03:34:30.871Z,
7842,ethereum,0x6de1d3a2b7ddf040b39f8f3eac363d7145cec3f1,true,0x6de1d3a2b7ddf040b39f8f3eac363d7145cec3f1,1784638194547,2026-07-21T12:49:54.547Z,435.506438,0,435.506438,395.91494,0,39.591498,ok,ok,200,1,2026-08-05T03:34:31.264Z,
7843,ethereum,0xe95fb5d31bf99115ea41e0108e42208198b78962,true,0xe95fb5d31bf99115ea41e0108e42208198b78962,1784638113109,2026-07-21T12:48:33.109Z,435.350612,0,435.350612,395.773293,0,39.577319,ok,ok,200,1,2026-08-05T03:34:31.473Z,
7844,ethereum,0x0cbf1879dbda7fe7d7af4a22d8012229151dd7ad,true,0x0cbf1879dbda7fe7d7af4a22d8012229151dd7ad,1784637717364,2026-07-21T12:41:57.364Z,434.846464,0,434.846464,395.31496300000003,0,39.531501,ok,ok,200,1,2026-08-05T03:34:31.679Z,
7845,ethereum,0xb435cace8473f0433d34ea6a985713c1f84625d2,true,0xb435cace8473f0433d34ea6a985713c1f84625d2,1784637851938,2026-07-21T12:44:11.938Z,434.49781,0,434.49781,394.99801,0,39.4998,ok,ok,200,1,2026-08-05T03:34:31.881Z,
7846,ethereum,0x650e690fa81393a44c963378476eecab03ce1eb0,true,0x650e690fa81393a44c963378476eecab03ce1eb0,1784638057206,2026-07-21T12:47:37.206Z,434.207216,0,434.207216,394.733835,0,39.473381,ok,ok,200,1,2026-08-05T03:34:32.088Z,
7850,ethereum,0x027e217f83d099a8caa0cbe7c42abf5be32cd9fb,true,0x027e217f83d099a8caa0cbe7c42abf5be32cd9fb,1784913871565,2026-07-24T17:24:31.565Z,431.980943,0,431.980943,431.980943,0,0,ok,ok,200,1,2026-08-05T03:34:32.893Z,
7864,xrpl,rHwYx5csqmagoygwYsAs8aPjCd1St3xHo6,true,0xfe0f4136733b6dba42e3dace007b0efe31f1dd5f,1785255340335,2026-07-28T16:15:40.335Z,420.044265,0,420.044265,420.044265,0,0,ok,ok,200,1,2026-08-05T03:34:35.786Z,
7905,xrpl,rnVNrpmmC2SMZj9BXVscRbU3ggV6soRz3w,true,0x3184851a07f55c7573badd97a950566952287522,1784635924358,2026-07-21T12:12:04.358Z,379.220131,218.315845,160.904286,379.220131,0,0,ok,ok,200,1,2026-08-05T03:34:44.069Z,
7910,xrpl,rHx55FTgq4xHw7R1QzauZPDnStw4xzwqmN,true,0x2f60f45b3f28667d77446127a827df8ba60b2eeb,1784967357582,2026-07-25T08:15:57.582Z,375.693731,0,375.693731,375.693731,0,0,ok,ok,200,1,2026-08-05T03:34:45.072Z,
7913,xrpl,rMiLikcRf1bYfwF9B16RteUwwdDtAdjACA,true,0x327358c0d99ff3731941955a9a7c6f43da3dbd8d,1784872864044,2026-07-24T06:01:04.044Z,371.677254,0,371.677254,371.677254,0,0,ok,ok,200,1,2026-08-05T03:34:45.667Z,
7926,xrpl,rJCKoty9q2RxH2ruKYRBcHwooUJ5VvbCXA,true,0x10631ab956bd2fddb17d65252ca2bd03a2680b5b,1784981060347,2026-07-25T12:04:20.347Z,359.928366,358.256373,1.671993,359.928366,0,0,ok,ok,200,1,2026-08-05T03:34:48.313Z,
7929,xrpl,rwwkvQXXZ812RBhNmwq7vH5YnAysixUtsu,true,0x4ace4d3964839e2cdba743a11764b017f1213fd4,1784648547456,2026-07-21T15:42:27.456Z,357.638626,0,357.638626,325.126015,0,32.512611,ok,ok,200,1,2026-08-05T03:34:48.923Z,
7930,xrpl,rE4tTyugFwg8eRRCjkL9tQSCwPr2kJbb19,true,0xae057f2e3ed70ad4add00f6d67e76f3a6fae41ef,1784688022904,2026-07-22T02:40:22.904Z,356.974673,124.227264,232.747409,356.974673,0,0,ok,ok,200,1,2026-08-05T03:34:49.104Z,
7952,xrpl,rE8ajQgCFcz6fA8UVGegsXGjzJX6d9W6e6,true,0x9b53da52267866a045837b3d666f8c62164ef01b,1784673218342,2026-07-21T22:33:38.342Z,337.318284,0,337.318284,306.653194,0,30.66509,ok,ok,200,1,2026-08-05T03:35:23.766Z,
7953,ethereum,0xfed618487df926c7d260c1bf6d441a7473701b89,true,0xfed618487df926c7d260c1bf6d441a7473701b89,1784637681136,2026-07-21T12:41:21.136Z,335.147871,203.547539,131.600332,328.925589,0,6.222282,ok,ok,200,1,2026-08-05T03:35:24.185Z,
7960,xrpl,rVaYqpQDaLQGnp4QAf5PgycesSDhdo87h,true,0xb01da48df9c95145e4017c2d6834757fa5b7545d,1785402625264,2026-07-30T09:10:25.264Z,329.529792,329.259267,0.270525,329.529792,0,0,ok,ok,200,1,2026-08-05T03:35:25.626Z,
7961,ethereum,0xce98844b262ec87d4d7df138f342142f9023978a,true,0xce98844b262ec87d4d7df138f342142f9023978a,1784746999959,2026-07-22T19:03:19.959Z,328.322287,0,328.322287,328.322287,0,0,ok,ok,200,1,2026-08-05T03:35:26.225Z,
7964,xrpl,rDo1w1RULXBMqmDpy3sPmkaiGRfxx1iGAX,true,0xd8037d111b486762111acfc41f4d2a961a8ab412,1784637360612,2026-07-21T12:36:00.612Z,327.106536,224.22124,102.885296,299.04173699999999,0,28.064799000000001,ok,ok,200,1,2026-08-05T03:35:26.586Z,
7973,xrpl,rwWHHQhUwJM5kwG5kxL8JVyYHhyAqrkNfQ,true,0xa5b8f3dce07e8aa8812066babd0f1545da4e6649,1784780610244,2026-07-23T04:23:30.244Z,317.46713,0,317.46713,317.46713,0,0,ok,ok,200,1,2026-08-05T03:35:28.212Z,
7984,xrpl,rEUjQnrnWvVZCzTJhQfc6Hcbjc7DwaC3pF,true,0x9ccab9cfb3912a4289c5bbea1ab02c6512e97ab3,1784639412977,2026-07-21T13:10:12.977Z,309.77375,0,309.77375,281.612475,0,28.161275,ok,ok,200,1,2026-08-05T03:35:30.425Z,
7997,xrpl,rvSbYUNs5AZycKmXgEsaKyrv2BaL61Myb,true,0x6b250ebb46c74d484e7367d6fd3fa59e009adb3e,1785149727448,2026-07-27T10:55:27.448Z,303.740369,0,303.740369,303.740369,0,0,ok,ok,200,1,2026-08-05T03:35:33.065Z,
8000,xrpl,r3tHba4sRy8x3wR3zFqHsihwC8PsGuWSX,true,0x21941e2a5f6fb6321e77dcd6a190b15f1f3ce934,1784651110859,2026-07-21T16:25:10.859Z,301.996812,0,301.996812,301.996812,0,0,ok,ok,200,1,2026-08-05T03:35:33.666Z,
8001,xrpl,r4uqbDTwdAptFqLDC2GCsD68hCVvR6oTwa,true,0xa7213244d8c82a6c97d6a4e83e2a1c0b4d541448,1784650014971,2026-07-21T16:06:54.971Z,301.960859,0,301.960859,301.960859,0,0,ok,ok,200,1,2026-08-05T03:35:33.866Z,
8010,xrpl,raFGjE5ZY29L2Z8mneV1g9fopi4MK9pvAC,true,0xa7a8b45d70858040f961614bb3b24e189566b397,1784673151388,2026-07-21T22:32:31.388Z,297.410716,0,297.410716,270.373383,0,27.037333,ok,ok,200,1,2026-08-05T03:35:35.718Z,
8013,ethereum,0xc59f0c8c4bc35ae93a4c027ee039bc2b604ac3a5,true,0xc59f0c8c4bc35ae93a4c027ee039bc2b604ac3a5,1785054921211,2026-07-26T08:35:21.211Z,294.814989,0,294.814989,294.814989,0,0,ok,ok,200,1,2026-08-05T03:35:36.325Z,
8053,xrpl,rhPRp237wyE4qHg4ps1iezsoFKUEf38TRg,true,0x5ffe17b7f1f15b12df80a023d34d83f50cc076a7,1785095760256,2026-07-26T19:56:00.256Z,269.874634,0,269.874634,245.340574,0,24.53406,ok,ok,200,1,2026-08-05T03:35:44.427Z,
8064,xrpl,rUKiYMebidRgRMnMUm6hw3s3bKHbeVnpYj,true,0x2d1f95beb2a6c7e163b70756b18d03db1fcd7a6a,1784987434113,2026-07-25T13:50:34.113Z,262.398845,0,262.398845,262.398845,0,0,ok,ok,200,5,2026-08-05T03:36:27.081Z,
8075,xrpl,rPFeEEvqWbh79iFhRzSTu2U6fuwLBo4bXF,true,0x5c4a76a429d499920ca05e9f4ca5f38716d37fe7,1784896654290,2026-07-24T12:37:34.290Z,254.310044,0,254.310044,231.190944,0,23.1191,ok,ok,200,1,2026-08-05T03:36:28.091Z,
8096,xrpl,rHtVhmm6ARYtYsSuAgwqaXP4Ybo52HueNS,true,0x966f7e49bce4897d0c9974754ff0d697c89baf43,1785024557265,2026-07-26T00:09:17.265Z,243.585864,0,243.585864,243.585864,0,0,ok,ok,200,1,2026-08-05T03:36:32.329Z,
8120,xrpl,rHrza3vSZWZededEHDR72hVWSHQUazc1pr,true,0xb95ef940ae7dd2b9a3f6f49a3c8ed5e75191f1a6,1785006323713,2026-07-25T19:05:23.713Z,229.596973,152.83366,76.763313,229.596973,0,0,ok,ok,200,1,2026-08-05T03:36:37.206Z,
8140,xrpl,rK6iekSRe6PrSbNK4eCeLQWmaFY1HBesrd,true,0x33191fd5f26549885b938e059b01f665c90f6db4,1785146089356,2026-07-27T09:54:49.356Z,222.920727,105.845307,117.07542,222.920727,0,0,ok,ok,200,1,2026-08-05T03:36:41.259Z,
8146,xrpl,rnJVRPWWVNNeNegnjujs3bDzWWwzUvtS1Q,true,0x0d9c209bd967695f601706dd7b0800b926b81391,1785151734539,2026-07-27T11:28:54.539Z,220.356706,220.310422,0.046284,220.356706,0,0,ok,ok,200,1,2026-08-05T03:36:42.486Z,
8195,xrpl,r98awvxzuPCU5utScGQ5W7LVwnTHvzJogt,true,0xbdefa6462a1b03d013b6993a424ce0f8a48b7dad,1784787596415,2026-07-23T06:19:56.415Z,196.560143,0,196.560143,179.46937400000002,0,17.090769,ok,ok,200,1,2026-08-05T03:37:24.556Z,
8358,xrpl,rndZEEB3GCxbxh2WUYycJ3PCyfJje2UWfV,true,0xa2fb24202db6c0b120e91a1b2ff671dbbbe88e2d,1785278894082,2026-07-28T22:48:14.082Z,183.198295,0,183.198295,183.198295,0,0,ok,ok,200,1,2026-08-05T03:38:31.911Z,
8599,xrpl,rP2kxbrL4gSz8nS6TbT3qooMF3UTG882dP,true,0x2d05c24ab7e27d9d38d5c2d4976a9c9afc9c2606,1784797017482,2026-07-23T08:56:57.482Z,175.005154,0,175.005154,159.09560100000002,0,15.909552999999999,ok,ok,200,1,2026-08-05T03:40:34.402Z,
8736,xrpl,r3D83WTAV1ye6uAuFmrvHftmvEQJzrVJiU,true,0xf35bbf292661d2cca098c36edb50bfc8a34450c1,1785398575942,2026-07-30T08:02:55.942Z,171.073108,10.136854,160.936254,171.073108,0,0,ok,ok,200,1,2026-08-05T03:41:32.115Z,
8741,xrpl,rG6NRQNeV7A8qVB1YbkGMyeZepYRDVeMDc,true,0xabc15b31559c9a9ff3ecda8e2fedbf496feadff6,1784640089095,2026-07-21T13:21:29.095Z,170.659303,0.021063,170.63824,55.95018499999999,114.709118,0,ok,ok,200,1,2026-08-05T03:41:33.169Z,
8873,xrpl,r3QFi6qC7f9pD7jAff6tBcAonshtMPUpe4,true,0x451187382d6f3c5740196694a4645eb284afac75,1784637450661,2026-07-21T12:37:30.661Z,167.793349,74.410651,93.382698,131.10449300000001,23.578428,13.110428,ok,ok,200,1,2026-08-05T03:42:38.943Z,
8877,xrpl,rPgrht56MLZHToS4qFmLQuM5tdM5HQeYXk,true,0x2d1f95beb2a6c7e163b70756b18d03db1fcd7a6a,1784986359512,2026-07-25T13:32:39.512Z,167.509788,0,167.509788,167.509788,0,0,ok,ok,200,1,2026-08-05T03:42:39.750Z,
8907,xrpl,rEo2TCZ2dfmLbnnYfnMjv9GDVGYcWsHGhH,true,0x9fbd4d230da608b3720f4a475fb1e198e3af170d,1784639973077,2026-07-21T13:19:33.077Z,166.403453,72.356075,94.047378,140.625055,11.715885,14.062513,ok,ok,200,1,2026-08-05T03:42:45.829Z,
9010,xrpl,rUXHxCwEBAxsmASabmekQoxi8qvJe7iaRm,true,0x033396d433c87ff07652d4a258ea1f7bf4088f34,1784638071327,2026-07-21T12:47:51.327Z,165.053412,72.263657,92.789755,117.93490699999999,35.324999,11.793506,ok,ok,200,1,2026-08-05T03:43:39.081Z,
9344,xrpl,rGqCDddastVCXcvycru17ExzcbWq87Am4W,true,0x0529c1875a963935f8b8621ddba9d427aaafb6e6,1785302263970,2026-07-29T05:17:43.970Z,156.12397,0,156.12397,156.12397,0,0,ok,ok,200,1,2026-08-05T03:46:32.008Z,
9466,xrpl,rH8BCJq1369sxFW9NB9Wf2cbi2Pwzay79Q,true,0x3ab5d4a205361b6a1b169b826cd24b4cdd51b7f9,1784638327650,2026-07-21T12:52:07.650Z,152.553378,66.433643,86.119735,117.351001000000006,23.467266,11.735111,ok,ok,200,1,2026-08-05T03:47:29.925Z,
9467,xrpl,rPHogb2EqFhYeQAbv3yq8RmD9pb8Hqgxsb,true,0x120dcb7a777a04ec6a9cc0f6ec1d0ea31195a5f6,1784638899182,2026-07-21T13:01:39.182Z,152.536502,66.398218,86.138284,117.335767,23.467148,11.733587,ok,ok,200,1,2026-08-05T03:47:30.102Z,
9587,xrpl,rU2Tb67EUweNTxWEAgtxzFCRRUgH9z2N4x,true,0x284522de155920e150d79fb24e2b845e3a33acd7,1784662351473,2026-07-21T19:32:31.473Z,150.249018,0,150.249018,150.249018,0,0,ok,ok,200,1,2026-08-05T03:48:33.365Z,
9677,xrpl,rnJYygH6tQnWnkrSS4TZKSyhzgjYZy92rp,true,0xddaf79cf778b2338d010206e15dc408065ada541,1785156609145,2026-07-27T12:50:09.145Z,147.182616,110.879546,36.30307,147.182616,0,0,ok,ok,200,1,2026-08-05T03:49:21.026Z,
9825,xrpl,r4uHceDAZUsuC3jaDWTfu7hqRd4j6FyTF3,true,0x6428c2483c427be972cd47456b42900275abf05c,1784639916460,2026-07-21T13:18:36.460Z,143.049788,62.265279,80.784509,117.262712,14.060793,11.726283,ok,ok,200,1,2026-08-05T03:50:26.376Z,
9867,xrpl,rU8jiEQAmqQBPVfYT9YPGnjpwsAnpgrRVs,true,0x76399c125d8c976f33f1b1fe4e0d99928140a8f8,1784638638009,2026-07-21T12:57:18.009Z,142.209274,0,142.209274,123.65988999999999,6.183401,12.365983,ok,ok,200,1,2026-08-05T03:50:35.270Z,
9921,xrpl,rJgEdgQv4U7gRo3Nob9iBqGoNdMsk1oLMs,true,0xd2c100561239414c286f687b9ba3a3f33ed7f311,1784641958005,2026-07-21T13:52:38.005Z,141.587146,0,141.587146,141.587146,0,0,ok,ok,200,5,2026-08-05T03:51:25.723Z,
9948,xrpl,rLycygYHdgqKHHjS7Qg5L4ac3ix27GtCgg,true,0x49b6f79de9b16b9d0568a12f2c1a9c584afcd8c9,1784640090616,2026-07-21T13:21:30.616Z,140.976489,61.266607,79.709882,117.187419,12.07031,11.71876,ok,ok,200,1,2026-08-05T03:51:31.065Z,
9955,xrpl,rfQ7qjSHMLY6sUuBvTnf5qScXXBfpSbeZy,true,0x13d644dd2655b810be253bab62857a7808f255d5,1784638262821,2026-07-21T12:51:02.821Z,140.85574,61.326091,79.529649,117.37976600000001,11.737987,11.737987,ok,ok,200,1,2026-08-05T03:51:32.445Z,
9956,xrpl,rfbnRW1dut1YVuUQtPs54ezUgZNRkv8G9j,true,0x81f5633a94e287add4b51dec28fc33e42bb464f4,1784639236495,2026-07-21T13:07:16.495Z,140.854858,61.290591,79.564267,117.379046,11.737906,11.737906,ok,ok,200,1,2026-08-05T03:51:32.663Z,
9957,xrpl,rpscLtiZDupQ3QvxtznkXCC6cdZe8WK1bk,true,0x659a92b62ca7de275786127b85715737b314d27d,1784639627510,2026-07-21T13:13:47.510Z,140.851792,61.287594,79.564198,117.378948,11.734945,11.737899,ok,ok,200,1,2026-08-05T03:51:32.853Z,
9961,xrpl,rwf8PQimceZKyxvH7aPNxhbRg4GEpJR1Yj,true,0x2329817343770956c84ae45e35b3707ca24d62dd,1784638456673,2026-07-21T12:54:16.673Z,140.820309,61.290709,79.5296,117.35023700000001,11.735036,11.735036,ok,ok,200,1,2026-08-05T03:51:33.678Z,
9962,xrpl,rsZNKjStiRyhKYstAPzrpmQArDX4FjvRwE,true,0xbd0a88db1223dc71fe03ca36209ef9965e65fe83,1784638821371,2026-07-21T13:00:21.371Z,140.820226,61.29068,79.529546,117.35017200000001,11.735027,11.735027,ok,ok,200,1,2026-08-05T03:51:33.879Z,
9963,xrpl,rrnfJEYcBnxYU9VLmRNzCUfM3CbKXPPxdd,true,0x1a86eeb4a5f7ba55537769f141175080e9f3878d,1784639034191,2026-07-21T13:03:54.191Z,140.820126,61.290637,79.529489,117.350098,11.735014,11.735014,ok,ok,200,1,2026-08-05T03:51:34.106Z,
9965,xrpl,rMo5ZDQGofz93xy1LH4cyaRhbmA1rj42vj,true,0x377e51090e2ef3995f21d91401c96f7e51e9ea3a,1784639299847,2026-07-21T13:08:19.847Z,140.802727,61.290587,79.51214,117.335608,11.733556,11.733563,ok,ok,200,1,2026-08-05T03:51:34.485Z,
9966,xrpl,rGLrMyNazWSDLxxdnGJmnPxfFFXbJZro2L,true,0xf70bc7f73b5823978e6f2bc2ed298bcffd07b3ff,1784639169424,2026-07-21T13:06:09.424Z,140.785502,61.290591,79.494911,117.321248,11.732127,11.732127,ok,ok,200,1,2026-08-05T03:51:34.688Z,
9967,xrpl,rDfCmXkH81AM4XgfhcKyCU1PNLMvrVY5Ux,true,0x9f05967353c587de5455e665711a2e97c8c733f2,1784638524306,2026-07-21T12:55:24.306Z,140.768513,61.290705,79.477808,117.30707999999999,11.730712,11.730721,ok,ok,200,1,2026-08-05T03:51:34.891Z,
9968,xrpl,rE4e7VfKkvz3eGpvGMxaHxtcdDP1a9jJzg,true,0x709d327fa7a966f685a53261ddac7a2a7620afd7,1784638749166,2026-07-21T12:59:09.166Z,140.768439,61.29068,79.477759,117.307015,11.730712,11.730712,ok,ok,200,1,2026-08-05T03:51:35.091Z,
9969,xrpl,r3f6UnSkMxo67m39kZzYWshu6jGMkrUWT7,true,0xd16c0544be660fed32136929ea671c0542b30990,1784639105738,2026-07-21T13:05:05.738Z,140.768328,61.290631,79.477697,117.306941,11.730688,11.730699,ok,ok,200,1,2026-08-05T03:51:35.300Z,
9970,xrpl,rDsft2cELNv8CVZhWMLJN2UuMVAaRtrAoJ,true,0xe050bc47fe44f25b8534862f75340a1ce8a3d4a6,1784639417661,2026-07-21T13:10:17.661Z,140.76812,61.290548,79.477572,117.306757999999994,11.730681,11.730681,ok,ok,200,1,2026-08-05T03:51:35.497Z,
9971,xrpl,rN7Zx9MzGQ6ZzotibR7SB2goNiW21JkKL2,true,0xc8489203792641df927eff89322559ab5ed38509,1784639686707,2026-07-21T13:14:46.707Z,140.767169,61.255097,79.512072,117.30597,11.730597,11.730602,ok,ok,200,1,2026-08-05T03:51:35.682Z,
9972,xrpl,rNvyKaurDrzyVQfj7g7kkHS3yVMUEi3LGb,true,0xe36d0bf1cb412dbe0174736860aade6ac20ecb7c,1784639745552,2026-07-21T13:15:45.552Z,140.767083,61.255058,79.512025,117.305888999999995,11.730597,11.730597,ok,ok,200,1,2026-08-05T03:51:35.892Z,
9973,xrpl,rKuFdqiHr4xRN8Ck1N2UjMEqnzetZs6mXF,true,0xa8072266bb73980576c50336ce1d38b387f0458d,1784639808286,2026-07-21T13:16:48.286Z,140.767078,61.255057,79.512021,117.305889,11.730592,11.730597,ok,ok,200,1,2026-08-05T03:51:36.105Z,
9975,xrpl,rEfSvTY6J9RZ1UokDbkzwdfERpLc2ZKtoa,true,0x77b9562673cf45e23db4d73fdab1548a4c2a7750,1784639861911,2026-07-21T13:17:41.911Z,140.732481,61.255014,79.477467,117.27704700000001,11.727717,11.727717,ok,ok,200,1,2026-08-05T03:51:36.510Z,
9976,xrpl,rPQxi2BPFRphBYKrRrf1oQHGmKmy6YK8ic,true,0x4fa41b799b0e2d4ae01bd3996b5124a6a45a8a07,1784640025586,2026-07-21T13:20:25.586Z,140.624939,61.113825,79.511114,117.18741900000001,11.71876,11.71876,ok,ok,200,1,2026-08-05T03:51:36.720Z,
10236,xrpl,rAfYVZzhJThruMMcCAHcYCbjyiX7vfTvN,true,0xeeeb643ed7a58d44f63e7822894b056cd1ce9310,1784640197064,2026-07-21T13:23:17.064Z,132.724362,57.701582,75.02278,120.65848999999999,0,12.065872,ok,ok,200,1,2026-08-05T03:53:34.501Z,
10256,xrpl,rNU4oqh7cioUia9k16W1VRgD1Vc14WSbKj,true,0xcafe312b42bde71b5686b364b2b808c437c4eaa8,1784642905874,2026-07-21T14:08:25.874Z,132.482524,0,132.482524,132.482524,0,0,ok,ok,200,1,2026-08-05T03:53:38.550Z,
10342,xrpl,rhY8UKyHRPkkCEa9Y8466aZUFmv7jgeMzG,true,0x5f04c0b98be7a698a6b037f9d386f7bacfab74fa,1784637999064,2026-07-21T12:46:39.064Z,129.760478,56.853929,72.906549,117.964056,0,11.796422,ok,ok,200,1,2026-08-05T03:54:34.883Z,
10343,xrpl,rLHvezT3ya2DqUhDHq6dyQowaeetwKGJqu,true,0x3262f236a9d1099d3f6e53049b98d773a6b4ede6,1784638196291,2026-07-21T12:49:56.291Z,129.760351,56.821909,72.938442,117.963941,0,11.79641,ok,ok,200,1,2026-08-05T03:54:35.114Z,
10345,xrpl,rJn91UPNQWWR4oZYhiYwjHdn5vSiEKwHV2,true,0x64d267e5cb935bfd82605eeec412c8e87051e124,1784638135083,2026-07-21T12:48:55.083Z,129.680938,56.821909,72.859029,117.89174800000001,0,11.78919,ok,ok,200,1,2026-08-05T03:54:35.486Z,
10360,xrpl,rfZFLN9WUHwA79VoDjQMqdAQrB1ugNv1u3,true,0x03d28be91b0aebc11a55487bed12bfa0c08df8dc,1784638969540,2026-07-21T13:02:49.540Z,129.085112,56.183094,72.902018,117.350098,0,11.735014,ok,ok,200,1,2026-08-05T03:54:38.537Z,
10363,xrpl,rBowps9tYcjaTitnUJGXaWsv1oyaUNJUjc,true,0xd823cc413428ab6196d6162094dbd302e54ade11,1784638396001,2026-07-21T12:53:16.001Z,129.070207,56.215563,72.854644,117.33653999999999,0,11.733667,ok,ok,200,1,2026-08-05T03:54:39.141Z,
10563,xrpl,rBsfHHG7neFwhJivpn2WeaHwUWraUSiPWZ,true,0x2339ef1a0ec78ded75a5b83560777e479c768987,1785334930594,2026-07-29T14:22:10.594Z,124.310279,0,124.310279,113.00933099999999,0,11.300948,ok,ok,200,1,2026-08-05T03:56:25.483Z,
10873,xrpl,rBopNeANezcF7xPX2Qts5cPyr5WPj2u7dw,true,0x8cb88c72b47f6406cd6437b40f5c4c210c3b3b46,1784687383912,2026-07-22T02:29:43.912Z,113.571418,0,113.571418,113.571418,0,0,ok,ok,200,1,2026-08-05T03:58:42.224Z,
10881,xrpl,rB6qtYiszZ2Sr42MvBkYw2YJjnys9eMHj1,true,0x4cb4c202a46422552bbc98ad3750c2f662eb5d3b,1785331141525,2026-07-29T13:19:01.525Z,112.459332,0,112.459332,112.459332,0,0,ok,ok,200,1,2026-08-05T03:58:43.842Z,
10892,xrpl,rUqwk8d5icrchfhFDCHnnaUot7VER9nMHW,true,0x790963d8f988d21d7982013fa7edd2c986a2e818,1784805807887,2026-07-23T11:23:27.887Z,111.00177599999999,0,111.00177599999999,111.00177599999999,0,0,ok,ok,200,1,2026-08-05T03:58:46.079Z,
10921,xrpl,rKXTx7SxZP4apsLtj3dNH1SgiYr6LNMhcp,true,0x4616275e7e80834458280ee623a7c035778098fa,1784805794513,2026-07-23T11:23:14.513Z,100.633079,34.496123,66.136956,100.633079,0,0,ok,ok,200,1,2026-08-05T03:59:24.234Z,
10955,xrpl,rHY8Z3CTLSSUH3ccuMhtjWGTxskb6NP8TK,true,0x5f5922e309827e00e8b70ae7bef64198a3f20ddd,1784651066460,2026-07-21T16:24:26.460Z,90.262913,0,90.262913,90.262913,0,0,ok,ok,200,1,2026-08-05T03:59:31.126Z,
10961,xrpl,rNaGCwkWDpt4qtSbNiWw1SeTJjfCw7Jdrm,true,0x1c864d90fd0771fd9a31954091386e68a7a16422,1784986303882,2026-07-25T13:31:43.882Z,89.312941,62.39891,26.914031,89.312941,0,0,ok,ok,200,1,2026-08-05T03:59:32.331Z,
10963,xrpl,r3823j6W2Xw5MMe4BeWeGtLozTkRmTMwhc,true,0xb150e412ddcc7e49acda08315e8c5af7885a5f85,1784645688390,2026-07-21T14:54:48.390Z,88.732385,0,88.732385,88.732385,0,0,ok,ok,200,1,2026-08-05T03:59:32.743Z,
10964,xrpl,rEgn967Y3xv9DmfGjeQcSziak9aP1qcer1,true,0xfcbd83a733d381776b76e1b9c8895d41016c2513,1784641264264,2026-07-21T13:41:04.264Z,88.670398,0,88.670398,88.670398,0,0,ok,ok,200,1,2026-08-05T03:59:32.960Z,
10968,xrpl,rURStWxnDWP3Syp7eKJDsY3gB9gwVu6Xj3,true,0x51a416a465408b5355faf4e4424a07456d0faaa6,1785380855678,2026-07-30T03:07:35.678Z,85.385553,64.893598,20.491955,85.385553,0,0,ok,ok,200,1,2026-08-05T03:59:33.766Z,
10977,xrpl,rEPy77DoSDbsyorzXLupkz8oZy5FAKFbaC,true,0x197d65eeecf9393446ef4aa20a79b7ecb644566d,1785180759338,2026-07-27T19:32:39.338Z,83.492872,0,83.492872,83.492872,0,0,ok,ok,200,1,2026-08-05T03:59:35.582Z,
10982,xrpl,rhhaxYnLoxpkkU2TqPSm8G8aMVfzcaLvUq,true,0x4d5aec7283cdd6adacf9174880cbf29dd492334b,1784777226303,2026-07-23T03:27:06.303Z,81.644984,48.371891,33.273093,81.644984,0,0,ok,ok,200,1,2026-08-05T03:59:36.582Z,
10988,xrpl,rMSQDAxdZSG6ZaxnTFCyLujmzt7in7LhSX,true,0x12c1a950e35ef1521832472971c8714b7e7428d9,1784637826204,2026-07-21T12:43:46.204Z,81.140113,0,81.140113,62.598624,12.36072,6.180769,ok,ok,200,1,2026-08-05T03:59:37.814Z,
10990,xrpl,rHTwnJJD3DvvXsmrXdbsDnL8G4T9YgFWy5,true,0x42cbfc7ff7da22f9e794097e1919efd1953896e2,1784655659565,2026-07-21T17:40:59.565Z,80.840497,0,80.840497,80.840497,0,0,ok,ok,200,1,2026-08-05T03:59:38.212Z,
10996,ethereum,0xcec69b83e2ff2d4ae957f8ffc11b3c6af8d12ada,true,0xcec69b83e2ff2d4ae957f8ffc11b3c6af8d12ada,1784735308197,2026-07-22T15:48:28.197Z,79.443649,0,79.443649,79.443649,0,0,ok,ok,200,1,2026-08-05T03:59:39.447Z,
11000,xrpl,rUmzXndbNi5SWFnJ9KFTD77sfuZeeuLKBJ,true,0x2d96ea1786dbf70e2035e3dbce137508808b6767,1784678262504,2026-07-21T23:57:42.504Z,77.495895,0,77.495895,77.495895,0,0,ok,ok,200,1,2026-08-05T03:59:40.250Z,
11003,xrpl,rwSs1BUFA2vR89tvLiNo3ZoFPmjWWxsiT,true,0xc15be9f0685c5d30a001977f8ec061391f5cfa0d,1784641074907,2026-07-21T13:37:54.907Z,77.018545,2.653884,74.364661,76.638522,0,0.380023,ok,ok,200,1,2026-08-05T03:59:40.859Z,
11009,xrpl,rKG898u8AKD8cmgcMkQ9rpvk2KTuEwNdRq,true,0xecffa608f6cbc0f30d3678e1e9b483f30f733a9c,1784641497224,2026-07-21T13:44:57.224Z,75.368277,0,75.368277,75.368277,0,0,ok,ok,200,1,2026-08-05T03:59:42.079Z,
11010,xrpl,rPF9DJqGAmamSchWKTHPsDv9hn5AJdBrqt,true,0x6efa8e284558837c7589fccb61953e93b4a8d149,1784639070480,2026-07-21T13:04:30.480Z,75.255997,0,75.255997,75.255997,0,0,ok,ok,200,1,2026-08-05T03:59:42.286Z,
11020,xrpl,rJCpn7YCSQvgYsK69B2AUpU6Z5fahVXnjD,true,0x7c8e64bc316d26173c6a45f5bf2e29d834314986,1785243933930,2026-07-28T13:05:33.930Z,72.843868,0,72.843868,63.89812599999999,2.555929,6.389813,ok,ok,200,1,2026-08-05T03:59:44.320Z,
11059,xrpl,raxvPGQ3uF8XErHYvb1KRkLV8zin7de5v5,true,0x27b00038bfa1286c0734b387a3d7681581410a8e,1784793635632,2026-07-23T08:00:35.632Z,64.687292,0,64.687292,64.687292,0,0,ok,ok,200,1,2026-08-05T04:00:25.455Z,
11071,xrpl,rDKpJtAWWQxTcLgbtK9zwy9d7uo9V8V6Ay,true,0xb7a7b80c46c62268945c212253919a1038d13d3f,1784733958364,2026-07-22T15:25:58.364Z,63.353002,0,63.353002,57.593638999999996,0,5.759363,ok,ok,200,1,2026-08-05T04:00:28.102Z,
11088,xrpl,rNsQcon2K2eLhccfN86rUYVgchPbcSM4oE,true,0xa285bac7a9432bf1ce39bddb7c9182a84a640550,1785341448821,2026-07-29T16:10:48.821Z,61.533555,0.704908,60.828647,61.533555,0,0,ok,ok,200,1,2026-08-05T04:00:31.541Z,
11111,xrpl,rMCQji7pK19s148mUmBhYcYwEdVWZ3MZCN,true,0x9b53da52267866a045837b3d666f8c62164ef01b,1784673256009,2026-07-21T22:34:16.009Z,57.307865,0,57.307865,52.098058,0,5.209807,ok,ok,200,1,2026-08-05T04:00:36.205Z,
11140,xrpl,rPKGnTamjZ5hUrpKmXdAmwkSy2ctVXxDhj,true,0xf50b21cf91800d08c8810bffe4171978c725618c,1784647504787,2026-07-21T15:25:04.787Z,54.44188,0,54.44188,49.492622,0,4.949258,ok,ok,200,1,2026-08-05T04:00:42.087Z,
11171,xrpl,rEm3u2Ass5ssE7NJZ1ssdSo9d4626wM3JL,true,0xd89d3cba0585cab8060d6a94d5d6f02900815eac,1784642831805,2026-07-21T14:07:11.805Z,48.646275,0,48.646275,48.646275,0,0,ok,ok,200,1,2026-08-05T04:01:22.848Z,
11196,xrpl,rBPrL2TZZiRsNRCLwEs4A55gmXUcrSKPXq,true,0x7e5c3a62a35ddb900781c16322c3b159eed3f7e7,1784643196517,2026-07-21T14:13:16.517Z,42.571697,0,42.571697,42.571697,0,0,ok,ok,200,1,2026-08-05T04:01:28.134Z,
11209,xrpl,rHFrC9C8gQzyxw8PZbTDZ26B3CT9dBEtD9,true,0x9b53da52267866a045837b3d666f8c62164ef01b,1784673623504,2026-07-21T22:40:23.504Z,40.445398,0,40.445398,36.768536999999995,0,3.676861,ok,ok,200,1,2026-08-05T04:01:30.777Z,
11222,xrpl,rDDLVmjc8gzg2PfhtxSgJFzVeVUKTurDxK,true,0x29487fe67170c10bc294b812abc0361edb1dbc90,1784725212892,2026-07-22T13:00:12.892Z,38.86436,29.707778,9.156582,38.86436,0,0,ok,ok,200,1,2026-08-05T04:01:33.441Z,
11228,xrpl,rn2VrX5X2khDy6Bsym3vwSGv8v4Px7XwqM,true,0x3184851a07f55c7573badd97a950566952287522,1784635829443,2026-07-21T12:10:29.443Z,38.217971000000001,6.485034000000001,31.732937,38.217971000000001,0,0,ok,ok,200,1,2026-08-05T04:01:34.661Z,
11231,xrpl,radgrFcH81gCRrmT67FuDtfXbQLpR4f2Lo,true,0x9b53da52267866a045837b3d666f8c62164ef01b,1784673451471,2026-07-21T22:37:31.471Z,38.018783,0,38.018783,34.562522,0,3.456261,ok,ok,200,1,2026-08-05T04:01:35.283Z,
11239,xrpl,rLHxxpuMJmFf6ci2onusegGtQZdoABGXbR,true,0xddd057ef9f96578e8b070b7a89ab6204642e0390,1784638377807,2026-07-21T12:52:57.807Z,37.479723,0,37.479723,31.29925,3.09014,3.090333,ok,ok,200,1,2026-08-05T04:01:36.881Z,
11241,xrpl,rP2cALbBkLpCeT9gMdGZQgP6UejnsSD9gU,true,0x119738637ac64d5965df6039e1b77054c28b47ee,1784979586631,2026-07-25T11:39:46.631Z,37.08201,0,37.08201,30.901536999999998,3.090333,3.09014,ok,ok,200,1,2026-08-05T04:01:37.285Z,
11244,xrpl,rHZqNBWENkGJAE8iyoGW4xaeYVJLcu5oAe,true,0x9b53da52267866a045837b3d666f8c62164ef01b,1784673563371,2026-07-21T22:39:23.371Z,36.771536,0,36.771536,36.771536,0,0,ok,ok,200,1,2026-08-05T04:01:37.891Z,
11248,xrpl,rP79LYaLhVbb8eZp48phmfhY6JMKwseoud,true,0xc6f089771479ecdf0931928876bc38a6ecf83147,1785064652648,2026-07-26T11:17:32.648Z,36.000687,0,36.000687,34.677287,0,1.3234,ok,ok,200,1,2026-08-05T04:01:38.730Z,
11254,xrpl,rLedUXKiPzh6ueWj2arWv3XQaDfeLCrcz8,true,0xc15be9f0685c5d30a001977f8ec061391f5cfa0d,1784549036292,2026-07-20T12:03:56.292Z,34.396826,5.066901,29.329925,34.116834,0.057478,0.222514,ok,ok,200,1,2026-08-05T04:01:39.937Z,
11308,ethereum,0xa0af5c79b3de08a038e402718db129ef32daa1e2,true,0xa0af5c79b3de08a038e402718db129ef32daa1e2,1784639920083,2026-07-21T13:18:40.083Z,24.744386,0,24.744386,24.744386,0,0,ok,ok,200,2,2026-08-05T04:02:34.672Z,
11312,xrpl,rwvuXvB8HcbBNrGrxe7zQ6CYNx1Ssmrcwk,true,0x752d25c162a699e637c77b543f8af2733191ca63,1784916818961,2026-07-24T18:13:38.961Z,23.645434,0,23.645434,23.645434,0,0,ok,ok,200,1,2026-08-05T04:02:35.139Z,
11314,ethereum,0x4ef6f9798712205a704e8d4e686f577700d5a1dc,true,0x4ef6f9798712205a704e8d4e686f577700d5a1dc,1784736681774,2026-07-22T16:11:21.774Z,23.300419,0,23.300419,23.300419,0,0,ok,ok,200,1,2026-08-05T04:02:35.563Z,
11334,xrpl,rM1anWajT8zKYfaLXsbmv57ky66uZziQx7,true,0xe13a016a12a51a4c6f89c65a41772dcd15e601fc,1784715847764,2026-07-22T10:24:07.764Z,22.079695,0,22.079695,21.410212,0,0.669483,ok,ok,200,1,2026-08-05T04:02:39.616Z,
11344,xrpl,r4uwdWeGJeKkSZnQUnrKfXzsshn1aqqrgH,true,0xdc2280e4148d2e1cb682d048f774448dc96b9102,1784659133332,2026-07-21T18:38:53.332Z,21.092713,0,21.092713,21.092713,0,0,ok,ok,200,1,2026-08-05T04:02:41.676Z,
11347,ethereum,0x0d90f0dc3ac049649fe9069747a3c3afa17a348b,true,0x8cbf72ba1b6a4028c0f5a60a543d61884323a21e,1784641236905,2026-07-21T13:40:36.905Z,20.789263,0,20.789263,20.789263,0,0,ok,ok,200,1,2026-08-05T04:02:42.246Z,
11351,xrpl,rMzEVAoaZUcQ5gahizwZQVBQ2imWKWfXL2,true,0xa11175402ff9ffd9c75eeabcc55c3ce6bfdaf350,1784643998824,2026-07-21T14:26:38.824Z,20.290766,0,20.290766,20.290766,0,0,ok,ok,200,1,2026-08-05T04:02:43.053Z,
11352,ethereum,0x4458eee9966c49173a0d6a7bcb4bb55281886d48,true,0x50efc5f065ad1a7c705f05888de0b0f3e91b8b3a,1784642605471,2026-07-21T14:03:25.471Z,20.236093,0,20.236093,20.236093,0,0,ok,ok,200,1,2026-08-05T04:02:43.256Z,
11410,xrpl,rEmWN4EbypR4RA32qJXPndTAwYhqVPAeo2,true,0x9b53da52267866a045837b3d666f8c62164ef01b,1784673397158,2026-07-21T22:36:37.158Z,14.893294,0,14.893294,13.539354,0,1.35394,ok,ok,200,1,2026-08-05T04:03:21.535Z,
11424,xrpl,rhKTQeFQFhXvRTvg7qbKgLcH9JJ9c6c6ph,true,0x9b53da52267866a045837b3d666f8c62164ef01b,1784673338026,2026-07-21T22:35:38.026Z,14.062573,0,14.062573,12.784139,0,1.278434,ok,ok,200,1,2026-08-05T04:03:24.372Z,
11434,ethereum,0x3184851a07f55c7573badd97a950566952287522,true,0x3184851a07f55c7573badd97a950566952287522,1784637977796,2026-07-21T12:46:17.796Z,12.653806,2.248712,10.405094,12.653806,0,0,ok,ok,200,1,2026-08-05T04:03:26.385Z,
11470,xrpl,rJq7ewmNVmMEJXpExdSao24kMCCgvK5fC7,true,0xd8037d111b486762111acfc41f4d2a961a8ab412,1784637150707,2026-07-21T12:32:30.707Z,9.339771,1.629964,7.709807,9.339771,0,0,ok,ok,200,1,2026-08-05T04:03:33.656Z,
11482,xrpl,r3JTNW81U8TQhq59DFxKosrtoN1LTrra8Z,true,0xc9750ae9f25aeb6dfeab369e514907ea0c24a3d8,1784669777038,2026-07-21T21:36:17.038Z,8.184002,0,8.184002,8.184002,0,0,ok,ok,200,1,2026-08-05T04:03:36.106Z,
11501,xrpl,rLee4z8vPZY8dfK9VA7XLkrwSCVC6FoQR,true,0x9b53da52267866a045837b3d666f8c62164ef01b,1784673296448,2026-07-21T22:34:56.448Z,6.258859,0,6.258859,5.689879,0,0.56898,ok,ok,200,1,2026-08-05T04:03:39.969Z,
11549,xrpl,rKdeYHcpntExAqaCSmiS9tR8vkuFXDgjn2,true,0x6fd65677deddb088fc523bb9a41f85edad71c585,1784932149865,2026-07-24T22:29:09.865Z,3.276103,0,3.276103,3.276103,0,0,ok,ok,200,1,2026-08-05T04:04:28.250Z,
11551,xrpl,rLYmVeeap8Zzn6gHrKCLmZYAg7cdfjUSUQ,true,0xf4836a89c27ecd5e58d7a0ffafbeb58fc52b7363,1784690564597,2026-07-22T03:22:44.597Z,3.237449,0,3.237449,3.237449,0,0,ok,ok,200,1,2026-08-05T04:04:28.670Z,
11564,xrpl,rGn4Z6zQExAD1VQUrcWozaY7X3jxHk2xhE,true,0x3184851a07f55c7573badd97a950566952287522,1784636209806,2026-07-21T12:16:49.806Z,2.535781,0.107237,2.428544,2.535781,0,0,ok,ok,200,1,2026-08-05T04:04:31.298Z,
11565,xrpl,rLy9AbhBmMLBBhkLM5pBYhKRNLJiyyuhg5,true,0x837c0f678c1512b4e01e3c9b026a95cba9229418,1784666839958,2026-07-21T20:47:19.958Z,2.446361,0,2.446361,2.446361,0,0,ok,ok,200,1,2026-08-05T04:04:31.475Z,
11586,xrpl,rQBMmAok15kvwyqrUdpcR5k7KKYydM9q21,true,0x0cdba086df31873256b122b3ac915c06da43e7cd,1784686308439,2026-07-22T02:11:48.439Z,1.722179,0,1.722179,1.722179,0,0,ok,ok,200,1,2026-08-05T04:04:35.721Z,
11623,xrpl,rPe8aB7B8gBkkXMhneeSDAeXcnpVJbFYC1,true,0x4d5aec7283cdd6adacf9174880cbf29dd492334b,1784776507938,2026-07-23T03:15:07.938Z,0.749924,0.746075,0.003849,0.749924,0,0,ok,ok,200,1,2026-08-05T04:04:43.211Z,
11626,xrpl,rwYBSubP4kWERtpxatjkwiFDrx2RgdPJ6W,true,0xafb3fde713608d4276e63754f54298c050cf6620,1784637308424,2026-07-21T12:35:08.424Z,0.69997,0,0.69997,0.6086969999999999,0,0.091273,ok,ok,200,1,2026-08-05T04:04:43.834Z,
11640,xrpl,r3HPsH1iWPzBc8GEaTne7UxdY4rjygN3w4,true,0x366f90ce923875d69e92f675f4cfb92a334ad8b2,1784637564298,2026-07-21T12:39:24.298Z,0.396658,0,0.396658,0.36060200000000003,0,0.036056,ok,ok,200,1,2026-08-05T04:04:46.657Z,
11669,xrpl,rJVd5nJZgfAqTZwNWubZ4z9cAmCN21NNos,true,0xf9ef83168fc811d08f8bb04a86192b1c1113b4ac,1784636697162,2026-07-21T12:24:57.162Z,0.197277,0,0.197277,0.197277,0,0,ok,ok,200,1,2026-08-05T04:05:24.948Z,
