"Rank","Address","XDP Allocation","Raw Amount","Block","Tx Hash"
"1","0x27206c6c93a396d35c2689211e4d4900a2b5bb1e","3810174.281130738856518769","3810174281130738856518769","51115411","0xe479692caeeddc05c74f9000c9c1034afa63777a4f7c39f9852407cde44c2052"
"2","0x0796343999a48d4da7f7f451d534a8f1122e5155","2680117.613988643966367191","2680117613988643966367191","51115411","0xe479692caeeddc05c74f9000c9c1034afa63777a4f7c39f9852407cde44c2052"
"3","0x878b91e76d8d35f682a46f698436a2b2632b85ea","2566155.752802524346226594","2566155752802524346226594","51115411","0xe479692caeeddc05c74f9000c9c1034afa63777a4f7c39f9852407cde44c2052"
"4","0x52b4d4ab470a99a61d00dad3de0b9f8d997f67f8","1644774.591916392160799049","1644774591916392160799049","51115411","0xe479692caeeddc05c74f9000c9c1034afa63777a4f7c39f9852407cde44c2052"
"5","0x338631548bdc0800fd5a50cc92d421783abaacf6","1346112.280249012555757713","1346112280249012555757713","51115411","0xe479692caeeddc05c74f9000c9c1034afa63777a4f7c39f9852407cde44c2052"
"6","0xd7266bdfe20b53f0255774812d6ab387a27af77e","1209250.063308492216449065","1209250063308492216449065","51115411","0xe479692caeeddc05c74f9000c9c1034afa63777a4f7c39f9852407cde44c2052"
"7","0x76467d7de017b2192b14c96313aeb658708995a9","1136942.970595314901640974","1136942970595314901640974","51115411","0xe479692caeeddc05c74f9000c9c1034afa63777a4f7c39f9852407cde44c2052"
"8","0x19e24bd38a27ba7eff0a7491e307134e3e19f167","1108733.968827048147906351","1108733968827048147906351","51115411","0xe479692caeeddc05c74f9000c9c1034afa63777a4f7c39f9852407cde44c2052"
"9","0x4f2dbdb2b1723063344f1d5695cab4eae76aa104","1015270.273772996115485293","1015270273772996115485293","51115411","0xe479692caeeddc05c74f9000c9c1034afa63777a4f7c39f9852407cde44c2052"
"10","0x84a71d95187364f52b0465ada46e0370ba2685d0","965594.220883167592717201","965594220883167592717201","51115411","0xe479692caeeddc05c74f9000c9c1034afa63777a4f7c39f9852407cde44c2052"
"11","0xfaf97b50e112bb1044813dcc5b8b0336bfb54742","894408.6322679907726491","894408632267990772649100","51115411","0xe479692caeeddc05c74f9000c9c1034afa63777a4f7c39f9852407cde44c2052"
"12","0xae4783c3afda170d7b29cee976e1187c6e79fe84","869647.710876452790874673","869647710876452790874673","51115411","0xe479692caeeddc05c74f9000c9c1034afa63777a4f7c39f9852407cde44c2052"
"13","0xf723bc950fabb459be458c7e85f82dc18d252ae9","862403.974859711141321141","862403974859711141321141","51115411","0xe479692caeeddc05c74f9000c9c1034afa63777a4f7c39f9852407cde44c2052"
"14","0x76addf75c40177c0e50d80df89d23c4847dbf349","837862.517107545557366542","837862517107545557366542","51115411","0xe479692caeeddc05c74f9000c9c1034afa63777a4f7c39f9852407cde44c2052"
"15","0xfcc81ebf56841258cf027d823e5cfdc50f4e659a","794700.757950918778681676","794700757950918778681676","51115411","0xe479692caeeddc05c74f9000c9c1034afa63777a4f7c39f9852407cde44c2052"
"16","0xdf54b322123811d5aafef1e588e345ba5ae51cc9","774520.471259523127311806","774520471259523127311806","51115411","0xe479692caeeddc05c74f9000c9c1034afa63777a4f7c39f9852407cde44c2052"
"17","0x3fcf78e9d34a0177a7c2ca28ae5a9862c57f8525","750000","750000000000000000000000","51115411","0xe479692caeeddc05c74f9000c9c1034afa63777a4f7c39f9852407cde44c2052"
"18","0x5535c7c08bd04c0ee3d2ab0729d1147e65f73579","742971.85929602691034809","742971859296026910348090","51115411","0xe479692caeeddc05c74f9000c9c1034afa63777a4f7c39f9852407cde44c2052"
"19","0xe79210c952a8944bd6d820ff4e624ed3272aafb4","717941.73135955109842047","717941731359551098420470","51115411","0xe479692caeeddc05c74f9000c9c1034afa63777a4f7c39f9852407cde44c2052"
"20","0x14611eb26013bbed4aa514a44bfc0e4c3e06224a","675786.639076413253237652","675786639076413253237652","51115411","0xe479692caeeddc05c74f9000c9c1034afa63777a4f7c39f9852407cde44c2052"
"21","0xa4831d804c1b87121bdc2c75cb234ee548d04d75","667493.464330098167430532","667493464330098167430532","51115411","0xe479692caeeddc05c74f9000c9c1034afa63777a4f7c39f9852407cde44c2052"
"22","0x7b2bb473d54bd55dc6b0cdbff4520bce96c91deb","644318.941519872775179859","644318941519872775179859","51115411","0xe479692caeeddc05c74f9000c9c1034afa63777a4f7c39f9852407cde44c2052"
"23","0xeb3eabfa281c0c82258941fc8efa76f83f762827","606202.408256621107061668","606202408256621107061668","51115411","0xe479692caeeddc05c74f9000c9c1034afa63777a4f7c39f9852407cde44c2052"
"24","0xb2fa7182a4aad85fd7bcd4fa74097d60fedb37ea","534761.918832458990493312","534761918832458990493312","51115411","0xe479692caeeddc05c74f9000c9c1034afa63777a4f7c39f9852407cde44c2052"
"25","0x5cababe9fb9d47c53be7619285f9702d70965f6b","523402.510576915243707116","523402510576915243707116","51115411","0xe479692caeeddc05c74f9000c9c1034afa63777a4f7c39f9852407cde44c2052"
"26","0xa09702df4754ed369ef4c003da4582c25a29fd19","440690.793123926037751268","440690793123926037751268","51115411","0xe479692caeeddc05c74f9000c9c1034afa63777a4f7c39f9852407cde44c2052"
"27","0x79bcb20738663cdbc48185af2e15492f00acda5d","435902.009768156125671114","435902009768156125671114","51115411","0xe479692caeeddc05c74f9000c9c1034afa63777a4f7c39f9852407cde44c2052"
"28","0x4f3046c4a371a6ae0f4fbb151e62d9db02c3caba","398745.947387809761173744","398745947387809761173744","51115411","0xe479692caeeddc05c74f9000c9c1034afa63777a4f7c39f9852407cde44c2052"
"29","0xfadf5083f0ac449961a8a072370021706f723321","387653.250694539165880763","387653250694539165880763","51115411","0xe479692caeeddc05c74f9000c9c1034afa63777a4f7c39f9852407cde44c2052"
"30","0x2ef8bd5232d7f97493ad0a760e04a29f789d537b","384775.948576926433968298","384775948576926433968298","51115411","0xe479692caeeddc05c74f9000c9c1034afa63777a4f7c39f9852407cde44c2052"
"31","0x9c0202c7d0008bf8ca42b885543480cde820c788","378318.208272069582838357","378318208272069582838357","51115411","0xe479692caeeddc05c74f9000c9c1034afa63777a4f7c39f9852407cde44c2052"
"32","0x30d63d9e30f424f067d640e46663c97a554cbc01","373072.985542172172833285","373072985542172172833285","51115411","0xe479692caeeddc05c74f9000c9c1034afa63777a4f7c39f9852407cde44c2052"
"33","0xa6088b87759c7b8747f8c6634b4c6fb3e1d6094e","370346.688374128526730261","370346688374128526730261","51115411","0xe479692caeeddc05c74f9000c9c1034afa63777a4f7c39f9852407cde44c2052"
"34","0x96095d01d40b4f8c6e33a7d4f888cc2d320537cc","365524.086941897480885378","365524086941897480885378","51115411","0xe479692caeeddc05c74f9000c9c1034afa63777a4f7c39f9852407cde44c2052"
"35","0xa4acdace5b8a39eb2f900a8a0e333082525d70e1","363854.268040446017185212","363854268040446017185212","51115411","0xe479692caeeddc05c74f9000c9c1034afa63777a4f7c39f9852407cde44c2052"
"36","0x8a2d12cf5c93631ecd558df8e8e0d1317a46fb35","345251.090242868993274781","345251090242868993274781","51115411","0xe479692caeeddc05c74f9000c9c1034afa63777a4f7c39f9852407cde44c2052"
"37","0x0c20d9c872475fa722876c90459bb387c56a2ecb","341707.483856508445080934","341707483856508445080934","51115411","0xe479692caeeddc05c74f9000c9c1034afa63777a4f7c39f9852407cde44c2052"
"38","0x17761b5f07c1820b5d4e0de03e01f2bc019ecc9d","317118.291044708260637794","317118291044708260637794","51115411","0xe479692caeeddc05c74f9000c9c1034afa63777a4f7c39f9852407cde44c2052"
"39","0x663f5fe05233acedaf5e4876d3ad01de46991318","312433.687792716008724477","312433687792716008724477","51115411","0xe479692caeeddc05c74f9000c9c1034afa63777a4f7c39f9852407cde44c2052"
"40","0x5f405b8e0d066ac97ffaf9bdbffe0596b1416054","301222.568478021165820153","301222568478021165820153","51115411","0xe479692caeeddc05c74f9000c9c1034afa63777a4f7c39f9852407cde44c2052"
"41","0xe027b87e116aab1ea608de1e1489f7c6d1bfb9f8","284427.019300144285335537","284427019300144285335537","51115411","0xe479692caeeddc05c74f9000c9c1034afa63777a4f7c39f9852407cde44c2052"
"42","0x5471c5c88134b32a2e56b98b493f934098b50edc","281632.129461739255342762","281632129461739255342762","51115411","0xe479692caeeddc05c74f9000c9c1034afa63777a4f7c39f9852407cde44c2052"
"43","0xd3b877c0afe99e760e5596b1520fd00cf568b4e7","272355.023442479245926225","272355023442479245926225","51115411","0xe479692caeeddc05c74f9000c9c1034afa63777a4f7c39f9852407cde44c2052"
"44","0xb022d4be0908305104f41697232b8aa9bb652fcb","254387.427014848275258429","254387427014848275258429","51115411","0xe479692caeeddc05c74f9000c9c1034afa63777a4f7c39f9852407cde44c2052"
"45","0x78eb593cc4d8f63933f0d0f70b318defbc3ac706","253920.799801972541625309","253920799801972541625309","51115411","0xe479692caeeddc05c74f9000c9c1034afa63777a4f7c39f9852407cde44c2052"
"46","0x577c0d2f955ca69a139e5aaba41b619c7002ec57","253227.3624270615050535","253227362427061505053500","51115411","0xe479692caeeddc05c74f9000c9c1034afa63777a4f7c39f9852407cde44c2052"
"47","0xc1b3c2bcf4a51257e2bd5f0ef01826aa07fa0ed7","251750.687481116868276644","251750687481116868276644","51115411","0xe479692caeeddc05c74f9000c9c1034afa63777a4f7c39f9852407cde44c2052"
"48","0x2d1f95beb2a6c7e163b70756b18d03db1fcd7a6a","245316.371978497222931468","245316371978497222931468","51115411","0xe479692caeeddc05c74f9000c9c1034afa63777a4f7c39f9852407cde44c2052"
"49","0xad1f6a12f59ede17b709f560f464981c3c34aead","241413.777877241220110131","241413777877241220110131","51115411","0xe479692caeeddc05c74f9000c9c1034afa63777a4f7c39f9852407cde44c2052"
"50","0x8ea32c5cd13f878b418b72b7d19cdfeb75e56f96","233615.243762829408378241","233615243762829408378241","51115411","0xe479692caeeddc05c74f9000c9c1034afa63777a4f7c39f9852407cde44c2052"
"51","0xc758cd6a39a8eb18e98df2a4f38dc8ac72742994","233220.160280412798459102","233220160280412798459102","51115411","0xe479692caeeddc05c74f9000c9c1034afa63777a4f7c39f9852407cde44c2052"
"52","0xca09d3e2ece2b05b3058f07678828ae8bdb0845c","232298.861320061295640452","232298861320061295640452","51115411","0xe479692caeeddc05c74f9000c9c1034afa63777a4f7c39f9852407cde44c2052"
"53","0xce5ca792dad0ec6e1a72d3016219c2da24ab1b87","221188.359148719333327009","221188359148719333327009","51115411","0xe479692caeeddc05c74f9000c9c1034afa63777a4f7c39f9852407cde44c2052"
"54","0x03b239c1502e447fdc19757ae4ef35bb5cac523a","221031.751281950407080596","221031751281950407080596","51115411","0xe479692caeeddc05c74f9000c9c1034afa63777a4f7c39f9852407cde44c2052"
"55","0xe776f1440d2e25266ca5fdf13950c53dc3c4f0e1","218438.391579488372751451","218438391579488372751451","51115411","0xe479692caeeddc05c74f9000c9c1034afa63777a4f7c39f9852407cde44c2052"
"56","0xba4d8b4e3425b0dc658605f67b673c3ccae47bd4","216731.420651229687466195","216731420651229687466195","51115411","0xe479692caeeddc05c74f9000c9c1034afa63777a4f7c39f9852407cde44c2052"
"57","0x92771256fdb01c0ddf86d18f6def572b34e61906","216203.412566598423086985","216203412566598423086985","51115411","0xe479692caeeddc05c74f9000c9c1034afa63777a4f7c39f9852407cde44c2052"
"58","0x32ebb56c577be0dff5efec557e60c9aeb76822f2","214383.416675778288076244","214383416675778288076244","51115411","0xe479692caeeddc05c74f9000c9c1034afa63777a4f7c39f9852407cde44c2052"
"59","0xc029c9c68335acd7087c329206003954d2590ad3","210198.715436853776048089","210198715436853776048089","51115411","0xe479692caeeddc05c74f9000c9c1034afa63777a4f7c39f9852407cde44c2052"
"60","0x3a91ce38b2d63c556b37f04f986c097fb57d4056","200000","200000000000000000000000","51115411","0xe479692caeeddc05c74f9000c9c1034afa63777a4f7c39f9852407cde44c2052"
"61","0xb80c0813cc0bfe724a2da0bf14ade55cd64202a6","200000","200000000000000000000000","51115411","0xe479692caeeddc05c74f9000c9c1034afa63777a4f7c39f9852407cde44c2052"
"62","0x787d4b9f5c2cc102de39fa449564eaf3c470145e","200000","200000000000000000000000","51115411","0xe479692caeeddc05c74f9000c9c1034afa63777a4f7c39f9852407cde44c2052"
"63","0x54ce7d8cb60bf62299ccd9448a7b1d96ddde05cd","200000","200000000000000000000000","51115411","0xe479692caeeddc05c74f9000c9c1034afa63777a4f7c39f9852407cde44c2052"
"64","0xc97d57c9b287835f735d0c51145cf7d0310f838b","196402.086492619571046077","196402086492619571046077","51115411","0xe479692caeeddc05c74f9000c9c1034afa63777a4f7c39f9852407cde44c2052"
"65","0x591f226fb4ecee74f3ad4675efd47cc3c5e848f2","189532.723405584405175058","189532723405584405175058","51115411","0xe479692caeeddc05c74f9000c9c1034afa63777a4f7c39f9852407cde44c2052"
"66","0x55055f0efe364d103c43bb84af01219b0fd356b4","188933.27717255002167158","188933277172550021671580","51115411","0xe479692caeeddc05c74f9000c9c1034afa63777a4f7c39f9852407cde44c2052"
"67","0x65ceb1fbf9dd2adb49892f51b6ca8bde0d3cab50","187818.543316037069073614","187818543316037069073614","51115411","0xe479692caeeddc05c74f9000c9c1034afa63777a4f7c39f9852407cde44c2052"
"68","0x12de74113e4b7cabafddb2fdd96341acc59f4e68","186526.562454166734100779","186526562454166734100779","51115411","0xe479692caeeddc05c74f9000c9c1034afa63777a4f7c39f9852407cde44c2052"
"69","0x6d66b68ac2b09f6f0a727105778e452dc55cbd1c","185521.24016387102052124","185521240163871020521240","51115411","0xe479692caeeddc05c74f9000c9c1034afa63777a4f7c39f9852407cde44c2052"
"70","0xf5b556db02f5053d9a7cdf5ddeb2a140f35cc9c4","181648.716747504507187446","181648716747504507187446","51115411","0xe479692caeeddc05c74f9000c9c1034afa63777a4f7c39f9852407cde44c2052"
"71","0x4efbb9981e76bbc260da1a629619c736852d2fcf","170222.746723184944307587","170222746723184944307587","51115411","0xe479692caeeddc05c74f9000c9c1034afa63777a4f7c39f9852407cde44c2052"
"72","0xa288b2e5e68ad23a15893cbd0de563b9b7739b20","167623.132629240554820871","167623132629240554820871","51115411","0xe479692caeeddc05c74f9000c9c1034afa63777a4f7c39f9852407cde44c2052"
"73","0xdb7002325e2f50a7baac7d5ab3d40a6b62463bcf","165862.457105460438923445","165862457105460438923445","51115411","0xe479692caeeddc05c74f9000c9c1034afa63777a4f7c39f9852407cde44c2052"
"74","0x5ed50983f763b3cd288acf6557e081a882416771","162851.464129582255683223","162851464129582255683223","51115411","0xe479692caeeddc05c74f9000c9c1034afa63777a4f7c39f9852407cde44c2052"
"75","0x4a09c2a642e7a0a4f2a5f3864acdd2cd4e43aecb","161458.694324409233133243","161458694324409233133243","51115411","0xe479692caeeddc05c74f9000c9c1034afa63777a4f7c39f9852407cde44c2052"
"76","0x1de83f03a5a5c8dcc3be94cfa60d6d9e8888808a","160904.195118488678551945","160904195118488678551945","51115411","0xe479692caeeddc05c74f9000c9c1034afa63777a4f7c39f9852407cde44c2052"
"77","0xbe58ccef0dd486d45204290e19407f7b88ca40d5","159664.453062139007317308","159664453062139007317308","51115411","0xe479692caeeddc05c74f9000c9c1034afa63777a4f7c39f9852407cde44c2052"
"78","0x6fd4dbd24d96e8631654728ed646bc554471d0db","155688.783424075738199789","155688783424075738199789","51115411","0xe479692caeeddc05c74f9000c9c1034afa63777a4f7c39f9852407cde44c2052"
"79","0x8614c23cc4cdda62224904b7868c06629d4e8df6","154993.452071051805938679","154993452071051805938679","51115411","0xe479692caeeddc05c74f9000c9c1034afa63777a4f7c39f9852407cde44c2052"
"80","0x9ebd931fc653f0725051157a1b8dc2152e09a029","152358.317082985304687725","152358317082985304687725","51115411","0xe479692caeeddc05c74f9000c9c1034afa63777a4f7c39f9852407cde44c2052"
"81","0x54b9a69e7b8da1466209bfb42bc58ffa16c91771","152194.677948209727752606","152194677948209727752606","51115411","0xe479692caeeddc05c74f9000c9c1034afa63777a4f7c39f9852407cde44c2052"
"82","0xd666fcc6feba608695631d29549032066f0df751","147247.893999031088335097","147247893999031088335097","51115411","0xe479692caeeddc05c74f9000c9c1034afa63777a4f7c39f9852407cde44c2052"
"83","0x0185c899a945b3957f67647aa8b36dd591f921f5","146670.361207451605268504","146670361207451605268504","51115411","0xe479692caeeddc05c74f9000c9c1034afa63777a4f7c39f9852407cde44c2052"
"84","0xb7b3c02f75cb4e9785cdb222cb6b1283675bce37","143730.649475529568704414","143730649475529568704414","51115411","0xe479692caeeddc05c74f9000c9c1034afa63777a4f7c39f9852407cde44c2052"
"85","0xd9ac832fb3204ea41e342e69206ec775caf7d641","142510.344461315560322137","142510344461315560322137","51115411","0xe479692caeeddc05c74f9000c9c1034afa63777a4f7c39f9852407cde44c2052"
"86","0xa2097aeb6270f72929dbf0131dd4e5053bb26e04","140860.938054778206580374","140860938054778206580374","51115411","0xe479692caeeddc05c74f9000c9c1034afa63777a4f7c39f9852407cde44c2052"
"87","0x4ac899415e173866fc66f908df9e2cecccf6db55","140415.895456751371373808","140415895456751371373808","51115411","0xe479692caeeddc05c74f9000c9c1034afa63777a4f7c39f9852407cde44c2052"
"88","0xdcb272d0046f55be87b80323a33b835a605320e1","139356.00205064495532035","139356002050644955320350","51115411","0xe479692caeeddc05c74f9000c9c1034afa63777a4f7c39f9852407cde44c2052"
"89","0x10b0bcca3bcbcc766a25922ccfdd6c44b279f3a0","138024.356286830852704124","138024356286830852704124","51115411","0xe479692caeeddc05c74f9000c9c1034afa63777a4f7c39f9852407cde44c2052"
"90","0xc37234ec0f87e88a46b349874cd716e1decf9008","137407.228541001045011173","137407228541001045011173","51115411","0xe479692caeeddc05c74f9000c9c1034afa63777a4f7c39f9852407cde44c2052"
"91","0x61de98e5f4ece243ca23e4bf08bae61dce4af7a8","131796.797967210712695933","131796797967210712695933","51115411","0xe479692caeeddc05c74f9000c9c1034afa63777a4f7c39f9852407cde44c2052"
"92","0x0105b190386b14b2d1b77b085507dbb40fe7151a","130604.983581986273656216","130604983581986273656216","51115411","0xe479692caeeddc05c74f9000c9c1034afa63777a4f7c39f9852407cde44c2052"
"93","0x2391f49bd8d5860b7dc39f521a00998195ce5fcf","130319.819840582840175135","130319819840582840175135","51115411","0xe479692caeeddc05c74f9000c9c1034afa63777a4f7c39f9852407cde44c2052"
"94","0x6c029a2ad992b325619659046808912a38a214b2","130313.068871396261928127","130313068871396261928127","51115411","0xe479692caeeddc05c74f9000c9c1034afa63777a4f7c39f9852407cde44c2052"
"95","0x8471540baa67574b5a08570df0631e09e8778bee","126923.79823038115809166","126923798230381158091660","51115411","0xe479692caeeddc05c74f9000c9c1034afa63777a4f7c39f9852407cde44c2052"
"96","0xb4eebb9fb8d6ec26052947070a085524d6f2b3ed","125940.843334111661434816","125940843334111661434816","51115411","0xe479692caeeddc05c74f9000c9c1034afa63777a4f7c39f9852407cde44c2052"
"97","0x511e8d0cb85a381625bed53ba6d785e2d526b586","124421.208124336390108333","124421208124336390108333","51115411","0xe479692caeeddc05c74f9000c9c1034afa63777a4f7c39f9852407cde44c2052"
"98","0x1d33357193861773acfd78f0a4924c9539ad5043","122117.784455169575198334","122117784455169575198334","51115411","0xe479692caeeddc05c74f9000c9c1034afa63777a4f7c39f9852407cde44c2052"
"99","0x02f5109b97591a7dd17e0f2a01e0a57a34addefd","122081.395907411099811738","122081395907411099811738","51115411","0xe479692caeeddc05c74f9000c9c1034afa63777a4f7c39f9852407cde44c2052"
"100","0xeb9d38a57535702b1a2d2b3c70573f58359ba304","119133.964227514320849047","119133964227514320849047","51115411","0xe479692caeeddc05c74f9000c9c1034afa63777a4f7c39f9852407cde44c2052"
"101","0x0c942177451bcdc35a6baace48e603ba2d3d1b12","117067.371744256741546471","117067371744256741546471","51115411","0xe479692caeeddc05c74f9000c9c1034afa63777a4f7c39f9852407cde44c2052"
"102","0x32e8c066eeede83282cd6e04bec406b055d9521e","114284.046892566199034778","114284046892566199034778","51115411","0xe479692caeeddc05c74f9000c9c1034afa63777a4f7c39f9852407cde44c2052"
"103","0xb58601464ecdfcb6734c94c8d691a9103165f497","109650.180762011406283391","109650180762011406283391","51115411","0xe479692caeeddc05c74f9000c9c1034afa63777a4f7c39f9852407cde44c2052"
"104","0x2d7d2d0021b5ec7b54ec9e2209adce82634bbe4b","109234.612456868510361336","109234612456868510361336","51115411","0xe479692caeeddc05c74f9000c9c1034afa63777a4f7c39f9852407cde44c2052"
"105","0x2f282e5c4a445f40e760a6ff0b70befd313d4c7f","109028.844449991534581449","109028844449991534581449","51115411","0xe479692caeeddc05c74f9000c9c1034afa63777a4f7c39f9852407cde44c2052"
"106","0xc81bd18aa9a5cba42ea79501242808d51d2fcf35","108616.415056144581588345","108616415056144581588345","51115411","0xe479692caeeddc05c74f9000c9c1034afa63777a4f7c39f9852407cde44c2052"
"107","0xae057f2e3ed70ad4add00f6d67e76f3a6fae41ef","107257.180625650078863882","107257180625650078863882","51115411","0xe479692caeeddc05c74f9000c9c1034afa63777a4f7c39f9852407cde44c2052"
"108","0x83b3d4dda76ba994ee21d36e3264208a6b8431ff","105394.270451756173030795","105394270451756173030795","51115411","0xe479692caeeddc05c74f9000c9c1034afa63777a4f7c39f9852407cde44c2052"
"109","0x27326bd8e518183c5266b031cf90734e17dc4800","104147.408835606062459181","104147408835606062459181","51115411","0xe479692caeeddc05c74f9000c9c1034afa63777a4f7c39f9852407cde44c2052"
"110","0x962829767aba797c02a0ef03aeafd07dd44a2daf","103188.034511905763717696","103188034511905763717696","51115411","0xe479692caeeddc05c74f9000c9c1034afa63777a4f7c39f9852407cde44c2052"
"111","0x5663e4672375a32b65a207d81a83352eb830e064","101818.147848228695077302","101818147848228695077302","51115411","0xe479692caeeddc05c74f9000c9c1034afa63777a4f7c39f9852407cde44c2052"
"112","0x599476726620b594e80cdbd5466a8e2beaee4f67","100239.33866185902082677","100239338661859020826770","51115411","0xe479692caeeddc05c74f9000c9c1034afa63777a4f7c39f9852407cde44c2052"
"113","0xe5a9cf4706a2b253c245a56b6b92c51bbaf2bf7a","100000","100000000000000000000000","51115411","0xe479692caeeddc05c74f9000c9c1034afa63777a4f7c39f9852407cde44c2052"
"114","0xe5c46cd77de30c1a7e31edde578a04a618e54cae","100000","100000000000000000000000","51115411","0xe479692caeeddc05c74f9000c9c1034afa63777a4f7c39f9852407cde44c2052"
"115","0x43d4435e2edb1075592b24c91639ee8caab35219","100000","100000000000000000000000","51115411","0xe479692caeeddc05c74f9000c9c1034afa63777a4f7c39f9852407cde44c2052"
"116","0xe00f7470654673cf8aa61fa324ecfb277105d72a","100000","100000000000000000000000","51115411","0xe479692caeeddc05c74f9000c9c1034afa63777a4f7c39f9852407cde44c2052"
"117","0x40142390e3e977fab8fa58b9c5fae4eac5a2c439","100000","100000000000000000000000","51115411","0xe479692caeeddc05c74f9000c9c1034afa63777a4f7c39f9852407cde44c2052"
"118","0x54321157d46febaadd53d9c00a6329e82ec6eca3","100000","100000000000000000000000","51115411","0xe479692caeeddc05c74f9000c9c1034afa63777a4f7c39f9852407cde44c2052"
"119","0x4868b897805da7f8dc337471332deeb299d00e20","100000","100000000000000000000000","51115411","0xe479692caeeddc05c74f9000c9c1034afa63777a4f7c39f9852407cde44c2052"
"120","0x486ec7a4ca2e31e2fc324ee23b071bd1a1c70554","100000","100000000000000000000000","51115411","0xe479692caeeddc05c74f9000c9c1034afa63777a4f7c39f9852407cde44c2052"
"121","0xc3b91a4754e084be4ca7fb1175fa599332e78300","100000","100000000000000000000000","51115411","0xe479692caeeddc05c74f9000c9c1034afa63777a4f7c39f9852407cde44c2052"
"122","0xefbc32cd236f2b4731c9b4336c8ab80a4f7dff36","100000","100000000000000000000000","51115411","0xe479692caeeddc05c74f9000c9c1034afa63777a4f7c39f9852407cde44c2052"
"123","0xe1492ba3ec09a7db0e9fc4f6e36dd33ba2e8d1f4","100000","100000000000000000000000","51115411","0xe479692caeeddc05c74f9000c9c1034afa63777a4f7c39f9852407cde44c2052"
"124","0x419d695440820593a5c3a8cb3f2f625f8b3d8667","100000","100000000000000000000000","51115411","0xe479692caeeddc05c74f9000c9c1034afa63777a4f7c39f9852407cde44c2052"
"125","0x81239970fc4fabf286e9a37ff31e41f0f91e25f4","100000","100000000000000000000000","51115411","0xe479692caeeddc05c74f9000c9c1034afa63777a4f7c39f9852407cde44c2052"
"126","0x501cecbada313ea1c35292c77e166dd9a243cb52","99545.915991359784571873","99545915991359784571873","51115411","0xe479692caeeddc05c74f9000c9c1034afa63777a4f7c39f9852407cde44c2052"
"127","0x2b323b311a283ba72b2a82a03b835d1f46a28fea","98964.79734586090968279","98964797345860909682790","51115411","0xe479692caeeddc05c74f9000c9c1034afa63777a4f7c39f9852407cde44c2052"
"128","0x4963a74477e288218ddb71ae58458ad8680ab363","98786.789366374078767414","98786789366374078767414","51115411","0xe479692caeeddc05c74f9000c9c1034afa63777a4f7c39f9852407cde44c2052"
"129","0xe03f081290affbefe3f3748b9cb42d6af75e0219","98748.785313116592696128","98748785313116592696128","51115411","0xe479692caeeddc05c74f9000c9c1034afa63777a4f7c39f9852407cde44c2052"
"130","0xf0f253dc93f67399b18378f831a63118662b0095","94494.09283248742079683","94494092832487420796830","51115411","0xe479692caeeddc05c74f9000c9c1034afa63777a4f7c39f9852407cde44c2052"
"131","0x21728bae85dabbe3d7ef43e58dc43450e884062d","92336.335260167543905422","92336335260167543905422","51115411","0xe479692caeeddc05c74f9000c9c1034afa63777a4f7c39f9852407cde44c2052"
"132","0x114d59a07589d3a6c3cc66dc9f286e1752a531e4","91864.528612103509048512","91864528612103509048512","51115411","0xe479692caeeddc05c74f9000c9c1034afa63777a4f7c39f9852407cde44c2052"
"133","0x4c78e0642f8275d0ea923d44d51769bc1fec019a","91674.939382257903149802","91674939382257903149802","51115411","0xe479692caeeddc05c74f9000c9c1034afa63777a4f7c39f9852407cde44c2052"
"134","0x1328208f82d86083ae0c5419d61c285bedf89c14","91659.345524377567668351","91659345524377567668351","51115411","0xe479692caeeddc05c74f9000c9c1034afa63777a4f7c39f9852407cde44c2052"
"135","0xd742b047d3575f2a6ac08dddc7af911d894f362f","91656.049527148323104969","91656049527148323104969","51115411","0xe479692caeeddc05c74f9000c9c1034afa63777a4f7c39f9852407cde44c2052"
"136","0x1e8428282924c7480017976ea412ffcf7a571026","90185.751081745014342632","90185751081745014342632","51115411","0xe479692caeeddc05c74f9000c9c1034afa63777a4f7c39f9852407cde44c2052"
"137","0xca31e628218e70c7fc1b3202a984ec029c157570","88972.447389145997748214","88972447389145997748214","51115411","0xe479692caeeddc05c74f9000c9c1034afa63777a4f7c39f9852407cde44c2052"
"138","0xd4aad4e868e8d1b5744857449ea0a56ee9087063","88567.763150361839971985","88567763150361839971985","51115411","0xe479692caeeddc05c74f9000c9c1034afa63777a4f7c39f9852407cde44c2052"
"139","0x1cbd4418bcba25eb37c23c954ab0880f09163e52","88263.34612028140759265","88263346120281407592650","51115411","0xe479692caeeddc05c74f9000c9c1034afa63777a4f7c39f9852407cde44c2052"
"140","0xadf3194180fc874d03587fea704a062ee4a2fe36","85275.704910381638151465","85275704910381638151465","51115411","0xe479692caeeddc05c74f9000c9c1034afa63777a4f7c39f9852407cde44c2052"
"141","0x1b1c61f8732e2443e8a66bf1adefc72ea4eb01c8","84365.894255527751349477","84365894255527751349477","51115411","0xe479692caeeddc05c74f9000c9c1034afa63777a4f7c39f9852407cde44c2052"
"142","0xa0ca0524705b796ae118464b64b5a4333fc006be","83850.627372083733725144","83850627372083733725144","51115411","0xe479692caeeddc05c74f9000c9c1034afa63777a4f7c39f9852407cde44c2052"
"143","0xdab9381b813cfd4c67ce8ee26ca5dc959c6d09dd","82762.098112858294502231","82762098112858294502231","51115411","0xe479692caeeddc05c74f9000c9c1034afa63777a4f7c39f9852407cde44c2052"
"144","0xef3f9dbee239439225f55fffc40e725e69631174","82365.550464727217184532","82365550464727217184532","51115411","0xe479692caeeddc05c74f9000c9c1034afa63777a4f7c39f9852407cde44c2052"
"145","0xc8d603150bf1bfb1782f0167e6065a083cf7a1ec","81312.038946762714130235","81312038946762714130235","51115411","0xe479692caeeddc05c74f9000c9c1034afa63777a4f7c39f9852407cde44c2052"
"146","0xa0be6e7f9b35914fce5a45a8c9a0ac2d4051a941","80728.943940462993883682","80728943940462993883682","51115411","0xe479692caeeddc05c74f9000c9c1034afa63777a4f7c39f9852407cde44c2052"
"147","0x890a06323d4258313d8888939a49712d6f02e7d8","80623.281655278607506932","80623281655278607506932","51115411","0xe479692caeeddc05c74f9000c9c1034afa63777a4f7c39f9852407cde44c2052"
"148","0x8df9a299ab154b11dc4af97c8fc509b9ea529db8","80308.361167385130084248","80308361167385130084248","51115411","0xe479692caeeddc05c74f9000c9c1034afa63777a4f7c39f9852407cde44c2052"
"149","0xa7979bf13cf4949614ac6c7d308f809ae2712ddf","79629.853949427913547126","79629853949427913547126","51115411","0xe479692caeeddc05c74f9000c9c1034afa63777a4f7c39f9852407cde44c2052"
"150","0xc7ccb50c2d46ada42d4b015dde28271698fa06c5","79335.836010360780635572","79335836010360780635572","51115411","0xe479692caeeddc05c74f9000c9c1034afa63777a4f7c39f9852407cde44c2052"
"151","0x8b8291f4d43cd878ec58cf1136af321d4dda4756","77334.368802522061340804","77334368802522061340804","51115411","0xe479692caeeddc05c74f9000c9c1034afa63777a4f7c39f9852407cde44c2052"
"152","0xa99e62e106ebc441b6359b7d89424228e59e6a48","77266.728596558545760289","77266728596558545760289","51115411","0xe479692caeeddc05c74f9000c9c1034afa63777a4f7c39f9852407cde44c2052"
"153","0x179cebb70d1eabe3926a03067e3e73dd6cb38fc8","75877.752445681585215916","75877752445681585215916","51115411","0xe479692caeeddc05c74f9000c9c1034afa63777a4f7c39f9852407cde44c2052"
"154","0xf47c30c858516fbf4fff0d4b41f6db0586d9504e","75867.001242107606816907","75867001242107606816907","51115411","0xe479692caeeddc05c74f9000c9c1034afa63777a4f7c39f9852407cde44c2052"
"155","0x93d46570db19afdd9f5aa60faed5fd49c35e0214","75811.145076060949647862","75811145076060949647862","51115411","0xe479692caeeddc05c74f9000c9c1034afa63777a4f7c39f9852407cde44c2052"
"156","0x1fc2d7241ef3692167dd0f66a52ebf5730345563","73983.662668512641211981","73983662668512641211981","51115411","0xe479692caeeddc05c74f9000c9c1034afa63777a4f7c39f9852407cde44c2052"
"157","0x73c2e8d7cb588434a2b188719a00132a335642ce","73602.771771093384694116","73602771771093384694116","51115411","0xe479692caeeddc05c74f9000c9c1034afa63777a4f7c39f9852407cde44c2052"
"158","0xda24bf9ed2b19ff923ae0257e230b39c68bb0721","73151.824532158142366263","73151824532158142366263","51115411","0xe479692caeeddc05c74f9000c9c1034afa63777a4f7c39f9852407cde44c2052"
"159","0xc5bddbacc66045771a67fc9b93cde60798bdcbac","72677.161577393255326501","72677161577393255326501","51115411","0xe479692caeeddc05c74f9000c9c1034afa63777a4f7c39f9852407cde44c2052"
"160","0x8ef0d5349ef9b388f2fc5b3c045f7f2fac253ddb","71861.401372404712879994","71861401372404712879994","51115411","0xe479692caeeddc05c74f9000c9c1034afa63777a4f7c39f9852407cde44c2052"
"161","0x6e8d556f9519f40c1ed377010b17306e30006f14","70609.291879484043872351","70609291879484043872351","51115411","0xe479692caeeddc05c74f9000c9c1034afa63777a4f7c39f9852407cde44c2052"
"162","0x08095fcf189edd91bf5efca961b2030df8f8820c","69460.786531610322558203","69460786531610322558203","51115411","0xe479692caeeddc05c74f9000c9c1034afa63777a4f7c39f9852407cde44c2052"
"163","0xbb3e06425089752f53b60670276ae44468c095a1","69456.231540507577327986","69456231540507577327986","51115411","0xe479692caeeddc05c74f9000c9c1034afa63777a4f7c39f9852407cde44c2052"
"164","0x208943c711abf2a1e81b42194be4df8c47f9d583","69197.666934830683254624","69197666934830683254624","51115411","0xe479692caeeddc05c74f9000c9c1034afa63777a4f7c39f9852407cde44c2052"
"165","0xddd057ef9f96578e8b070b7a89ab6204642e0390","68539.868649528177532634","68539868649528177532634","51115411","0xe479692caeeddc05c74f9000c9c1034afa63777a4f7c39f9852407cde44c2052"
"166","0xf24f43d58d79fd48b0bab17b16146d76a6666592","66957.380048660023144221","66957380048660023144221","51115411","0xe479692caeeddc05c74f9000c9c1034afa63777a4f7c39f9852407cde44c2052"
"167","0x0954412cd3d1dec71e24b5792cc7ce00aebf1891","65506.48448603220003709","65506484486032200037090","51115411","0xe479692caeeddc05c74f9000c9c1034afa63777a4f7c39f9852407cde44c2052"
"168","0x0bb7343d4157902f6fe21dc7674f7f8d6d038f13","64875.91377230666852106","64875913772306668521060","51115411","0xe479692caeeddc05c74f9000c9c1034afa63777a4f7c39f9852407cde44c2052"
"169","0xba3c161fe5aa27e81b234cfa08a17acc2ad5b034","64718.919300749962725766","64718919300749962725766","51115411","0xe479692caeeddc05c74f9000c9c1034afa63777a4f7c39f9852407cde44c2052"
"170","0xaaf4c0bc93be91c5c1238ba9f7421199b063c6fa","64393.867208804309576158","64393867208804309576158","51115411","0xe479692caeeddc05c74f9000c9c1034afa63777a4f7c39f9852407cde44c2052"
"171","0xb53b896d46e6f5eeec653d91082c4d885212bc60","64222.93493519581235318","64222934935195812353180","51115411","0xe479692caeeddc05c74f9000c9c1034afa63777a4f7c39f9852407cde44c2052"
"172","0xab4955ddce06e434636b4b7216d30505cba9029a","64062.228672435688722633","64062228672435688722633","51115411","0xe479692caeeddc05c74f9000c9c1034afa63777a4f7c39f9852407cde44c2052"
"173","0x46a51eed722f10df7a5b5c50ab5b8ed18f8ad6a5","63955.760940692469567317","63955760940692469567317","51115411","0xe479692caeeddc05c74f9000c9c1034afa63777a4f7c39f9852407cde44c2052"
"174","0xdefd4f7af597970d5f2cedda3d1894e3e5680963","63598.186217368243552568","63598186217368243552568","51115411","0xe479692caeeddc05c74f9000c9c1034afa63777a4f7c39f9852407cde44c2052"
"175","0xc84799a2d21b1132d39fb05270b6c90f410a450e","62460.261441498770652968","62460261441498770652968","51115411","0xe479692caeeddc05c74f9000c9c1034afa63777a4f7c39f9852407cde44c2052"
"176","0x69f4b605bfbb04ad544792756581c7653fe0fd03","62395.7729017283373714","62395772901728337371400","51115411","0xe479692caeeddc05c74f9000c9c1034afa63777a4f7c39f9852407cde44c2052"
"177","0xb9fa848a6f81ce6d203ab2b6a2de7eaff5c1960e","61388.404639247288324623","61388404639247288324623","51115411","0xe479692caeeddc05c74f9000c9c1034afa63777a4f7c39f9852407cde44c2052"
"178","0x1797ac6361879cc2da6b922bb0f060c6be109cf9","60402.683543458983328122","60402683543458983328122","51115411","0xe479692caeeddc05c74f9000c9c1034afa63777a4f7c39f9852407cde44c2052"
"179","0xe7857e732af1e714aecafbee4cd33e16e9b1bc62","59963.545466522203448137","59963545466522203448137","51115411","0xe479692caeeddc05c74f9000c9c1034afa63777a4f7c39f9852407cde44c2052"
"180","0xe894f6607c343f9851d69173831d5f07d67a3700","59635.451979081351255917","59635451979081351255917","51115411","0xe479692caeeddc05c74f9000c9c1034afa63777a4f7c39f9852407cde44c2052"
"181","0x7a47fada134858f306ed4e8bf12de37598b9fd20","59580.591405436832568858","59580591405436832568858","51115411","0xe479692caeeddc05c74f9000c9c1034afa63777a4f7c39f9852407cde44c2052"
"182","0x6ed6148ad74b0639d014547a3587901a7903eb25","58850.693958232764510728","58850693958232764510728","51115411","0xe479692caeeddc05c74f9000c9c1034afa63777a4f7c39f9852407cde44c2052"
"183","0x8f02cb64f7057887329f083c8285fb7cec5bc44f","58441.445233662104430903","58441445233662104430903","51115411","0xe479692caeeddc05c74f9000c9c1034afa63777a4f7c39f9852407cde44c2052"
"184","0x59c2a86bb8042933575688c44fe2c1ba6378d49f","58267.567166322814996241","58267567166322814996241","51115411","0xe479692caeeddc05c74f9000c9c1034afa63777a4f7c39f9852407cde44c2052"
"185","0xd8ab5e80fac8165dd36c9e4ff64b89ed8c4fdf6e","58245.485926390746187732","58245485926390746187732","51115411","0xe479692caeeddc05c74f9000c9c1034afa63777a4f7c39f9852407cde44c2052"
"186","0x222c62f97b8787314a5b90ea5fce8051399a2542","57613.503446339687934892","57613503446339687934892","51115411","0xe479692caeeddc05c74f9000c9c1034afa63777a4f7c39f9852407cde44c2052"
"187","0x27e5fe4690dbc5674a1ee83d985dbeb6ee4ff868","57583.378243502414160427","57583378243502414160427","51115411","0xe479692caeeddc05c74f9000c9c1034afa63777a4f7c39f9852407cde44c2052"
"188","0x023a01bec16bfc5a8849796a5a297aca04428090","57163.092521883817930416","57163092521883817930416","51115411","0xe479692caeeddc05c74f9000c9c1034afa63777a4f7c39f9852407cde44c2052"
"189","0x0c8b8749b06bcaad73cd5854db79142bbb5bd0fe","57157.667317030505943164","57157667317030505943164","51115411","0xe479692caeeddc05c74f9000c9c1034afa63777a4f7c39f9852407cde44c2052"
"190","0x6e46fd8067089427bd61a16787e44fd4d2f24482","56213.456648454367129107","56213456648454367129107","51115411","0xe479692caeeddc05c74f9000c9c1034afa63777a4f7c39f9852407cde44c2052"
"191","0xe57398590d11f5aacc6e0b120d532044f7af3e2b","55447.280927590514517459","55447280927590514517459","51115411","0xe479692caeeddc05c74f9000c9c1034afa63777a4f7c39f9852407cde44c2052"
"192","0xb90582fce30b8a5ea092e7a2332f63d8b56ce09c","54566.196176787579365933","54566196176787579365933","51115411","0xe479692caeeddc05c74f9000c9c1034afa63777a4f7c39f9852407cde44c2052"
"193","0x0145eef97ebfd085c8cd24404c7bb38021cb7f9e","54556.780037793745048798","54556780037793745048798","51115411","0xe479692caeeddc05c74f9000c9c1034afa63777a4f7c39f9852407cde44c2052"
"194","0x8199f0b8fe286de19a0e737f192ac759865b9122","54088.866837783615442319","54088866837783615442319","51115411","0xe479692caeeddc05c74f9000c9c1034afa63777a4f7c39f9852407cde44c2052"
"195","0x981755eb0ad24e257aba59f5c35e5c9737e340df","53648.725276496282901257","53648725276496282901257","51115411","0xe479692caeeddc05c74f9000c9c1034afa63777a4f7c39f9852407cde44c2052"
"196","0x8d7175fbafe46924bcd3010c6c28040cf987824e","53339.99901206878790022","53339999012068787900220","51115411","0xe479692caeeddc05c74f9000c9c1034afa63777a4f7c39f9852407cde44c2052"
"197","0xd2ac5cef7e3f21f08f4a25b03f242893c99c5a47","52976.464383819891323442","52976464383819891323442","51115411","0xe479692caeeddc05c74f9000c9c1034afa63777a4f7c39f9852407cde44c2052"
"198","0x2ac19b2935eb5036f2279381261fa0f7ff3c73b1","52837.801143884243192455","52837801143884243192455","51115411","0xe479692caeeddc05c74f9000c9c1034afa63777a4f7c39f9852407cde44c2052"
"199","0x82340448986d9788a7ba3a8d400d751432977d1a","52678.386291584755871544","52678386291584755871544","51115411","0xe479692caeeddc05c74f9000c9c1034afa63777a4f7c39f9852407cde44c2052"
"200","0x144ffb342ca31940729e93b6e9a03c9ba5c88c84","52575.578657835424779783","52575578657835424779783","51115411","0xe479692caeeddc05c74f9000c9c1034afa63777a4f7c39f9852407cde44c2052"
"201","0x6a429b4d20c2443acb42d6130067f1c8cbf2f135","52487.733203751699113759","52487733203751699113759","51115411","0xe479692caeeddc05c74f9000c9c1034afa63777a4f7c39f9852407cde44c2052"
"202","0x936215be33ad684abc6044d40ec09f6c6c6c28e8","52264.876475509026324808","52264876475509026324808","51115411","0xe479692caeeddc05c74f9000c9c1034afa63777a4f7c39f9852407cde44c2052"
"203","0x9ca556748f3acaf1e4f04d6d6fc63d288a0c58c3","51937.987372199567213816","51937987372199567213816","51115411","0xe479692caeeddc05c74f9000c9c1034afa63777a4f7c39f9852407cde44c2052"
"204","0x5f7fa1d3b52768c19557ac8a2c952958646bed7f","51139.805184610399954233","51139805184610399954233","51115411","0xe479692caeeddc05c74f9000c9c1034afa63777a4f7c39f9852407cde44c2052"
"205","0x6920f48b0a09ebe511c0ccced45d14e9458085c9","50875.409390783199280318","50875409390783199280318","51115411","0xe479692caeeddc05c74f9000c9c1034afa63777a4f7c39f9852407cde44c2052"
"206","0x69421fd0099582730233083da0ff79f33c865476","50807.166865577524425713","50807166865577524425713","51115411","0xe479692caeeddc05c74f9000c9c1034afa63777a4f7c39f9852407cde44c2052"
"207","0x13f03a839a0870d8834e250a7ac13dd9965a9e53","50779.384357667602542867","50779384357667602542867","51115411","0xe479692caeeddc05c74f9000c9c1034afa63777a4f7c39f9852407cde44c2052"
"208","0x1c24b770c10df912d5dceda3de5be925fcd45713","49893.278059183448799231","49893278059183448799231","51115411","0xe479692caeeddc05c74f9000c9c1034afa63777a4f7c39f9852407cde44c2052"
"209","0x28e6425f12208133748b684d82dc6de3d730156a","49790.265903202360680156","49790265903202360680156","51115411","0xe479692caeeddc05c74f9000c9c1034afa63777a4f7c39f9852407cde44c2052"
"210","0xbf4d92a917fdbe845aeb3b0ebea4d15d7bfc8e1c","49267.505907799378985799","49267505907799378985799","51115411","0xe479692caeeddc05c74f9000c9c1034afa63777a4f7c39f9852407cde44c2052"
"211","0x1bd10da97b9dc92ab7f83ce4ca17ee33bc0eba0d","48955.959078499112799636","48955959078499112799636","51115411","0xe479692caeeddc05c74f9000c9c1034afa63777a4f7c39f9852407cde44c2052"
"212","0x2c30f2aae8ec10238806030a73bd1ee38d2bf9dd","48790.921243994621122364","48790921243994621122364","51115411","0xe479692caeeddc05c74f9000c9c1034afa63777a4f7c39f9852407cde44c2052"
"213","0x966d8d1d4dfb2f6e61011cfdc86660e435eb4490","48436.956697172446106984","48436956697172446106984","51115411","0xe479692caeeddc05c74f9000c9c1034afa63777a4f7c39f9852407cde44c2052"
"214","0xc9d5f0e6a8c49057b347d168b37b1d1aebaa70ec","48436.765867801169070112","48436765867801169070112","51115411","0xe479692caeeddc05c74f9000c9c1034afa63777a4f7c39f9852407cde44c2052"
"215","0x7a4d0c11e6777839b63e6d5e4a44793f73a6dbc2","47728.72577475862138476","47728725774758621384760","51115411","0xe479692caeeddc05c74f9000c9c1034afa63777a4f7c39f9852407cde44c2052"
"216","0x0f5ff3e4dd5a376535abf02d6887ae08b22adfb6","47366.140133221154185874","47366140133221154185874","51115411","0xe479692caeeddc05c74f9000c9c1034afa63777a4f7c39f9852407cde44c2052"
"217","0x76399c125d8c976f33f1b1fe4e0d99928140a8f8","47088.484502808346330974","47088484502808346330974","51115411","0xe479692caeeddc05c74f9000c9c1034afa63777a4f7c39f9852407cde44c2052"
"218","0x9213ce770feea746c2fc96a07d6d54cf52c7d539","47064.407881131934942062","47064407881131934942062","51115411","0xe479692caeeddc05c74f9000c9c1034afa63777a4f7c39f9852407cde44c2052"
"219","0xbf5543cad481aa1246bcb2154a7f57aa1d0ead6b","47017.479249254421146344","47017479249254421146344","51115411","0xe479692caeeddc05c74f9000c9c1034afa63777a4f7c39f9852407cde44c2052"
"220","0xb396ecaf2e68def8739d61d7f8a095eda63ed736","46741.109610902027512327","46741109610902027512327","51115411","0xe479692caeeddc05c74f9000c9c1034afa63777a4f7c39f9852407cde44c2052"
"221","0xcc6adb8bc767b5e5b4e2069e18d2d97e21a0c8c1","46514.423803524829464077","46514423803524829464077","51115411","0xe479692caeeddc05c74f9000c9c1034afa63777a4f7c39f9852407cde44c2052"
"222","0xdcd08f7bab070b20058c585ccd73af035e573076","46292.394166462875063861","46292394166462875063861","51115411","0xe479692caeeddc05c74f9000c9c1034afa63777a4f7c39f9852407cde44c2052"
"223","0x0d51c861e828e760702575b835965f231c9ba8e3","46187.08607978461009847","46187086079784610098470","51115411","0xe479692caeeddc05c74f9000c9c1034afa63777a4f7c39f9852407cde44c2052"
"224","0x85fc6d9989fbb368cc0513a77ac9cc5dfc0d53ce","45154.47985621115755664","45154479856211157556640","51115411","0xe479692caeeddc05c74f9000c9c1034afa63777a4f7c39f9852407cde44c2052"
"225","0x510198e303b554a1fd963298186d645159238369","45099.397918573917248891","45099397918573917248891","51115411","0xe479692caeeddc05c74f9000c9c1034afa63777a4f7c39f9852407cde44c2052"
"226","0x171adf423458ce551013392f53ae9801abb11048","45094.343875152625455104","45094343875152625455104","51115411","0xe479692caeeddc05c74f9000c9c1034afa63777a4f7c39f9852407cde44c2052"
"227","0xd9eba6cd776e57db63673dfb60ea0bda955c9c4d","45062.220367250556769516","45062220367250556769516","51115411","0xe479692caeeddc05c74f9000c9c1034afa63777a4f7c39f9852407cde44c2052"
"228","0xa07aeeb24ad8f043feb599cbe81ddbb34930ebec","44846.979970868213879782","44846979970868213879782","51115411","0xe479692caeeddc05c74f9000c9c1034afa63777a4f7c39f9852407cde44c2052"
"229","0x27f52001162cd8d396dc4513142c9a0b54cddd89","44815.814462223001720171","44815814462223001720171","51115411","0xe479692caeeddc05c74f9000c9c1034afa63777a4f7c39f9852407cde44c2052"
"230","0xfc9c7ef4ca6daf81f6276c40213afa7791bd0569","44744.275202273149477747","44744275202273149477747","51115411","0xe479692caeeddc05c74f9000c9c1034afa63777a4f7c39f9852407cde44c2052"
"231","0x9aea29a1a0eb5b6a2db345d97358223a73f2e936","44660.255060878030441767","44660255060878030441767","51115411","0xe479692caeeddc05c74f9000c9c1034afa63777a4f7c39f9852407cde44c2052"
"232","0x5cf91569ccfea5718645c526d3e5d513683818b0","44504.418579202925758577","44504418579202925758577","51115411","0xe479692caeeddc05c74f9000c9c1034afa63777a4f7c39f9852407cde44c2052"
"233","0x6909e319f1f06e889cbea77ad8519e99355532b8","44499.08658591653057461","44499086585916530574610","51115411","0xe479692caeeddc05c74f9000c9c1034afa63777a4f7c39f9852407cde44c2052"
"234","0xe18cc4d3d2fd71750b103c18871a0fbd42260322","44360.271667400331012286","44360271667400331012286","51115411","0xe479692caeeddc05c74f9000c9c1034afa63777a4f7c39f9852407cde44c2052"
"235","0x84925497e6d5c8a9ac48255002b9151dee017e35","44168.674207772337470468","44168674207772337470468","51115411","0xe479692caeeddc05c74f9000c9c1034afa63777a4f7c39f9852407cde44c2052"
"236","0xb3376facc6c3feaf2016c6b489fa8cbc64ebe6f8","44024.358271862134649759","44024358271862134649759","51115411","0xe479692caeeddc05c74f9000c9c1034afa63777a4f7c39f9852407cde44c2052"
"237","0x097b9b398f2f8cfe94ffb70dccded22017b01557","44019.356969779267779543","44019356969779267779543","51115411","0xe479692caeeddc05c74f9000c9c1034afa63777a4f7c39f9852407cde44c2052"
"238","0xe35069667e7555024f2811ab8b55a282dd179d12","43878.729719051443115357","43878729719051443115357","51115411","0xe479692caeeddc05c74f9000c9c1034afa63777a4f7c39f9852407cde44c2052"
"239","0x19a461e3132ab3c9013003403088d69645129209","43786.861833468041992498","43786861833468041992498","51115411","0xe479692caeeddc05c74f9000c9c1034afa63777a4f7c39f9852407cde44c2052"
"240","0xd8e6200bb0239c1c743d89e06a90b4e22b574f07","43562.429326923051949639","43562429326923051949639","51115411","0xe479692caeeddc05c74f9000c9c1034afa63777a4f7c39f9852407cde44c2052"
"241","0x75a11873957fdcbc1463fd92962247efe4ac497b","43303.283608986606154856","43303283608986606154856","51115411","0xe479692caeeddc05c74f9000c9c1034afa63777a4f7c39f9852407cde44c2052"
"242","0x650db3ea60bd3d4cf1db60d8a67882f92cba1206","43262.792328801924256245","43262792328801924256245","51115411","0xe479692caeeddc05c74f9000c9c1034afa63777a4f7c39f9852407cde44c2052"
"243","0xeca0814b85953386c93002fe1178d1131fd61718","42946.58151386953097221","42946581513869530972210","51115411","0xe479692caeeddc05c74f9000c9c1034afa63777a4f7c39f9852407cde44c2052"
"244","0x386b5abd868370755ecc7a7a1a42c789ac3019ef","42907.670757240468089794","42907670757240468089794","51115411","0xe479692caeeddc05c74f9000c9c1034afa63777a4f7c39f9852407cde44c2052"
"245","0x9c24a1f1b8f6091cb3b56ca124da472c977cccef","42729.866586887572746468","42729866586887572746468","51115411","0xe479692caeeddc05c74f9000c9c1034afa63777a4f7c39f9852407cde44c2052"
"246","0x8dbe9ca7870a32003f38942fea25ffc324b30def","42316.264639032248444537","42316264639032248444537","51115411","0xe479692caeeddc05c74f9000c9c1034afa63777a4f7c39f9852407cde44c2052"
"247","0x07fca632ac1c5db599b1e50bbc8af8c03b2c35aa","42247.11057934332676087","42247110579343326760870","51115411","0xe479692caeeddc05c74f9000c9c1034afa63777a4f7c39f9852407cde44c2052"
"248","0x242a0db6fd799d19eab1d7150373e511828e0e25","42044.829844600146407781","42044829844600146407781","51115411","0xe479692caeeddc05c74f9000c9c1034afa63777a4f7c39f9852407cde44c2052"
"249","0x1556c9987ae0137571ac0826222feecb54860236","41849.589474295630784452","41849589474295630784452","51115411","0xe479692caeeddc05c74f9000c9c1034afa63777a4f7c39f9852407cde44c2052"
"250","0x7441bbf4296ced3d88ef7ef8230f3fafa2a5a63c","41606.446464376080367876","41606446464376080367876","51115411","0xe479692caeeddc05c74f9000c9c1034afa63777a4f7c39f9852407cde44c2052"
"251","0xb8c53fdb2ed1ef8a7107918bd4b22ee1e07e3841","41576.267785454187135153","41576267785454187135153","51115411","0xe479692caeeddc05c74f9000c9c1034afa63777a4f7c39f9852407cde44c2052"
"252","0x51b0eab5e7aef09d268d20d2c2c0c147220d6535","41509.643187445422567351","41509643187445422567351","51115411","0xe479692caeeddc05c74f9000c9c1034afa63777a4f7c39f9852407cde44c2052"
"253","0x7e8eaf65ec69de635bede717fb215a296b51b50b","41426.673796459693516465","41426673796459693516465","51115411","0xe479692caeeddc05c74f9000c9c1034afa63777a4f7c39f9852407cde44c2052"
"254","0x73ef3321aa8aa8a60b95558a522ca71023b9e92a","41316.757987783142269301","41316757987783142269301","51115411","0xe479692caeeddc05c74f9000c9c1034afa63777a4f7c39f9852407cde44c2052"
"255","0x88350be0e9fcdd44ec5999c2edcc24aeefaa00b5","41221.233700285971306098","41221233700285971306098","51115411","0xe479692caeeddc05c74f9000c9c1034afa63777a4f7c39f9852407cde44c2052"
"256","0x0faf7ad4ef3d250216bdde08991d16f397981a6d","41214.131770292620754482","41214131770292620754482","51115411","0xe479692caeeddc05c74f9000c9c1034afa63777a4f7c39f9852407cde44c2052"
"257","0xe7fa4b561d6bcf68e96d2aac6fd833fbd3d03beb","41003.754260720159919045","41003754260720159919045","51115411","0xe479692caeeddc05c74f9000c9c1034afa63777a4f7c39f9852407cde44c2052"
"258","0x580bbc7040e3db9d828854e923f47ffef1b399a1","40987.255324635179890575","40987255324635179890575","51115411","0xe479692caeeddc05c74f9000c9c1034afa63777a4f7c39f9852407cde44c2052"
"259","0xba5254b0357e4d6e48390f0a30ca14f62e08bc35","40841.048464234991288029","40841048464234991288029","51115411","0xe479692caeeddc05c74f9000c9c1034afa63777a4f7c39f9852407cde44c2052"
"260","0xa0fc0aa50e77539a5ee2e2c11fb7dbed9b5226fb","40499.877847723061948175","40499877847723061948175","51115411","0xe479692caeeddc05c74f9000c9c1034afa63777a4f7c39f9852407cde44c2052"
"261","0xfb0361db937b42f0c68bf21556005f636672f4e1","40450.198948489089060217","40450198948489089060217","51115411","0xe479692caeeddc05c74f9000c9c1034afa63777a4f7c39f9852407cde44c2052"
"262","0x64e31fea2da2e6ead8501ccdbfd24460643431ea","40114.513552063473227029","40114513552063473227029","51115411","0xe479692caeeddc05c74f9000c9c1034afa63777a4f7c39f9852407cde44c2052"
"263","0x81231357a913ec6e1f3afbce8e662632c1c8eee5","40066.980662167446770805","40066980662167446770805","51115411","0xe479692caeeddc05c74f9000c9c1034afa63777a4f7c39f9852407cde44c2052"
"264","0x440a9778aa5bb0df9c0f0b6ea2a93aee850fb465","39978.823202923152365752","39978823202923152365752","51115411","0xe479692caeeddc05c74f9000c9c1034afa63777a4f7c39f9852407cde44c2052"
"265","0x9f0d4cbe68011bf22619927b43d52e910cdc49ac","39821.267973091388653115","39821267973091388653115","51115411","0xe479692caeeddc05c74f9000c9c1034afa63777a4f7c39f9852407cde44c2052"
"266","0x242934ced2ee393909e3e5a3ac124e61c65a48c1","39802.497168335068030078","39802497168335068030078","51115411","0xe479692caeeddc05c74f9000c9c1034afa63777a4f7c39f9852407cde44c2052"
"267","0x8d192f13fb6e368c42e846d23175084a31277128","39716.967872168769381184","39716967872168769381184","51115411","0xe479692caeeddc05c74f9000c9c1034afa63777a4f7c39f9852407cde44c2052"
"268","0xff627edfbd87bd8203f989c72f1be585c2a5b48e","39711.856548189727505407","39711856548189727505407","51115411","0xe479692caeeddc05c74f9000c9c1034afa63777a4f7c39f9852407cde44c2052"
"269","0x73548b73a78d1966e91a59421c304effcfbe0f96","39483.557909756689350707","39483557909756689350707","51115411","0xe479692caeeddc05c74f9000c9c1034afa63777a4f7c39f9852407cde44c2052"
"270","0xef167e2e0f90096d0eff6920696c591e422f5e80","39066.105076616899761569","39066105076616899761569","51115411","0xe479692caeeddc05c74f9000c9c1034afa63777a4f7c39f9852407cde44c2052"
"271","0x532232c6db0891ed7eb9d894227f8e72424d4848","39043.767854772534742","39043767854772534742000","51115411","0xe479692caeeddc05c74f9000c9c1034afa63777a4f7c39f9852407cde44c2052"
"272","0x119738637ac64d5965df6039e1b77054c28b47ee","38696.94328127347157484","38696943281273471574840","51115411","0xe479692caeeddc05c74f9000c9c1034afa63777a4f7c39f9852407cde44c2052"
"273","0x12c1a950e35ef1521832472971c8714b7e7428d9","38556.064501410330543735","38556064501410330543735","51115411","0xe479692caeeddc05c74f9000c9c1034afa63777a4f7c39f9852407cde44c2052"
"274","0x10f576be3c845e7c8dc317b349741f4514d7398e","38515.561215206948628719","38515561215206948628719","51115411","0xe479692caeeddc05c74f9000c9c1034afa63777a4f7c39f9852407cde44c2052"
"275","0x738024e835b9a94634d4b1c593bb34529b4c688b","38509.519490843636608697","38509519490843636608697","51115411","0xe479692caeeddc05c74f9000c9c1034afa63777a4f7c39f9852407cde44c2052"
"276","0xff0c0747f8228e1f7f53a43b5bab270a81049c84","38095.135647228058016421","38095135647228058016421","51115411","0xe479692caeeddc05c74f9000c9c1034afa63777a4f7c39f9852407cde44c2052"
"277","0xa5c3dace9af11ac1c3cf0c6528edda25bbd5f392","37996.463607798622400904","37996463607798622400904","51115411","0xe479692caeeddc05c74f9000c9c1034afa63777a4f7c39f9852407cde44c2052"
"278","0x8ef660873b3fcd49c70843947f65ae1c57444771","37989.83406747638211235","37989834067476382112350","51115411","0xe479692caeeddc05c74f9000c9c1034afa63777a4f7c39f9852407cde44c2052"
"279","0x5d4121530c66f87314754f822d1d5808469706b2","37732.273782123505609935","37732273782123505609935","51115411","0xe479692caeeddc05c74f9000c9c1034afa63777a4f7c39f9852407cde44c2052"
"280","0xdfff0e5e950eb6f985803384ad3c3c32d7c610ad","37618.422900710615499624","37618422900710615499624","51115411","0xe479692caeeddc05c74f9000c9c1034afa63777a4f7c39f9852407cde44c2052"
"281","0x750a5987cc789fbdb815cb4e727dde22dbbb2479","37604.179085027303400234","37604179085027303400234","51115411","0xe479692caeeddc05c74f9000c9c1034afa63777a4f7c39f9852407cde44c2052"
"282","0x4dd7e31cfde65368bc13cd494ee33a08b0815f9b","37552.919223698421736453","37552919223698421736453","51115411","0xe479692caeeddc05c74f9000c9c1034afa63777a4f7c39f9852407cde44c2052"
"283","0x8cb1f03e6979d031e0219c3ee1067293c8795ebb","37532.216193265490927897","37532216193265490927897","51115411","0xe479692caeeddc05c74f9000c9c1034afa63777a4f7c39f9852407cde44c2052"
"284","0xb6493cf01d61add98d043e075ef0bce18a69dcbd","37466.873939391083580766","37466873939391083580766","51115411","0xe479692caeeddc05c74f9000c9c1034afa63777a4f7c39f9852407cde44c2052"
"285","0x6f2c4676f8750e4d5751ba72af21fbd33f325444","37438.740781494461270854","37438740781494461270854","51115411","0xe479692caeeddc05c74f9000c9c1034afa63777a4f7c39f9852407cde44c2052"
"286","0x64903cc05b387c6e775f5a5e5aebb054505000f2","37412.953315763398169477","37412953315763398169477","51115411","0xe479692caeeddc05c74f9000c9c1034afa63777a4f7c39f9852407cde44c2052"
"287","0x90f41050665ba29ab7a1f53a64af7981b77f1288","37213.120713101690255166","37213120713101690255166","51115411","0xe479692caeeddc05c74f9000c9c1034afa63777a4f7c39f9852407cde44c2052"
"288","0xe7bccf52cc5a5d0b8bb4ce5c6d42887529e5826e","37159.274795907184518439","37159274795907184518439","51115411","0xe479692caeeddc05c74f9000c9c1034afa63777a4f7c39f9852407cde44c2052"
"289","0x893dcbdcd7492174d2773d9f20999fac5ed758a5","37156.428091094536737212","37156428091094536737212","51115411","0xe479692caeeddc05c74f9000c9c1034afa63777a4f7c39f9852407cde44c2052"
"290","0x46f26b08dac8697b8e7d71f755f0c591e2af4246","37128.623952372069101269","37128623952372069101269","51115411","0xe479692caeeddc05c74f9000c9c1034afa63777a4f7c39f9852407cde44c2052"
"291","0x24da44100a7ce93424fa0c5c6b1899a9acf2b61d","37123.197829912169725665","37123197829912169725665","51115411","0xe479692caeeddc05c74f9000c9c1034afa63777a4f7c39f9852407cde44c2052"
"292","0x00cb1524de844004827288f3a9922e28a0a1fdb1","36883.315691915539468873","36883315691915539468873","51115411","0xe479692caeeddc05c74f9000c9c1034afa63777a4f7c39f9852407cde44c2052"
"293","0x43d1c9438055899d6b01cdaed4f364b8a8eaeed0","36790.111792569423799616","36790111792569423799616","51115411","0xe479692caeeddc05c74f9000c9c1034afa63777a4f7c39f9852407cde44c2052"
"294","0x44fd08537a964e5709f4fc740c092271bd57c30d","36754.351308667996862384","36754351308667996862384","51115411","0xe479692caeeddc05c74f9000c9c1034afa63777a4f7c39f9852407cde44c2052"
"295","0x9ea0d30e2c80171e1aece22d41f67c0b4aa02bf8","36525.618212814302870998","36525618212814302870998","51115411","0xe479692caeeddc05c74f9000c9c1034afa63777a4f7c39f9852407cde44c2052"
"296","0x9137914b86dd6a85e2558774d925b47816ed9bd8","36471.844802376284580444","36471844802376284580444","51115411","0xe479692caeeddc05c74f9000c9c1034afa63777a4f7c39f9852407cde44c2052"
"297","0x90391efb8e32e362adf704d18accff010b4a25d7","36405.110381793020595844","36405110381793020595844","51115411","0xe479692caeeddc05c74f9000c9c1034afa63777a4f7c39f9852407cde44c2052"
"298","0x277666232e0c594c406d4fcb2e65d07164f01a0d","36298.534373557999912334","36298534373557999912334","51115411","0xe479692caeeddc05c74f9000c9c1034afa63777a4f7c39f9852407cde44c2052"
"299","0x3cdd9cfcd00186bf2279ffe0057ee2817666bd08","36276.417837784564942875","36276417837784564942875","51115411","0xe479692caeeddc05c74f9000c9c1034afa63777a4f7c39f9852407cde44c2052"
"300","0x9b5088998fb847295e02b21993d603e7f6afdb7e","36270.535487857592562837","36270535487857592562837","51115411","0xe479692caeeddc05c74f9000c9c1034afa63777a4f7c39f9852407cde44c2052"
"301","0xe8440b9d12129dbce154167bcb8d07936c54c184","36195.18396130784544952","36195183961307845449520","51115411","0xe479692caeeddc05c74f9000c9c1034afa63777a4f7c39f9852407cde44c2052"
"302","0xb146fbb27d1e55d5fdbf46ded64497f7ea9fb2ac","36010.247571672352461426","36010247571672352461426","51115411","0xe479692caeeddc05c74f9000c9c1034afa63777a4f7c39f9852407cde44c2052"
"303","0x0544868b896316a53b01090a7c4505353b008c15","35910.744062326639329293","35910744062326639329293","51115411","0xe479692caeeddc05c74f9000c9c1034afa63777a4f7c39f9852407cde44c2052"
"304","0xba69b0736563f951a21ab0749c82b9c08dcca298","35898.211950374042114379","35898211950374042114379","51115411","0xe479692caeeddc05c74f9000c9c1034afa63777a4f7c39f9852407cde44c2052"
"305","0x78520ddb65486e81bffb624682f7b0a7f9084a2b","35849.648863175555834133","35849648863175555834133","51115411","0xe479692caeeddc05c74f9000c9c1034afa63777a4f7c39f9852407cde44c2052"
"306","0x51ea109fda3217df19ebe043c32038461c40ca95","35766.660014424619384898","35766660014424619384898","51115411","0xe479692caeeddc05c74f9000c9c1034afa63777a4f7c39f9852407cde44c2052"
"307","0x7d57b8b8a731cc1fc1e661842790e1864d5cf4e8","35728.94680180366182172","35728946801803661821720","51115411","0xe479692caeeddc05c74f9000c9c1034afa63777a4f7c39f9852407cde44c2052"
"308","0x707c56fb7cb7a12ef3d149a48042003cb1c1d547","35684.340678442940667711","35684340678442940667711","51115411","0xe479692caeeddc05c74f9000c9c1034afa63777a4f7c39f9852407cde44c2052"
"309","0x67dfaedeed55a1e2a3876f38221c2db85daeb891","35654.606358313954295035","35654606358313954295035","51115411","0xe479692caeeddc05c74f9000c9c1034afa63777a4f7c39f9852407cde44c2052"
"310","0x01c5ea3d7d142b7120e2b01814596dcd4cbbab08","35649.395347094484668995","35649395347094484668995","51115411","0xe479692caeeddc05c74f9000c9c1034afa63777a4f7c39f9852407cde44c2052"
"311","0x9ce85a3ce526d04346f0a95f24b2c0425c063837","35592.315951008037463778","35592315951008037463778","51115411","0xe479692caeeddc05c74f9000c9c1034afa63777a4f7c39f9852407cde44c2052"
"312","0x27efadb6fdd55502cdda7acd1913355e148d26da","35455.070028072377097773","35455070028072377097773","51115411","0xe479692caeeddc05c74f9000c9c1034afa63777a4f7c39f9852407cde44c2052"
"313","0x24cbe3227f8fea7bf2919f198b5f1bba07d53fef","35409.049177512516846999","35409049177512516846999","51115411","0xe479692caeeddc05c74f9000c9c1034afa63777a4f7c39f9852407cde44c2052"
"314","0x1f5dba68f40f1105ae8c88ebeb027a03529095bb","35316.292267968326090447","35316292267968326090447","51115411","0xe479692caeeddc05c74f9000c9c1034afa63777a4f7c39f9852407cde44c2052"
"315","0xfba8a2943d7c6c6dd5a9a48187df7ed755293eb1","35288.833898180544873058","35288833898180544873058","51115411","0xe479692caeeddc05c74f9000c9c1034afa63777a4f7c39f9852407cde44c2052"
"316","0xca2618726883df2112b6a5bc14ac27a4efbd469b","35243.04743880874257578","35243047438808742575780","51115411","0xe479692caeeddc05c74f9000c9c1034afa63777a4f7c39f9852407cde44c2052"
"317","0xf28fd3584a8ab3dcdc2b4dc91b42b28ed3361d0c","35107.548366785215082387","35107548366785215082387","51115411","0xe479692caeeddc05c74f9000c9c1034afa63777a4f7c39f9852407cde44c2052"
"318","0x3406a82ff70acbf444234d1ef5d50e1161d7b160","35012.375625164255671809","35012375625164255671809","51115411","0xe479692caeeddc05c74f9000c9c1034afa63777a4f7c39f9852407cde44c2052"
"319","0x407e6f878cd8f7761463ce1c107b667e82221b0e","34780.393710131376545977","34780393710131376545977","51115411","0xe479692caeeddc05c74f9000c9c1034afa63777a4f7c39f9852407cde44c2052"
"320","0xe5e512a9822d5e79648daa1a82f64ba8ec205999","34734.437341761834706022","34734437341761834706022","51115411","0xe479692caeeddc05c74f9000c9c1034afa63777a4f7c39f9852407cde44c2052"
"321","0x88381360e8c3afcf760c968bccb791e0b0737f24","34632.91271721428679726","34632912717214286797260","51115411","0xe479692caeeddc05c74f9000c9c1034afa63777a4f7c39f9852407cde44c2052"
"322","0x759432b16552ac0baed0a7de892f4ab295041dcd","34593.863194115306355699","34593863194115306355699","51115411","0xe479692caeeddc05c74f9000c9c1034afa63777a4f7c39f9852407cde44c2052"
"323","0x89d7012c445e3ab32117f003ca9a2c2d31a10938","34495.205603329460012753","34495205603329460012753","51115411","0xe479692caeeddc05c74f9000c9c1034afa63777a4f7c39f9852407cde44c2052"
"324","0x4313f463f080197f5f37b266c17559871131daed","34493.357725629711343733","34493357725629711343733","51115411","0xe479692caeeddc05c74f9000c9c1034afa63777a4f7c39f9852407cde44c2052"
"325","0x41387ae4670776a323bbaac442c3c65d9d0375dc","34485.720418213447068722","34485720418213447068722","51115411","0xe479692caeeddc05c74f9000c9c1034afa63777a4f7c39f9852407cde44c2052"
"326","0x79f4cc59de034a3f514289bca65e4c04dca040c0","34394.037634869605790843","34394037634869605790843","51115411","0xe479692caeeddc05c74f9000c9c1034afa63777a4f7c39f9852407cde44c2052"
"327","0xfd0bbda87eda043c75899d5ad23164ac775677ce","34258.949623878560266674","34258949623878560266674","51115411","0xe479692caeeddc05c74f9000c9c1034afa63777a4f7c39f9852407cde44c2052"
"328","0xcd3376177a8a06cc60bee0f62c4103bb10d12ead","34123.591711167512919757","34123591711167512919757","51115411","0xe479692caeeddc05c74f9000c9c1034afa63777a4f7c39f9852407cde44c2052"
"329","0x443150376157e2ffe19dd3a948dd7dfb2c278bbd","34016.935783308628876378","34016935783308628876378","51115411","0xe479692caeeddc05c74f9000c9c1034afa63777a4f7c39f9852407cde44c2052"
"330","0x38fea85332bc11f15b4e2da18d75e7323e994be9","34013.791408914172759112","34013791408914172759112","51115411","0xe479692caeeddc05c74f9000c9c1034afa63777a4f7c39f9852407cde44c2052"
"331","0x36b1a11cc8060c97e4e6666d02f427c9f801034e","33867.393267522331246698","33867393267522331246698","51115411","0xe479692caeeddc05c74f9000c9c1034afa63777a4f7c39f9852407cde44c2052"
"332","0xd411c4a86725c28321aa2fffa8e69c4cc20681d7","33810.703598432961454624","33810703598432961454624","51115411","0xe479692caeeddc05c74f9000c9c1034afa63777a4f7c39f9852407cde44c2052"
"333","0xba7a63376f6754647bd6a9a97298e5592c7208f5","33776.914205976843785786","33776914205976843785786","51115411","0xe479692caeeddc05c74f9000c9c1034afa63777a4f7c39f9852407cde44c2052"
"334","0x3f0bf2350a9d2c0e976ca0749d13b732202468a6","33375.57067540250810319","33375570675402508103190","51115411","0xe479692caeeddc05c74f9000c9c1034afa63777a4f7c39f9852407cde44c2052"
"335","0xf2d30303be152318bdb4278ab58c514641ce47f7","33344.368238260350531348","33344368238260350531348","51115411","0xe479692caeeddc05c74f9000c9c1034afa63777a4f7c39f9852407cde44c2052"
"336","0x00bb49a71042d0b391f05de68b81827c24db2aef","32959.643747934902715468","32959643747934902715468","51115411","0xe479692caeeddc05c74f9000c9c1034afa63777a4f7c39f9852407cde44c2052"
"337","0xf15ddaf69dc4870600606402033bcf5c4d5c0adf","32605.656998462975815751","32605656998462975815751","51115411","0xe479692caeeddc05c74f9000c9c1034afa63777a4f7c39f9852407cde44c2052"
"338","0x27b482f3418c6c15b39df8d4e28ab1811e8000c2","32413.783761034761716331","32413783761034761716331","51115411","0xe479692caeeddc05c74f9000c9c1034afa63777a4f7c39f9852407cde44c2052"
"339","0xa42d155fb820c196fad9840df281e9b34ecc8491","32398.583462470034491018","32398583462470034491018","51115411","0xe479692caeeddc05c74f9000c9c1034afa63777a4f7c39f9852407cde44c2052"
"340","0x309e64c85a87954e35dacf9cef60e8a750e66562","32243.091236521391579617","32243091236521391579617","51115411","0xe479692caeeddc05c74f9000c9c1034afa63777a4f7c39f9852407cde44c2052"
"341","0x0a3a6eef246ed15dbf97f8a237e20a3bc091cba3","32198.833576661689831042","32198833576661689831042","51115411","0xe479692caeeddc05c74f9000c9c1034afa63777a4f7c39f9852407cde44c2052"
"342","0x8cb8cd4dc37983e7fb58afe1b610bc68a4fa9a20","32170.62580998659268659","32170625809986592686590","51115411","0xe479692caeeddc05c74f9000c9c1034afa63777a4f7c39f9852407cde44c2052"
"343","0xdebc30e36cd812151d24dc2508fe506081e15755","32128.854622404580008792","32128854622404580008792","51115411","0xe479692caeeddc05c74f9000c9c1034afa63777a4f7c39f9852407cde44c2052"
"344","0x55dd61770526691c57a2b65447e3385f2c2fadb8","31965.146510134434313596","31965146510134434313596","51115411","0xe479692caeeddc05c74f9000c9c1034afa63777a4f7c39f9852407cde44c2052"
"345","0x845f2855f42c99c798bdd8171abc34c9816ce8a1","31950.768216880481210261","31950768216880481210261","51115411","0xe479692caeeddc05c74f9000c9c1034afa63777a4f7c39f9852407cde44c2052"
"346","0xbf4e84e2b743438f713e23300d3a7f8cc94c221c","31918.349059325157769951","31918349059325157769951","51115411","0xe479692caeeddc05c74f9000c9c1034afa63777a4f7c39f9852407cde44c2052"
"347","0x27ba37d658c9c1e7f3175d662fdb21f0ae347871","31916.854058797556377142","31916854058797556377142","51115411","0xe479692caeeddc05c74f9000c9c1034afa63777a4f7c39f9852407cde44c2052"
"348","0x71d18e41a536f58b61667da6c0724257b51e860b","31908.406573804457155237","31908406573804457155237","51115411","0xe479692caeeddc05c74f9000c9c1034afa63777a4f7c39f9852407cde44c2052"
"349","0x30c8828dc032bfbac8d81dcf4f3f1d2a7dd87447","31901.116038464929980943","31901116038464929980943","51115411","0xe479692caeeddc05c74f9000c9c1034afa63777a4f7c39f9852407cde44c2052"
"350","0x7cbe8545bf40cffa28c270589d87c3a1e0fb5019","31872.98438595123973212","31872984385951239732120","51115411","0xe479692caeeddc05c74f9000c9c1034afa63777a4f7c39f9852407cde44c2052"
"351","0x3caca7ffc6080ae6f5cac3e143f5018966c11173","31823.684297664778064205","31823684297664778064205","51115411","0xe479692caeeddc05c74f9000c9c1034afa63777a4f7c39f9852407cde44c2052"
"352","0x5b2ce80ef174eaff32846cfad8135ee6bbe4d48d","31781.566841442345055227","31781566841442345055227","51115411","0xe479692caeeddc05c74f9000c9c1034afa63777a4f7c39f9852407cde44c2052"
"353","0x3fb8b98e40de6ba0d0433b282c4a28a897af5d05","31737.054605076406718805","31737054605076406718805","51115411","0xe479692caeeddc05c74f9000c9c1034afa63777a4f7c39f9852407cde44c2052"
"354","0x1d80c423bdca9ff6750301a4cff47aeae6cf937c","31736.701654316279736567","31736701654316279736567","51115411","0xe479692caeeddc05c74f9000c9c1034afa63777a4f7c39f9852407cde44c2052"
"355","0xba272f5445fcb0b50c8de1bb9c64160aa1490028","31641.375276067172573367","31641375276067172573367","51115411","0xe479692caeeddc05c74f9000c9c1034afa63777a4f7c39f9852407cde44c2052"
"356","0x3d57d4f16a8604f96a2c3698675af55980496b17","31605.53431453462695711","31605534314534626957110","51115411","0xe479692caeeddc05c74f9000c9c1034afa63777a4f7c39f9852407cde44c2052"
"357","0x9794138aa8059e94c786b9a32cb2399e5a7fc892","31465.582184590197892515","31465582184590197892515","51115411","0xe479692caeeddc05c74f9000c9c1034afa63777a4f7c39f9852407cde44c2052"
"358","0x48cadd085e157a3f1c1c4bd6f9bc0d6ef6215adb","31336.003561431760694249","31336003561431760694249","51115411","0xe479692caeeddc05c74f9000c9c1034afa63777a4f7c39f9852407cde44c2052"
"359","0xcc9e4b93706be27e85ecd49b00fa52ce20ba29e5","31298.147999916443595265","31298147999916443595265","51115411","0xe479692caeeddc05c74f9000c9c1034afa63777a4f7c39f9852407cde44c2052"
"360","0xf87753c8c1e6665e02e35ff2ef8e7c706866e268","31173.211833278910082202","31173211833278910082202","51115411","0xe479692caeeddc05c74f9000c9c1034afa63777a4f7c39f9852407cde44c2052"
"361","0x9d26ef1330f0d92bdd8b2cf05501956a7edec8bb","31115.049159879235714251","31115049159879235714251","51115411","0xe479692caeeddc05c74f9000c9c1034afa63777a4f7c39f9852407cde44c2052"
"362","0x72caad4e5209e2030d8b09697044ec0ca95d46dc","30852.751698733439064403","30852751698733439064403","51115411","0xe479692caeeddc05c74f9000c9c1034afa63777a4f7c39f9852407cde44c2052"
"363","0xec22414227b4d4ae14669569a6d0050bec081654","30657.12457390942605883","30657124573909426058830","51115411","0xe479692caeeddc05c74f9000c9c1034afa63777a4f7c39f9852407cde44c2052"
"364","0x15f93dbb4f9d3a5f1967eb946792783b033ad50b","30632.978413570844155733","30632978413570844155733","51115411","0xe479692caeeddc05c74f9000c9c1034afa63777a4f7c39f9852407cde44c2052"
"365","0x5db63f987817910bbb9656b5210990408d3831fb","30506.375366904486241182","30506375366904486241182","51115411","0xe479692caeeddc05c74f9000c9c1034afa63777a4f7c39f9852407cde44c2052"
"366","0x57d354d3a0e55a47c253782e302fa871924696e0","30478.277226354005989568","30478277226354005989568","51115411","0xe479692caeeddc05c74f9000c9c1034afa63777a4f7c39f9852407cde44c2052"
"367","0xaf450b87e7e3c6349f3b279917680b416c13ff15","30473.11859509421676866","30473118595094216768660","51115411","0xe479692caeeddc05c74f9000c9c1034afa63777a4f7c39f9852407cde44c2052"
"368","0xe3908825ccf40cf700708ba2990e9a4a799b1c38","30364.018105678910903737","30364018105678910903737","51115411","0xe479692caeeddc05c74f9000c9c1034afa63777a4f7c39f9852407cde44c2052"
"369","0x2d76a833925722713c851b544d4914ab4f307ab1","30291.843798468233534901","30291843798468233534901","51115411","0xe479692caeeddc05c74f9000c9c1034afa63777a4f7c39f9852407cde44c2052"
"370","0xf0669ef23b776bb5998920647996bb3a137ca52a","30199.902183843750293122","30199902183843750293122","51115411","0xe479692caeeddc05c74f9000c9c1034afa63777a4f7c39f9852407cde44c2052"
"371","0x1a0b5f2eade71626d051c29ef425d9c49dc87aea","30187.168242460057225204","30187168242460057225204","51115411","0xe479692caeeddc05c74f9000c9c1034afa63777a4f7c39f9852407cde44c2052"
"372","0xea11cfc7965ee7223e7c16b97ffec26a948d6a4e","30087.706548379408370073","30087706548379408370073","51115411","0xe479692caeeddc05c74f9000c9c1034afa63777a4f7c39f9852407cde44c2052"
"373","0x302892a9a3fe7094e4ba96fe5a20a28e05f408ea","30016.502915125500951131","30016502915125500951131","51115411","0xe479692caeeddc05c74f9000c9c1034afa63777a4f7c39f9852407cde44c2052"
"374","0x5fd8b4335394d72bafbd25b4a88d3dcabfb70b8d","29946.532996010295286873","29946532996010295286873","51115411","0xe479692caeeddc05c74f9000c9c1034afa63777a4f7c39f9852407cde44c2052"
"375","0xe952dfb675f6530d9e96ea4bccc60cc72df2b33e","29920.592666555027010438","29920592666555027010438","51115411","0xe479692caeeddc05c74f9000c9c1034afa63777a4f7c39f9852407cde44c2052"
"376","0x0c7cdee7f65f2be9d3d241a8caf43fd2773e263b","29811.398543281817449256","29811398543281817449256","51115411","0xe479692caeeddc05c74f9000c9c1034afa63777a4f7c39f9852407cde44c2052"
"377","0xe5b314fa02f366b136685ef322a91586ef2364de","29809.918552283724031315","29809918552283724031315","51115411","0xe479692caeeddc05c74f9000c9c1034afa63777a4f7c39f9852407cde44c2052"
"378","0x75fa8ddd692edd6cf2b7bc4d1e1331301a1cde3b","29802.015629621512115845","29802015629621512115845","51115411","0xe479692caeeddc05c74f9000c9c1034afa63777a4f7c39f9852407cde44c2052"
"379","0x791f73cd165c0fd49e266aa0fd6768e94231b553","29786.136592988952073091","29786136592988952073091","51115411","0xe479692caeeddc05c74f9000c9c1034afa63777a4f7c39f9852407cde44c2052"
"380","0xf25c929ddae44c8439cec27934526f81e933568b","29783.220225305648565723","29783220225305648565723","51115411","0xe479692caeeddc05c74f9000c9c1034afa63777a4f7c39f9852407cde44c2052"
"381","0x3d0455b065217d192552230d2a161d7769a09379","29741.099821022746895018","29741099821022746895018","51115411","0xe479692caeeddc05c74f9000c9c1034afa63777a4f7c39f9852407cde44c2052"
"382","0x782986d08da356ecad5bafa9748e7720e290a435","29738.859612324124142364","29738859612324124142364","51115411","0xe479692caeeddc05c74f9000c9c1034afa63777a4f7c39f9852407cde44c2052"
"383","0xbdca3d9fc180fb5c9bec0449f441e437e8567d9f","29636.479358021740303467","29636479358021740303467","51115411","0xe479692caeeddc05c74f9000c9c1034afa63777a4f7c39f9852407cde44c2052"
"384","0xeb121823e5f3b1bfe13d45fdd1e7416a6b26ad81","29488.355163497343009841","29488355163497343009841","51115411","0xe479692caeeddc05c74f9000c9c1034afa63777a4f7c39f9852407cde44c2052"
"385","0xd6d9af69fb43e194d63edccdb93b2de7b7d991c4","29465.080720663994479034","29465080720663994479034","51115411","0xe479692caeeddc05c74f9000c9c1034afa63777a4f7c39f9852407cde44c2052"
"386","0x83fbf2718cf447d2d1ce6bd2ba3f18f7ad1a2a79","29262.276775556862234776","29262276775556862234776","51115411","0xe479692caeeddc05c74f9000c9c1034afa63777a4f7c39f9852407cde44c2052"
"387","0x68c681fe934026b548fd4b99a13fb8c7e3365ef6","29256.460394199839806913","29256460394199839806913","51115411","0xe479692caeeddc05c74f9000c9c1034afa63777a4f7c39f9852407cde44c2052"
"388","0x2a63bc8f638b9241d453a7276c9dca0a46c33ced","29226.993315129543262471","29226993315129543262471","51115411","0xe479692caeeddc05c74f9000c9c1034afa63777a4f7c39f9852407cde44c2052"
"389","0x66f9fb275ea60e7d6f65604bfedd7e281da122ac","29216.156272451681834844","29216156272451681834844","51115411","0xe479692caeeddc05c74f9000c9c1034afa63777a4f7c39f9852407cde44c2052"
"390","0x6eec912b9ec053b1988ee17c9b31493e510226ef","29022.033560223449294808","29022033560223449294808","51115411","0xe479692caeeddc05c74f9000c9c1034afa63777a4f7c39f9852407cde44c2052"
"391","0x9fd2e0789fd55a11c8b2f98772ee53f4223c2e89","28837.149784990379638599","28837149784990379638599","51115411","0xe479692caeeddc05c74f9000c9c1034afa63777a4f7c39f9852407cde44c2052"
"392","0xb5446787ee2d36c293b6a6e87649cba67d2c268c","28683.342776616623066568","28683342776616623066568","51115411","0xe479692caeeddc05c74f9000c9c1034afa63777a4f7c39f9852407cde44c2052"
"393","0xb1258633a8f7eeb78dbb8aaddcc4cca1d33666c2","28582.515475351075638324","28582515475351075638324","51115411","0xe479692caeeddc05c74f9000c9c1034afa63777a4f7c39f9852407cde44c2052"
"394","0xd48db280b8161023186bcf7133d4f3e3d94aaf34","28468.979307824813346175","28468979307824813346175","51115411","0xe479692caeeddc05c74f9000c9c1034afa63777a4f7c39f9852407cde44c2052"
"395","0x13e8a7867a4690bf1ebd2aa0f77bee13b5290450","28452.698456103653021832","28452698456103653021832","51115411","0xe479692caeeddc05c74f9000c9c1034afa63777a4f7c39f9852407cde44c2052"
"396","0x3a2c24307f1316e934ca331a15e83171bacec3f0","28392.338319374116621316","28392338319374116621316","51115411","0xe479692caeeddc05c74f9000c9c1034afa63777a4f7c39f9852407cde44c2052"
"397","0xb62c1f04dc818bffd9f8b368749fdf445858978b","28360.707224885190187042","28360707224885190187042","51115411","0xe479692caeeddc05c74f9000c9c1034afa63777a4f7c39f9852407cde44c2052"
"398","0x7a30e7d652d48743e6e7905746ca186063d01d97","28345.25308525432306059","28345253085254323060590","51115411","0xe479692caeeddc05c74f9000c9c1034afa63777a4f7c39f9852407cde44c2052"
"399","0xf95a6073941cfd8b96c1484e0bcabf151a5fa0f4","28231.450684895457191641","28231450684895457191641","51115411","0xe479692caeeddc05c74f9000c9c1034afa63777a4f7c39f9852407cde44c2052"
"400","0x7b5d2ff5dbfd12a11b5d8e6f2e42a5a151efba60","28164.893245134706422059","28164893245134706422059","51115411","0xe479692caeeddc05c74f9000c9c1034afa63777a4f7c39f9852407cde44c2052"
"401","0x97709e9cf70de5746136c783fb8b349ffd3ac0cd","28135.280363103765852566","28135280363103765852566","51115413","0xca7f319d6f9edc4a9d0d7aaa6f53ba71cfd133f20d25c6a5f779ec423fa7f263"
"402","0xaf3f23f6aaffb6506ec8e70e51d778734c811cfd","27652.385606251657513281","27652385606251657513281","51115413","0xca7f319d6f9edc4a9d0d7aaa6f53ba71cfd133f20d25c6a5f779ec423fa7f263"
"403","0xb7859d330b0681ff18db80112502d210e0a990e7","27605.404338824880544846","27605404338824880544846","51115413","0xca7f319d6f9edc4a9d0d7aaa6f53ba71cfd133f20d25c6a5f779ec423fa7f263"
"404","0xff1882511a5673194b252c35f2530562f74f47e4","27571.320057781892204453","27571320057781892204453","51115413","0xca7f319d6f9edc4a9d0d7aaa6f53ba71cfd133f20d25c6a5f779ec423fa7f263"
"405","0x4ddf9a330decb4ec67e2d253c76c81014433fed6","27484.710120505345108144","27484710120505345108144","51115413","0xca7f319d6f9edc4a9d0d7aaa6f53ba71cfd133f20d25c6a5f779ec423fa7f263"
"406","0x9e0d2c07a4e2aa382c95ca2f62a85b4b23f0e2e9","27285.903751927390902809","27285903751927390902809","51115413","0xca7f319d6f9edc4a9d0d7aaa6f53ba71cfd133f20d25c6a5f779ec423fa7f263"
"407","0x3a82b65ce44d5edb8b47e2ce1c38feadc78ea04f","27226.323965686108467782","27226323965686108467782","51115413","0xca7f319d6f9edc4a9d0d7aaa6f53ba71cfd133f20d25c6a5f779ec423fa7f263"
"408","0x120848211c1bee2e7db6d5883bcc498b318719bb","27206.068335913879752383","27206068335913879752383","51115413","0xca7f319d6f9edc4a9d0d7aaa6f53ba71cfd133f20d25c6a5f779ec423fa7f263"
"409","0x737a1bb616dd069e113743bf154700b1a2c44941","27170.955262493568927603","27170955262493568927603","51115413","0xca7f319d6f9edc4a9d0d7aaa6f53ba71cfd133f20d25c6a5f779ec423fa7f263"
"410","0x201955545784e998ef5b54b5fc576281070f9c0c","27057.711659064411853021","27057711659064411853021","51115413","0xca7f319d6f9edc4a9d0d7aaa6f53ba71cfd133f20d25c6a5f779ec423fa7f263"
"411","0x1da5c7da69c63c7787e11d80cb279fc0ec76c197","26840.852410534200986038","26840852410534200986038","51115413","0xca7f319d6f9edc4a9d0d7aaa6f53ba71cfd133f20d25c6a5f779ec423fa7f263"
"412","0x73c31560107a7fb424ed5dae505d581de22f16d6","26672.336779315298338813","26672336779315298338813","51115413","0xca7f319d6f9edc4a9d0d7aaa6f53ba71cfd133f20d25c6a5f779ec423fa7f263"
"413","0xdcbeeb2034f810f095482b7f577487d2a17172b5","26638.549533703124887967","26638549533703124887967","51115413","0xca7f319d6f9edc4a9d0d7aaa6f53ba71cfd133f20d25c6a5f779ec423fa7f263"
"414","0xd40ac8d6e6154473ee1163fedfd4be5224910b81","26499.96817928483997882","26499968179284839978820","51115413","0xca7f319d6f9edc4a9d0d7aaa6f53ba71cfd133f20d25c6a5f779ec423fa7f263"
"415","0x591cec912adae946effb0bf4fdfe9b4f130fbfc6","26475.839223638659131667","26475839223638659131667","51115413","0xca7f319d6f9edc4a9d0d7aaa6f53ba71cfd133f20d25c6a5f779ec423fa7f263"
"416","0xb10b8442aeaeed7726567e7fdc9f17185c16be69","26432.806646894749871781","26432806646894749871781","51115413","0xca7f319d6f9edc4a9d0d7aaa6f53ba71cfd133f20d25c6a5f779ec423fa7f263"
"417","0x8b545dba9d6debea6820dff122fbf6493d7f71e7","26418.786214486903050734","26418786214486903050734","51115413","0xca7f319d6f9edc4a9d0d7aaa6f53ba71cfd133f20d25c6a5f779ec423fa7f263"
"418","0x89513239eb60e3a1ddf5cd568b08144a493290de","26186.345734629079221556","26186345734629079221556","51115413","0xca7f319d6f9edc4a9d0d7aaa6f53ba71cfd133f20d25c6a5f779ec423fa7f263"
"419","0x2013d2868c582613cf73127a6df0e64ca7ee9d8f","26125.826848304915281113","26125826848304915281113","51115413","0xca7f319d6f9edc4a9d0d7aaa6f53ba71cfd133f20d25c6a5f779ec423fa7f263"
"420","0xfb3f8caad689ee8e3829b429d3952f7a9257b09e","25766.065701977581822222","25766065701977581822222","51115413","0xca7f319d6f9edc4a9d0d7aaa6f53ba71cfd133f20d25c6a5f779ec423fa7f263"
"421","0x9098cdcc3c83f1fba10805ad5ba56ca6713138c9","25736.955522451579549336","25736955522451579549336","51115413","0xca7f319d6f9edc4a9d0d7aaa6f53ba71cfd133f20d25c6a5f779ec423fa7f263"
"422","0xdc1f6b1e9af4387b3a9b337644614ac678ac76b8","25716.816394522374791998","25716816394522374791998","51115413","0xca7f319d6f9edc4a9d0d7aaa6f53ba71cfd133f20d25c6a5f779ec423fa7f263"
"423","0x061a6b29c230b9300cdb8f69d9a2ec3dd5fbf045","25635.395331660676377786","25635395331660676377786","51115413","0xca7f319d6f9edc4a9d0d7aaa6f53ba71cfd133f20d25c6a5f779ec423fa7f263"
"424","0xf7d85f073abbd0b1c557ea47ab51461de49f99e6","25629.340426818355611441","25629340426818355611441","51115413","0xca7f319d6f9edc4a9d0d7aaa6f53ba71cfd133f20d25c6a5f779ec423fa7f263"
"425","0xe4e915f8db132fcfc5b6180f3bac3b2997b20fab","25443.570532594328374528","25443570532594328374528","51115413","0xca7f319d6f9edc4a9d0d7aaa6f53ba71cfd133f20d25c6a5f779ec423fa7f263"
"426","0xea3d9fadd7004232eb16eab9382ab6de86e93df7","25258.215150597274531281","25258215150597274531281","51115413","0xca7f319d6f9edc4a9d0d7aaa6f53ba71cfd133f20d25c6a5f779ec423fa7f263"
"427","0x370686138046a262dd32a3e92128112160a14db9","25232.231016967875687414","25232231016967875687414","51115413","0xca7f319d6f9edc4a9d0d7aaa6f53ba71cfd133f20d25c6a5f779ec423fa7f263"
"428","0x5335f4ed37257881ca20dae09f61e8c6aa2568fb","25229.217216250553297768","25229217216250553297768","51115413","0xca7f319d6f9edc4a9d0d7aaa6f53ba71cfd133f20d25c6a5f779ec423fa7f263"
"429","0x24e183e935d5b769c91439cc5b112e4869f8536b","25103.98218539964808175","25103982185399648081750","51115413","0xca7f319d6f9edc4a9d0d7aaa6f53ba71cfd133f20d25c6a5f779ec423fa7f263"
"430","0xb5d697af4292640bdccc3a6419b19c5c61938fff","25079.021556200954213672","25079021556200954213672","51115413","0xca7f319d6f9edc4a9d0d7aaa6f53ba71cfd133f20d25c6a5f779ec423fa7f263"
"431","0xd0ca433de06ef7dd09e1e073da61baf32dde679e","25067.868013319345794559","25067868013319345794559","51115413","0xca7f319d6f9edc4a9d0d7aaa6f53ba71cfd133f20d25c6a5f779ec423fa7f263"
"432","0x3d882d2ec2fabf462d368a42bdf798138d7030e6","25000.240557237637198139","25000240557237637198139","51115413","0xca7f319d6f9edc4a9d0d7aaa6f53ba71cfd133f20d25c6a5f779ec423fa7f263"
"433","0x4f56a08da917c8c6596dab803a4d1e43ba307d1a","24627.30953294702786532","24627309532947027865320","51115413","0xca7f319d6f9edc4a9d0d7aaa6f53ba71cfd133f20d25c6a5f779ec423fa7f263"
"434","0xd9f5e8f2d2262853b7c38f1c44feb4f39842e9c4","24508.189324578572960072","24508189324578572960072","51115413","0xca7f319d6f9edc4a9d0d7aaa6f53ba71cfd133f20d25c6a5f779ec423fa7f263"
"435","0x617b6f838f8810b7ec8d6ecb9bda212778d139e4","24411.632634131943309735","24411632634131943309735","51115413","0xca7f319d6f9edc4a9d0d7aaa6f53ba71cfd133f20d25c6a5f779ec423fa7f263"
"436","0xa1e1818820aa623c5e7378d97d522088a401731a","24384.298432864732282442","24384298432864732282442","51115413","0xca7f319d6f9edc4a9d0d7aaa6f53ba71cfd133f20d25c6a5f779ec423fa7f263"
"437","0xa8aaf191a44f94d9ab6e6d5ac3117f02473bd0dd","24196.358615339152839552","24196358615339152839552","51115413","0xca7f319d6f9edc4a9d0d7aaa6f53ba71cfd133f20d25c6a5f779ec423fa7f263"
"438","0xaccb50b8abe6a7cd72c867b0a17ea3d4206e951b","24182.25466441484762854","24182254664414847628540","51115413","0xca7f319d6f9edc4a9d0d7aaa6f53ba71cfd133f20d25c6a5f779ec423fa7f263"
"439","0x3a45d41170f6c9b00e61cef07f846cae1db79ee7","24120.456639660603079457","24120456639660603079457","51115413","0xca7f319d6f9edc4a9d0d7aaa6f53ba71cfd133f20d25c6a5f779ec423fa7f263"
"440","0xba5ebecb14e6b951bac87996f737c80812819214","24097.212167292508901828","24097212167292508901828","51115413","0xca7f319d6f9edc4a9d0d7aaa6f53ba71cfd133f20d25c6a5f779ec423fa7f263"
"441","0xc2665ae24982a2f896c6a707b97ab8b8b7d51452","24093.362945820516523529","24093362945820516523529","51115413","0xca7f319d6f9edc4a9d0d7aaa6f53ba71cfd133f20d25c6a5f779ec423fa7f263"
"442","0x1f8c09b94f06d4cef823334cef082eae1ea5bd65","24083.773489601422117949","24083773489601422117949","51115413","0xca7f319d6f9edc4a9d0d7aaa6f53ba71cfd133f20d25c6a5f779ec423fa7f263"
"443","0xf0465060e7be0c2d3dc8d0ee784b840f04c3d92f","24067.724002809887775322","24067724002809887775322","51115413","0xca7f319d6f9edc4a9d0d7aaa6f53ba71cfd133f20d25c6a5f779ec423fa7f263"
"444","0xaee181ca0cbabde2c63115787f75af4f6d4b9e54","23791.891001580756199947","23791891001580756199947","51115413","0xca7f319d6f9edc4a9d0d7aaa6f53ba71cfd133f20d25c6a5f779ec423fa7f263"
"445","0x0000d0f13d7a96934241f43520f8042835a40000","23753.787844565238090603","23753787844565238090603","51115413","0xca7f319d6f9edc4a9d0d7aaa6f53ba71cfd133f20d25c6a5f779ec423fa7f263"
"446","0x152b4c68fa08a271d1de51e45f04a9de7d38d7ab","23702.3298516510506096","23702329851651050609600","51115413","0xca7f319d6f9edc4a9d0d7aaa6f53ba71cfd133f20d25c6a5f779ec423fa7f263"
"447","0xd7f78448582d9dcd14c97b5ff2439b4c0917978f","23697.722907551428336284","23697722907551428336284","51115413","0xca7f319d6f9edc4a9d0d7aaa6f53ba71cfd133f20d25c6a5f779ec423fa7f263"
"448","0xd1aa2cc7e7c2116638a90a28987dc6d35a84946d","23636.17850128562052933","23636178501285620529330","51115413","0xca7f319d6f9edc4a9d0d7aaa6f53ba71cfd133f20d25c6a5f779ec423fa7f263"
"449","0x1256bc3652ca85f962d613d5f91f0167c2ff2218","23484.84861671991079959","23484848616719910799590","51115413","0xca7f319d6f9edc4a9d0d7aaa6f53ba71cfd133f20d25c6a5f779ec423fa7f263"
"450","0xa846bce7fc2dba9d87a38f4e413bfb09b562f7cd","23435.299366686165914049","23435299366686165914049","51115413","0xca7f319d6f9edc4a9d0d7aaa6f53ba71cfd133f20d25c6a5f779ec423fa7f263"
"451","0xaadcb7befeb532bb58ece4fe85f26a376b3463fc","23408.994638466196276465","23408994638466196276465","51115413","0xca7f319d6f9edc4a9d0d7aaa6f53ba71cfd133f20d25c6a5f779ec423fa7f263"
"452","0x115253c6430ecdedba1864a032bd4fcc3e9ca7da","23265.185172454954312102","23265185172454954312102","51115413","0xca7f319d6f9edc4a9d0d7aaa6f53ba71cfd133f20d25c6a5f779ec423fa7f263"
"453","0x95ad61b0a150d79219dcf64e1e6cc01f0b64c4ce","23203.568303787434241695","23203568303787434241695","51115413","0xca7f319d6f9edc4a9d0d7aaa6f53ba71cfd133f20d25c6a5f779ec423fa7f263"
"454","0x3d481cc6cf8287cce3792dbe96e79d5959a54cb9","23138.066348229684233623","23138066348229684233623","51115413","0xca7f319d6f9edc4a9d0d7aaa6f53ba71cfd133f20d25c6a5f779ec423fa7f263"
"455","0x5690431fea79b1a01801fc6e77782ccb571ed114","23124.804346696844017039","23124804346696844017039","51115413","0xca7f319d6f9edc4a9d0d7aaa6f53ba71cfd133f20d25c6a5f779ec423fa7f263"
"456","0xb8f0a03955d97dd3f81aa6eed70a076e19d59c83","23055.698161330393610621","23055698161330393610621","51115413","0xca7f319d6f9edc4a9d0d7aaa6f53ba71cfd133f20d25c6a5f779ec423fa7f263"
"457","0xb99d0960c0b1740e625bf366a94cb5dfaafe9068","22975.334719079626622233","22975334719079626622233","51115413","0xca7f319d6f9edc4a9d0d7aaa6f53ba71cfd133f20d25c6a5f779ec423fa7f263"
"458","0x042ab924b9f6df4fbe6e6210e758fba10ba1d81f","22917.264409758750615132","22917264409758750615132","51115413","0xca7f319d6f9edc4a9d0d7aaa6f53ba71cfd133f20d25c6a5f779ec423fa7f263"
"459","0x82ad80243d30eb02d4586cd8bfc925bcab43c494","22785.36641314718424767","22785366413147184247670","51115413","0xca7f319d6f9edc4a9d0d7aaa6f53ba71cfd133f20d25c6a5f779ec423fa7f263"
"460","0x8e224973441ea9230ea45ae1d32319dbc84c41c3","22535.881809138639599739","22535881809138639599739","51115413","0xca7f319d6f9edc4a9d0d7aaa6f53ba71cfd133f20d25c6a5f779ec423fa7f263"
"461","0xcef06232ade15f73ddb352d8e6c5e1da3be61f51","22534.54696450486675386","22534546964504866753860","51115413","0xca7f319d6f9edc4a9d0d7aaa6f53ba71cfd133f20d25c6a5f779ec423fa7f263"
"462","0x211ccd7025080bf0105e84f2b01df6dae2a57557","22431.717388037407734238","22431717388037407734238","51115413","0xca7f319d6f9edc4a9d0d7aaa6f53ba71cfd133f20d25c6a5f779ec423fa7f263"
"463","0x1c2a0f8c53d22daa8321c4a0281277ca2e08d784","22425.203559306695025627","22425203559306695025627","51115413","0xca7f319d6f9edc4a9d0d7aaa6f53ba71cfd133f20d25c6a5f779ec423fa7f263"
"464","0xd5b68af0761535999218befc4af3925ee45340e3","22404.757817245795363994","22404757817245795363994","51115413","0xca7f319d6f9edc4a9d0d7aaa6f53ba71cfd133f20d25c6a5f779ec423fa7f263"
"465","0x15a81a140e3e08d13afba229e68ce6d0a6de2862","22377.063430299196683584","22377063430299196683584","51115413","0xca7f319d6f9edc4a9d0d7aaa6f53ba71cfd133f20d25c6a5f779ec423fa7f263"
"466","0xb69f6cabbe3f438385dcfd0069e4284d3edac135","22368.99728604909699587","22368997286049096995870","51115413","0xca7f319d6f9edc4a9d0d7aaa6f53ba71cfd133f20d25c6a5f779ec423fa7f263"
"467","0xe740bda977ad09a5268fb1312430dbf7fa2f5fd7","22350.679997216959780024","22350679997216959780024","51115413","0xca7f319d6f9edc4a9d0d7aaa6f53ba71cfd133f20d25c6a5f779ec423fa7f263"
"468","0x52046a5153496618c31213bfc077b234f75b4211","22291.563936996736560352","22291563936996736560352","51115413","0xca7f319d6f9edc4a9d0d7aaa6f53ba71cfd133f20d25c6a5f779ec423fa7f263"
"469","0xe3919e198a759388dde32d31a1aa30518be4027e","22215.159302020680524115","22215159302020680524115","51115413","0xca7f319d6f9edc4a9d0d7aaa6f53ba71cfd133f20d25c6a5f779ec423fa7f263"
"470","0x1900cd53dde697c6b81e2b1ae131c4b12814c7e2","21715.478741030013656427","21715478741030013656427","51115413","0xca7f319d6f9edc4a9d0d7aaa6f53ba71cfd133f20d25c6a5f779ec423fa7f263"
"471","0xb81b1da7ed7c2deeb3e9465a643025e5865f5bf2","21697.147827697063901821","21697147827697063901821","51115413","0xca7f319d6f9edc4a9d0d7aaa6f53ba71cfd133f20d25c6a5f779ec423fa7f263"
"472","0x1ccebb5a708fdb37bca49222f51177025a06d860","21521.583264340311369612","21521583264340311369612","51115413","0xca7f319d6f9edc4a9d0d7aaa6f53ba71cfd133f20d25c6a5f779ec423fa7f263"
"473","0xc72805b81193152aea2ad80db0d2e06987390fac","21499.012656799587949914","21499012656799587949914","51115413","0xca7f319d6f9edc4a9d0d7aaa6f53ba71cfd133f20d25c6a5f779ec423fa7f263"
"474","0x2f1d2f3699f437da19a5c9c5f253f189e5ec93a2","21361.305346155714316289","21361305346155714316289","51115413","0xca7f319d6f9edc4a9d0d7aaa6f53ba71cfd133f20d25c6a5f779ec423fa7f263"
"475","0xdfc6b01277538673d95237a17a072ce7ff0c06fa","21329.069646594144435408","21329069646594144435408","51115413","0xca7f319d6f9edc4a9d0d7aaa6f53ba71cfd133f20d25c6a5f779ec423fa7f263"
"476","0x7adf66adbb30d23de252e2c164293bffbeab7ae9","21253.594662780403272982","21253594662780403272982","51115413","0xca7f319d6f9edc4a9d0d7aaa6f53ba71cfd133f20d25c6a5f779ec423fa7f263"
"477","0x23ae61c3148da24494bbee207a465945403da2bf","21221.134093385108295644","21221134093385108295644","51115413","0xca7f319d6f9edc4a9d0d7aaa6f53ba71cfd133f20d25c6a5f779ec423fa7f263"
"478","0xbb3ef562b61bec9ae22ed9c5c67bd73cc50ed179","21209.514525158651275081","21209514525158651275081","51115413","0xca7f319d6f9edc4a9d0d7aaa6f53ba71cfd133f20d25c6a5f779ec423fa7f263"
"479","0x24cad18aa8f763ef38070f276cc3c19e80845670","21143.562131524370223024","21143562131524370223024","51115413","0xca7f319d6f9edc4a9d0d7aaa6f53ba71cfd133f20d25c6a5f779ec423fa7f263"
"480","0x06cf5ab6e600753ece50b88df8cc88c96945e92f","21126.002763968247293947","21126002763968247293947","51115413","0xca7f319d6f9edc4a9d0d7aaa6f53ba71cfd133f20d25c6a5f779ec423fa7f263"
"481","0x2eef6a6bac8254454485d6f8917478ef7653c38b","21075.62821986417330019","21075628219864173300190","51115413","0xca7f319d6f9edc4a9d0d7aaa6f53ba71cfd133f20d25c6a5f779ec423fa7f263"
"482","0x40ab8a1022619547265a328c82d29181903dcbfe","21056.172575826339544539","21056172575826339544539","51115413","0xca7f319d6f9edc4a9d0d7aaa6f53ba71cfd133f20d25c6a5f779ec423fa7f263"
"483","0x99c887e1143a7a5e3eed2180d14a076d4fc562fe","20904.642748927352818406","20904642748927352818406","51115413","0xca7f319d6f9edc4a9d0d7aaa6f53ba71cfd133f20d25c6a5f779ec423fa7f263"
"484","0xe6886e52dd57c83cf4db86088e94f6ad62ee1add","20854.01957065461101226","20854019570654611012260","51115413","0xca7f319d6f9edc4a9d0d7aaa6f53ba71cfd133f20d25c6a5f779ec423fa7f263"
"485","0x767614fd604d432a999ca231ad8298dd0eda80fd","20797.161290803465564159","20797161290803465564159","51115413","0xca7f319d6f9edc4a9d0d7aaa6f53ba71cfd133f20d25c6a5f779ec423fa7f263"
"486","0xc66827cd82918cdc1f3c9d8ff41b84841c20e352","20724.697948853786120568","20724697948853786120568","51115413","0xca7f319d6f9edc4a9d0d7aaa6f53ba71cfd133f20d25c6a5f779ec423fa7f263"
"487","0x246c9255403e37ac409f27a53cc55ad5ce43217b","20706.951104524939126891","20706951104524939126891","51115413","0xca7f319d6f9edc4a9d0d7aaa6f53ba71cfd133f20d25c6a5f779ec423fa7f263"
"488","0x2441c62138271d5fa6852850471319a427189c89","20664.427624745446050658","20664427624745446050658","51115413","0xca7f319d6f9edc4a9d0d7aaa6f53ba71cfd133f20d25c6a5f779ec423fa7f263"
"489","0xcf0a7df50ab429182fdfa93292d150c35d7808c9","20617.319922438096886247","20617319922438096886247","51115413","0xca7f319d6f9edc4a9d0d7aaa6f53ba71cfd133f20d25c6a5f779ec423fa7f263"
"490","0xfbe9d48dc2032277ce16b985c3794f3c3950042c","20538.663908752534582505","20538663908752534582505","51115413","0xca7f319d6f9edc4a9d0d7aaa6f53ba71cfd133f20d25c6a5f779ec423fa7f263"
"491","0xe3200db493615ac9481bb6ae38264f8d3d613e2b","20511.096011655925111226","20511096011655925111226","51115413","0xca7f319d6f9edc4a9d0d7aaa6f53ba71cfd133f20d25c6a5f779ec423fa7f263"
"492","0xefa911756a790e0f9e806189dfa97e3fc96fb096","20471.736664035416047606","20471736664035416047606","51115413","0xca7f319d6f9edc4a9d0d7aaa6f53ba71cfd133f20d25c6a5f779ec423fa7f263"
"493","0xed98a20f9fe21f003a37cf951b789f4f736384a0","20329.006490786356695006","20329006490786356695006","51115413","0xca7f319d6f9edc4a9d0d7aaa6f53ba71cfd133f20d25c6a5f779ec423fa7f263"
"494","0x2bf4a1f48c3d74ef9561bf046b12d6e02340a942","20208.198356110086052918","20208198356110086052918","51115413","0xca7f319d6f9edc4a9d0d7aaa6f53ba71cfd133f20d25c6a5f779ec423fa7f263"
"495","0x22d4804fc75767e85b03b10628bc3048ee483fb3","20155.214818249778646938","20155214818249778646938","51115413","0xca7f319d6f9edc4a9d0d7aaa6f53ba71cfd133f20d25c6a5f779ec423fa7f263"
"496","0x107597f3ba5c71b2243fce285cd9128f5b0a2729","20140.265733541459310384","20140265733541459310384","51115413","0xca7f319d6f9edc4a9d0d7aaa6f53ba71cfd133f20d25c6a5f779ec423fa7f263"
"497","0x757f0acae0c930a324122e7693a597190e96e840","20112.620733720207772112","20112620733720207772112","51115413","0xca7f319d6f9edc4a9d0d7aaa6f53ba71cfd133f20d25c6a5f779ec423fa7f263"
"498","0x0d52e0062a8e268a4f4aa42959d76ef221e70379","20043.352567064438945424","20043352567064438945424","51115413","0xca7f319d6f9edc4a9d0d7aaa6f53ba71cfd133f20d25c6a5f779ec423fa7f263"
"499","0xc1a932918e99f6a86ffc3c4b915de09efe68574d","19900.339874879417870602","19900339874879417870602","51115413","0xca7f319d6f9edc4a9d0d7aaa6f53ba71cfd133f20d25c6a5f779ec423fa7f263"
"500","0x6b7a7feecfe0e7c698b94df86254ec3e6a1e4c42","19810.359087176706224508","19810359087176706224508","51115413","0xca7f319d6f9edc4a9d0d7aaa6f53ba71cfd133f20d25c6a5f779ec423fa7f263"
"501","0xacf279dae7de6ad12bb81c7b727c17d797e8375b","19809.395140106637208602","19809395140106637208602","51115413","0xca7f319d6f9edc4a9d0d7aaa6f53ba71cfd133f20d25c6a5f779ec423fa7f263"
"502","0xc35ba930b0fe45a54aea36fbeb2d03da99117c37","19798.429988711936222625","19798429988711936222625","51115413","0xca7f319d6f9edc4a9d0d7aaa6f53ba71cfd133f20d25c6a5f779ec423fa7f263"
"503","0xfb2bf6fee9b96f8d9af0f0f426dc0f5c0308a7ba","19783.223537344308290715","19783223537344308290715","51115413","0xca7f319d6f9edc4a9d0d7aaa6f53ba71cfd133f20d25c6a5f779ec423fa7f263"
"504","0x5e851bf126ec24ad5fb8624ba5a4b52f68fb28b7","19614.828179491513481738","19614828179491513481738","51115413","0xca7f319d6f9edc4a9d0d7aaa6f53ba71cfd133f20d25c6a5f779ec423fa7f263"
"505","0xc3db95786ef5bfa792ec3c30f323d46e4b67285e","19564.999976588020890591","19564999976588020890591","51115413","0xca7f319d6f9edc4a9d0d7aaa6f53ba71cfd133f20d25c6a5f779ec423fa7f263"
"506","0xdac604e08d3ddf86d02e162551c2f7e9431255e1","19536.616242070757071659","19536616242070757071659","51115413","0xca7f319d6f9edc4a9d0d7aaa6f53ba71cfd133f20d25c6a5f779ec423fa7f263"
"507","0x3b5a65e487dc75d59b7b7fa79eff414393d603fa","19480.912362572861598697","19480912362572861598697","51115413","0xca7f319d6f9edc4a9d0d7aaa6f53ba71cfd133f20d25c6a5f779ec423fa7f263"
"508","0xd24e860a67c4447c9d1245ccaeba384a977efd91","19473.031646284114106138","19473031646284114106138","51115413","0xca7f319d6f9edc4a9d0d7aaa6f53ba71cfd133f20d25c6a5f779ec423fa7f263"
"509","0xa5071ac108aaab4facc7844f824464b667536dc9","19454.169120256589673177","19454169120256589673177","51115413","0xca7f319d6f9edc4a9d0d7aaa6f53ba71cfd133f20d25c6a5f779ec423fa7f263"
"510","0x474ee71154ddb8026fa101788a43921d6248a990","19449.56751810428703612","19449567518104287036120","51115413","0xca7f319d6f9edc4a9d0d7aaa6f53ba71cfd133f20d25c6a5f779ec423fa7f263"
"511","0xf5c1602d54aa2587d973e969d3066346d3b73469","19427.682934081848472293","19427682934081848472293","51115413","0xca7f319d6f9edc4a9d0d7aaa6f53ba71cfd133f20d25c6a5f779ec423fa7f263"
"512","0x77874297ab4b6dc23bd156ac0483cfded291d9dc","19296.124063645315624154","19296124063645315624154","51115413","0xca7f319d6f9edc4a9d0d7aaa6f53ba71cfd133f20d25c6a5f779ec423fa7f263"
"513","0x7d32f4efd5a209c48126c0f8d707aa02c3190382","19281.4401568871817874","19281440156887181787400","51115413","0xca7f319d6f9edc4a9d0d7aaa6f53ba71cfd133f20d25c6a5f779ec423fa7f263"
"514","0xee8be1022501de68f3ae65a825924ea1a0cf6ab1","19239.959390797316523014","19239959390797316523014","51115413","0xca7f319d6f9edc4a9d0d7aaa6f53ba71cfd133f20d25c6a5f779ec423fa7f263"
"515","0xcfc9a680aa3c7d2479da802cac9246110a442694","19175.267204121774557494","19175267204121774557494","51115413","0xca7f319d6f9edc4a9d0d7aaa6f53ba71cfd133f20d25c6a5f779ec423fa7f263"
"516","0xbcc68925a6ed416200c51e10b9c70b1e49141448","19155.225248326249840461","19155225248326249840461","51115413","0xca7f319d6f9edc4a9d0d7aaa6f53ba71cfd133f20d25c6a5f779ec423fa7f263"
"517","0x835f7cef90172693e7b528595762016385251905","19035.406776981133613364","19035406776981133613364","51115413","0xca7f319d6f9edc4a9d0d7aaa6f53ba71cfd133f20d25c6a5f779ec423fa7f263"
"518","0xf0c09d91aa30e491e1a3a20c6fd35838257e2648","18992.894363037887110287","18992894363037887110287","51115413","0xca7f319d6f9edc4a9d0d7aaa6f53ba71cfd133f20d25c6a5f779ec423fa7f263"
"519","0xdd8bec3e6ec9ac17dd0f090b6acdfdc4bc902022","18964.638597344040874715","18964638597344040874715","51115413","0xca7f319d6f9edc4a9d0d7aaa6f53ba71cfd133f20d25c6a5f779ec423fa7f263"
"520","0x01c9edb18330e11dec89bc2d1f64979a402a2acd","18963.976780513015171358","18963976780513015171358","51115413","0xca7f319d6f9edc4a9d0d7aaa6f53ba71cfd133f20d25c6a5f779ec423fa7f263"
"521","0xa46a2e5ce58d4c7f51055024ac865831cf5ab880","18870.864565228459199631","18870864565228459199631","51115413","0xca7f319d6f9edc4a9d0d7aaa6f53ba71cfd133f20d25c6a5f779ec423fa7f263"
"522","0xe1d10c379bd7bd8480513cad879a002288c3ba88","18862.58997898265985015","18862589978982659850150","51115413","0xca7f319d6f9edc4a9d0d7aaa6f53ba71cfd133f20d25c6a5f779ec423fa7f263"
"523","0xc5a78b4cc7f0d7a8b913650dccb1075881b1df70","18857.972419306843845976","18857972419306843845976","51115413","0xca7f319d6f9edc4a9d0d7aaa6f53ba71cfd133f20d25c6a5f779ec423fa7f263"
"524","0x9ef66de869cc775f1bd57d80e9d12b610e7d63d5","18787.967201128092720785","18787967201128092720785","51115413","0xca7f319d6f9edc4a9d0d7aaa6f53ba71cfd133f20d25c6a5f779ec423fa7f263"
"525","0x836aeacbedc6747b1448d629003aea90e89d2a2a","18724.137378211737416367","18724137378211737416367","51115413","0xca7f319d6f9edc4a9d0d7aaa6f53ba71cfd133f20d25c6a5f779ec423fa7f263"
"526","0xd954a55e5a058ffd65cc5092cc7f5d7ecd73036c","18703.882999229054153316","18703882999229054153316","51115413","0xca7f319d6f9edc4a9d0d7aaa6f53ba71cfd133f20d25c6a5f779ec423fa7f263"
"527","0x0381921bbe62423f3c7d210266b0748291eca611","18530.181507212349055966","18530181507212349055966","51115413","0xca7f319d6f9edc4a9d0d7aaa6f53ba71cfd133f20d25c6a5f779ec423fa7f263"
"528","0x791c846128f52cada721f5134f44d41f90c98202","18489.591679250146529083","18489591679250146529083","51115413","0xca7f319d6f9edc4a9d0d7aaa6f53ba71cfd133f20d25c6a5f779ec423fa7f263"
"529","0xe7d6670fa49c8a382ae22cb8ca9385b85dac8e23","18465.293954817997959959","18465293954817997959959","51115413","0xca7f319d6f9edc4a9d0d7aaa6f53ba71cfd133f20d25c6a5f779ec423fa7f263"
"530","0xf0f743d8250540853360981bbf42d3fba6ffb312","18442.568486523286800615","18442568486523286800615","51115413","0xca7f319d6f9edc4a9d0d7aaa6f53ba71cfd133f20d25c6a5f779ec423fa7f263"
"531","0x1d567e55140563968fe038d665b3cef0fdfdb768","18411.197027176599333663","18411197027176599333663","51115413","0xca7f319d6f9edc4a9d0d7aaa6f53ba71cfd133f20d25c6a5f779ec423fa7f263"
"532","0xf9eb0f723e2f56e6ed1111eea2a2e985cfef5018","18356.089575217540501935","18356089575217540501935","51115413","0xca7f319d6f9edc4a9d0d7aaa6f53ba71cfd133f20d25c6a5f779ec423fa7f263"
"533","0x7091450edcc9d3aa56d5e7ffc77624dd6d1df31c","18343.946496579718864845","18343946496579718864845","51115413","0xca7f319d6f9edc4a9d0d7aaa6f53ba71cfd133f20d25c6a5f779ec423fa7f263"
"534","0x9aaaf6ba66fc04ab6b805ed96f49cc08b4a5188a","18264.015901250805098212","18264015901250805098212","51115413","0xca7f319d6f9edc4a9d0d7aaa6f53ba71cfd133f20d25c6a5f779ec423fa7f263"
"535","0xbff974091bd69be4a768889be14c5ff3f990cce6","18262.952873850489572915","18262952873850489572915","51115413","0xca7f319d6f9edc4a9d0d7aaa6f53ba71cfd133f20d25c6a5f779ec423fa7f263"
"536","0xa33dc14729067eeb9a5273ebe2c808d3127324cf","18261.314593390468907403","18261314593390468907403","51115413","0xca7f319d6f9edc4a9d0d7aaa6f53ba71cfd133f20d25c6a5f779ec423fa7f263"
"537","0xc4eddceb2d245e6f8d0832d015d6ea050896d0b1","18217.712417797012871844","18217712417797012871844","51115413","0xca7f319d6f9edc4a9d0d7aaa6f53ba71cfd133f20d25c6a5f779ec423fa7f263"
"538","0x5ea195ef701e625ab400d7cacf60a74a81d8a812","18145.319166505230716848","18145319166505230716848","51115413","0xca7f319d6f9edc4a9d0d7aaa6f53ba71cfd133f20d25c6a5f779ec423fa7f263"
"539","0x9d354a1d40823149e8606c55c3ea964291df11ab","18144.423079953375255546","18144423079953375255546","51115413","0xca7f319d6f9edc4a9d0d7aaa6f53ba71cfd133f20d25c6a5f779ec423fa7f263"
"540","0xda50a1fb8d077eb21ce2b8bc4bc142b157f83127","18101.043063578247694674","18101043063578247694674","51115413","0xca7f319d6f9edc4a9d0d7aaa6f53ba71cfd133f20d25c6a5f779ec423fa7f263"
"541","0xe645204c3b504612af551d9021d34f8fa5f27bad","18007.397539805312277637","18007397539805312277637","51115413","0xca7f319d6f9edc4a9d0d7aaa6f53ba71cfd133f20d25c6a5f779ec423fa7f263"
"542","0xa2566e9727ec6af83de8648e7e12d46e1b24d3f6","17981.610641720561122021","17981610641720561122021","51115413","0xca7f319d6f9edc4a9d0d7aaa6f53ba71cfd133f20d25c6a5f779ec423fa7f263"
"543","0xc7caec991e8dba9e872c38773a1f8342637d871e","17947.679414372950288994","17947679414372950288994","51115413","0xca7f319d6f9edc4a9d0d7aaa6f53ba71cfd133f20d25c6a5f779ec423fa7f263"
"544","0x0034adecf948df30ffadf40a60c225f8074b533d","17944.469292612183711191","17944469292612183711191","51115413","0xca7f319d6f9edc4a9d0d7aaa6f53ba71cfd133f20d25c6a5f779ec423fa7f263"
"545","0xc859a1bebf8ffed665a8c1d384c54670da847c7e","17928.481702346050749951","17928481702346050749951","51115413","0xca7f319d6f9edc4a9d0d7aaa6f53ba71cfd133f20d25c6a5f779ec423fa7f263"
"546","0x87a8eaf122d8ca8d5612ae522a0460bceae09989","17920.412065645198024997","17920412065645198024997","51115413","0xca7f319d6f9edc4a9d0d7aaa6f53ba71cfd133f20d25c6a5f779ec423fa7f263"
"547","0x2de834a981b2c04e9e14479e68f962a98f9b52f3","17875.568375326119299127","17875568375326119299127","51115413","0xca7f319d6f9edc4a9d0d7aaa6f53ba71cfd133f20d25c6a5f779ec423fa7f263"
"548","0x4ec28f4ba6b558b41a4efc30b760c3d32bfc81e5","17868.511362148083649862","17868511362148083649862","51115413","0xca7f319d6f9edc4a9d0d7aaa6f53ba71cfd133f20d25c6a5f779ec423fa7f263"
"549","0x3115a7ed650bf5c75e7827e2cd62e3cc524be77e","17822.80625992494256045","17822806259924942560450","51115413","0xca7f319d6f9edc4a9d0d7aaa6f53ba71cfd133f20d25c6a5f779ec423fa7f263"
"550","0xc9323346fe5f0a0c6378327c4445db2ee7bee5f9","17756.157301196381727901","17756157301196381727901","51115413","0xca7f319d6f9edc4a9d0d7aaa6f53ba71cfd133f20d25c6a5f779ec423fa7f263"
"551","0xb580fe73e92c8636dac20c53b01841bde7f9506c","17657.02138474316017135","17657021384743160171350","51115413","0xca7f319d6f9edc4a9d0d7aaa6f53ba71cfd133f20d25c6a5f779ec423fa7f263"
"552","0x26742a3c29f9075b77d7dbe4c80e8c6441c1eb62","17644.08266517400043668","17644082665174000436680","51115413","0xca7f319d6f9edc4a9d0d7aaa6f53ba71cfd133f20d25c6a5f779ec423fa7f263"
"553","0xc985b7d130664d16f6f713156ab3ccc16e8ed74f","17579.176301538878713488","17579176301538878713488","51115413","0xca7f319d6f9edc4a9d0d7aaa6f53ba71cfd133f20d25c6a5f779ec423fa7f263"
"554","0x00d2430f94e1075ab324d8cbb18ed6aa91e7fd01","17497.460167195565182373","17497460167195565182373","51115413","0xca7f319d6f9edc4a9d0d7aaa6f53ba71cfd133f20d25c6a5f779ec423fa7f263"
"555","0xeb4f18a2ea5b3b2ca8c27fb8ea2efc1b2c6b72c9","17486.031215951364133225","17486031215951364133225","51115413","0xca7f319d6f9edc4a9d0d7aaa6f53ba71cfd133f20d25c6a5f779ec423fa7f263"
"556","0x7f3981f6840592b4ceaf7440916f1b64e629f696","17396.666573188896794706","17396666573188896794706","51115413","0xca7f319d6f9edc4a9d0d7aaa6f53ba71cfd133f20d25c6a5f779ec423fa7f263"
"557","0x0e8ef6ef0e1b064c1755980bd4d4031011b1f6e9","17358.971559196164398252","17358971559196164398252","51115413","0xca7f319d6f9edc4a9d0d7aaa6f53ba71cfd133f20d25c6a5f779ec423fa7f263"
"558","0x682b6b54bd54d3195eac9b6083ad3225eca17ff6","17358.933692749619002251","17358933692749619002251","51115413","0xca7f319d6f9edc4a9d0d7aaa6f53ba71cfd133f20d25c6a5f779ec423fa7f263"
"559","0xe5743288ebd5a3dd7757a908b233389e57754671","17319.252766138716885684","17319252766138716885684","51115413","0xca7f319d6f9edc4a9d0d7aaa6f53ba71cfd133f20d25c6a5f779ec423fa7f263"
"560","0xc7355af2b7bb511fa190668a8b5d49efdf337b7b","17306.99680773092038917","17306996807730920389170","51115413","0xca7f319d6f9edc4a9d0d7aaa6f53ba71cfd133f20d25c6a5f779ec423fa7f263"
"561","0x196ae86a22b8f906b07317016f94f5495a639f6b","17279.270241285001552401","17279270241285001552401","51115413","0xca7f319d6f9edc4a9d0d7aaa6f53ba71cfd133f20d25c6a5f779ec423fa7f263"
"562","0xcf8f34fd2dc1d99fb59cdc256230cfafbf8f0cad","17186.120113096807590877","17186120113096807590877","51115413","0xca7f319d6f9edc4a9d0d7aaa6f53ba71cfd133f20d25c6a5f779ec423fa7f263"
"563","0x7865f7724ccb280ee12c69d140c8c2a359609c75","17069.939430124971038204","17069939430124971038204","51115413","0xca7f319d6f9edc4a9d0d7aaa6f53ba71cfd133f20d25c6a5f779ec423fa7f263"
"564","0xe64021b2e314fc52816d9dda2fbe9d0f92289a3a","17064.022721495534917239","17064022721495534917239","51115413","0xca7f319d6f9edc4a9d0d7aaa6f53ba71cfd133f20d25c6a5f779ec423fa7f263"
"565","0xf3c7a504d00d531759d40b907566804a995985ba","17015.114511028009197498","17015114511028009197498","51115413","0xca7f319d6f9edc4a9d0d7aaa6f53ba71cfd133f20d25c6a5f779ec423fa7f263"
"566","0x542812ea579a811ea285a433a9315a2200144a3c","16979.371528094591274635","16979371528094591274635","51115413","0xca7f319d6f9edc4a9d0d7aaa6f53ba71cfd133f20d25c6a5f779ec423fa7f263"
"567","0xa000ad1221c525037504452819116941338e70b2","16934.764817617076008226","16934764817617076008226","51115413","0xca7f319d6f9edc4a9d0d7aaa6f53ba71cfd133f20d25c6a5f779ec423fa7f263"
"568","0x25da853ac666c02562c8b947a56ef0e1eca489dd","16908.031305114335916524","16908031305114335916524","51115413","0xca7f319d6f9edc4a9d0d7aaa6f53ba71cfd133f20d25c6a5f779ec423fa7f263"
"569","0xcbd83b2e464011c8de8701c00dd83b75a71f6c03","16904.367064119251499168","16904367064119251499168","51115413","0xca7f319d6f9edc4a9d0d7aaa6f53ba71cfd133f20d25c6a5f779ec423fa7f263"
"570","0x7c4209c075b667bbc7e4471688030764b047eb7c","16891.396002835685356716","16891396002835685356716","51115413","0xca7f319d6f9edc4a9d0d7aaa6f53ba71cfd133f20d25c6a5f779ec423fa7f263"
"571","0x7395a601b715e002ad098fb508ee0062e74eca19","16862.333887864398790186","16862333887864398790186","51115413","0xca7f319d6f9edc4a9d0d7aaa6f53ba71cfd133f20d25c6a5f779ec423fa7f263"
"572","0xa45ed6971f6e009740736acf0fcdc603983ba61a","16845.088882434604832425","16845088882434604832425","51115413","0xca7f319d6f9edc4a9d0d7aaa6f53ba71cfd133f20d25c6a5f779ec423fa7f263"
"573","0x2d9bfb85475fcebdee4882383d0236d20591c68c","16762.220182745106552768","16762220182745106552768","51115413","0xca7f319d6f9edc4a9d0d7aaa6f53ba71cfd133f20d25c6a5f779ec423fa7f263"
"574","0x65e9b33973691e3ad488c9e9871c67c730ef036d","16733.508287293854699476","16733508287293854699476","51115413","0xca7f319d6f9edc4a9d0d7aaa6f53ba71cfd133f20d25c6a5f779ec423fa7f263"
"575","0xca0138d811383ddbb97cd01672c11293f249c6e1","16646.859500840427303791","16646859500840427303791","51115413","0xca7f319d6f9edc4a9d0d7aaa6f53ba71cfd133f20d25c6a5f779ec423fa7f263"
"576","0xb4aea8e3e7ee5daf980438a99c37fde6bd07c0fe","16622.728334538785525959","16622728334538785525959","51115413","0xca7f319d6f9edc4a9d0d7aaa6f53ba71cfd133f20d25c6a5f779ec423fa7f263"
"577","0x42519060a0723af3467e7d68a6407b9134d99e87","16605.22103184893311895","16605221031848933118950","51115413","0xca7f319d6f9edc4a9d0d7aaa6f53ba71cfd133f20d25c6a5f779ec423fa7f263"
"578","0x7dbd51a8d701b3a37121052bb29c192a5c49e427","16603.238526846825612623","16603238526846825612623","51115413","0xca7f319d6f9edc4a9d0d7aaa6f53ba71cfd133f20d25c6a5f779ec423fa7f263"
"579","0x27c217c6737ffade20459fc65d8102494202a953","16531.913854110742294678","16531913854110742294678","51115413","0xca7f319d6f9edc4a9d0d7aaa6f53ba71cfd133f20d25c6a5f779ec423fa7f263"
"580","0x34849aa4a9fe71fd27b923345d65fdb35d49c6e1","16501.335104494685462217","16501335104494685462217","51115413","0xca7f319d6f9edc4a9d0d7aaa6f53ba71cfd133f20d25c6a5f779ec423fa7f263"
"581","0xeb8c7e01b8c7a9be2cf2a6b86ba8558b33e8d0a5","16493.64892704071334993","16493648927040713349930","51115413","0xca7f319d6f9edc4a9d0d7aaa6f53ba71cfd133f20d25c6a5f779ec423fa7f263"
"582","0xcda9ba93a39939e71c45c9a2a5516276ad10bd83","16443.042590199160856991","16443042590199160856991","51115413","0xca7f319d6f9edc4a9d0d7aaa6f53ba71cfd133f20d25c6a5f779ec423fa7f263"
"583","0xb14ea654faa586a6adf0feee9ce5a7e41c3a949d","16413.881331766272583733","16413881331766272583733","51115413","0xca7f319d6f9edc4a9d0d7aaa6f53ba71cfd133f20d25c6a5f779ec423fa7f263"
"584","0x1b7606a0f5f5a3e74c85fa122181d968f10698ab","16406.494030610562128925","16406494030610562128925","51115413","0xca7f319d6f9edc4a9d0d7aaa6f53ba71cfd133f20d25c6a5f779ec423fa7f263"
"585","0x5b5f837c84995c7dc2512afb56287dc569d8cc97","16369.453051082018729534","16369453051082018729534","51115413","0xca7f319d6f9edc4a9d0d7aaa6f53ba71cfd133f20d25c6a5f779ec423fa7f263"
"586","0x9532c428ce3926522ff606b09d151ac3da09eefd","16250.602104113026334048","16250602104113026334048","51115413","0xca7f319d6f9edc4a9d0d7aaa6f53ba71cfd133f20d25c6a5f779ec423fa7f263"
"587","0xf166547ce3e1d3ddf110904775fd5436bd879039","16223.582273931039389327","16223582273931039389327","51115413","0xca7f319d6f9edc4a9d0d7aaa6f53ba71cfd133f20d25c6a5f779ec423fa7f263"
"588","0xecc311c1414f6aea42a3d40b9d6a8844bb144a76","16220.286095648295694873","16220286095648295694873","51115413","0xca7f319d6f9edc4a9d0d7aaa6f53ba71cfd133f20d25c6a5f779ec423fa7f263"
"589","0x93b1cd88d2cc4f619bdb21593bcb30b48bc47781","16195.921937072204758431","16195921937072204758431","51115413","0xca7f319d6f9edc4a9d0d7aaa6f53ba71cfd133f20d25c6a5f779ec423fa7f263"
"590","0x9c5ce97032847414cd484199d71f3b63a1f02f50","16187.234383981357433528","16187234383981357433528","51115413","0xca7f319d6f9edc4a9d0d7aaa6f53ba71cfd133f20d25c6a5f779ec423fa7f263"
"591","0x64c42a068e41af95edb2b2657db1521b2d7d8d21","15963.472377010058799846","15963472377010058799846","51115413","0xca7f319d6f9edc4a9d0d7aaa6f53ba71cfd133f20d25c6a5f779ec423fa7f263"
"592","0x8e030e8c279c9aa350d7e8267b87e7a5c8b2b8fb","15957.991124869230423978","15957991124869230423978","51115413","0xca7f319d6f9edc4a9d0d7aaa6f53ba71cfd133f20d25c6a5f779ec423fa7f263"
"593","0xc0478301811bc2dfc30432d8e8b60ee90ced5219","15953.201176897026338843","15953201176897026338843","51115413","0xca7f319d6f9edc4a9d0d7aaa6f53ba71cfd133f20d25c6a5f779ec423fa7f263"
"594","0x7cdb8d9561e2bf7f9a6d6dba19eb3d628cbaac22","15944.839937290955313664","15944839937290955313664","51115413","0xca7f319d6f9edc4a9d0d7aaa6f53ba71cfd133f20d25c6a5f779ec423fa7f263"
"595","0xe59b3f646fa6d08baf6dc7dfaff008f8f097e544","15837.840190925798137449","15837840190925798137449","51115413","0xca7f319d6f9edc4a9d0d7aaa6f53ba71cfd133f20d25c6a5f779ec423fa7f263"
"596","0xc5226077e8ffb86e5d5a9ec8ef36af624845dc5a","15781.496122668165697823","15781496122668165697823","51115413","0xca7f319d6f9edc4a9d0d7aaa6f53ba71cfd133f20d25c6a5f779ec423fa7f263"
"597","0x1e25f3e4a469259fc473f15ebd18ca7b61c9e2a1","15773.562936741472549197","15773562936741472549197","51115413","0xca7f319d6f9edc4a9d0d7aaa6f53ba71cfd133f20d25c6a5f779ec423fa7f263"
"598","0x4cea6550bea8a6f09e08268f9ecde5b2204623ec","15773.526071499548064368","15773526071499548064368","51115413","0xca7f319d6f9edc4a9d0d7aaa6f53ba71cfd133f20d25c6a5f779ec423fa7f263"
"599","0x323cde160d63ff09a0c8c348a7ba237c2ae084ee","15623.931948781178337183","15623931948781178337183","51115413","0xca7f319d6f9edc4a9d0d7aaa6f53ba71cfd133f20d25c6a5f779ec423fa7f263"
"600","0x5ab06bd9453028c553d7203ef612b1200ff34fa2","15473.720395466153290551","15473720395466153290551","51115413","0xca7f319d6f9edc4a9d0d7aaa6f53ba71cfd133f20d25c6a5f779ec423fa7f263"
"601","0x4e4b0963b0c801d723c0289871fd0a84457dcc04","15398.994946736181400974","15398994946736181400974","51115413","0xca7f319d6f9edc4a9d0d7aaa6f53ba71cfd133f20d25c6a5f779ec423fa7f263"
"602","0x468d70f8b11e9b6e9bf7390e9f21704e4776ae86","15367.846716020963768153","15367846716020963768153","51115413","0xca7f319d6f9edc4a9d0d7aaa6f53ba71cfd133f20d25c6a5f779ec423fa7f263"
"603","0x1c21fc315633866ed03d75616a3b8e24fd2052b6","15354.006108788643529061","15354006108788643529061","51115413","0xca7f319d6f9edc4a9d0d7aaa6f53ba71cfd133f20d25c6a5f779ec423fa7f263"
"604","0xa05c7f8861ad61588b3df5251be47676669d6ed5","15352.870370322313856273","15352870370322313856273","51115413","0xca7f319d6f9edc4a9d0d7aaa6f53ba71cfd133f20d25c6a5f779ec423fa7f263"
"605","0x5b7003d5308cfccc81f468395ffc9216d82a6f83","15168.828150976356132931","15168828150976356132931","51115413","0xca7f319d6f9edc4a9d0d7aaa6f53ba71cfd133f20d25c6a5f779ec423fa7f263"
"606","0xf0a18247af0d3bb1bbac60897a2ee8633ec66223","15168.089374749269505997","15168089374749269505997","51115413","0xca7f319d6f9edc4a9d0d7aaa6f53ba71cfd133f20d25c6a5f779ec423fa7f263"
"607","0xbcbe7b7bf8f6f66acb3638a6578e4f7b13a3ae04","15162.242626076794633347","15162242626076794633347","51115413","0xca7f319d6f9edc4a9d0d7aaa6f53ba71cfd133f20d25c6a5f779ec423fa7f263"
"608","0xa5b9805066f5638f00114906f33c4be07d5ab9f2","15162.179663745169019365","15162179663745169019365","51115413","0xca7f319d6f9edc4a9d0d7aaa6f53ba71cfd133f20d25c6a5f779ec423fa7f263"
"609","0xdce31943621cf6e0f357dc7367e5a0ac3a5deedb","15156.717108900881653984","15156717108900881653984","51115413","0xca7f319d6f9edc4a9d0d7aaa6f53ba71cfd133f20d25c6a5f779ec423fa7f263"
"610","0x71a7c77d3925f47b09c2ac73cd4592af2932dd6c","15003.495585332079109752","15003495585332079109752","51115413","0xca7f319d6f9edc4a9d0d7aaa6f53ba71cfd133f20d25c6a5f779ec423fa7f263"
"611","0xa7624abb5d9f9776f497b634c58c0892fe31c916","14959.569156078338937888","14959569156078338937888","51115413","0xca7f319d6f9edc4a9d0d7aaa6f53ba71cfd133f20d25c6a5f779ec423fa7f263"
"612","0x523bd2676d1939005d8980864b2dcd5a29cf8a2e","14912.453688483764452599","14912453688483764452599","51115413","0xca7f319d6f9edc4a9d0d7aaa6f53ba71cfd133f20d25c6a5f779ec423fa7f263"
"613","0x6624c307a2fa2be96f19d4a58819085f9d200b90","14818.473850005225409109","14818473850005225409109","51115413","0xca7f319d6f9edc4a9d0d7aaa6f53ba71cfd133f20d25c6a5f779ec423fa7f263"
"614","0xe40825b2aab7ffd3f1b6ff18e7e2acdac1f8fd5d","14791.081350631156065282","14791081350631156065282","51115413","0xca7f319d6f9edc4a9d0d7aaa6f53ba71cfd133f20d25c6a5f779ec423fa7f263"
"615","0x5783663bedc590ccd5b5be910925c3b928a46fae","14735.040985984169260787","14735040985984169260787","51115413","0xca7f319d6f9edc4a9d0d7aaa6f53ba71cfd133f20d25c6a5f779ec423fa7f263"
"616","0xa66f5ebcba94b863477a703b78c45975540c1db9","14725.893349624970013092","14725893349624970013092","51115413","0xca7f319d6f9edc4a9d0d7aaa6f53ba71cfd133f20d25c6a5f779ec423fa7f263"
"617","0x1eb57ee1098d48260a3e7e927b114d28d5a013b8","14725.825852738965391415","14725825852738965391415","51115413","0xca7f319d6f9edc4a9d0d7aaa6f53ba71cfd133f20d25c6a5f779ec423fa7f263"
"618","0x9873fe6ed7e7a199cf998127896ec01647c75769","14658.504154348808463936","14658504154348808463936","51115413","0xca7f319d6f9edc4a9d0d7aaa6f53ba71cfd133f20d25c6a5f779ec423fa7f263"
"619","0x3396a2d0482c1115e834a3de4f38e9051b4e2048","14638.330850137832445778","14638330850137832445778","51115413","0xca7f319d6f9edc4a9d0d7aaa6f53ba71cfd133f20d25c6a5f779ec423fa7f263"
"620","0x1fe9d19924263dfad8add1ca9334b20149f28e1f","14524.20014785917595192","14524200147859175951920","51115413","0xca7f319d6f9edc4a9d0d7aaa6f53ba71cfd133f20d25c6a5f779ec423fa7f263"
"621","0xa9b37037f1d91557ca1cc60b2e08a277e868ff60","14499.830264301777463021","14499830264301777463021","51115413","0xca7f319d6f9edc4a9d0d7aaa6f53ba71cfd133f20d25c6a5f779ec423fa7f263"
"622","0x92e9094eb275a3e8ce7df072ce644532d2f57d91","14497.302249991584371863","14497302249991584371863","51115413","0xca7f319d6f9edc4a9d0d7aaa6f53ba71cfd133f20d25c6a5f779ec423fa7f263"
"623","0xcda0f40eb446449d96a48cb84ba45e10491d6347","14431.347696926935908699","14431347696926935908699","51115413","0xca7f319d6f9edc4a9d0d7aaa6f53ba71cfd133f20d25c6a5f779ec423fa7f263"
"624","0xcc96419d8945bcc7ee18552ad093de5ef18de854","14423.797032792186309224","14423797032792186309224","51115413","0xca7f319d6f9edc4a9d0d7aaa6f53ba71cfd133f20d25c6a5f779ec423fa7f263"
"625","0xf9e6d837f585971eafc9dc07ccc4bfeaf827f839","14394.703097893430382182","14394703097893430382182","51115413","0xca7f319d6f9edc4a9d0d7aaa6f53ba71cfd133f20d25c6a5f779ec423fa7f263"
"626","0xb5d5c8d6e85164c98aa8c4adfbe2f7553d949246","14378.84493150169492961","14378844931501694929610","51115413","0xca7f319d6f9edc4a9d0d7aaa6f53ba71cfd133f20d25c6a5f779ec423fa7f263"
"627","0x3620f65ee6792099e613fb6f9772199ec6781e5b","14318.41801676878340231","14318418016768783402310","51115413","0xca7f319d6f9edc4a9d0d7aaa6f53ba71cfd133f20d25c6a5f779ec423fa7f263"
"628","0xbff720373cf1bc0fd0e2ebeb5d790e265d9d2c58","14190.808920024619610794","14190808920024619610794","51115413","0xca7f319d6f9edc4a9d0d7aaa6f53ba71cfd133f20d25c6a5f779ec423fa7f263"
"629","0x0e29d33dcb3c868070720cd7a3747dba79af7115","14144.507065612619190523","14144507065612619190523","51115413","0xca7f319d6f9edc4a9d0d7aaa6f53ba71cfd133f20d25c6a5f779ec423fa7f263"
"630","0x3f46e01c1cdef67288a9b6c99925387be4f31612","14078.026281792838724081","14078026281792838724081","51115413","0xca7f319d6f9edc4a9d0d7aaa6f53ba71cfd133f20d25c6a5f779ec423fa7f263"
"631","0xb5fd70e7ec5bc82db066c196fcad0545cee1e252","14065.848614867125483466","14065848614867125483466","51115413","0xca7f319d6f9edc4a9d0d7aaa6f53ba71cfd133f20d25c6a5f779ec423fa7f263"
"632","0xe24a8e52d296dcd881dc8e506cba58d87e62d5c8","13950.085334994201150226","13950085334994201150226","51115413","0xca7f319d6f9edc4a9d0d7aaa6f53ba71cfd133f20d25c6a5f779ec423fa7f263"
"633","0x25289f6f2097accbabf3c1e6931242f432cf9326","13926.760750647070817534","13926760750647070817534","51115413","0xca7f319d6f9edc4a9d0d7aaa6f53ba71cfd133f20d25c6a5f779ec423fa7f263"
"634","0x554fec89db514e1392f23b4bea7b3927e6cfb3cd","13881.285266018622779816","13881285266018622779816","51115413","0xca7f319d6f9edc4a9d0d7aaa6f53ba71cfd133f20d25c6a5f779ec423fa7f263"
"635","0x47bc4b286e8186f8e9f155da7136a050444849c9","13872.90690445252411107","13872906904452524111070","51115413","0xca7f319d6f9edc4a9d0d7aaa6f53ba71cfd133f20d25c6a5f779ec423fa7f263"
"636","0x108add13f7a5a5b50f0af3eef9ed1117cfc8d885","13757.634735036869445077","13757634735036869445077","51115413","0xca7f319d6f9edc4a9d0d7aaa6f53ba71cfd133f20d25c6a5f779ec423fa7f263"
"637","0x13caa9549e39e1c4b495943db88802c6320a4a9c","13718.871058120929035025","13718871058120929035025","51115413","0xca7f319d6f9edc4a9d0d7aaa6f53ba71cfd133f20d25c6a5f779ec423fa7f263"
"638","0x8826fe78e33d88e08603e5eae439456f4bdf0bc1","13704.189538379327835952","13704189538379327835952","51115413","0xca7f319d6f9edc4a9d0d7aaa6f53ba71cfd133f20d25c6a5f779ec423fa7f263"
"639","0xb0ee7604a425f75315454fca28ed12573b0bf97a","13631.274863947594983574","13631274863947594983574","51115413","0xca7f319d6f9edc4a9d0d7aaa6f53ba71cfd133f20d25c6a5f779ec423fa7f263"
"640","0xa69331879615dd832c069a38c9c1e22d3dadb8a1","13569.766590279834537841","13569766590279834537841","51115413","0xca7f319d6f9edc4a9d0d7aaa6f53ba71cfd133f20d25c6a5f779ec423fa7f263"
"641","0x473f0429c628b42e29feaa42098115620592be74","13455.400783522929721791","13455400783522929721791","51115413","0xca7f319d6f9edc4a9d0d7aaa6f53ba71cfd133f20d25c6a5f779ec423fa7f263"
"642","0x5df741f91a425a5496491a64ec11163425dfb13c","13328.571989305327586198","13328571989305327586198","51115413","0xca7f319d6f9edc4a9d0d7aaa6f53ba71cfd133f20d25c6a5f779ec423fa7f263"
"643","0x31d2621184901ea3fb3b11299a40f495f8e08ed1","13305.540700881611712597","13305540700881611712597","51115413","0xca7f319d6f9edc4a9d0d7aaa6f53ba71cfd133f20d25c6a5f779ec423fa7f263"
"644","0x339df5812dbb06c0a8f1b020041de7ce6828ef74","13267.947760410715642045","13267947760410715642045","51115413","0xca7f319d6f9edc4a9d0d7aaa6f53ba71cfd133f20d25c6a5f779ec423fa7f263"
"645","0x945276fb8750c8ee5b86df4804903ce66b25eb59","13258.605655582541420121","13258605655582541420121","51115413","0xca7f319d6f9edc4a9d0d7aaa6f53ba71cfd133f20d25c6a5f779ec423fa7f263"
"646","0xa7e881ba0212c0a30398972975c6298b8d2098dd","13245.028502441351507831","13245028502441351507831","51115413","0xca7f319d6f9edc4a9d0d7aaa6f53ba71cfd133f20d25c6a5f779ec423fa7f263"
"647","0xb08d1e5f0496108706cc0316f7fc4c86967428e0","13203.93522988364584756","13203935229883645847560","51115413","0xca7f319d6f9edc4a9d0d7aaa6f53ba71cfd133f20d25c6a5f779ec423fa7f263"
"648","0xe1b06c7bae35396a705c5b91d6abf3dd2b1ecd7e","13202.508107001961623128","13202508107001961623128","51115413","0xca7f319d6f9edc4a9d0d7aaa6f53ba71cfd133f20d25c6a5f779ec423fa7f263"
"649","0x0322ba672d608cdbe74510c1c493b7231580ddcc","13180.797045215082319423","13180797045215082319423","51115413","0xca7f319d6f9edc4a9d0d7aaa6f53ba71cfd133f20d25c6a5f779ec423fa7f263"
"650","0xe75a50183702365a6e19c139b47fe669c0870a15","13176.534822457136143061","13176534822457136143061","51115413","0xca7f319d6f9edc4a9d0d7aaa6f53ba71cfd133f20d25c6a5f779ec423fa7f263"
"651","0x8cb6f84cf6018c17979a50cd53bbda4539e72579","13160.18497691753069028","13160184976917530690280","51115413","0xca7f319d6f9edc4a9d0d7aaa6f53ba71cfd133f20d25c6a5f779ec423fa7f263"
"652","0xb61eb95fc92c42deab9fadde0a57e77259f9fb91","13089.18247252148799716","13089182472521487997160","51115413","0xca7f319d6f9edc4a9d0d7aaa6f53ba71cfd133f20d25c6a5f779ec423fa7f263"
"653","0xb57557601b3adb74bd4a9346c8268248eb9a9f41","13076.141370348610598271","13076141370348610598271","51115413","0xca7f319d6f9edc4a9d0d7aaa6f53ba71cfd133f20d25c6a5f779ec423fa7f263"
"654","0xc2e44860e8324aaff4fe11afbc0a1680d5d4955a","13059.021089646618745508","13059021089646618745508","51115413","0xca7f319d6f9edc4a9d0d7aaa6f53ba71cfd133f20d25c6a5f779ec423fa7f263"
"655","0x42815da54ef031524dc406a3c72a1b64c74514f3","13056.784075323117667414","13056784075323117667414","51115413","0xca7f319d6f9edc4a9d0d7aaa6f53ba71cfd133f20d25c6a5f779ec423fa7f263"
"656","0x537ae362ae32589f67d8e0f98034f94c695110f6","13056.554322307579878022","13056554322307579878022","51115413","0xca7f319d6f9edc4a9d0d7aaa6f53ba71cfd133f20d25c6a5f779ec423fa7f263"
"657","0x62bcef4ec7727df5d25054e8722f5864674447ae","13046.862275650767800099","13046862275650767800099","51115413","0xca7f319d6f9edc4a9d0d7aaa6f53ba71cfd133f20d25c6a5f779ec423fa7f263"
"658","0xbc7ef3e9abaa45e58bd76984d0076544af675ade","13034.814306381637791723","13034814306381637791723","51115413","0xca7f319d6f9edc4a9d0d7aaa6f53ba71cfd133f20d25c6a5f779ec423fa7f263"
"659","0x4a279994b0ec87db2e4ada7f6a076d8c841faff6","12988.594350911602623502","12988594350911602623502","51115413","0xca7f319d6f9edc4a9d0d7aaa6f53ba71cfd133f20d25c6a5f779ec423fa7f263"
"660","0x38c5bded4b7708d21dd6b777c63e6626cba403b5","12941.458731745853174482","12941458731745853174482","51115413","0xca7f319d6f9edc4a9d0d7aaa6f53ba71cfd133f20d25c6a5f779ec423fa7f263"
"661","0x5e4cc59fafb3627267d56b33070a45eff049a42f","12931.241294402083731915","12931241294402083731915","51115413","0xca7f319d6f9edc4a9d0d7aaa6f53ba71cfd133f20d25c6a5f779ec423fa7f263"
"662","0x15d692afcfe208ff139bb4dad0c16a17a457d498","12831.708548279281757414","12831708548279281757414","51115413","0xca7f319d6f9edc4a9d0d7aaa6f53ba71cfd133f20d25c6a5f779ec423fa7f263"
"663","0xa16eeca3e9e03ebafe08f1151b36a59cd3bcc7bd","12791.376757649993551088","12791376757649993551088","51115413","0xca7f319d6f9edc4a9d0d7aaa6f53ba71cfd133f20d25c6a5f779ec423fa7f263"
"664","0xcb2ac426a2b926524558229826c3102621239301","12767.108136092429439077","12767108136092429439077","51115413","0xca7f319d6f9edc4a9d0d7aaa6f53ba71cfd133f20d25c6a5f779ec423fa7f263"
"665","0x4f51da66283d7ea8c945da9571fc7332ccc47579","12706.259835798137915776","12706259835798137915776","51115413","0xca7f319d6f9edc4a9d0d7aaa6f53ba71cfd133f20d25c6a5f779ec423fa7f263"
"666","0xdffbc3c43b4a27db9086d0e774d954ba00759659","12676.647520767699368379","12676647520767699368379","51115413","0xca7f319d6f9edc4a9d0d7aaa6f53ba71cfd133f20d25c6a5f779ec423fa7f263"
"667","0x42f17bc6350b4a20dba9430536d49724de12a053","12656.060319278203651545","12656060319278203651545","51115413","0xca7f319d6f9edc4a9d0d7aaa6f53ba71cfd133f20d25c6a5f779ec423fa7f263"
"668","0x13b968dab9b3f219623fe9f1b4352938d785258b","12649.845360758650553961","12649845360758650553961","51115413","0xca7f319d6f9edc4a9d0d7aaa6f53ba71cfd133f20d25c6a5f779ec423fa7f263"
"669","0x9f939b630510d1d92ad7bdb40ce2348c31860603","12647.718354295264119238","12647718354295264119238","51115413","0xca7f319d6f9edc4a9d0d7aaa6f53ba71cfd133f20d25c6a5f779ec423fa7f263"
"670","0xf77651702f59580023f89f12ad74569fbdde9785","12634.960737554121115964","12634960737554121115964","51115413","0xca7f319d6f9edc4a9d0d7aaa6f53ba71cfd133f20d25c6a5f779ec423fa7f263"
"671","0x4dee3358da4537a6b4428a551feb95c9a54c8fdc","12633.790520690641637605","12633790520690641637605","51115413","0xca7f319d6f9edc4a9d0d7aaa6f53ba71cfd133f20d25c6a5f779ec423fa7f263"
"672","0x34752824d207369446285ab006d78ac13cc9c1e9","12595.190121080870711671","12595190121080870711671","51115413","0xca7f319d6f9edc4a9d0d7aaa6f53ba71cfd133f20d25c6a5f779ec423fa7f263"
"673","0x83e7df3a4b44c7131352b1bce6bafc6f80c60bc2","12538.664750529269266811","12538664750529269266811","51115413","0xca7f319d6f9edc4a9d0d7aaa6f53ba71cfd133f20d25c6a5f779ec423fa7f263"
"674","0x00efa50a8e262bbf767f14a0943dd9e6b6751f77","12525.261315565117581674","12525261315565117581674","51115413","0xca7f319d6f9edc4a9d0d7aaa6f53ba71cfd133f20d25c6a5f779ec423fa7f263"
"675","0x28fb6407a4698b37abb5303563a4a69f38849168","12488.886586998535763564","12488886586998535763564","51115413","0xca7f319d6f9edc4a9d0d7aaa6f53ba71cfd133f20d25c6a5f779ec423fa7f263"
"676","0x4fbaa8611b0434004d474df78bc98c56e1d91486","12484.700531846202825206","12484700531846202825206","51115413","0xca7f319d6f9edc4a9d0d7aaa6f53ba71cfd133f20d25c6a5f779ec423fa7f263"
"677","0xfda762c084f3ca32c23e6240832c5d529dad1483","12335.270379278125580361","12335270379278125580361","51115413","0xca7f319d6f9edc4a9d0d7aaa6f53ba71cfd133f20d25c6a5f779ec423fa7f263"
"678","0xd5900a44bee4fb80156d0efffb762adee3575b70","12329.570155746677029345","12329570155746677029345","51115413","0xca7f319d6f9edc4a9d0d7aaa6f53ba71cfd133f20d25c6a5f779ec423fa7f263"
"679","0x2ee473612e979f155aa444714dada79932c89105","12278.974266783717983032","12278974266783717983032","51115413","0xca7f319d6f9edc4a9d0d7aaa6f53ba71cfd133f20d25c6a5f779ec423fa7f263"
"680","0x974df63d564113382481148f4040eb893e90a892","12244.482192582034915624","12244482192582034915624","51115413","0xca7f319d6f9edc4a9d0d7aaa6f53ba71cfd133f20d25c6a5f779ec423fa7f263"
"681","0xdc80e65dcbeb34664ebeffea51ef763db28106a1","12213.023249349773304227","12213023249349773304227","51115413","0xca7f319d6f9edc4a9d0d7aaa6f53ba71cfd133f20d25c6a5f779ec423fa7f263"
"682","0x4ea1b54e7b0a40d6bfe17895efd217c93c8180e1","12125.951418475992524504","12125951418475992524504","51115413","0xca7f319d6f9edc4a9d0d7aaa6f53ba71cfd133f20d25c6a5f779ec423fa7f263"
"683","0x4073e18cdc1e81241da3732a105553cc34627fa0","12120.197085739478819267","12120197085739478819267","51115413","0xca7f319d6f9edc4a9d0d7aaa6f53ba71cfd133f20d25c6a5f779ec423fa7f263"
"684","0x01b0d1dd8302374403b5f6697bb4f5992f1c75a3","12066.737335446143113792","12066737335446143113792","51115413","0xca7f319d6f9edc4a9d0d7aaa6f53ba71cfd133f20d25c6a5f779ec423fa7f263"
"685","0x522946e9796d25285c47ca3cc51094106e32fc6d","12014.105254656312438283","12014105254656312438283","51115413","0xca7f319d6f9edc4a9d0d7aaa6f53ba71cfd133f20d25c6a5f779ec423fa7f263"
"686","0x7f530fefd5a402ecffa37340a063c9ce391791f2","12008.841922713047107452","12008841922713047107452","51115413","0xca7f319d6f9edc4a9d0d7aaa6f53ba71cfd133f20d25c6a5f779ec423fa7f263"
"687","0x9fe99bfba47bc4623ccbea0411a4888164fec1f3","11898.210725767702501499","11898210725767702501499","51115413","0xca7f319d6f9edc4a9d0d7aaa6f53ba71cfd133f20d25c6a5f779ec423fa7f263"
"688","0xeea99fa8883b25479f2ccf3320182654a3387619","11875.188801127568429228","11875188801127568429228","51115413","0xca7f319d6f9edc4a9d0d7aaa6f53ba71cfd133f20d25c6a5f779ec423fa7f263"
"689","0x5162796312acce0c9aa5106602d7b9e69d86d282","11870.753988738555310443","11870753988738555310443","51115413","0xca7f319d6f9edc4a9d0d7aaa6f53ba71cfd133f20d25c6a5f779ec423fa7f263"
"690","0x7fafb7e20d6e301bb28b6ba2d4bcc156c17e6915","11849.974615980945639388","11849974615980945639388","51115413","0xca7f319d6f9edc4a9d0d7aaa6f53ba71cfd133f20d25c6a5f779ec423fa7f263"
"691","0xeaa443cd69738e781470ef31247cebb808988525","11821.566111114895357555","11821566111114895357555","51115413","0xca7f319d6f9edc4a9d0d7aaa6f53ba71cfd133f20d25c6a5f779ec423fa7f263"
"692","0xdcc9e42b5cfbc9f55d0d073015491189cd6fc0b1","11785.299258232613614003","11785299258232613614003","51115413","0xca7f319d6f9edc4a9d0d7aaa6f53ba71cfd133f20d25c6a5f779ec423fa7f263"
"693","0xf10452a4cdd4cf0a3dc50ea9b4e22358ad0a5428","11784.889332266035031184","11784889332266035031184","51115413","0xca7f319d6f9edc4a9d0d7aaa6f53ba71cfd133f20d25c6a5f779ec423fa7f263"
"694","0x26e3c4076432b71ed407a1da421db2216d76fbe2","11715.35107293663652727","11715351072936636527270","51115413","0xca7f319d6f9edc4a9d0d7aaa6f53ba71cfd133f20d25c6a5f779ec423fa7f263"
"695","0x8e1eff116f4209836bde11c98f584bfd6c95c6e5","11695.693471562990441433","11695693471562990441433","51115413","0xca7f319d6f9edc4a9d0d7aaa6f53ba71cfd133f20d25c6a5f779ec423fa7f263"
"696","0xf50f30405212551317aa5c0ae8fa6d1a2d88f37e","11614.714137721838135243","11614714137721838135243","51115413","0xca7f319d6f9edc4a9d0d7aaa6f53ba71cfd133f20d25c6a5f779ec423fa7f263"
"697","0xfe969b6a91a6f1a136114e732f78d70b773f8968","11583.634272781785185829","11583634272781785185829","51115413","0xca7f319d6f9edc4a9d0d7aaa6f53ba71cfd133f20d25c6a5f779ec423fa7f263"
"698","0x8031b11996975a7da893985998f5006a943189b8","11579.270352260323481037","11579270352260323481037","51115413","0xca7f319d6f9edc4a9d0d7aaa6f53ba71cfd133f20d25c6a5f779ec423fa7f263"
"699","0x4eec8c94b37cd31cc96a8d0125db9c34f1ab89e2","11523.995249123721419802","11523995249123721419802","51115413","0xca7f319d6f9edc4a9d0d7aaa6f53ba71cfd133f20d25c6a5f779ec423fa7f263"
"700","0x05e73d1e4db3880ce44108a183900500617fd2ee","11400.668742512248047253","11400668742512248047253","51115413","0xca7f319d6f9edc4a9d0d7aaa6f53ba71cfd133f20d25c6a5f779ec423fa7f263"
"701","0x0c9661f0ac4e42cc51a5abb46bdc596b53ac5b06","11400.025747804577216655","11400025747804577216655","51115413","0xca7f319d6f9edc4a9d0d7aaa6f53ba71cfd133f20d25c6a5f779ec423fa7f263"
"702","0x60cf1e0d377511529012135f8cc5c4c62174dcad","11385.17033454167319728","11385170334541673197280","51115413","0xca7f319d6f9edc4a9d0d7aaa6f53ba71cfd133f20d25c6a5f779ec423fa7f263"
"703","0x5a798dfcf69dd7c00f2741665f22b74607f21c28","11385.1612867996052095","11385161286799605209500","51115413","0xca7f319d6f9edc4a9d0d7aaa6f53ba71cfd133f20d25c6a5f779ec423fa7f263"
"704","0xbc4470a0e92fb90116e60414d0581fde3c634f10","11379.692031560564417034","11379692031560564417034","51115413","0xca7f319d6f9edc4a9d0d7aaa6f53ba71cfd133f20d25c6a5f779ec423fa7f263"
"705","0x2ffb55b0064b8b7ec59cab1181cb3192a56dc0aa","11374.948347824248094427","11374948347824248094427","51115413","0xca7f319d6f9edc4a9d0d7aaa6f53ba71cfd133f20d25c6a5f779ec423fa7f263"
"706","0x99bbdeca781c694fb3f749e4a97186c1e795bce3","11362.814960326936373013","11362814960326936373013","51115413","0xca7f319d6f9edc4a9d0d7aaa6f53ba71cfd133f20d25c6a5f779ec423fa7f263"
"707","0x799926326c91d7b0d416e42c9c218d5c60d9db0f","11359.359139782233313056","11359359139782233313056","51115413","0xca7f319d6f9edc4a9d0d7aaa6f53ba71cfd133f20d25c6a5f779ec423fa7f263"
"708","0xf15ace20363eed4416fffed3fac98b1298374ece","11355.524574993939765555","11355524574993939765555","51115413","0xca7f319d6f9edc4a9d0d7aaa6f53ba71cfd133f20d25c6a5f779ec423fa7f263"
"709","0x09ecdbb2ce2084896828465137754f705fd05092","11333.553917706558298167","11333553917706558298167","51115413","0xca7f319d6f9edc4a9d0d7aaa6f53ba71cfd133f20d25c6a5f779ec423fa7f263"
"710","0x44447139cbf5243f8093faac8a16cd61552a4814","11333.551877393770211409","11333551877393770211409","51115413","0xca7f319d6f9edc4a9d0d7aaa6f53ba71cfd133f20d25c6a5f779ec423fa7f263"
"711","0xddc1ad09abaedce1477bfaa10e764d5174f578ad","11329.011576055306603935","11329011576055306603935","51115413","0xca7f319d6f9edc4a9d0d7aaa6f53ba71cfd133f20d25c6a5f779ec423fa7f263"
"712","0xb5f037943d2234c2c2d36ed4f61b7ad45c7ec3bc","11320.054427640044324893","11320054427640044324893","51115413","0xca7f319d6f9edc4a9d0d7aaa6f53ba71cfd133f20d25c6a5f779ec423fa7f263"
"713","0xb8d4f8011617f056f19af0ecf8cd3d570ae9b701","11312.665448244192453788","11312665448244192453788","51115413","0xca7f319d6f9edc4a9d0d7aaa6f53ba71cfd133f20d25c6a5f779ec423fa7f263"
"714","0xed56c78286bb2401bd895a305d60e0b9f9191cdb","11297.763101102342697212","11297763101102342697212","51115413","0xca7f319d6f9edc4a9d0d7aaa6f53ba71cfd133f20d25c6a5f779ec423fa7f263"
"715","0x8c1e32f5f8c4634a245407fc9e09fc3dd1ceeacc","11283.691609580997004265","11283691609580997004265","51115413","0xca7f319d6f9edc4a9d0d7aaa6f53ba71cfd133f20d25c6a5f779ec423fa7f263"
"716","0x33a21e91c3d50de7cb903cb8a1b17be3a83ee389","11263.844533800256275597","11263844533800256275597","51115413","0xca7f319d6f9edc4a9d0d7aaa6f53ba71cfd133f20d25c6a5f779ec423fa7f263"
"717","0x6b72d3324327891c2d10965ce89d1aaa6e7d96e3","11221.033293203668417138","11221033293203668417138","51115413","0xca7f319d6f9edc4a9d0d7aaa6f53ba71cfd133f20d25c6a5f779ec423fa7f263"
"718","0x978d7850804dd01361faa7600c1773506e14a868","11204.410442160957056785","11204410442160957056785","51115413","0xca7f319d6f9edc4a9d0d7aaa6f53ba71cfd133f20d25c6a5f779ec423fa7f263"
"719","0x55073ac87ce7ca473b4f6d32a9b045b6e4e7f32c","11181.324921313016657514","11181324921313016657514","51115413","0xca7f319d6f9edc4a9d0d7aaa6f53ba71cfd133f20d25c6a5f779ec423fa7f263"
"720","0x23016915343e4861137bfcf4c6ca9eca3563396f","11165.875973238200773621","11165875973238200773621","51115413","0xca7f319d6f9edc4a9d0d7aaa6f53ba71cfd133f20d25c6a5f779ec423fa7f263"
"721","0x0b7fa064d2df8ca04a5f5df0de393040a048fef7","11120.795283620817058324","11120795283620817058324","51115413","0xca7f319d6f9edc4a9d0d7aaa6f53ba71cfd133f20d25c6a5f779ec423fa7f263"
"722","0x3c8fc00122e2c54e0ec24055b88fa35d03a23cfa","11106.4696292894534311","11106469629289453431100","51115413","0xca7f319d6f9edc4a9d0d7aaa6f53ba71cfd133f20d25c6a5f779ec423fa7f263"
"723","0xd160ba752b989612255090fbf8daec40886baf20","11105.418381434664266204","11105418381434664266204","51115413","0xca7f319d6f9edc4a9d0d7aaa6f53ba71cfd133f20d25c6a5f779ec423fa7f263"
"724","0xcf3fbe2a9df69364c86466a6741c832c20fb58d1","11099.777727245686854542","11099777727245686854542","51115413","0xca7f319d6f9edc4a9d0d7aaa6f53ba71cfd133f20d25c6a5f779ec423fa7f263"
"725","0x439d12eac4aa6c261910a653cd21e7ca5daea0e5","11081.579422653735704961","11081579422653735704961","51115413","0xca7f319d6f9edc4a9d0d7aaa6f53ba71cfd133f20d25c6a5f779ec423fa7f263"
"726","0x29875f41b14419a91ea493079a18adbe69666110","11066.923567803849700326","11066923567803849700326","51115413","0xca7f319d6f9edc4a9d0d7aaa6f53ba71cfd133f20d25c6a5f779ec423fa7f263"
"727","0x39ac10c3f0ce16f3b8fa80e49d0ee69820cdf488","11065.312345913970451457","11065312345913970451457","51115413","0xca7f319d6f9edc4a9d0d7aaa6f53ba71cfd133f20d25c6a5f779ec423fa7f263"
"728","0x8e87a6896c341c4a0e5a5f6744bce1e5f46e539a","11064.124815360489502991","11064124815360489502991","51115413","0xca7f319d6f9edc4a9d0d7aaa6f53ba71cfd133f20d25c6a5f779ec423fa7f263"
"729","0x9b53da52267866a045837b3d666f8c62164ef01b","11062.935331912150985877","11062935331912150985877","51115413","0xca7f319d6f9edc4a9d0d7aaa6f53ba71cfd133f20d25c6a5f779ec423fa7f263"
"730","0x27a359a9476db26aa93c7bf165196e2fc64f5e9f","11051.317627465652386648","11051317627465652386648","51115413","0xca7f319d6f9edc4a9d0d7aaa6f53ba71cfd133f20d25c6a5f779ec423fa7f263"
"731","0x24187949dadb5400caeef901aa9a78c5988ef085","11050.009551790621785734","11050009551790621785734","51115413","0xca7f319d6f9edc4a9d0d7aaa6f53ba71cfd133f20d25c6a5f779ec423fa7f263"
"732","0xecffa608f6cbc0f30d3678e1e9b483f30f733a9c","11047.556525143219169856","11047556525143219169856","51115413","0xca7f319d6f9edc4a9d0d7aaa6f53ba71cfd133f20d25c6a5f779ec423fa7f263"
"733","0x64ac1dad9da4b3ca94aee54bdfeb7ddce90fa74a","11031.355524974808123848","11031355524974808123848","51115413","0xca7f319d6f9edc4a9d0d7aaa6f53ba71cfd133f20d25c6a5f779ec423fa7f263"
"734","0x790ddf0e8bf36417fd024b7edce028f076fe832f","10997.644855360580808527","10997644855360580808527","51115413","0xca7f319d6f9edc4a9d0d7aaa6f53ba71cfd133f20d25c6a5f779ec423fa7f263"
"735","0x6aa128e2d5c4dcee05a612dc8cee1f56ac59acd7","10988.796733504124483546","10988796733504124483546","51115413","0xca7f319d6f9edc4a9d0d7aaa6f53ba71cfd133f20d25c6a5f779ec423fa7f263"
"736","0xc7d1de139950dfb8872a2c19df58218d4e6e5442","10956.410535799488854308","10956410535799488854308","51115413","0xca7f319d6f9edc4a9d0d7aaa6f53ba71cfd133f20d25c6a5f779ec423fa7f263"
"737","0xcf2929ed60c95a5531e46ef40806a1133f83539f","10954.200329623025814585","10954200329623025814585","51115413","0xca7f319d6f9edc4a9d0d7aaa6f53ba71cfd133f20d25c6a5f779ec423fa7f263"
"738","0x841ab19296b47a71c748bcace524f94225baf1f8","10951.943171072720074855","10951943171072720074855","51115413","0xca7f319d6f9edc4a9d0d7aaa6f53ba71cfd133f20d25c6a5f779ec423fa7f263"
"739","0x28b9daeb1c02de0e31e67f39dff96307bb366c33","10935.194617106281808451","10935194617106281808451","51115413","0xca7f319d6f9edc4a9d0d7aaa6f53ba71cfd133f20d25c6a5f779ec423fa7f263"
"740","0x12b5201d97195d01ff47429f35d64e2e8ac6921e","10934.030046345985057147","10934030046345985057147","51115413","0xca7f319d6f9edc4a9d0d7aaa6f53ba71cfd133f20d25c6a5f779ec423fa7f263"
"741","0x7372838169895900695e908736a52a443039c5be","10931.264047066655825014","10931264047066655825014","51115413","0xca7f319d6f9edc4a9d0d7aaa6f53ba71cfd133f20d25c6a5f779ec423fa7f263"
"742","0xf50dbb24bceea5c05ad03ad06a2e20eaa30932a6","10923.247691587583570171","10923247691587583570171","51115413","0xca7f319d6f9edc4a9d0d7aaa6f53ba71cfd133f20d25c6a5f779ec423fa7f263"
"743","0x07757d335c644ede3e1d89a30c1234b4b08a82d3","10884.712616881378253378","10884712616881378253378","51115413","0xca7f319d6f9edc4a9d0d7aaa6f53ba71cfd133f20d25c6a5f779ec423fa7f263"
"744","0x67f8ca495f3f9bdcb86eafadb6340d0d3374236b","10876.742722149909150053","10876742722149909150053","51115413","0xca7f319d6f9edc4a9d0d7aaa6f53ba71cfd133f20d25c6a5f779ec423fa7f263"
"745","0xaa664d11ab68bb2e00c7d4024d13ee8192140dcc","10862.991431515541957493","10862991431515541957493","51115413","0xca7f319d6f9edc4a9d0d7aaa6f53ba71cfd133f20d25c6a5f779ec423fa7f263"
"746","0x1019937c18e47c2996d4410f6850749ae4f33f4b","10827.590693229002242968","10827590693229002242968","51115413","0xca7f319d6f9edc4a9d0d7aaa6f53ba71cfd133f20d25c6a5f779ec423fa7f263"
"747","0xe60f7aaab28f2ad82664381f216f67e9171802f6","10812.13302498889667242","10812133024988896672420","51115413","0xca7f319d6f9edc4a9d0d7aaa6f53ba71cfd133f20d25c6a5f779ec423fa7f263"
"748","0x39ccf09d38b072aae01c6e99aa9c218e69531a11","10799.799736284033519013","10799799736284033519013","51115413","0xca7f319d6f9edc4a9d0d7aaa6f53ba71cfd133f20d25c6a5f779ec423fa7f263"
"749","0x6efa8e284558837c7589fccb61953e93b4a8d149","10794.403123998670882483","10794403123998670882483","51115413","0xca7f319d6f9edc4a9d0d7aaa6f53ba71cfd133f20d25c6a5f779ec423fa7f263"
"750","0xb048c0f44d22a6557f8a7b68de4a8000603f3537","10792.539717545105930972","10792539717545105930972","51115413","0xca7f319d6f9edc4a9d0d7aaa6f53ba71cfd133f20d25c6a5f779ec423fa7f263"
"751","0xb0dfa06fc00b8445b73fbb15281fd3b45ac03225","10718.967080956894086351","10718967080956894086351","51115413","0xca7f319d6f9edc4a9d0d7aaa6f53ba71cfd133f20d25c6a5f779ec423fa7f263"
"752","0xc90688d0e2629b9cc1d8c9ab2fbe5975f104f59b","10672.80662330931617085","10672806623309316170850","51115413","0xca7f319d6f9edc4a9d0d7aaa6f53ba71cfd133f20d25c6a5f779ec423fa7f263"
"753","0xe1deab5af7a99d6415a7c1a3cff8514c6fa0a21d","10658.45603412626382313","10658456034126263823130","51115413","0xca7f319d6f9edc4a9d0d7aaa6f53ba71cfd133f20d25c6a5f779ec423fa7f263"
"754","0xbec7b5f822dec7bf6d03e29097271176bf085666","10652.209714169935574883","10652209714169935574883","51115413","0xca7f319d6f9edc4a9d0d7aaa6f53ba71cfd133f20d25c6a5f779ec423fa7f263"
"755","0x6529f35723a510f0a1e4f1bdb8c49843e2ddffbd","10639.436782994556807229","10639436782994556807229","51115413","0xca7f319d6f9edc4a9d0d7aaa6f53ba71cfd133f20d25c6a5f779ec423fa7f263"
"756","0x4d07dea1feeabc67bac331710549e0177382a4cf","10628.049391652557772616","10628049391652557772616","51115413","0xca7f319d6f9edc4a9d0d7aaa6f53ba71cfd133f20d25c6a5f779ec423fa7f263"
"757","0x361ce0eedcf9c51f79fbcaeef156766353938c04","10562.864342952697114327","10562864342952697114327","51115413","0xca7f319d6f9edc4a9d0d7aaa6f53ba71cfd133f20d25c6a5f779ec423fa7f263"
"758","0x5d0691294841d6d12d1ff9ed4439314b86d62b31","10515.287752789234617227","10515287752789234617227","51115413","0xca7f319d6f9edc4a9d0d7aaa6f53ba71cfd133f20d25c6a5f779ec423fa7f263"
"759","0x96d434063cf4ca608f69da46a31f14db673c5929","10481.586673198171935788","10481586673198171935788","51115413","0xca7f319d6f9edc4a9d0d7aaa6f53ba71cfd133f20d25c6a5f779ec423fa7f263"
"760","0x5c43cc98d64ccdebf700dae4b90935584971eddc","10470.465139521303057472","10470465139521303057472","51115413","0xca7f319d6f9edc4a9d0d7aaa6f53ba71cfd133f20d25c6a5f779ec423fa7f263"
"761","0x3fae2bc43789afba6b571faf969e2e929259f50c","10455.116592286269617696","10455116592286269617696","51115413","0xca7f319d6f9edc4a9d0d7aaa6f53ba71cfd133f20d25c6a5f779ec423fa7f263"
"762","0x60b64ba8ac8c00839d381307b9126a0fd866d51f","10416.071773541585879139","10416071773541585879139","51115413","0xca7f319d6f9edc4a9d0d7aaa6f53ba71cfd133f20d25c6a5f779ec423fa7f263"
"763","0xc253597299f172787906f6f00d8ebdd2a54f9102","10376.000379794211920314","10376000379794211920314","51115413","0xca7f319d6f9edc4a9d0d7aaa6f53ba71cfd133f20d25c6a5f779ec423fa7f263"
"764","0x3e7ef24383826cdfc73256ae8c4b4eb884ead8d4","10358.544539567377623475","10358544539567377623475","51115413","0xca7f319d6f9edc4a9d0d7aaa6f53ba71cfd133f20d25c6a5f779ec423fa7f263"
"765","0xa9054db639af04d88db6398d12b8063f6695ca49","10303.510902377233117912","10303510902377233117912","51115413","0xca7f319d6f9edc4a9d0d7aaa6f53ba71cfd133f20d25c6a5f779ec423fa7f263"
"766","0xdc16402e24130a830edf1db10ca3022e0cd5d71a","10295.709183454556082822","10295709183454556082822","51115413","0xca7f319d6f9edc4a9d0d7aaa6f53ba71cfd133f20d25c6a5f779ec423fa7f263"
"767","0x84a0e8834202dff7b4a6a5e112fb3e364be8766d","10269.143790265980375417","10269143790265980375417","51115413","0xca7f319d6f9edc4a9d0d7aaa6f53ba71cfd133f20d25c6a5f779ec423fa7f263"
"768","0x60e01a86c0af65309898ac81bd4b317003254dfd","10250.921975850029298602","10250921975850029298602","51115413","0xca7f319d6f9edc4a9d0d7aaa6f53ba71cfd133f20d25c6a5f779ec423fa7f263"
"769","0xdf4bd25c74fa22efaef78de36d6ac9b9ee12e422","10249.961039202308488032","10249961039202308488032","51115413","0xca7f319d6f9edc4a9d0d7aaa6f53ba71cfd133f20d25c6a5f779ec423fa7f263"
"770","0x624cc774b7c67aac4a47e73465dcfd246b744695","10244.723715515528190852","10244723715515528190852","51115413","0xca7f319d6f9edc4a9d0d7aaa6f53ba71cfd133f20d25c6a5f779ec423fa7f263"
"771","0x5b74b69dc907fcc954d46dd962a2e18c0635bd6e","10124.111256581181629717","10124111256581181629717","51115413","0xca7f319d6f9edc4a9d0d7aaa6f53ba71cfd133f20d25c6a5f779ec423fa7f263"
"772","0xf758fd6452578a26a4f6c122b625dc8d9ef0edcd","10112.921796781429398193","10112921796781429398193","51115413","0xca7f319d6f9edc4a9d0d7aaa6f53ba71cfd133f20d25c6a5f779ec423fa7f263"
"773","0x878988de87b23eef7f70ed6ea6eeeaae6da38e90","10103.549168070118152952","10103549168070118152952","51115413","0xca7f319d6f9edc4a9d0d7aaa6f53ba71cfd133f20d25c6a5f779ec423fa7f263"
"774","0xa7b7850d70a26737cc29e56f8d1f87c4325d223e","10071.301547317668760783","10071301547317668760783","51115413","0xca7f319d6f9edc4a9d0d7aaa6f53ba71cfd133f20d25c6a5f779ec423fa7f263"
"775","0xcb08bb7df3a379210008d06334628b50ca86c86d","10059.972121943858365908","10059972121943858365908","51115413","0xca7f319d6f9edc4a9d0d7aaa6f53ba71cfd133f20d25c6a5f779ec423fa7f263"
"776","0x3027fb2602a8932e4553e212b050edd25c2f2036","10037.259684259031752786","10037259684259031752786","51115413","0xca7f319d6f9edc4a9d0d7aaa6f53ba71cfd133f20d25c6a5f779ec423fa7f263"
"777","0x67ced9c1e69b0a584aa017487f1205a68683bc8b","10024.207981377329503988","10024207981377329503988","51115413","0xca7f319d6f9edc4a9d0d7aaa6f53ba71cfd133f20d25c6a5f779ec423fa7f263"
"778","0x5f394a5bfc03797b104310e83f05f1c71abd5004","10022.135659700537848312","10022135659700537848312","51115413","0xca7f319d6f9edc4a9d0d7aaa6f53ba71cfd133f20d25c6a5f779ec423fa7f263"
"779","0xe89fdce07baeadd664aa826a5f58a478cba807e8","10017.47037574313272541","10017470375743132725410","51115413","0xca7f319d6f9edc4a9d0d7aaa6f53ba71cfd133f20d25c6a5f779ec423fa7f263"
"780","0xcdb283e93347cd0f3469581a6a081ea8b1eadcd6","9982.859085146336671155","9982859085146336671155","51115413","0xca7f319d6f9edc4a9d0d7aaa6f53ba71cfd133f20d25c6a5f779ec423fa7f263"
"781","0x31cca72ef6f8075bde2e972af23fdc3474bdbb80","9967.891981839613866758","9967891981839613866758","51115413","0xca7f319d6f9edc4a9d0d7aaa6f53ba71cfd133f20d25c6a5f779ec423fa7f263"
"782","0xe13a016a12a51a4c6f89c65a41772dcd15e601fc","9910.965998086031670942","9910965998086031670942","51115413","0xca7f319d6f9edc4a9d0d7aaa6f53ba71cfd133f20d25c6a5f779ec423fa7f263"
"783","0x1278cb0e509ecc45566ecc8628ad21362705725d","9819.473824263280650657","9819473824263280650657","51115413","0xca7f319d6f9edc4a9d0d7aaa6f53ba71cfd133f20d25c6a5f779ec423fa7f263"
"784","0x7cf08f62310c6cddc96e6d7790f044f74401f5d1","9813.648562236591550591","9813648562236591550591","51115413","0xca7f319d6f9edc4a9d0d7aaa6f53ba71cfd133f20d25c6a5f779ec423fa7f263"
"785","0x8b8000e8a426d7d7eccfa6de54451b772aa81fc7","9749.369604323243516319","9749369604323243516319","51115413","0xca7f319d6f9edc4a9d0d7aaa6f53ba71cfd133f20d25c6a5f779ec423fa7f263"
"786","0x5ae68aa49cc7185281fe2be51540babf7fa6e782","9697.608473933252311839","9697608473933252311839","51115413","0xca7f319d6f9edc4a9d0d7aaa6f53ba71cfd133f20d25c6a5f779ec423fa7f263"
"787","0x641a074e1a2ab23c0e39eda047ce9bf5513e017e","9670.56452780717080775","9670564527807170807750","51115413","0xca7f319d6f9edc4a9d0d7aaa6f53ba71cfd133f20d25c6a5f779ec423fa7f263"
"788","0x2df7ead92628eec8b5f2e7cb36e3bd7e4ee3fb1e","9641.49914398651179518","9641499143986511795180","51115413","0xca7f319d6f9edc4a9d0d7aaa6f53ba71cfd133f20d25c6a5f779ec423fa7f263"
"789","0x42a6d42e17da506af8e59e43e007ffefbb69e490","9592.026570051251213105","9592026570051251213105","51115413","0xca7f319d6f9edc4a9d0d7aaa6f53ba71cfd133f20d25c6a5f779ec423fa7f263"
"790","0x441dad3b22f8f3c8ded4b00eb3a90f8b6cd8206d","9540.40121396326518345","9540401213963265183450","51115413","0xca7f319d6f9edc4a9d0d7aaa6f53ba71cfd133f20d25c6a5f779ec423fa7f263"
"791","0xaf0ff46e5779128088666a86bdac259f0ccb476a","9539.554091957216601165","9539554091957216601165","51115413","0xca7f319d6f9edc4a9d0d7aaa6f53ba71cfd133f20d25c6a5f779ec423fa7f263"
"792","0xb3ffa303d1327d64f479f8fa7189f8379f272730","9535.283333179123120804","9535283333179123120804","51115413","0xca7f319d6f9edc4a9d0d7aaa6f53ba71cfd133f20d25c6a5f779ec423fa7f263"
"793","0x2f5106cc323af636be2f12b4f057d2aacbb1990e","9501.375309898864951729","9501375309898864951729","51115413","0xca7f319d6f9edc4a9d0d7aaa6f53ba71cfd133f20d25c6a5f779ec423fa7f263"
"794","0x8b77fc80b9baf19f71a450d4b5f08f2ddf8971b6","9496.577558900776921385","9496577558900776921385","51115413","0xca7f319d6f9edc4a9d0d7aaa6f53ba71cfd133f20d25c6a5f779ec423fa7f263"
"795","0x879e4ca73423f13d5ca926839fcf5044e8f04a84","9454.680647921488693715","9454680647921488693715","51115413","0xca7f319d6f9edc4a9d0d7aaa6f53ba71cfd133f20d25c6a5f779ec423fa7f263"
"796","0x2fda3a38b874a6e7431a1cbb748a4bc311d87367","9446.153249453461023424","9446153249453461023424","51115413","0xca7f319d6f9edc4a9d0d7aaa6f53ba71cfd133f20d25c6a5f779ec423fa7f263"
"797","0x04c9502b3ee2cbe98ba3b716c532b3e77aeddfc0","9440.53714695164836766","9440537146951648367660","51115413","0xca7f319d6f9edc4a9d0d7aaa6f53ba71cfd133f20d25c6a5f779ec423fa7f263"
"798","0x27300178f2a1fbf71959bb8083f3b376bd91abd9","9434.813499447697826719","9434813499447697826719","51115413","0xca7f319d6f9edc4a9d0d7aaa6f53ba71cfd133f20d25c6a5f779ec423fa7f263"
"799","0xc104eaa842e55f3ed8505e6ecb2da7f7417bf962","9421.733281522718340241","9421733281522718340241","51115413","0xca7f319d6f9edc4a9d0d7aaa6f53ba71cfd133f20d25c6a5f779ec423fa7f263"
"800","0x5c63db578c40fe233a4c2b4534104abe54b3027d","9392.966553710433832311","9392966553710433832311","51115413","0xca7f319d6f9edc4a9d0d7aaa6f53ba71cfd133f20d25c6a5f779ec423fa7f263"
"801","0x88a24ae52a02b7bb040994cee6894925ff49dc3d","9391.431917698018487362","9391431917698018487362","51115415","0xd0c9d370ac71b2b96dc4a2bb4517967e3203b92a27c3e0f1ea93cf245fc47595"
"802","0x6ffc3534cbd5812e58cb5125b8600e49480958d2","9380.115404400490372995","9380115404400490372995","51115415","0xd0c9d370ac71b2b96dc4a2bb4517967e3203b92a27c3e0f1ea93cf245fc47595"
"803","0xe49df7e7de2b6394db55b01e4c393bda5d2b2571","9370.244075529409874567","9370244075529409874567","51115415","0xd0c9d370ac71b2b96dc4a2bb4517967e3203b92a27c3e0f1ea93cf245fc47595"
"804","0x95745f0f057d1da1dafddcf2b10e2bbc968eb6cc","9367.390569211533702797","9367390569211533702797","51115415","0xd0c9d370ac71b2b96dc4a2bb4517967e3203b92a27c3e0f1ea93cf245fc47595"
"805","0x5ba15f201762ff8f2f930a3e5af3ad9c51c91677","9312.057593440017607964","9312057593440017607964","51115415","0xd0c9d370ac71b2b96dc4a2bb4517967e3203b92a27c3e0f1ea93cf245fc47595"
"806","0xd5461badf8b37667097d67d0624e7f4d7f23bad3","9311.880842230413528893","9311880842230413528893","51115415","0xd0c9d370ac71b2b96dc4a2bb4517967e3203b92a27c3e0f1ea93cf245fc47595"
"807","0x11b46825d43453b909dbf678103314a7a93bde7c","9310.462368536760253093","9310462368536760253093","51115415","0xd0c9d370ac71b2b96dc4a2bb4517967e3203b92a27c3e0f1ea93cf245fc47595"
"808","0x09272a2c7e6db42da85ee6ded25cff8301b23009","9282.477423227532252495","9282477423227532252495","51115415","0xd0c9d370ac71b2b96dc4a2bb4517967e3203b92a27c3e0f1ea93cf245fc47595"
"809","0xc679790cab79b3e3d9eb72381a024b07705c413d","9271.301059924017417609","9271301059924017417609","51115415","0xd0c9d370ac71b2b96dc4a2bb4517967e3203b92a27c3e0f1ea93cf245fc47595"
"810","0x9ce16bf4a6bca590a5dad6663a55b105d8193c69","9253.669736597197021253","9253669736597197021253","51115415","0xd0c9d370ac71b2b96dc4a2bb4517967e3203b92a27c3e0f1ea93cf245fc47595"
"811","0x849ffc5547a8b5cc30aeb5aa661fd8cad3138241","9225.03506427978640663","9225035064279786406630","51115415","0xd0c9d370ac71b2b96dc4a2bb4517967e3203b92a27c3e0f1ea93cf245fc47595"
"812","0xd1b7bdcdd90c2f75eba8b021d2bbfc4f167753b6","9223.53878904706143089","9223538789047061430890","51115415","0xd0c9d370ac71b2b96dc4a2bb4517967e3203b92a27c3e0f1ea93cf245fc47595"
"813","0xca171d4b47305062614480636d64e4d82cf7f4e1","9216.238267672350368202","9216238267672350368202","51115415","0xd0c9d370ac71b2b96dc4a2bb4517967e3203b92a27c3e0f1ea93cf245fc47595"
"814","0x2acc2516fc1a434d1c5e36b24882907623a643fe","9213.968616547399996176","9213968616547399996176","51115415","0xd0c9d370ac71b2b96dc4a2bb4517967e3203b92a27c3e0f1ea93cf245fc47595"
"815","0xc5543545516e0c034ae703d0ef4b7b1a56cad0de","9203.783816066912712573","9203783816066912712573","51115415","0xd0c9d370ac71b2b96dc4a2bb4517967e3203b92a27c3e0f1ea93cf245fc47595"
"816","0xae7d130514160a8aa7ae475b548c53bc82445e5c","9191.499962029999592323","9191499962029999592323","51115415","0xd0c9d370ac71b2b96dc4a2bb4517967e3203b92a27c3e0f1ea93cf245fc47595"
"817","0x842636fa6a8c5e6484ff2dfab5bbc0fa86b39341","9185.728539933118751884","9185728539933118751884","51115415","0xd0c9d370ac71b2b96dc4a2bb4517967e3203b92a27c3e0f1ea93cf245fc47595"
"818","0x000b1298bf2d21269e8eff15f681034669954585","9172.787493929893473898","9172787493929893473898","51115415","0xd0c9d370ac71b2b96dc4a2bb4517967e3203b92a27c3e0f1ea93cf245fc47595"
"819","0x530e3794f05a32704e622f9be9c2e5a061265117","9168.041610324516009471","9168041610324516009471","51115415","0xd0c9d370ac71b2b96dc4a2bb4517967e3203b92a27c3e0f1ea93cf245fc47595"
"820","0x3e3b3aea195084d6623dca7248a44b70edde8663","9167.503368810164337359","9167503368810164337359","51115415","0xd0c9d370ac71b2b96dc4a2bb4517967e3203b92a27c3e0f1ea93cf245fc47595"
"821","0xaa10aed921d4b7f2651959b464ffb57fa827bc1d","9164.913225792161670886","9164913225792161670886","51115415","0xd0c9d370ac71b2b96dc4a2bb4517967e3203b92a27c3e0f1ea93cf245fc47595"
"822","0xbd51aca6112d1ab349133b8c49316f6c6583d8c7","9105.461694433741410745","9105461694433741410745","51115415","0xd0c9d370ac71b2b96dc4a2bb4517967e3203b92a27c3e0f1ea93cf245fc47595"
"823","0x325c4002b11e53427517a077f13b87a099cb29d7","9090.890291364356674112","9090890291364356674112","51115415","0xd0c9d370ac71b2b96dc4a2bb4517967e3203b92a27c3e0f1ea93cf245fc47595"
"824","0xea818d1e2fe353a99bb6ba398f02f211ad05ec93","9090.886615888323143122","9090886615888323143122","51115415","0xd0c9d370ac71b2b96dc4a2bb4517967e3203b92a27c3e0f1ea93cf245fc47595"
"825","0xfa889db72932f260a9216c746146f2e117dffdee","9083.226886205711027947","9083226886205711027947","51115415","0xd0c9d370ac71b2b96dc4a2bb4517967e3203b92a27c3e0f1ea93cf245fc47595"
"826","0xf6bccdfb74501858e21b26415338e05cc7640ca9","9069.27735210977422086","9069277352109774220860","51115415","0xd0c9d370ac71b2b96dc4a2bb4517967e3203b92a27c3e0f1ea93cf245fc47595"
"827","0xf88f30737d2d575a9fdcf512b52b168717b44987","9046.681884672535135726","9046681884672535135726","51115415","0xd0c9d370ac71b2b96dc4a2bb4517967e3203b92a27c3e0f1ea93cf245fc47595"
"828","0x593cc0ec4d20b4875a22be31b759e6a6822d6564","9039.807729544574598586","9039807729544574598586","51115415","0xd0c9d370ac71b2b96dc4a2bb4517967e3203b92a27c3e0f1ea93cf245fc47595"
"829","0xa3db60ce2ea9c1cee0edf2127ff229a82da0f009","9039.138284674672989652","9039138284674672989652","51115415","0xd0c9d370ac71b2b96dc4a2bb4517967e3203b92a27c3e0f1ea93cf245fc47595"
"830","0x63178dac99a15712b2ed29eb3454869801ff4daf","9033.833883631006992353","9033833883631006992353","51115415","0xd0c9d370ac71b2b96dc4a2bb4517967e3203b92a27c3e0f1ea93cf245fc47595"
"831","0x5d304ea593f3c176e1feccdb476a4c9e9b051a3b","9023.814248007949059712","9023814248007949059712","51115415","0xd0c9d370ac71b2b96dc4a2bb4517967e3203b92a27c3e0f1ea93cf245fc47595"
"832","0x22b9233042466be8fda09dc2a891d79e7ad212d2","9009.424362768160192048","9009424362768160192048","51115415","0xd0c9d370ac71b2b96dc4a2bb4517967e3203b92a27c3e0f1ea93cf245fc47595"
"833","0x133748b56fa7023fe1d3b639651635ff62837793","8986.009799833553465405","8986009799833553465405","51115415","0xd0c9d370ac71b2b96dc4a2bb4517967e3203b92a27c3e0f1ea93cf245fc47595"
"834","0xfffefddf5047b8d387999616693d5b6030b7a618","8979.542638695118075929","8979542638695118075929","51115415","0xd0c9d370ac71b2b96dc4a2bb4517967e3203b92a27c3e0f1ea93cf245fc47595"
"835","0x6964f870aa07461521ba2f947837a00e0a4c008b","8973.514578721686858432","8973514578721686858432","51115415","0xd0c9d370ac71b2b96dc4a2bb4517967e3203b92a27c3e0f1ea93cf245fc47595"
"836","0x1c45615625c979218f073720ab5bcafc1c4441e1","8969.484764405407893295","8969484764405407893295","51115415","0xd0c9d370ac71b2b96dc4a2bb4517967e3203b92a27c3e0f1ea93cf245fc47595"
"837","0x3169c56a7f14cb6be56dd7516ec367a2dc37b8df","8951.4917150738287215","8951491715073828721500","51115415","0xd0c9d370ac71b2b96dc4a2bb4517967e3203b92a27c3e0f1ea93cf245fc47595"
"838","0x3f019f77770cc3a3b8f4bd5056fc881a5ddbc260","8930.268365361864715984","8930268365361864715984","51115415","0xd0c9d370ac71b2b96dc4a2bb4517967e3203b92a27c3e0f1ea93cf245fc47595"
"839","0x26f055cee3b1bfe8eacd6ec841fefb66bf2ea036","8911.825778006678537897","8911825778006678537897","51115415","0xd0c9d370ac71b2b96dc4a2bb4517967e3203b92a27c3e0f1ea93cf245fc47595"
"840","0x5355f7abc8974499b5a8c34c031f1782a3c41870","8908.53910973537212634","8908539109735372126340","51115415","0xd0c9d370ac71b2b96dc4a2bb4517967e3203b92a27c3e0f1ea93cf245fc47595"
"841","0xa9240f544b17ea14be4b9859f4fce01c7410a6da","8883.35820980397294423","8883358209803972944230","51115415","0xd0c9d370ac71b2b96dc4a2bb4517967e3203b92a27c3e0f1ea93cf245fc47595"
"842","0x03d30736fcc8f0a1630b58cebbe1553f41d51b05","8868.727886431090350695","8868727886431090350695","51115415","0xd0c9d370ac71b2b96dc4a2bb4517967e3203b92a27c3e0f1ea93cf245fc47595"
"843","0x8c6d19877b4b4c1dcbade603220b9f0a52a11fce","8843.573753995055607801","8843573753995055607801","51115415","0xd0c9d370ac71b2b96dc4a2bb4517967e3203b92a27c3e0f1ea93cf245fc47595"
"844","0x0faf70639781fca77881d58da80c70ff19cb6056","8823.277708434737513907","8823277708434737513907","51115415","0xd0c9d370ac71b2b96dc4a2bb4517967e3203b92a27c3e0f1ea93cf245fc47595"
"845","0x2943d7fc8395426b82fdde61bf6731fc4da52239","8797.95747033362100815","8797957470333621008150","51115415","0xd0c9d370ac71b2b96dc4a2bb4517967e3203b92a27c3e0f1ea93cf245fc47595"
"846","0x0b66c065d77b36684aee27ef232fc5c7606b3a6e","8754.318745725252896406","8754318745725252896406","51115415","0xd0c9d370ac71b2b96dc4a2bb4517967e3203b92a27c3e0f1ea93cf245fc47595"
"847","0xe889bcd4ab08bdba4dbf386afdefd61758eb4237","8748.923746439488749422","8748923746439488749422","51115415","0xd0c9d370ac71b2b96dc4a2bb4517967e3203b92a27c3e0f1ea93cf245fc47595"
"848","0xa527a1985283fab83b4c374d304a5bfa85d3786e","8729.566390302514212263","8729566390302514212263","51115415","0xd0c9d370ac71b2b96dc4a2bb4517967e3203b92a27c3e0f1ea93cf245fc47595"
"849","0xa1444dcece32705e4b7254d734e3a357b06dd16a","8671.336510940465196652","8671336510940465196652","51115415","0xd0c9d370ac71b2b96dc4a2bb4517967e3203b92a27c3e0f1ea93cf245fc47595"
"850","0x0e064398de53c0c8d58d63ebfcea4ae6dcc6fba7","8669.857021317593047193","8669857021317593047193","51115415","0xd0c9d370ac71b2b96dc4a2bb4517967e3203b92a27c3e0f1ea93cf245fc47595"
"851","0x6b0caa6e76914283e35a893b31f5887221e62dc6","8667.533043473298976196","8667533043473298976196","51115415","0xd0c9d370ac71b2b96dc4a2bb4517967e3203b92a27c3e0f1ea93cf245fc47595"
"852","0x050f1919306f482886a2fda9c23874a1fd18d115","8638.470744830921992253","8638470744830921992253","51115415","0xd0c9d370ac71b2b96dc4a2bb4517967e3203b92a27c3e0f1ea93cf245fc47595"
"853","0x175fc71c2abef55efccb55f89aee051330f1be67","8619.080524526183121366","8619080524526183121366","51115415","0xd0c9d370ac71b2b96dc4a2bb4517967e3203b92a27c3e0f1ea93cf245fc47595"
"854","0x03bfb10d2104b0b00c9bc70e1e0c8ddc9793b1e6","8565.852352911817493761","8565852352911817493761","51115415","0xd0c9d370ac71b2b96dc4a2bb4517967e3203b92a27c3e0f1ea93cf245fc47595"
"855","0xc4622a3cab11043790372ee2f325fb8dbf78508d","8557.377923368379973616","8557377923368379973616","51115415","0xd0c9d370ac71b2b96dc4a2bb4517967e3203b92a27c3e0f1ea93cf245fc47595"
"856","0xd495422c0f32fac92c77ec7754bbcea45c9c8658","8501.567469932880982878","8501567469932880982878","51115415","0xd0c9d370ac71b2b96dc4a2bb4517967e3203b92a27c3e0f1ea93cf245fc47595"
"857","0x2814ed81a226a1becb809b047004162d30f17d7a","8495.264609358957849988","8495264609358957849988","51115415","0xd0c9d370ac71b2b96dc4a2bb4517967e3203b92a27c3e0f1ea93cf245fc47595"
"858","0x9230862106279516714b584d4b74e23d124ec480","8475.467723761334021469","8475467723761334021469","51115415","0xd0c9d370ac71b2b96dc4a2bb4517967e3203b92a27c3e0f1ea93cf245fc47595"
"859","0x63e8ae34afb518e963eba31efb2b99140f7d3961","8454.041876356150173984","8454041876356150173984","51115415","0xd0c9d370ac71b2b96dc4a2bb4517967e3203b92a27c3e0f1ea93cf245fc47595"
"860","0xceea0f2068c47534043c48ea4ed1940d3df43aad","8448.408488078439450743","8448408488078439450743","51115415","0xd0c9d370ac71b2b96dc4a2bb4517967e3203b92a27c3e0f1ea93cf245fc47595"
"861","0x5cd6a0b35ac566da6b6a734fc1aaf2ebb1b45331","8417.776356322496098145","8417776356322496098145","51115415","0xd0c9d370ac71b2b96dc4a2bb4517967e3203b92a27c3e0f1ea93cf245fc47595"
"862","0x1a4c1815bb3ad470ad5fed5885f4df4ce32224a1","8392.020880641725014421","8392020880641725014421","51115415","0xd0c9d370ac71b2b96dc4a2bb4517967e3203b92a27c3e0f1ea93cf245fc47595"
"863","0xbb50092cb4c9c0a5eba17df975e9ae565339593e","8389.128884100490688805","8389128884100490688805","51115415","0xd0c9d370ac71b2b96dc4a2bb4517967e3203b92a27c3e0f1ea93cf245fc47595"
"864","0xe73b48c424817a3ac814ccbf1006e5a18b3b4e59","8381.597528061063519347","8381597528061063519347","51115415","0xd0c9d370ac71b2b96dc4a2bb4517967e3203b92a27c3e0f1ea93cf245fc47595"
"865","0xb62ed883b9fdd33068ecdeb8827b67c135ab5a82","8380.252430988642955284","8380252430988642955284","51115415","0xd0c9d370ac71b2b96dc4a2bb4517967e3203b92a27c3e0f1ea93cf245fc47595"
"866","0x6381e0b95671657709e1d49a5ccf9fe53792390a","8373.059494120400214674","8373059494120400214674","51115415","0xd0c9d370ac71b2b96dc4a2bb4517967e3203b92a27c3e0f1ea93cf245fc47595"
"867","0x063bdb47392ccfb9f02db1afcd735cf030d0983e","8367.713228345377915034","8367713228345377915034","51115415","0xd0c9d370ac71b2b96dc4a2bb4517967e3203b92a27c3e0f1ea93cf245fc47595"
"868","0xdbda70a024f6aedd359f0b54d73e6249478cac64","8367.001949358258512773","8367001949358258512773","51115415","0xd0c9d370ac71b2b96dc4a2bb4517967e3203b92a27c3e0f1ea93cf245fc47595"
"869","0xff9f4207efd6830695d0f8542b31d266453a96ad","8360.861679113633725449","8360861679113633725449","51115415","0xd0c9d370ac71b2b96dc4a2bb4517967e3203b92a27c3e0f1ea93cf245fc47595"
"870","0x7e734e7886fca32a7dcf9f2f748f4ba21629608b","8341.682399958463048116","8341682399958463048116","51115415","0xd0c9d370ac71b2b96dc4a2bb4517967e3203b92a27c3e0f1ea93cf245fc47595"
"871","0x5ebac62347bb1643cb3a7fb867f71258bac9ee34","8235.345761061723381351","8235345761061723381351","51115415","0xd0c9d370ac71b2b96dc4a2bb4517967e3203b92a27c3e0f1ea93cf245fc47595"
"872","0x9683a18beef2999c34fee2509735a9f288740471","8216.163734672359346827","8216163734672359346827","51115415","0xd0c9d370ac71b2b96dc4a2bb4517967e3203b92a27c3e0f1ea93cf245fc47595"
"873","0x12efecb48e59e972e4b051dbacecad4af31db7c3","8215.362751649424927913","8215362751649424927913","51115415","0xd0c9d370ac71b2b96dc4a2bb4517967e3203b92a27c3e0f1ea93cf245fc47595"
"874","0xb7fa5b1c7d0d6f0a0479cac6df8978ec19149624","8189.419392143308957754","8189419392143308957754","51115415","0xd0c9d370ac71b2b96dc4a2bb4517967e3203b92a27c3e0f1ea93cf245fc47595"
"875","0x1e4f48ef1dcfb569e718a72e986269e67eb50548","8188.577071617247406557","8188577071617247406557","51115415","0xd0c9d370ac71b2b96dc4a2bb4517967e3203b92a27c3e0f1ea93cf245fc47595"
"876","0x24a1a76f8d573c9460a497a1103eb43fe59aa46d","8173.510499477516780436","8173510499477516780436","51115415","0xd0c9d370ac71b2b96dc4a2bb4517967e3203b92a27c3e0f1ea93cf245fc47595"
"877","0x67ca67bbd7a95712389eec9be33f3e6060c1e1f9","8166.136559235985552706","8166136559235985552706","51115415","0xd0c9d370ac71b2b96dc4a2bb4517967e3203b92a27c3e0f1ea93cf245fc47595"
"878","0x4f24ae5756b529b9a73f4f69d92f424a276c1a11","8140.81248989497818284","8140812489894978182840","51115415","0xd0c9d370ac71b2b96dc4a2bb4517967e3203b92a27c3e0f1ea93cf245fc47595"
"879","0xf7dbeeafb69e7a3cf8469d7653cdee635411ab16","8121.454346440133197399","8121454346440133197399","51115415","0xd0c9d370ac71b2b96dc4a2bb4517967e3203b92a27c3e0f1ea93cf245fc47595"
"880","0xc2c0d625252c730e4107dccb5a9c7be3ba55f98a","8110.009658814225407742","8110009658814225407742","51115415","0xd0c9d370ac71b2b96dc4a2bb4517967e3203b92a27c3e0f1ea93cf245fc47595"
"881","0xa164839aff75b1311b2e68176bfa7e1f35f18048","8078.804781836527824497","8078804781836527824497","51115415","0xd0c9d370ac71b2b96dc4a2bb4517967e3203b92a27c3e0f1ea93cf245fc47595"
"882","0x41ccb4a6ced6fac2b67a838eefb982cdec253b4c","7997.872202936880172185","7997872202936880172185","51115415","0xd0c9d370ac71b2b96dc4a2bb4517967e3203b92a27c3e0f1ea93cf245fc47595"
"883","0x3559b7ed26b81c9c61a0a33f176e95906e53cae6","7939.376173330324307078","7939376173330324307078","51115415","0xd0c9d370ac71b2b96dc4a2bb4517967e3203b92a27c3e0f1ea93cf245fc47595"
"884","0x3a2582d64f4aaad31b09cf8730a6244bf81a8deb","7910.432409856645619375","7910432409856645619375","51115415","0xd0c9d370ac71b2b96dc4a2bb4517967e3203b92a27c3e0f1ea93cf245fc47595"
"885","0x4ce93057d8c77e64b9c9bc1fbdaba1b42da3c40e","7870.06685164021305657","7870066851640213056570","51115415","0xd0c9d370ac71b2b96dc4a2bb4517967e3203b92a27c3e0f1ea93cf245fc47595"
"886","0xa4c0101bac7381e882b2f99a11e52f3070e50675","7864.442951491975713352","7864442951491975713352","51115415","0xd0c9d370ac71b2b96dc4a2bb4517967e3203b92a27c3e0f1ea93cf245fc47595"
"887","0xdc8f4f36d87e1f1d57f10655242195b85285aafb","7858.735357228813608557","7858735357228813608557","51115415","0xd0c9d370ac71b2b96dc4a2bb4517967e3203b92a27c3e0f1ea93cf245fc47595"
"888","0x32d84b9251a984f6e7c5a0c5224108df88eb32aa","7847.154741934784410516","7847154741934784410516","51115415","0xd0c9d370ac71b2b96dc4a2bb4517967e3203b92a27c3e0f1ea93cf245fc47595"
"889","0x3c1f4d5fae4e08fd754024fc05ac99f89b38c27b","7845.145122163331492093","7845145122163331492093","51115415","0xd0c9d370ac71b2b96dc4a2bb4517967e3203b92a27c3e0f1ea93cf245fc47595"
"890","0x137557f84019f1ec8ff23fac82481b5ce9be210b","7845.09191360890807087","7845091913608908070870","51115415","0xd0c9d370ac71b2b96dc4a2bb4517967e3203b92a27c3e0f1ea93cf245fc47595"
"891","0xdcc9c5ae6ca48ba739723910e2a3abcfcae88b8e","7830.72460709322652851","7830724607093226528510","51115415","0xd0c9d370ac71b2b96dc4a2bb4517967e3203b92a27c3e0f1ea93cf245fc47595"
"892","0x8a7ebd1b80130729c4ba8698893bd00c144629f4","7813.004425501129973722","7813004425501129973722","51115415","0xd0c9d370ac71b2b96dc4a2bb4517967e3203b92a27c3e0f1ea93cf245fc47595"
"893","0xb09fd17e528059b4e066d85144d82fb1db70648e","7806.254615976194759051","7806254615976194759051","51115415","0xd0c9d370ac71b2b96dc4a2bb4517967e3203b92a27c3e0f1ea93cf245fc47595"
"894","0x5ea76796d5946070b1afe9ef451e37d835d0ade6","7787.201651319878379364","7787201651319878379364","51115415","0xd0c9d370ac71b2b96dc4a2bb4517967e3203b92a27c3e0f1ea93cf245fc47595"
"895","0x3d6c8031396d726ae12ac702773490995777847f","7774.067826945988992854","7774067826945988992854","51115415","0xd0c9d370ac71b2b96dc4a2bb4517967e3203b92a27c3e0f1ea93cf245fc47595"
"896","0x08584738365ad2e991afb150996f899153c54aa0","7742.399549023214620766","7742399549023214620766","51115415","0xd0c9d370ac71b2b96dc4a2bb4517967e3203b92a27c3e0f1ea93cf245fc47595"
"897","0x579182ed5a754180f4b1c5ddfe62eab0374778d5","7702.888488992706635149","7702888488992706635149","51115415","0xd0c9d370ac71b2b96dc4a2bb4517967e3203b92a27c3e0f1ea93cf245fc47595"
"898","0x3cfd1953b34f02e4f0b6ce57c5d4f644fc9afb3e","7688.567277160326620135","7688567277160326620135","51115415","0xd0c9d370ac71b2b96dc4a2bb4517967e3203b92a27c3e0f1ea93cf245fc47595"
"899","0x30fdf01b0fc4ee1089077726a1846955c07a1af4","7667.795707868301267848","7667795707868301267848","51115415","0xd0c9d370ac71b2b96dc4a2bb4517967e3203b92a27c3e0f1ea93cf245fc47595"
"900","0x8da5e1b4be7beb78e0902cf35a756ba564686996","7650.898394718812130486","7650898394718812130486","51115415","0xd0c9d370ac71b2b96dc4a2bb4517967e3203b92a27c3e0f1ea93cf245fc47595"
"901","0x0790076af2f9660e978094b2d3cfd08cd74bf179","7642.852208180114895538","7642852208180114895538","51115415","0xd0c9d370ac71b2b96dc4a2bb4517967e3203b92a27c3e0f1ea93cf245fc47595"
"902","0xf372ffbaa51e56b11b8cd5bc485a089ef9fa5c06","7626.513666814969439663","7626513666814969439663","51115415","0xd0c9d370ac71b2b96dc4a2bb4517967e3203b92a27c3e0f1ea93cf245fc47595"
"903","0xdc42c2165fe5253f723ab11bdeccd7c1a28def7f","7615.277165485253450798","7615277165485253450798","51115415","0xd0c9d370ac71b2b96dc4a2bb4517967e3203b92a27c3e0f1ea93cf245fc47595"
"904","0xcd3e772134609d30d0e5ddcdafcec891133c9fef","7601.833282229536335518","7601833282229536335518","51115415","0xd0c9d370ac71b2b96dc4a2bb4517967e3203b92a27c3e0f1ea93cf245fc47595"
"905","0x4603edc7fb4588a0098e0a06c133705dae859bf2","7551.476183114117547455","7551476183114117547455","51115415","0xd0c9d370ac71b2b96dc4a2bb4517967e3203b92a27c3e0f1ea93cf245fc47595"
"906","0x8db442db6279e7dc58dccef4e0bdd5fde70c8878","7539.510799708861382985","7539510799708861382985","51115415","0xd0c9d370ac71b2b96dc4a2bb4517967e3203b92a27c3e0f1ea93cf245fc47595"
"907","0x50699b553b7bcaf7b97fed51031dd940e6cb2362","7511.151230643206058779","7511151230643206058779","51115415","0xd0c9d370ac71b2b96dc4a2bb4517967e3203b92a27c3e0f1ea93cf245fc47595"
"908","0xae299aa26f42935462c82e8aea5943876ce0a966","7504.002551259568069463","7504002551259568069463","51115415","0xd0c9d370ac71b2b96dc4a2bb4517967e3203b92a27c3e0f1ea93cf245fc47595"
"909","0x7d3c61ee0f3c33f6878f409131dc4b0fa3b889a5","7498.849857109035369669","7498849857109035369669","51115415","0xd0c9d370ac71b2b96dc4a2bb4517967e3203b92a27c3e0f1ea93cf245fc47595"
"910","0x5c32e23a654b0aa0fbc95629619020f079a8def8","7497.663239291086108725","7497663239291086108725","51115415","0xd0c9d370ac71b2b96dc4a2bb4517967e3203b92a27c3e0f1ea93cf245fc47595"
"911","0x9e692ee846cc9c5e6b80c67177719fe6eacab01a","7481.103447341563818584","7481103447341563818584","51115415","0xd0c9d370ac71b2b96dc4a2bb4517967e3203b92a27c3e0f1ea93cf245fc47595"
"912","0xb6ebb634a2064c7b93cf166750400f71c63e3feb","7459.772518880458257273","7459772518880458257273","51115415","0xd0c9d370ac71b2b96dc4a2bb4517967e3203b92a27c3e0f1ea93cf245fc47595"
"913","0xf25bf83de623ef3ebe6a9f561f83d7eeacfef200","7434.113023449931181679","7434113023449931181679","51115415","0xd0c9d370ac71b2b96dc4a2bb4517967e3203b92a27c3e0f1ea93cf245fc47595"
"914","0x0fedd0d354b54fed13b39dc38e281f51178f8b33","7369.064945105794960859","7369064945105794960859","51115415","0xd0c9d370ac71b2b96dc4a2bb4517967e3203b92a27c3e0f1ea93cf245fc47595"
"915","0x7d03cc857a91acfdc6802834d5682b0e4c88e69b","7358.541381525987305575","7358541381525987305575","51115415","0xd0c9d370ac71b2b96dc4a2bb4517967e3203b92a27c3e0f1ea93cf245fc47595"
"916","0x898e4084ecbc8d8ac8ab164a276d778a4678a5dd","7336.201664752999531383","7336201664752999531383","51115415","0xd0c9d370ac71b2b96dc4a2bb4517967e3203b92a27c3e0f1ea93cf245fc47595"
"917","0xbf7b36f84968471c00eddf935363d8e79f7fe187","7315.802731455678374531","7315802731455678374531","51115415","0xd0c9d370ac71b2b96dc4a2bb4517967e3203b92a27c3e0f1ea93cf245fc47595"
"918","0x60f73227877e55309374a159f364983de1e5319d","7311.792243447935750407","7311792243447935750407","51115415","0xd0c9d370ac71b2b96dc4a2bb4517967e3203b92a27c3e0f1ea93cf245fc47595"
"919","0x35307db26e30fd3679d03f7e02c80dac7e881aba","7295.56741511245432077","7295567415112454320770","51115415","0xd0c9d370ac71b2b96dc4a2bb4517967e3203b92a27c3e0f1ea93cf245fc47595"
"920","0x7998cbfd078a92da2d2df60171ec3470851f602d","7286.635745939165137739","7286635745939165137739","51115415","0xd0c9d370ac71b2b96dc4a2bb4517967e3203b92a27c3e0f1ea93cf245fc47595"
"921","0x9a72deaf6089d0664a7712fd16e26522bbecc7da","7284.293393407868199836","7284293393407868199836","51115415","0xd0c9d370ac71b2b96dc4a2bb4517967e3203b92a27c3e0f1ea93cf245fc47595"
"922","0x447298f82528ea88e7acc0c98a2e50d6b579036d","7261.463480878053490261","7261463480878053490261","51115415","0xd0c9d370ac71b2b96dc4a2bb4517967e3203b92a27c3e0f1ea93cf245fc47595"
"923","0x04965341d4b53c14f53335cd8bb7ac0efbcc6de0","7255.796563969740484607","7255796563969740484607","51115415","0xd0c9d370ac71b2b96dc4a2bb4517967e3203b92a27c3e0f1ea93cf245fc47595"
"924","0xd57c371740c4e116ee5badea7473090886f4a1a3","7244.97732258211353018","7244977322582113530180","51115415","0xd0c9d370ac71b2b96dc4a2bb4517967e3203b92a27c3e0f1ea93cf245fc47595"
"925","0x5d376323326fb39c1f8724766c859b6c3e8d78e3","7224.598119272623232781","7224598119272623232781","51115415","0xd0c9d370ac71b2b96dc4a2bb4517967e3203b92a27c3e0f1ea93cf245fc47595"
"926","0x6fded3473cefa58ff4b791ba55888fa0c160d349","7210.621634642300856055","7210621634642300856055","51115415","0xd0c9d370ac71b2b96dc4a2bb4517967e3203b92a27c3e0f1ea93cf245fc47595"
"927","0x80cdf3c1d21c6c011ee9bdd710451a9b85a64d80","7167.750299542978507578","7167750299542978507578","51115415","0xd0c9d370ac71b2b96dc4a2bb4517967e3203b92a27c3e0f1ea93cf245fc47595"
"928","0xe8293940e80f8e358b7ad1443673f66f38c50f74","7149.030970351373063089","7149030970351373063089","51115415","0xd0c9d370ac71b2b96dc4a2bb4517967e3203b92a27c3e0f1ea93cf245fc47595"
"929","0x7cc4b7fb80b71f716366fb67a04674d4bbe88887","7142.704638598990647761","7142704638598990647761","51115415","0xd0c9d370ac71b2b96dc4a2bb4517967e3203b92a27c3e0f1ea93cf245fc47595"
"930","0x4a0d7caaa78986e22019391135fc3d42c3ea1aca","7142.646396938667786807","7142646396938667786807","51115415","0xd0c9d370ac71b2b96dc4a2bb4517967e3203b92a27c3e0f1ea93cf245fc47595"
"931","0xd2f4497f5d9f864e4e8de51d22210b65aabb2fea","7142.638302233418850527","7142638302233418850527","51115415","0xd0c9d370ac71b2b96dc4a2bb4517967e3203b92a27c3e0f1ea93cf245fc47595"
"932","0xa44444ed86468c5d4839242b169a6d7ee4910535","7137.846230254208699097","7137846230254208699097","51115415","0xd0c9d370ac71b2b96dc4a2bb4517967e3203b92a27c3e0f1ea93cf245fc47595"
"933","0xd07002695361c940a697ef66be24f81eea2b4618","7137.820986183232273546","7137820986183232273546","51115415","0xd0c9d370ac71b2b96dc4a2bb4517967e3203b92a27c3e0f1ea93cf245fc47595"
"934","0xd2bcefb450e1d30596cbedb6cbd2483b2836e858","7137.814531148157610472","7137814531148157610472","51115415","0xd0c9d370ac71b2b96dc4a2bb4517967e3203b92a27c3e0f1ea93cf245fc47595"
"935","0x0c4fea900f20a0bffb2ce84de935474fb9a10930","7124.431263501950517133","7124431263501950517133","51115415","0xd0c9d370ac71b2b96dc4a2bb4517967e3203b92a27c3e0f1ea93cf245fc47595"
"936","0x07d512722d2005eb8faeec223643d62311078235","7124.086661868701121496","7124086661868701121496","51115415","0xd0c9d370ac71b2b96dc4a2bb4517967e3203b92a27c3e0f1ea93cf245fc47595"
"937","0xa4dd8b54c4708b90ada031fbfb4a51907c7c9b2e","7121.291161621061721672","7121291161621061721672","51115415","0xd0c9d370ac71b2b96dc4a2bb4517967e3203b92a27c3e0f1ea93cf245fc47595"
"938","0x2c039bafd937eceaab8a42e60a0799871e35e872","7110.184384185674693485","7110184384185674693485","51115415","0xd0c9d370ac71b2b96dc4a2bb4517967e3203b92a27c3e0f1ea93cf245fc47595"
"939","0x0c81e53e92d803c442d39c4db7d06d849ccd65ef","7100.932779326565130908","7100932779326565130908","51115415","0xd0c9d370ac71b2b96dc4a2bb4517967e3203b92a27c3e0f1ea93cf245fc47595"
"940","0x5f39c0defc2e46434cce700dff9c1393f708a1da","7089.687474048027337472","7089687474048027337472","51115415","0xd0c9d370ac71b2b96dc4a2bb4517967e3203b92a27c3e0f1ea93cf245fc47595"
"941","0x5a9e91b826be005b2613441de1f2d9cfcd8b1fad","7052.394160505763453887","7052394160505763453887","51115415","0xd0c9d370ac71b2b96dc4a2bb4517967e3203b92a27c3e0f1ea93cf245fc47595"
"942","0x0c0556cb99994b803033672b180d62aefae94909","7051.003276931910998668","7051003276931910998668","51115415","0xd0c9d370ac71b2b96dc4a2bb4517967e3203b92a27c3e0f1ea93cf245fc47595"
"943","0x776a95edad7e25931c0d0871e7d9c4c6baed23c7","7035.550839072025592233","7035550839072025592233","51115415","0xd0c9d370ac71b2b96dc4a2bb4517967e3203b92a27c3e0f1ea93cf245fc47595"
"944","0xd1380eb946e6242324a1a242b253975b7497a795","7032.990867091350805008","7032990867091350805008","51115415","0xd0c9d370ac71b2b96dc4a2bb4517967e3203b92a27c3e0f1ea93cf245fc47595"
"945","0xe1ad3919dfa513b735d426237249381a654a5da2","6987.038223341229559549","6987038223341229559549","51115415","0xd0c9d370ac71b2b96dc4a2bb4517967e3203b92a27c3e0f1ea93cf245fc47595"
"946","0xd5cbdd40c080b7c5f13842431d40993eb57c744c","6966.379344122819467854","6966379344122819467854","51115415","0xd0c9d370ac71b2b96dc4a2bb4517967e3203b92a27c3e0f1ea93cf245fc47595"
"947","0x7730f6510bd46bef1956f64f2e828d42f21459f2","6945.210603314784210849","6945210603314784210849","51115415","0xd0c9d370ac71b2b96dc4a2bb4517967e3203b92a27c3e0f1ea93cf245fc47595"
"948","0x7203708ec6e3c093a600ddba00b5c660fe83869d","6928.060548858492625668","6928060548858492625668","51115415","0xd0c9d370ac71b2b96dc4a2bb4517967e3203b92a27c3e0f1ea93cf245fc47595"
"949","0xc6542be6bb833494a012ab59a8cb272cdc788dae","6918.208934118548265239","6918208934118548265239","51115415","0xd0c9d370ac71b2b96dc4a2bb4517967e3203b92a27c3e0f1ea93cf245fc47595"
"950","0xc0304f36177c3016eb81f91232660c36e50bba7a","6915.067278295317403816","6915067278295317403816","51115415","0xd0c9d370ac71b2b96dc4a2bb4517967e3203b92a27c3e0f1ea93cf245fc47595"
"951","0xffd82882b383442bbdde61153cca84f5ab4041c2","6881.79704589629027316","6881797045896290273160","51115415","0xd0c9d370ac71b2b96dc4a2bb4517967e3203b92a27c3e0f1ea93cf245fc47595"
"952","0x5798f534e39907dcff65cb5409c58782e0934783","6857.093082522601776457","6857093082522601776457","51115415","0xd0c9d370ac71b2b96dc4a2bb4517967e3203b92a27c3e0f1ea93cf245fc47595"
"953","0x481bb20c5b227abecf3560bffbdda888d7676c0c","6853.031371825950998313","6853031371825950998313","51115415","0xd0c9d370ac71b2b96dc4a2bb4517967e3203b92a27c3e0f1ea93cf245fc47595"
"954","0xd27822b07095a533870bb35702100156a9576e56","6814.158748520949306932","6814158748520949306932","51115415","0xd0c9d370ac71b2b96dc4a2bb4517967e3203b92a27c3e0f1ea93cf245fc47595"
"955","0xc10520a684a170f4b722db7873312d2ade7d988a","6774.122387021437879037","6774122387021437879037","51115415","0xd0c9d370ac71b2b96dc4a2bb4517967e3203b92a27c3e0f1ea93cf245fc47595"
"956","0x2748e17c35f009cc465f07d8e4ba2b6e02dc729b","6764.119630162879102059","6764119630162879102059","51115415","0xd0c9d370ac71b2b96dc4a2bb4517967e3203b92a27c3e0f1ea93cf245fc47595"
"957","0xc59833361e511ecf4d8d7bfdf8cbd0ea72fb1390","6740.674867802789128293","6740674867802789128293","51115415","0xd0c9d370ac71b2b96dc4a2bb4517967e3203b92a27c3e0f1ea93cf245fc47595"
"958","0xee46b939e026cbe2916ad27fb90b88b0e5f8dfd9","6726.353735102735717145","6726353735102735717145","51115415","0xd0c9d370ac71b2b96dc4a2bb4517967e3203b92a27c3e0f1ea93cf245fc47595"
"959","0x109f713558f5c6453638c27c704351564f85eba1","6722.617196236322567279","6722617196236322567279","51115415","0xd0c9d370ac71b2b96dc4a2bb4517967e3203b92a27c3e0f1ea93cf245fc47595"
"960","0xcd0f704618d7fe9738a0037f3120469d85d6e68f","6716.945556100948387288","6716945556100948387288","51115415","0xd0c9d370ac71b2b96dc4a2bb4517967e3203b92a27c3e0f1ea93cf245fc47595"
"961","0xea70a311c5d602962a921d7a9d6bbfb0fb0520d7","6700.041807744123307008","6700041807744123307008","51115415","0xd0c9d370ac71b2b96dc4a2bb4517967e3203b92a27c3e0f1ea93cf245fc47595"
"962","0x94b3c9e1265e23178a476f919509a5c2d87e2e93","6691.372336348683055602","6691372336348683055602","51115415","0xd0c9d370ac71b2b96dc4a2bb4517967e3203b92a27c3e0f1ea93cf245fc47595"
"963","0x491a44bc3ea9ce3e6be77d88e878539b5cc97472","6672.08230586189891241","6672082305861898912410","51115415","0xd0c9d370ac71b2b96dc4a2bb4517967e3203b92a27c3e0f1ea93cf245fc47595"
"964","0xff6caa9e8439d37e5a3c6a5667ae509650b8eced","6653.494368409972201237","6653494368409972201237","51115415","0xd0c9d370ac71b2b96dc4a2bb4517967e3203b92a27c3e0f1ea93cf245fc47595"
"965","0xbf753881efa1e3ebe6aa910e4f131703474603cc","6638.530985449331985814","6638530985449331985814","51115415","0xd0c9d370ac71b2b96dc4a2bb4517967e3203b92a27c3e0f1ea93cf245fc47595"
"966","0x488c8b5b827aa058f5d37b67256d65d4df42646c","6636.923659696370610964","6636923659696370610964","51115415","0xd0c9d370ac71b2b96dc4a2bb4517967e3203b92a27c3e0f1ea93cf245fc47595"
"967","0x9c00d830cf6312e20b903ab8ddc629bcd981a55a","6636.705108631826284449","6636705108631826284449","51115415","0xd0c9d370ac71b2b96dc4a2bb4517967e3203b92a27c3e0f1ea93cf245fc47595"
"968","0xa795e2226528c9e49cbe72ee1646998f29922684","6592.334482875839005667","6592334482875839005667","51115415","0xd0c9d370ac71b2b96dc4a2bb4517967e3203b92a27c3e0f1ea93cf245fc47595"
"969","0x47a7d67cfcd6153bdf2d5d83345a42a52e07ea62","6562.339880303830922442","6562339880303830922442","51115415","0xd0c9d370ac71b2b96dc4a2bb4517967e3203b92a27c3e0f1ea93cf245fc47595"
"970","0x97ebbb2e3dff4292e060358af71e3b72d422074f","6545.590636914688189568","6545590636914688189568","51115415","0xd0c9d370ac71b2b96dc4a2bb4517967e3203b92a27c3e0f1ea93cf245fc47595"
"971","0xdb17ef57deb82777b77e487e55d3b0843da9303b","6541.933642401610204015","6541933642401610204015","51115415","0xd0c9d370ac71b2b96dc4a2bb4517967e3203b92a27c3e0f1ea93cf245fc47595"
"972","0xfe27862d021baf000849c01ce976ceeb5fcc8756","6531.147528995101400112","6531147528995101400112","51115415","0xd0c9d370ac71b2b96dc4a2bb4517967e3203b92a27c3e0f1ea93cf245fc47595"
"973","0xaa9cf3ff5193cbbd72928ccdbb78a83e335b380b","6530.87309710398366858","6530873097103983668580","51115415","0xd0c9d370ac71b2b96dc4a2bb4517967e3203b92a27c3e0f1ea93cf245fc47595"
"974","0xbf67004601ad9844dba6d23b1cfbb9ffe140ffa7","6511.959970838392400432","6511959970838392400432","51115415","0xd0c9d370ac71b2b96dc4a2bb4517967e3203b92a27c3e0f1ea93cf245fc47595"
"975","0xe59ed0f36a0b05d5dd4d33c1eedbea53c9570cdd","6505.443329543629269499","6505443329543629269499","51115415","0xd0c9d370ac71b2b96dc4a2bb4517967e3203b92a27c3e0f1ea93cf245fc47595"
"976","0xb40b1f593916f517b021d5909bd0c22cbc7400be","6484.574309553996590887","6484574309553996590887","51115415","0xd0c9d370ac71b2b96dc4a2bb4517967e3203b92a27c3e0f1ea93cf245fc47595"
"977","0xa25ffd834ef465dc1a47b3a0b39d03697316f599","6471.248641846028104798","6471248641846028104798","51115415","0xd0c9d370ac71b2b96dc4a2bb4517967e3203b92a27c3e0f1ea93cf245fc47595"
"978","0x8369e5819925cecac924083f535bc19bcb5c403e","6464.800731902938679529","6464800731902938679529","51115415","0xd0c9d370ac71b2b96dc4a2bb4517967e3203b92a27c3e0f1ea93cf245fc47595"
"979","0x26c5e95229d911ab463b1821979d5b2e8226bb22","6462.795502903842615153","6462795502903842615153","51115415","0xd0c9d370ac71b2b96dc4a2bb4517967e3203b92a27c3e0f1ea93cf245fc47595"
"980","0x93228062363c450513ea34827e08062de1a309ad","6451.078180043765364249","6451078180043765364249","51115415","0xd0c9d370ac71b2b96dc4a2bb4517967e3203b92a27c3e0f1ea93cf245fc47595"
"981","0x4b45d4f5e05f395f7e53974a159b9c91048a47fe","6449.398158531859096414","6449398158531859096414","51115415","0xd0c9d370ac71b2b96dc4a2bb4517967e3203b92a27c3e0f1ea93cf245fc47595"
"982","0x8c2fd102016abafe668d7dc54e5d7ff15ed6367f","6419.281273898160074377","6419281273898160074377","51115415","0xd0c9d370ac71b2b96dc4a2bb4517967e3203b92a27c3e0f1ea93cf245fc47595"
"983","0x8bd670f33a9f17da1d72d6e2bf76c472458054d6","6418.950457572394209869","6418950457572394209869","51115415","0xd0c9d370ac71b2b96dc4a2bb4517967e3203b92a27c3e0f1ea93cf245fc47595"
"984","0x974aa2d06d95df69a9d365a90268cb39ddb67e39","6410.506924145941203707","6410506924145941203707","51115415","0xd0c9d370ac71b2b96dc4a2bb4517967e3203b92a27c3e0f1ea93cf245fc47595"
"985","0xbd89334994623546dc3c7006741ef5090ba68d77","6407.347216822352359254","6407347216822352359254","51115415","0xd0c9d370ac71b2b96dc4a2bb4517967e3203b92a27c3e0f1ea93cf245fc47595"
"986","0xaab9ec2b7ba2a27ee362e375ac5e9cb63d63693c","6405.931820248097702954","6405931820248097702954","51115415","0xd0c9d370ac71b2b96dc4a2bb4517967e3203b92a27c3e0f1ea93cf245fc47595"
"987","0xa266bc6687c94a36e10b9d5a65c70d1419920891","6398.910236944468648293","6398910236944468648293","51115415","0xd0c9d370ac71b2b96dc4a2bb4517967e3203b92a27c3e0f1ea93cf245fc47595"
"988","0x9e140cd870b19f82b7f36184ce6b7399ff67c848","6397.323165240350549664","6397323165240350549664","51115415","0xd0c9d370ac71b2b96dc4a2bb4517967e3203b92a27c3e0f1ea93cf245fc47595"
"989","0xd5ab7ef8d4aefedb4711d90f51c23494d47640b9","6389.425989379577224495","6389425989379577224495","51115415","0xd0c9d370ac71b2b96dc4a2bb4517967e3203b92a27c3e0f1ea93cf245fc47595"
"990","0x06d58f73f30ceb16a115a2e33c6f9774d2d0986a","6385.0795187315670629","6385079518731567062900","51115415","0xd0c9d370ac71b2b96dc4a2bb4517967e3203b92a27c3e0f1ea93cf245fc47595"
"991","0xf9902db8c5b5ffd69853c9d7ef78265f55e59dfd","6300.856279850696741058","6300856279850696741058","51115415","0xd0c9d370ac71b2b96dc4a2bb4517967e3203b92a27c3e0f1ea93cf245fc47595"
"992","0xda137a0f59767e7d534f60585ddf2f2fb22f34b6","6246.122594129282018699","6246122594129282018699","51115415","0xd0c9d370ac71b2b96dc4a2bb4517967e3203b92a27c3e0f1ea93cf245fc47595"
"993","0xaaaa6bc3ae771346a4bf914b53440219dbb0f6b5","6245.273321425040631447","6245273321425040631447","51115415","0xd0c9d370ac71b2b96dc4a2bb4517967e3203b92a27c3e0f1ea93cf245fc47595"
"994","0x8a76ee45582af8fbf808f0b18fad2a741e40feec","6221.859014643382776011","6221859014643382776011","51115415","0xd0c9d370ac71b2b96dc4a2bb4517967e3203b92a27c3e0f1ea93cf245fc47595"
"995","0x752d6deccd2953c9fa7ed3232512c679ba796f55","6200.704544228527541939","6200704544228527541939","51115415","0xd0c9d370ac71b2b96dc4a2bb4517967e3203b92a27c3e0f1ea93cf245fc47595"
"996","0x1b61a609075a7fddf3cc26cc9f59c472de3d5594","6185.099657776552146418","6185099657776552146418","51115415","0xd0c9d370ac71b2b96dc4a2bb4517967e3203b92a27c3e0f1ea93cf245fc47595"
"997","0xe412530d190508bf5b35a3e88bbfd281b8ecfe48","6178.519822228827304375","6178519822228827304375","51115415","0xd0c9d370ac71b2b96dc4a2bb4517967e3203b92a27c3e0f1ea93cf245fc47595"
"998","0xbbdeb6d6137a15bd40d362af5a6e33c38830f9e0","6173.038746524644137216","6173038746524644137216","51115415","0xd0c9d370ac71b2b96dc4a2bb4517967e3203b92a27c3e0f1ea93cf245fc47595"
"999","0xac8a2e36dbcee0bf4e62af2e5d542eb3eaa49e30","6159.548911804281544616","6159548911804281544616","51115415","0xd0c9d370ac71b2b96dc4a2bb4517967e3203b92a27c3e0f1ea93cf245fc47595"
"1000","0xee1a1aecb40f486fd1a5106fc8dd96aa59cbd5ea","6159.518111569459739745","6159518111569459739745","51115415","0xd0c9d370ac71b2b96dc4a2bb4517967e3203b92a27c3e0f1ea93cf245fc47595"
"1001","0xb0352d61a53e41e8c4f14d1f660b9d05afa6d049","6154.035096800369816022","6154035096800369816022","51115415","0xd0c9d370ac71b2b96dc4a2bb4517967e3203b92a27c3e0f1ea93cf245fc47595"
"1002","0xba1e6ee4bb42a0433980ddb03e4280e70bfa1f44","6139.71740424046562532","6139717404240465625320","51115415","0xd0c9d370ac71b2b96dc4a2bb4517967e3203b92a27c3e0f1ea93cf245fc47595"
"1003","0x17ee8a2ce11eb60811f4a01b57d11d6cc95c337d","6129.765163554758513803","6129765163554758513803","51115415","0xd0c9d370ac71b2b96dc4a2bb4517967e3203b92a27c3e0f1ea93cf245fc47595"
"1004","0x042bbcbf6d150b12e6d7406f28126e2e9288bba4","6118.274199285168045262","6118274199285168045262","51115415","0xd0c9d370ac71b2b96dc4a2bb4517967e3203b92a27c3e0f1ea93cf245fc47595"
"1005","0xa1af8214f022d9d005f436951e79ccee6c6f9d96","6089.058906712312766232","6089058906712312766232","51115415","0xd0c9d370ac71b2b96dc4a2bb4517967e3203b92a27c3e0f1ea93cf245fc47595"
"1006","0x62de98589406d6f2c25021df58f982f0e17b2f4d","6065.46919678056329723","6065469196780563297230","51115415","0xd0c9d370ac71b2b96dc4a2bb4517967e3203b92a27c3e0f1ea93cf245fc47595"
"1007","0x35d3ab4ab8522c13e06973be7cdcf5b92fcd4bbf","6044.839461473149088667","6044839461473149088667","51115415","0xd0c9d370ac71b2b96dc4a2bb4517967e3203b92a27c3e0f1ea93cf245fc47595"
"1008","0xf380e19a9153490c5ee29b451acca5582cc53b39","6036.171154218799425225","6036171154218799425225","51115415","0xd0c9d370ac71b2b96dc4a2bb4517967e3203b92a27c3e0f1ea93cf245fc47595"
"1009","0xa84ec6c9425db7c07951e6e0582ebaee070ae71b","6036.053377361487559075","6036053377361487559075","51115415","0xd0c9d370ac71b2b96dc4a2bb4517967e3203b92a27c3e0f1ea93cf245fc47595"
"1010","0xc5c555a4e18a377fab2ce1e6639dfc5f986db2c9","6018.727525556849146744","6018727525556849146744","51115415","0xd0c9d370ac71b2b96dc4a2bb4517967e3203b92a27c3e0f1ea93cf245fc47595"
"1011","0xb0ddcabb0e50ecafbb533337d50efe699cd0d90c","6012.034323641982919364","6012034323641982919364","51115415","0xd0c9d370ac71b2b96dc4a2bb4517967e3203b92a27c3e0f1ea93cf245fc47595"
"1012","0xa60930e5f60eb9ec7f0727b59c18836309ae72aa","5895.238976578927339307","5895238976578927339307","51115415","0xd0c9d370ac71b2b96dc4a2bb4517967e3203b92a27c3e0f1ea93cf245fc47595"
"1013","0x6f6e3ff395f404d067c56bf4604146325f5f5a0c","5887.860131782023072693","5887860131782023072693","51115415","0xd0c9d370ac71b2b96dc4a2bb4517967e3203b92a27c3e0f1ea93cf245fc47595"
"1014","0x6a034fc9b6044e02bc39eebce73160fd7811359d","5882.054675206741444068","5882054675206741444068","51115415","0xd0c9d370ac71b2b96dc4a2bb4517967e3203b92a27c3e0f1ea93cf245fc47595"
"1015","0x3d59d9ad88b6b10baef0e28e6dd6cc1e27b93597","5857.694536350854624946","5857694536350854624946","51115415","0xd0c9d370ac71b2b96dc4a2bb4517967e3203b92a27c3e0f1ea93cf245fc47595"
"1016","0xbac94e118fbd09c65073ee3c053bd209562d5d10","5853.733739686155098788","5853733739686155098788","51115415","0xd0c9d370ac71b2b96dc4a2bb4517967e3203b92a27c3e0f1ea93cf245fc47595"
"1017","0xd30303d91dbeaeaf15b08ef265195b19280f7312","5824.943419983918129923","5824943419983918129923","51115415","0xd0c9d370ac71b2b96dc4a2bb4517967e3203b92a27c3e0f1ea93cf245fc47595"
"1018","0x0d6f6bd5217aaad3be43f20f12a23cf12d84294c","5816.47428333372732091","5816474283333727320910","51115415","0xd0c9d370ac71b2b96dc4a2bb4517967e3203b92a27c3e0f1ea93cf245fc47595"
"1019","0x6a6d0f92330b653d0ca92e391be84e93cd878834","5804.958114717341050499","5804958114717341050499","51115415","0xd0c9d370ac71b2b96dc4a2bb4517967e3203b92a27c3e0f1ea93cf245fc47595"
"1020","0x60c0fb9fe055f106cc91224866b604a28f4852c2","5799.990860427551905288","5799990860427551905288","51115415","0xd0c9d370ac71b2b96dc4a2bb4517967e3203b92a27c3e0f1ea93cf245fc47595"
"1021","0xae68de60b9daadc6ca60725b3c3928ccbd607594","5789.072889934092458041","5789072889934092458041","51115415","0xd0c9d370ac71b2b96dc4a2bb4517967e3203b92a27c3e0f1ea93cf245fc47595"
"1022","0xc0e391de339498b116af5d1974adffbfa7ad6d95","5786.582368950326206765","5786582368950326206765","51115415","0xd0c9d370ac71b2b96dc4a2bb4517967e3203b92a27c3e0f1ea93cf245fc47595"
"1023","0xacb5620b0a66763c86fd05a62cb801f822aecdc9","5772.336022880678416257","5772336022880678416257","51115415","0xd0c9d370ac71b2b96dc4a2bb4517967e3203b92a27c3e0f1ea93cf245fc47595"
"1024","0xd0e5a455f5856a1ecb01a7386700eff6f506306c","5770.49133520713991457","5770491335207139914570","51115415","0xd0c9d370ac71b2b96dc4a2bb4517967e3203b92a27c3e0f1ea93cf245fc47595"
"1025","0xa62dbfad3136212106866012a7c1acb835d1f74e","5744.153851123104205401","5744153851123104205401","51115415","0xd0c9d370ac71b2b96dc4a2bb4517967e3203b92a27c3e0f1ea93cf245fc47595"
"1026","0xe16ab359d6a4e0d99e3b901a99df393544ae3ec7","5743.265504266538260202","5743265504266538260202","51115415","0xd0c9d370ac71b2b96dc4a2bb4517967e3203b92a27c3e0f1ea93cf245fc47595"
"1027","0xdb05b500aa56835383381af7f9119721ea15c0e1","5731.39729309801691109","5731397293098016911090","51115415","0xd0c9d370ac71b2b96dc4a2bb4517967e3203b92a27c3e0f1ea93cf245fc47595"
"1028","0xe99a3655d2f6bbbcd3366cdd1a6ec1e0b77f4227","5717.198078944240917554","5717198078944240917554","51115415","0xd0c9d370ac71b2b96dc4a2bb4517967e3203b92a27c3e0f1ea93cf245fc47595"
"1029","0xd4730476681eda758311dacd133c637376b5fb14","5716.305730828016226159","5716305730828016226159","51115415","0xd0c9d370ac71b2b96dc4a2bb4517967e3203b92a27c3e0f1ea93cf245fc47595"
"1030","0x72ddbb08ae930d8b05e4ab1a15cdee6d3ba5c887","5715.564435894135080757","5715564435894135080757","51115415","0xd0c9d370ac71b2b96dc4a2bb4517967e3203b92a27c3e0f1ea93cf245fc47595"
"1031","0xb5ca2b53ae93e5380f8625bed11b83aabeac020e","5695.451835974738176631","5695451835974738176631","51115415","0xd0c9d370ac71b2b96dc4a2bb4517967e3203b92a27c3e0f1ea93cf245fc47595"
"1032","0x8b560473927ea15f19bdbaabfe829bc7af6de8e2","5676.249274451196750239","5676249274451196750239","51115415","0xd0c9d370ac71b2b96dc4a2bb4517967e3203b92a27c3e0f1ea93cf245fc47595"
"1033","0xb83c7381279de02433bc07d47e13bf3732459bcc","5674.054196248529812721","5674054196248529812721","51115415","0xd0c9d370ac71b2b96dc4a2bb4517967e3203b92a27c3e0f1ea93cf245fc47595"
"1034","0x9a6a1f4c36a04c58c6333018ca6fb7320b569533","5671.023878495839021031","5671023878495839021031","51115415","0xd0c9d370ac71b2b96dc4a2bb4517967e3203b92a27c3e0f1ea93cf245fc47595"
"1035","0x7cf8e714873edb8354ffdd85c8525be2d55cea3d","5656.201174784185164518","5656201174784185164518","51115415","0xd0c9d370ac71b2b96dc4a2bb4517967e3203b92a27c3e0f1ea93cf245fc47595"
"1036","0x2ccfa0ba9a1aa1d6e4134882ec5b427d1684a438","5650.178857654889175295","5650178857654889175295","51115415","0xd0c9d370ac71b2b96dc4a2bb4517967e3203b92a27c3e0f1ea93cf245fc47595"
"1037","0xcecbc13bd8c90597a33794470fca118eb0b0e45c","5646.540643500500892775","5646540643500500892775","51115415","0xd0c9d370ac71b2b96dc4a2bb4517967e3203b92a27c3e0f1ea93cf245fc47595"
"1038","0x428b6de3e8c919e4759d032497415daa27c2aa44","5642.833869195901540619","5642833869195901540619","51115415","0xd0c9d370ac71b2b96dc4a2bb4517967e3203b92a27c3e0f1ea93cf245fc47595"
"1039","0xd865ec4ddfb2eade19c4e1226dc1d516ecaef05e","5638.049847711441827824","5638049847711441827824","51115415","0xd0c9d370ac71b2b96dc4a2bb4517967e3203b92a27c3e0f1ea93cf245fc47595"
"1040","0xcdbe2a8c00680cc6d2b81cdd8fd2a033d9645db0","5628.130518529992390947","5628130518529992390947","51115415","0xd0c9d370ac71b2b96dc4a2bb4517967e3203b92a27c3e0f1ea93cf245fc47595"
"1041","0x8dcf54560c1011d2646f9b21ed4cb9d71dc3df94","5628.128513413845143884","5628128513413845143884","51115415","0xd0c9d370ac71b2b96dc4a2bb4517967e3203b92a27c3e0f1ea93cf245fc47595"
"1042","0x08ae4e647e06d0aed6fd01f3ce314767f0b45616","5624.041120340519004013","5624041120340519004013","51115415","0xd0c9d370ac71b2b96dc4a2bb4517967e3203b92a27c3e0f1ea93cf245fc47595"
"1043","0x21d0b7c519cc1be00e93dfef441102ea57ecf1c8","5620.710112573617854154","5620710112573617854154","51115415","0xd0c9d370ac71b2b96dc4a2bb4517967e3203b92a27c3e0f1ea93cf245fc47595"
"1044","0x1c2109a86468ca0ede0f2f300ca72690b007ffb3","5600.465656852019835675","5600465656852019835675","51115415","0xd0c9d370ac71b2b96dc4a2bb4517967e3203b92a27c3e0f1ea93cf245fc47595"
"1045","0xfa5ce86a28613b58cbca90efc26757b093a6ffa2","5598.136654743926024477","5598136654743926024477","51115415","0xd0c9d370ac71b2b96dc4a2bb4517967e3203b92a27c3e0f1ea93cf245fc47595"
"1046","0x13eecbe950a365f27336fe86235fd5738260255f","5588.150090806597790192","5588150090806597790192","51115415","0xd0c9d370ac71b2b96dc4a2bb4517967e3203b92a27c3e0f1ea93cf245fc47595"
"1047","0xa23fd4b36a59466912b0ff8cae6a1802525d60aa","5583.145476000505574795","5583145476000505574795","51115415","0xd0c9d370ac71b2b96dc4a2bb4517967e3203b92a27c3e0f1ea93cf245fc47595"
"1048","0xa0e8cd94cc44e05b3c7311171d17218183aa80ea","5556.07898769353997912","5556078987693539979120","51115415","0xd0c9d370ac71b2b96dc4a2bb4517967e3203b92a27c3e0f1ea93cf245fc47595"
"1049","0x22b16e2cb78485965ddde8360dc84fe22384c6f3","5555.162220226222336279","5555162220226222336279","51115415","0xd0c9d370ac71b2b96dc4a2bb4517967e3203b92a27c3e0f1ea93cf245fc47595"
"1050","0x10eed5dcf469a7afda94d1f63e6b4eda595db173","5548.289127009015534739","5548289127009015534739","51115415","0xd0c9d370ac71b2b96dc4a2bb4517967e3203b92a27c3e0f1ea93cf245fc47595"
"1051","0x9106c877e3294dbdf8b72cbff7c5617d76551df9","5530.525836573966648683","5530525836573966648683","51115415","0xd0c9d370ac71b2b96dc4a2bb4517967e3203b92a27c3e0f1ea93cf245fc47595"
"1052","0x92929a2588e3b0913e8cb06a4e5070e0768345f8","5494.800209624229877592","5494800209624229877592","51115415","0xd0c9d370ac71b2b96dc4a2bb4517967e3203b92a27c3e0f1ea93cf245fc47595"
"1053","0x8d64b6c83e205108bac4d0e2477953ccc94f7dc4","5454.809041841343600549","5454809041841343600549","51115415","0xd0c9d370ac71b2b96dc4a2bb4517967e3203b92a27c3e0f1ea93cf245fc47595"
"1054","0xb4526c18447f19e774d9e843bd8235cdce285175","5431.81643008081458796","5431816430080814587960","51115415","0xd0c9d370ac71b2b96dc4a2bb4517967e3203b92a27c3e0f1ea93cf245fc47595"
"1055","0xef3c60eb2edfe65693eecc7051536f8b33feb7e6","5422.83286143042820591","5422832861430428205910","51115415","0xd0c9d370ac71b2b96dc4a2bb4517967e3203b92a27c3e0f1ea93cf245fc47595"
"1056","0xdaf9a0138a9b4aa4253fa64965f1d7d1002036bc","5415.465851491983229696","5415465851491983229696","51115415","0xd0c9d370ac71b2b96dc4a2bb4517967e3203b92a27c3e0f1ea93cf245fc47595"
"1057","0x06f29b1d1168c6d71a819b5580f533104e892380","5407.851639303488526219","5407851639303488526219","51115415","0xd0c9d370ac71b2b96dc4a2bb4517967e3203b92a27c3e0f1ea93cf245fc47595"
"1058","0xd534cb283322e4329189a321c32e429d4e45ebe8","5399.622790642454509504","5399622790642454509504","51115415","0xd0c9d370ac71b2b96dc4a2bb4517967e3203b92a27c3e0f1ea93cf245fc47595"
"1059","0x1b8194bde01df5e197261e36916634f8b04cc98f","5382.159362602458169359","5382159362602458169359","51115415","0xd0c9d370ac71b2b96dc4a2bb4517967e3203b92a27c3e0f1ea93cf245fc47595"
"1060","0x05ff617f9bd3f9c0bbd2b9de6674728cf7f7bd83","5371.41388642813937738","5371413886428139377380","51115415","0xd0c9d370ac71b2b96dc4a2bb4517967e3203b92a27c3e0f1ea93cf245fc47595"
"1061","0xb659a3dafd0ef61a20c6aa756f169705db2aa68b","5363.032106452708387652","5363032106452708387652","51115415","0xd0c9d370ac71b2b96dc4a2bb4517967e3203b92a27c3e0f1ea93cf245fc47595"
"1062","0x8069e4e1cd28f2970f7b62d54f1793dc7b9cda89","5334.061147964366113416","5334061147964366113416","51115415","0xd0c9d370ac71b2b96dc4a2bb4517967e3203b92a27c3e0f1ea93cf245fc47595"
"1063","0xd7419c282adb4f9b228859acf958c7e06d5e9434","5327.729479252515174384","5327729479252515174384","51115415","0xd0c9d370ac71b2b96dc4a2bb4517967e3203b92a27c3e0f1ea93cf245fc47595"
"1064","0x9fc36f3ca854a358640bf326bc0ffc688dcb83d0","5315.204076839065092906","5315204076839065092906","51115415","0xd0c9d370ac71b2b96dc4a2bb4517967e3203b92a27c3e0f1ea93cf245fc47595"
"1065","0xef4604cfc2b58a1e6089c5bc8fa1e83638912e3f","5303.243170682862688445","5303243170682862688445","51115415","0xd0c9d370ac71b2b96dc4a2bb4517967e3203b92a27c3e0f1ea93cf245fc47595"
"1066","0x835ce8ed25ca934c2497c8255b2c610498857954","5292.090102347882432405","5292090102347882432405","51115415","0xd0c9d370ac71b2b96dc4a2bb4517967e3203b92a27c3e0f1ea93cf245fc47595"
"1067","0x8b7c7f0b0d2d1a184a8028a13bf9804e97f56557","5259.616981025262710703","5259616981025262710703","51115415","0xd0c9d370ac71b2b96dc4a2bb4517967e3203b92a27c3e0f1ea93cf245fc47595"
"1068","0x67fb9b2c35b54ef747176cd3d0eab3a1878695ac","5254.681985854912927634","5254681985854912927634","51115415","0xd0c9d370ac71b2b96dc4a2bb4517967e3203b92a27c3e0f1ea93cf245fc47595"
"1069","0x2dd5c1ca77500148f49837f354e2f36ebee727d6","5254.527742914301629445","5254527742914301629445","51115415","0xd0c9d370ac71b2b96dc4a2bb4517967e3203b92a27c3e0f1ea93cf245fc47595"
"1070","0x6f9f5483c76722d73039319f60ccecfa99f787a8","5252.108002979852018731","5252108002979852018731","51115415","0xd0c9d370ac71b2b96dc4a2bb4517967e3203b92a27c3e0f1ea93cf245fc47595"
"1071","0xfc384c6bb73afc9b6aca4ed364ec70d03f612dd3","5235.94336246663904858","5235943362466639048580","51115415","0xd0c9d370ac71b2b96dc4a2bb4517967e3203b92a27c3e0f1ea93cf245fc47595"
"1072","0xc0aaefe9b155f523f2bb0c578d5319a6fd0f48e2","5234.457314128718214607","5234457314128718214607","51115415","0xd0c9d370ac71b2b96dc4a2bb4517967e3203b92a27c3e0f1ea93cf245fc47595"
"1073","0xad4bdbc8c6afa75733c461b75b2a606c5953614f","5232.107029134739865194","5232107029134739865194","51115415","0xd0c9d370ac71b2b96dc4a2bb4517967e3203b92a27c3e0f1ea93cf245fc47595"
"1074","0xa5864f10380aea6522e6b3a72c3f6c67d6ab5ea1","5220.363274188239380212","5220363274188239380212","51115415","0xd0c9d370ac71b2b96dc4a2bb4517967e3203b92a27c3e0f1ea93cf245fc47595"
"1075","0xcf93b01ae4bb12d5441107c2fc03ce77af433fa1","5219.863931626224357973","5219863931626224357973","51115415","0xd0c9d370ac71b2b96dc4a2bb4517967e3203b92a27c3e0f1ea93cf245fc47595"
"1076","0x04dbfefb334b8962f2592c31e095acb269f58853","5203.34991877193079186","5203349918771930791860","51115415","0xd0c9d370ac71b2b96dc4a2bb4517967e3203b92a27c3e0f1ea93cf245fc47595"
"1077","0x0d07c4dedab9f78e79e0f88f5286b47330adea0a","5203.282939042268658415","5203282939042268658415","51115415","0xd0c9d370ac71b2b96dc4a2bb4517967e3203b92a27c3e0f1ea93cf245fc47595"
"1078","0x574fe491712287423c015d0252d291ea01fcdb71","5192.164668794091058363","5192164668794091058363","51115415","0xd0c9d370ac71b2b96dc4a2bb4517967e3203b92a27c3e0f1ea93cf245fc47595"
"1079","0x409cd865e5790c09dea6029dfade75f14ac2e8e0","5188.538303980793120329","5188538303980793120329","51115415","0xd0c9d370ac71b2b96dc4a2bb4517967e3203b92a27c3e0f1ea93cf245fc47595"
"1080","0xd0052379e5b0b10b37e8cc08dd3d7ec0e0ba2835","5177.287748157650844119","5177287748157650844119","51115415","0xd0c9d370ac71b2b96dc4a2bb4517967e3203b92a27c3e0f1ea93cf245fc47595"
"1081","0x1a3e9e9c49d1098aea1f2f8c4c348fb4a8b5c357","5161.983235499743716459","5161983235499743716459","51115415","0xd0c9d370ac71b2b96dc4a2bb4517967e3203b92a27c3e0f1ea93cf245fc47595"
"1082","0xc54a7fa53a59a93e341c9b1be4741362195a1a58","5149.485415971649246856","5149485415971649246856","51115415","0xd0c9d370ac71b2b96dc4a2bb4517967e3203b92a27c3e0f1ea93cf245fc47595"
"1083","0x6e185fdaa9054a1bef5f7b7262f8e13e3d4089cf","5135.259441282141289337","5135259441282141289337","51115415","0xd0c9d370ac71b2b96dc4a2bb4517967e3203b92a27c3e0f1ea93cf245fc47595"
"1084","0x001fd714a40531c7283ded84ed1edea4b69caa56","5103.460575007233222111","5103460575007233222111","51115415","0xd0c9d370ac71b2b96dc4a2bb4517967e3203b92a27c3e0f1ea93cf245fc47595"
"1085","0xe4b862bb56568a410a2b022c5be686d2fd7edf1a","5073.111268163749041796","5073111268163749041796","51115415","0xd0c9d370ac71b2b96dc4a2bb4517967e3203b92a27c3e0f1ea93cf245fc47595"
"1086","0x9458f3a62834771c8b3897de63644fe2d30b48ee","5065.32229589382937248","5065322295893829372480","51115415","0xd0c9d370ac71b2b96dc4a2bb4517967e3203b92a27c3e0f1ea93cf245fc47595"
"1087","0x45cfedba11bd9d1a2f8015be05ce5db795ed6b1f","5055.151679790136534418","5055151679790136534418","51115415","0xd0c9d370ac71b2b96dc4a2bb4517967e3203b92a27c3e0f1ea93cf245fc47595"
"1088","0xef91e73d7b551988f11ff8afd62437eae67a1417","5016.512425369824272887","5016512425369824272887","51115415","0xd0c9d370ac71b2b96dc4a2bb4517967e3203b92a27c3e0f1ea93cf245fc47595"
"1089","0x75d83f161a8d46b0182edd353e07df92b6fe0792","5010.988582153844385963","5010988582153844385963","51115415","0xd0c9d370ac71b2b96dc4a2bb4517967e3203b92a27c3e0f1ea93cf245fc47595"
"1090","0x2a096a904cc891f349d59b781d451e6a098ea5ec","4986.211480442174054577","4986211480442174054577","51115415","0xd0c9d370ac71b2b96dc4a2bb4517967e3203b92a27c3e0f1ea93cf245fc47595"
"1091","0x0bafbedc305563eaddc964e53a1b2999799639e8","4978.470319370240783509","4978470319370240783509","51115415","0xd0c9d370ac71b2b96dc4a2bb4517967e3203b92a27c3e0f1ea93cf245fc47595"
"1092","0x2f60f45b3f28667d77446127a827df8ba60b2eeb","4934.690111740603447811","4934690111740603447811","51115415","0xd0c9d370ac71b2b96dc4a2bb4517967e3203b92a27c3e0f1ea93cf245fc47595"
"1093","0xce090f2e691cb9fa2bc95ab2065acb755cafa798","4902.322592555928814442","4902322592555928814442","51115415","0xd0c9d370ac71b2b96dc4a2bb4517967e3203b92a27c3e0f1ea93cf245fc47595"
"1094","0x410a0887cc91ccf1e8db56422b9a5d8b078c2200","4884.547780775657303574","4884547780775657303574","51115415","0xd0c9d370ac71b2b96dc4a2bb4517967e3203b92a27c3e0f1ea93cf245fc47595"
"1095","0x0081f6ee480befebd70c7ef1ca8a4a23ed4573f2","4832.017590310624501794","4832017590310624501794","51115415","0xd0c9d370ac71b2b96dc4a2bb4517967e3203b92a27c3e0f1ea93cf245fc47595"
"1096","0x509f91f0dfd3e4e68d14e8b7309a5b03dd90a2bc","4819.306702472479655727","4819306702472479655727","51115415","0xd0c9d370ac71b2b96dc4a2bb4517967e3203b92a27c3e0f1ea93cf245fc47595"
"1097","0x05f4b847ae188662f9f2ada01149599bbcbf3158","4810.721031084180691804","4810721031084180691804","51115415","0xd0c9d370ac71b2b96dc4a2bb4517967e3203b92a27c3e0f1ea93cf245fc47595"
"1098","0xf883c071e31224e3a60bfcae6009af0332427574","4798.371713720528111509","4798371713720528111509","51115415","0xd0c9d370ac71b2b96dc4a2bb4517967e3203b92a27c3e0f1ea93cf245fc47595"
"1099","0xda97d5418e0d954177fc281f0559cccc172b142c","4764.538659628774409917","4764538659628774409917","51115415","0xd0c9d370ac71b2b96dc4a2bb4517967e3203b92a27c3e0f1ea93cf245fc47595"
"1100","0xeb940c37d3242263f8978833eb78f28139b8699e","4754.348912560306502567","4754348912560306502567","51115415","0xd0c9d370ac71b2b96dc4a2bb4517967e3203b92a27c3e0f1ea93cf245fc47595"
"1101","0x4ca8ad3a20848ac6f5dbb14cc02fce8c037d11da","4743.661363337638515341","4743661363337638515341","51115415","0xd0c9d370ac71b2b96dc4a2bb4517967e3203b92a27c3e0f1ea93cf245fc47595"
"1102","0x4570de2a7f07fc113ff237446984d767cbd9a616","4725.771625153911188385","4725771625153911188385","51115415","0xd0c9d370ac71b2b96dc4a2bb4517967e3203b92a27c3e0f1ea93cf245fc47595"
"1103","0xa668b1c3f8a910ab15635552e62be010f6957335","4723.49479031418271004","4723494790314182710040","51115415","0xd0c9d370ac71b2b96dc4a2bb4517967e3203b92a27c3e0f1ea93cf245fc47595"
"1104","0x6618952fed6d682e7349b1a699c24017f1052206","4716.661078675435085585","4716661078675435085585","51115415","0xd0c9d370ac71b2b96dc4a2bb4517967e3203b92a27c3e0f1ea93cf245fc47595"
"1105","0x263f4912e99580d68d5b6e8c04a8414d5a98db09","4687.192952225108087986","4687192952225108087986","51115415","0xd0c9d370ac71b2b96dc4a2bb4517967e3203b92a27c3e0f1ea93cf245fc47595"
"1106","0x74cf80e009ad37468f5e4997872a25c933a1040c","4681.692483350450525564","4681692483350450525564","51115415","0xd0c9d370ac71b2b96dc4a2bb4517967e3203b92a27c3e0f1ea93cf245fc47595"
"1107","0x89fce5181fb14f726b408f66e4433d356d244795","4675.924805851876003188","4675924805851876003188","51115415","0xd0c9d370ac71b2b96dc4a2bb4517967e3203b92a27c3e0f1ea93cf245fc47595"
"1108","0x9dd6c2cdd86b507e7ee1ae605ad034ebc1c726af","4672.227003537214656676","4672227003537214656676","51115415","0xd0c9d370ac71b2b96dc4a2bb4517967e3203b92a27c3e0f1ea93cf245fc47595"
"1109","0x86198423dda59395a59b59d3b8b04ae7241c930e","4647.690949115413388184","4647690949115413388184","51115415","0xd0c9d370ac71b2b96dc4a2bb4517967e3203b92a27c3e0f1ea93cf245fc47595"
"1110","0x5e58f14b474d2fbfaf7e87382e43c94e9fc16d20","4647.052518078530676863","4647052518078530676863","51115415","0xd0c9d370ac71b2b96dc4a2bb4517967e3203b92a27c3e0f1ea93cf245fc47595"
"1111","0x9b0de5739e6c71ac8b1371cb8e450b41b26f451e","4597.328976683959038905","4597328976683959038905","51115415","0xd0c9d370ac71b2b96dc4a2bb4517967e3203b92a27c3e0f1ea93cf245fc47595"
"1112","0xc007ea7ffe4a7e6a26d6171e03077658e0c8f717","4585.793435927142802337","4585793435927142802337","51115415","0xd0c9d370ac71b2b96dc4a2bb4517967e3203b92a27c3e0f1ea93cf245fc47595"
"1113","0xd4b7745bd653c08c37e68636dceaf5c841c4d802","4585.772534275222776065","4585772534275222776065","51115415","0xd0c9d370ac71b2b96dc4a2bb4517967e3203b92a27c3e0f1ea93cf245fc47595"
"1114","0x5a044db4a2b86565c81625ac2ddf9f4e2f70aa9f","4581.898016717073843905","4581898016717073843905","51115415","0xd0c9d370ac71b2b96dc4a2bb4517967e3203b92a27c3e0f1ea93cf245fc47595"
"1115","0xdbf049b470e7cdb1bfc19d9ca15b1c8c1128aa20","4572.991594465943196218","4572991594465943196218","51115415","0xd0c9d370ac71b2b96dc4a2bb4517967e3203b92a27c3e0f1ea93cf245fc47595"
"1116","0xff8df795cb804911603a454992717c8bff61bc8f","4558.110260515631664714","4558110260515631664714","51115415","0xd0c9d370ac71b2b96dc4a2bb4517967e3203b92a27c3e0f1ea93cf245fc47595"
"1117","0x2a830cb43b57957559c51f03ab0dd5401cd922f7","4556.659934494087751806","4556659934494087751806","51115415","0xd0c9d370ac71b2b96dc4a2bb4517967e3203b92a27c3e0f1ea93cf245fc47595"
"1118","0x32573ec9734a1054cd0e35f0e28314e688089138","4553.744762596561091945","4553744762596561091945","51115415","0xd0c9d370ac71b2b96dc4a2bb4517967e3203b92a27c3e0f1ea93cf245fc47595"
"1119","0x24cedd0fa7b516559c5a9fdbd821c8eb4ad67f81","4546.855600927681056469","4546855600927681056469","51115415","0xd0c9d370ac71b2b96dc4a2bb4517967e3203b92a27c3e0f1ea93cf245fc47595"
"1120","0xbe69b680bbde9f10a936ca29737ea0ce76d47bf2","4509.251645536467607173","4509251645536467607173","51115415","0xd0c9d370ac71b2b96dc4a2bb4517967e3203b92a27c3e0f1ea93cf245fc47595"
"1121","0xc28435a7aae94b489db9847e1dbacdf8ad298b3a","4505.404543798143289646","4505404543798143289646","51115415","0xd0c9d370ac71b2b96dc4a2bb4517967e3203b92a27c3e0f1ea93cf245fc47595"
"1122","0x4e1b69cbeaa3232b7eaa4012ea5e78eeeb0fe0d8","4505.280561566254803304","4505280561566254803304","51115415","0xd0c9d370ac71b2b96dc4a2bb4517967e3203b92a27c3e0f1ea93cf245fc47595"
"1123","0x935933c1b4478636fbf77ac69a5371afef282945","4498.825276906667188881","4498825276906667188881","51115415","0xd0c9d370ac71b2b96dc4a2bb4517967e3203b92a27c3e0f1ea93cf245fc47595"
"1124","0x503e43dd0e8ad79f3531706b663ea9bf758d36f6","4481.591413958391170204","4481591413958391170204","51115415","0xd0c9d370ac71b2b96dc4a2bb4517967e3203b92a27c3e0f1ea93cf245fc47595"
"1125","0x84fa6f98cc3c03c086a65ad1cb198d06894bd232","4473.195367828766571381","4473195367828766571381","51115415","0xd0c9d370ac71b2b96dc4a2bb4517967e3203b92a27c3e0f1ea93cf245fc47595"
"1126","0x53d3fc56eb0b08f020d297e7e17f9f74f2c7a0bc","4465.125657752914008842","4465125657752914008842","51115415","0xd0c9d370ac71b2b96dc4a2bb4517967e3203b92a27c3e0f1ea93cf245fc47595"
"1127","0xa2e4ee0447b753252b177200673db9650879161a","4441.544366290165100292","4441544366290165100292","51115415","0xd0c9d370ac71b2b96dc4a2bb4517967e3203b92a27c3e0f1ea93cf245fc47595"
"1128","0x8397b0c65a42065a428d21149a2226b7e441cb02","4420.637865285716041439","4420637865285716041439","51115415","0xd0c9d370ac71b2b96dc4a2bb4517967e3203b92a27c3e0f1ea93cf245fc47595"
"1129","0xb76a1b92dbac553342ce61ecd698b5b41c37db50","4417.16859816083441219","4417168598160834412190","51115415","0xd0c9d370ac71b2b96dc4a2bb4517967e3203b92a27c3e0f1ea93cf245fc47595"
"1130","0xb6ced8a21fdfaf4d7af4c2c7b2e1519be0089a5e","4412.510650865234210616","4412510650865234210616","51115415","0xd0c9d370ac71b2b96dc4a2bb4517967e3203b92a27c3e0f1ea93cf245fc47595"
"1131","0xc9f0a3e401ca1c8edc448ebd901defae3923577e","4403.837490514195851314","4403837490514195851314","51115415","0xd0c9d370ac71b2b96dc4a2bb4517967e3203b92a27c3e0f1ea93cf245fc47595"
"1132","0x79fbc3a90577a90ecb48710335db61c6df62ee2f","4403.244544131308901536","4403244544131308901536","51115415","0xd0c9d370ac71b2b96dc4a2bb4517967e3203b92a27c3e0f1ea93cf245fc47595"
"1133","0x45a77d2076440f1fd867f4111a7710e0931027bb","4352.36324150620072026","4352363241506200720260","51115415","0xd0c9d370ac71b2b96dc4a2bb4517967e3203b92a27c3e0f1ea93cf245fc47595"
"1134","0x9895a780672761c9d162e77f8174b1f4b6ab4906","4343.32678745368420918","4343326787453684209180","51115415","0xd0c9d370ac71b2b96dc4a2bb4517967e3203b92a27c3e0f1ea93cf245fc47595"
"1135","0x624227ae1d072d03ae0361f6a71384dd92af80b4","4328.123199476721755626","4328123199476721755626","51115415","0xd0c9d370ac71b2b96dc4a2bb4517967e3203b92a27c3e0f1ea93cf245fc47595"
"1136","0xc2364d2f4d978c7b0484c04b8815a8c2bc659499","4319.832094484844738225","4319832094484844738225","51115415","0xd0c9d370ac71b2b96dc4a2bb4517967e3203b92a27c3e0f1ea93cf245fc47595"
"1137","0x96a0fbb0c8d9a4bf45e95523f30e847ee5e87ec9","4317.218223420920811074","4317218223420920811074","51115415","0xd0c9d370ac71b2b96dc4a2bb4517967e3203b92a27c3e0f1ea93cf245fc47595"
"1138","0x880fe6a79db826cc61c5e05770fdcc3d1f27c39a","4316.233653503320196706","4316233653503320196706","51115415","0xd0c9d370ac71b2b96dc4a2bb4517967e3203b92a27c3e0f1ea93cf245fc47595"
"1139","0x116167dbfdaf75710c125287b49377048dbc0704","4313.947293736693326157","4313947293736693326157","51115415","0xd0c9d370ac71b2b96dc4a2bb4517967e3203b92a27c3e0f1ea93cf245fc47595"
"1140","0x751fb8537d4fed1daef81ed46ff370687a5c02a0","4300.528289174682845941","4300528289174682845941","51115415","0xd0c9d370ac71b2b96dc4a2bb4517967e3203b92a27c3e0f1ea93cf245fc47595"
"1141","0x904989cb176d9d3f4c071448557a38c3ed6cb317","4289.869370794507664043","4289869370794507664043","51115415","0xd0c9d370ac71b2b96dc4a2bb4517967e3203b92a27c3e0f1ea93cf245fc47595"
"1142","0x32d8230a392a7c5fa468d1f10e6712039f2072c0","4284.821359292865439933","4284821359292865439933","51115415","0xd0c9d370ac71b2b96dc4a2bb4517967e3203b92a27c3e0f1ea93cf245fc47595"
"1143","0xf8a500896570a683fb688305e71129168ab0dd28","4284.438818744952831176","4284438818744952831176","51115415","0xd0c9d370ac71b2b96dc4a2bb4517967e3203b92a27c3e0f1ea93cf245fc47595"
"1144","0xcee03b0bc5aaaa2ae3c3ea070034c0635f490afe","4278.194458546930170092","4278194458546930170092","51115415","0xd0c9d370ac71b2b96dc4a2bb4517967e3203b92a27c3e0f1ea93cf245fc47595"
"1145","0x9bcdf63b0e5ef22954734cfec9a69a65915b2b5b","4264.468641259802940524","4264468641259802940524","51115415","0xd0c9d370ac71b2b96dc4a2bb4517967e3203b92a27c3e0f1ea93cf245fc47595"
"1146","0x0b810c9a85b9e60ec208e902adf63caa42faa597","4263.419351246500546809","4263419351246500546809","51115415","0xd0c9d370ac71b2b96dc4a2bb4517967e3203b92a27c3e0f1ea93cf245fc47595"
"1147","0x8611ba4fbf50f52634d9d4e883e51bddef49060b","4258.75543340380447866","4258755433403804478660","51115415","0xd0c9d370ac71b2b96dc4a2bb4517967e3203b92a27c3e0f1ea93cf245fc47595"
"1148","0x4ee06e880c1cb28dd88dd816cac21eb6ec811455","4256.515000334325481078","4256515000334325481078","51115415","0xd0c9d370ac71b2b96dc4a2bb4517967e3203b92a27c3e0f1ea93cf245fc47595"
"1149","0x750ed5f9bfc2b8eae7283687f3ea3cbed9d56d37","4247.778601409901819631","4247778601409901819631","51115415","0xd0c9d370ac71b2b96dc4a2bb4517967e3203b92a27c3e0f1ea93cf245fc47595"
"1150","0x5a6a3efea70b37ab5d24c2c49ff90f3feacb8ae0","4245.829887216614648344","4245829887216614648344","51115415","0xd0c9d370ac71b2b96dc4a2bb4517967e3203b92a27c3e0f1ea93cf245fc47595"
"1151","0xa029d5d77b61e8b72b90471d9d85715cbdf8fddd","4228.801842042894755585","4228801842042894755585","51115415","0xd0c9d370ac71b2b96dc4a2bb4517967e3203b92a27c3e0f1ea93cf245fc47595"
"1152","0x6741d46aa911271d8f0ef1303c8bddb82232d171","4220.890829800691383126","4220890829800691383126","51115415","0xd0c9d370ac71b2b96dc4a2bb4517967e3203b92a27c3e0f1ea93cf245fc47595"
"1153","0x02aca3441605b2bf67c5be1376c07794fb9ab7ef","4200.498967998368618444","4200498967998368618444","51115415","0xd0c9d370ac71b2b96dc4a2bb4517967e3203b92a27c3e0f1ea93cf245fc47595"
"1154","0x412ab658d098b9c058c48c2b88802619248e74f5","4172.575480537845872867","4172575480537845872867","51115415","0xd0c9d370ac71b2b96dc4a2bb4517967e3203b92a27c3e0f1ea93cf245fc47595"
"1155","0xd764afc788b0b5d1f738bda69dac197571405eba","4161.718857157300727252","4161718857157300727252","51115415","0xd0c9d370ac71b2b96dc4a2bb4517967e3203b92a27c3e0f1ea93cf245fc47595"
"1156","0x2d4c7f6f93ac843d33a2f9778e016afcbe82f825","4160.836019753285789113","4160836019753285789113","51115415","0xd0c9d370ac71b2b96dc4a2bb4517967e3203b92a27c3e0f1ea93cf245fc47595"
"1157","0x1804eccd4317d3335420825cf77a43d7fc51db15","4160.45038066432198655","4160450380664321986550","51115415","0xd0c9d370ac71b2b96dc4a2bb4517967e3203b92a27c3e0f1ea93cf245fc47595"
"1158","0x76b44a86197dd530c214577a757d893ec24621ff","4159.933800322452798086","4159933800322452798086","51115415","0xd0c9d370ac71b2b96dc4a2bb4517967e3203b92a27c3e0f1ea93cf245fc47595"
"1159","0x6b64586a728ddf24a29dcd56c5912c6b4a3488be","4137.869472256076892194","4137869472256076892194","51115415","0xd0c9d370ac71b2b96dc4a2bb4517967e3203b92a27c3e0f1ea93cf245fc47595"
"1160","0x4f34f8734b3bda57b5bd3cb49016812b9fd4d74b","4129.535699344537766042","4129535699344537766042","51115415","0xd0c9d370ac71b2b96dc4a2bb4517967e3203b92a27c3e0f1ea93cf245fc47595"
"1161","0x97565f1300bcb2cbeb4f98bf3427566183eec00e","4087.390111731144085898","4087390111731144085898","51115415","0xd0c9d370ac71b2b96dc4a2bb4517967e3203b92a27c3e0f1ea93cf245fc47595"
"1162","0x8802a990b3a050826ac97da5e3cc7dcaada0dce4","4075.471598283391852553","4075471598283391852553","51115415","0xd0c9d370ac71b2b96dc4a2bb4517967e3203b92a27c3e0f1ea93cf245fc47595"
"1163","0x655cff3561f232939ac715e6a9782e9fb2cb7de9","4069.010562308566500517","4069010562308566500517","51115415","0xd0c9d370ac71b2b96dc4a2bb4517967e3203b92a27c3e0f1ea93cf245fc47595"
"1164","0x9e4ef7f50e8e2d449bd34732a98ef48cd301e3bd","4060.649157120953238857","4060649157120953238857","51115415","0xd0c9d370ac71b2b96dc4a2bb4517967e3203b92a27c3e0f1ea93cf245fc47595"
"1165","0xd081d7fc0499822586f83f234b7da7d535499347","4053.533655590074207278","4053533655590074207278","51115415","0xd0c9d370ac71b2b96dc4a2bb4517967e3203b92a27c3e0f1ea93cf245fc47595"
"1166","0x7f47de41ed4655bdd0a64c4a0683598204e76dca","4043.49649827812715632","4043496498278127156320","51115415","0xd0c9d370ac71b2b96dc4a2bb4517967e3203b92a27c3e0f1ea93cf245fc47595"
"1167","0x6eadbc72f024fe81af394424a17b9590bb919692","4043.384732502789344174","4043384732502789344174","51115415","0xd0c9d370ac71b2b96dc4a2bb4517967e3203b92a27c3e0f1ea93cf245fc47595"
"1168","0x509efbe33129e90ff156a73524f1841baac93814","4032.309130291069264601","4032309130291069264601","51115415","0xd0c9d370ac71b2b96dc4a2bb4517967e3203b92a27c3e0f1ea93cf245fc47595"
"1169","0xd8c57a4050cdf09335bc84e08c4cf14930f71676","4027.976832628865746045","4027976832628865746045","51115415","0xd0c9d370ac71b2b96dc4a2bb4517967e3203b92a27c3e0f1ea93cf245fc47595"
"1170","0x09ca0ab4840db887f72a30c74644fd0b708f0f0f","4021.270331811313600017","4021270331811313600017","51115415","0xd0c9d370ac71b2b96dc4a2bb4517967e3203b92a27c3e0f1ea93cf245fc47595"
"1171","0xb78e6ce563f4e9b3ce8810f826124b567ca4f9fd","4013.717501066713927424","4013717501066713927424","51115415","0xd0c9d370ac71b2b96dc4a2bb4517967e3203b92a27c3e0f1ea93cf245fc47595"
"1172","0x9a1b650e7631277f4cb669cdb5ae414f8d343f09","4013.41083742750508777","4013410837427505087770","51115415","0xd0c9d370ac71b2b96dc4a2bb4517967e3203b92a27c3e0f1ea93cf245fc47595"
"1173","0xa763344418f7d74751bd2ac3a12fc77ba9ca79c7","4005.393871032856001669","4005393871032856001669","51115415","0xd0c9d370ac71b2b96dc4a2bb4517967e3203b92a27c3e0f1ea93cf245fc47595"
"1174","0xda44d8268c23fb4dc36fb8f20a43115c79c5c79e","3999.831484238625756902","3999831484238625756902","51115415","0xd0c9d370ac71b2b96dc4a2bb4517967e3203b92a27c3e0f1ea93cf245fc47595"
"1175","0xfa48ac3e5466418ab9706723a07315f50b2c5423","3998.481292536605046594","3998481292536605046594","51115415","0xd0c9d370ac71b2b96dc4a2bb4517967e3203b92a27c3e0f1ea93cf245fc47595"
"1176","0xcc8d8e99522a5940ef1d30d5eff21038159c28f1","3993.326205193123524289","3993326205193123524289","51115415","0xd0c9d370ac71b2b96dc4a2bb4517967e3203b92a27c3e0f1ea93cf245fc47595"
"1177","0x0d2aaaa57022755f35a74007b02322973c705654","3991.997755939451222594","3991997755939451222594","51115415","0xd0c9d370ac71b2b96dc4a2bb4517967e3203b92a27c3e0f1ea93cf245fc47595"
"1178","0x84b2e5c85f8d9992e7202e9048cbb013017c4c39","3971.352151708148918963","3971352151708148918963","51115415","0xd0c9d370ac71b2b96dc4a2bb4517967e3203b92a27c3e0f1ea93cf245fc47595"
"1179","0x932ffce32f2ade5ea3b2f65e2728c81a8cd59069","3955.89314968505238689","3955893149685052386890","51115415","0xd0c9d370ac71b2b96dc4a2bb4517967e3203b92a27c3e0f1ea93cf245fc47595"
"1180","0xa974890156a3649a23a6c0f2ebd77d6f7a7333d4","3954.542791577051239679","3954542791577051239679","51115415","0xd0c9d370ac71b2b96dc4a2bb4517967e3203b92a27c3e0f1ea93cf245fc47595"
"1181","0x629611919b75b5f616d82fefae026f2c306cb031","3954.146284084178910088","3954146284084178910088","51115415","0xd0c9d370ac71b2b96dc4a2bb4517967e3203b92a27c3e0f1ea93cf245fc47595"
"1182","0x8b2af76d594d1bf437752696377352979b06bec6","3918.897474663887638434","3918897474663887638434","51115415","0xd0c9d370ac71b2b96dc4a2bb4517967e3203b92a27c3e0f1ea93cf245fc47595"
"1183","0x7ac423ba913fc3d3fb3f7d2e5c2ad5252f8b20fb","3910.445165896618382355","3910445165896618382355","51115415","0xd0c9d370ac71b2b96dc4a2bb4517967e3203b92a27c3e0f1ea93cf245fc47595"
"1184","0x9b38ee26489566ef14c1b17673b882f12f88a0f0","3906.348354166477884714","3906348354166477884714","51115415","0xd0c9d370ac71b2b96dc4a2bb4517967e3203b92a27c3e0f1ea93cf245fc47595"
"1185","0x77c64271bed9c56409d207b9a615d49ed134f77f","3903.244888457359586748","3903244888457359586748","51115415","0xd0c9d370ac71b2b96dc4a2bb4517967e3203b92a27c3e0f1ea93cf245fc47595"
"1186","0x43bcf7bfd2bdba8eff8f42958951b6de41952876","3887.103063838513248385","3887103063838513248385","51115415","0xd0c9d370ac71b2b96dc4a2bb4517967e3203b92a27c3e0f1ea93cf245fc47595"
"1187","0xce95ca69409be20244af099300a892cbcc87b200","3886.458994791682810821","3886458994791682810821","51115415","0xd0c9d370ac71b2b96dc4a2bb4517967e3203b92a27c3e0f1ea93cf245fc47595"
"1188","0x3002eb210b4b802cf8a1fbc04ba905a8860057cd","3884.988428008491285164","3884988428008491285164","51115415","0xd0c9d370ac71b2b96dc4a2bb4517967e3203b92a27c3e0f1ea93cf245fc47595"
"1189","0x6870852692e3aca2002b3d389243f2632cc6b09b","3872.497985113713820696","3872497985113713820696","51115415","0xd0c9d370ac71b2b96dc4a2bb4517967e3203b92a27c3e0f1ea93cf245fc47595"
"1190","0xa18d7790144c1d9719aa91106c0eb6c7fe64f2ed","3854.294473033443205395","3854294473033443205395","51115415","0xd0c9d370ac71b2b96dc4a2bb4517967e3203b92a27c3e0f1ea93cf245fc47595"
"1191","0x9ccab9cfb3912a4289c5bbea1ab02c6512e97ab3","3851.617909806291942649","3851617909806291942649","51115415","0xd0c9d370ac71b2b96dc4a2bb4517967e3203b92a27c3e0f1ea93cf245fc47595"
"1192","0x5be0f97bae3823cc1c8580749ced90b6f3f8bfdd","3847.899651469168853126","3847899651469168853126","51115415","0xd0c9d370ac71b2b96dc4a2bb4517967e3203b92a27c3e0f1ea93cf245fc47595"
"1193","0xdf1566a5e1b298e2fb6bee2fb6148006757490a5","3826.51524471120132909","3826515244711201329090","51115415","0xd0c9d370ac71b2b96dc4a2bb4517967e3203b92a27c3e0f1ea93cf245fc47595"
"1194","0xeecb4d6e2d57c31f42c78a5091d5df5f9093d31b","3808.24379304222342035","3808243793042223420350","51115415","0xd0c9d370ac71b2b96dc4a2bb4517967e3203b92a27c3e0f1ea93cf245fc47595"
"1195","0xb24a30a49731760a0d4a0f0980154381fba92300","3806.645010007969727929","3806645010007969727929","51115415","0xd0c9d370ac71b2b96dc4a2bb4517967e3203b92a27c3e0f1ea93cf245fc47595"
"1196","0x7c932827bd96482ea58493d71d3d7d375c9b0e4d","3801.515314948842112093","3801515314948842112093","51115415","0xd0c9d370ac71b2b96dc4a2bb4517967e3203b92a27c3e0f1ea93cf245fc47595"
"1197","0x1aa012b0e0740ff3d79313eb34ab286496a22f25","3800.890771731462836076","3800890771731462836076","51115415","0xd0c9d370ac71b2b96dc4a2bb4517967e3203b92a27c3e0f1ea93cf245fc47595"
"1198","0xe4079133a308bd52604daf29860f9b4091b5d533","3743.041353800980375921","3743041353800980375921","51115415","0xd0c9d370ac71b2b96dc4a2bb4517967e3203b92a27c3e0f1ea93cf245fc47595"
"1199","0x28c8730e75a899b1eb31994b2b0719c34844b427","3741.390874912124352114","3741390874912124352114","51115415","0xd0c9d370ac71b2b96dc4a2bb4517967e3203b92a27c3e0f1ea93cf245fc47595"
"1200","0xb5717b618669ca17e1cddcf593685b8848b062fc","3728.917748716547789296","3728917748716547789296","51115415","0xd0c9d370ac71b2b96dc4a2bb4517967e3203b92a27c3e0f1ea93cf245fc47595"
"1201","0x93fe43db40c997ae784143f060032db16293d93f","3720.037536592465866995","3720037536592465866995","51115417","0x2f68b8301414dda79c34f6d7a855642ec1958fc28e9ccc650b2019bd9b684260"
"1202","0xc0823f52ec14b9cb9ef559346150ef656c0e4dce","3703.743302191957824426","3703743302191957824426","51115417","0x2f68b8301414dda79c34f6d7a855642ec1958fc28e9ccc650b2019bd9b684260"
"1203","0x9e5f54de2c34bbf332a64006bd127ec8b5188158","3702.171868534680110938","3702171868534680110938","51115417","0x2f68b8301414dda79c34f6d7a855642ec1958fc28e9ccc650b2019bd9b684260"
"1204","0x35bb20d39c95f420ebec04ab236e7e9792b8f452","3673.495745450074262682","3673495745450074262682","51115417","0x2f68b8301414dda79c34f6d7a855642ec1958fc28e9ccc650b2019bd9b684260"
"1205","0xce58e12b49c4c983f8448141a37d8efd4574285a","3668.727666092744524118","3668727666092744524118","51115417","0x2f68b8301414dda79c34f6d7a855642ec1958fc28e9ccc650b2019bd9b684260"
"1206","0x5702a1fa2795384d4ff404a92f1716496d165161","3668.046574528662234498","3668046574528662234498","51115417","0x2f68b8301414dda79c34f6d7a855642ec1958fc28e9ccc650b2019bd9b684260"
"1207","0xf0ebdf7783bd9a18d7b87de00fb28c6558931533","3666.839939413039585268","3666839939413039585268","51115417","0x2f68b8301414dda79c34f6d7a855642ec1958fc28e9ccc650b2019bd9b684260"
"1208","0xac22c4b8b245ba044eb04309ea3b4b7c18179f94","3645.82751844284885695","3645827518442848856950","51115417","0x2f68b8301414dda79c34f6d7a855642ec1958fc28e9ccc650b2019bd9b684260"
"1209","0x71daf98cb4701a13bbd9c385d20cdb6c3e9d5ca8","3633.107231253484179668","3633107231253484179668","51115417","0x2f68b8301414dda79c34f6d7a855642ec1958fc28e9ccc650b2019bd9b684260"
"1210","0xe23815f3ab5ce66b31af2ec7312c0c6f3a7b6c3f","3625.832237954968951339","3625832237954968951339","51115417","0x2f68b8301414dda79c34f6d7a855642ec1958fc28e9ccc650b2019bd9b684260"
"1211","0xd9faae28c0d3b09ac229226dc9736dbfb08ee029","3624.251840517783644745","3624251840517783644745","51115417","0x2f68b8301414dda79c34f6d7a855642ec1958fc28e9ccc650b2019bd9b684260"
"1212","0xda41a539d1ab2a064812991c900882f4796b0af3","3621.438614299209698635","3621438614299209698635","51115417","0x2f68b8301414dda79c34f6d7a855642ec1958fc28e9ccc650b2019bd9b684260"
"1213","0xbfa13fb39fcf3a0397dde6a616b0b1350f02673f","3621.111845243624482225","3621111845243624482225","51115417","0x2f68b8301414dda79c34f6d7a855642ec1958fc28e9ccc650b2019bd9b684260"
"1214","0x492ffae4ac84120671579c056a0e513988d7ab41","3619.378115196748147067","3619378115196748147067","51115417","0x2f68b8301414dda79c34f6d7a855642ec1958fc28e9ccc650b2019bd9b684260"
"1215","0xd31075e5b0bed0b1ca581eedba846bccfa65e71f","3615.085042318598721948","3615085042318598721948","51115417","0x2f68b8301414dda79c34f6d7a855642ec1958fc28e9ccc650b2019bd9b684260"
"1216","0x7089c088f5ed7b0b6d00aa8c7e9205e971b1b81c","3598.135047753601195042","3598135047753601195042","51115417","0x2f68b8301414dda79c34f6d7a855642ec1958fc28e9ccc650b2019bd9b684260"
"1217","0x37d115899694c4a84dd44e33810ce053293a765e","3591.428720397846417864","3591428720397846417864","51115417","0x2f68b8301414dda79c34f6d7a855642ec1958fc28e9ccc650b2019bd9b684260"
"1218","0xc58a09e4e408034599f039fc1814d694bbfaa7ab","3576.615760247231387211","3576615760247231387211","51115417","0x2f68b8301414dda79c34f6d7a855642ec1958fc28e9ccc650b2019bd9b684260"
"1219","0xfe86d0763c08fcebfcb1056b7f1f536c5481e787","3572.051830372537310031","3572051830372537310031","51115417","0x2f68b8301414dda79c34f6d7a855642ec1958fc28e9ccc650b2019bd9b684260"
"1220","0x72aae5643056f61f2ab4fcecd391f49184fd984c","3544.94638117731525776","3544946381177315257760","51115417","0x2f68b8301414dda79c34f6d7a855642ec1958fc28e9ccc650b2019bd9b684260"
"1221","0x610eac1da5749ec06cc37d71289ac79e271852e9","3539.236138956059763291","3539236138956059763291","51115417","0x2f68b8301414dda79c34f6d7a855642ec1958fc28e9ccc650b2019bd9b684260"
"1222","0x3a3fb59fc842af5fab91280bb84484b22d70c4ac","3533.654806434577447451","3533654806434577447451","51115417","0x2f68b8301414dda79c34f6d7a855642ec1958fc28e9ccc650b2019bd9b684260"
"1223","0x51cb6950ed35beb7492709f7ef051f7b1b758874","3525.537109363032883284","3525537109363032883284","51115417","0x2f68b8301414dda79c34f6d7a855642ec1958fc28e9ccc650b2019bd9b684260"
"1224","0x9853182ee68de34b44fa90d4730c8cbf735afbbe","3519.820099129350890428","3519820099129350890428","51115417","0x2f68b8301414dda79c34f6d7a855642ec1958fc28e9ccc650b2019bd9b684260"
"1225","0xd686ace5a06f765030e1200e88cf807782538e7e","3508.975972761676022716","3508975972761676022716","51115417","0x2f68b8301414dda79c34f6d7a855642ec1958fc28e9ccc650b2019bd9b684260"
"1226","0x0ae829b68c3701d02c228f1f313844bd00f2bd24","3500.32036326402812167","3500320363264028121670","51115417","0x2f68b8301414dda79c34f6d7a855642ec1958fc28e9ccc650b2019bd9b684260"
"1227","0x87575d95f59b8d018d2cd3ea8ef6550e508fcfef","3499.517392582425349635","3499517392582425349635","51115417","0x2f68b8301414dda79c34f6d7a855642ec1958fc28e9ccc650b2019bd9b684260"
"1228","0x35324bc16774ff82ae06947215d6860c8a454a16","3486.944334370719331174","3486944334370719331174","51115417","0x2f68b8301414dda79c34f6d7a855642ec1958fc28e9ccc650b2019bd9b684260"
"1229","0xcda309c57d53802b016805eb39dc2d6713168d86","3486.446536297488343388","3486446536297488343388","51115417","0x2f68b8301414dda79c34f6d7a855642ec1958fc28e9ccc650b2019bd9b684260"
"1230","0xb9676edef875fd993c17dd81e12d0651560e7ee2","3483.690069557370220692","3483690069557370220692","51115417","0x2f68b8301414dda79c34f6d7a855642ec1958fc28e9ccc650b2019bd9b684260"
"1231","0x6b78dc24f59637de78692e7b3c974531bee1ca9d","3477.710840577627732138","3477710840577627732138","51115417","0x2f68b8301414dda79c34f6d7a855642ec1958fc28e9ccc650b2019bd9b684260"
"1232","0x0e9cde4d8f0447018fdfcd136daaffcb51e38dc0","3467.424074604189651303","3467424074604189651303","51115417","0x2f68b8301414dda79c34f6d7a855642ec1958fc28e9ccc650b2019bd9b684260"
"1233","0x2300e6fb229652332f101255fdec3b2e58d050bc","3461.966779387067610015","3461966779387067610015","51115417","0x2f68b8301414dda79c34f6d7a855642ec1958fc28e9ccc650b2019bd9b684260"
"1234","0x7671d980e9bb50b4565e08b93759b023121c7490","3444.698287286246520214","3444698287286246520214","51115417","0x2f68b8301414dda79c34f6d7a855642ec1958fc28e9ccc650b2019bd9b684260"
"1235","0xac75d38f6d32ca3566ac6c9b3a0a8932298492e4","3444.183249708711463654","3444183249708711463654","51115417","0x2f68b8301414dda79c34f6d7a855642ec1958fc28e9ccc650b2019bd9b684260"
"1236","0x9b503359fdc6f06758338f09d4fab352533d69c4","3440.095552568836371366","3440095552568836371366","51115417","0x2f68b8301414dda79c34f6d7a855642ec1958fc28e9ccc650b2019bd9b684260"
"1237","0xaf273124148fa486cb40d6e84be5e43a991e7278","3421.102202846423614386","3421102202846423614386","51115417","0x2f68b8301414dda79c34f6d7a855642ec1958fc28e9ccc650b2019bd9b684260"
"1238","0x981069abaff89f68a850492e846bb9c355afc8f4","3419.751828036678590287","3419751828036678590287","51115417","0x2f68b8301414dda79c34f6d7a855642ec1958fc28e9ccc650b2019bd9b684260"
"1239","0x424f6697c6d4ed9f0cca39c3fda3083c870f7f20","3418.937545135473048892","3418937545135473048892","51115417","0x2f68b8301414dda79c34f6d7a855642ec1958fc28e9ccc650b2019bd9b684260"
"1240","0x0dd58b97e933fa550ee0899e1c08896c2885ee64","3412.10582691272054384","3412105826912720543840","51115417","0x2f68b8301414dda79c34f6d7a855642ec1958fc28e9ccc650b2019bd9b684260"
"1241","0xe7f78420327964dfa05399e58429e89ae8bc722e","3404.327131388634868492","3404327131388634868492","51115417","0x2f68b8301414dda79c34f6d7a855642ec1958fc28e9ccc650b2019bd9b684260"
"1242","0x190a913f028c502036ed65ee9afb7b77bfbf0989","3397.91794356275842085","3397917943562758420850","51115417","0x2f68b8301414dda79c34f6d7a855642ec1958fc28e9ccc650b2019bd9b684260"
"1243","0x162c6448dded55eb24b1cf5be782ff1c526412e0","3391.371054022029941121","3391371054022029941121","51115417","0x2f68b8301414dda79c34f6d7a855642ec1958fc28e9ccc650b2019bd9b684260"
"1244","0x3c44a15e42081f5a40df06b69d0bfb5731363c0a","3378.976388311497402435","3378976388311497402435","51115417","0x2f68b8301414dda79c34f6d7a855642ec1958fc28e9ccc650b2019bd9b684260"
"1245","0xddf79dd76ec2cf8be437d8717a36b9d10c429c23","3378.955224721820465327","3378955224721820465327","51115417","0x2f68b8301414dda79c34f6d7a855642ec1958fc28e9ccc650b2019bd9b684260"
"1246","0xaa8bc607422273b242d7c5929c8d0fafa6c2e61e","3373.627532502035611124","3373627532502035611124","51115417","0x2f68b8301414dda79c34f6d7a855642ec1958fc28e9ccc650b2019bd9b684260"
"1247","0xbcf76cbfcfb68fb95c6c92d6dae668aea05846f2","3361.020388669279104948","3361020388669279104948","51115417","0x2f68b8301414dda79c34f6d7a855642ec1958fc28e9ccc650b2019bd9b684260"
"1248","0xb76211cb80513f9157a827b2b243a10b8b500ba6","3353.631724057672791749","3353631724057672791749","51115417","0x2f68b8301414dda79c34f6d7a855642ec1958fc28e9ccc650b2019bd9b684260"
"1249","0xf938db36a41b6baccbfc7182f80a6170ebbf9fe8","3343.235635009359656637","3343235635009359656637","51115417","0x2f68b8301414dda79c34f6d7a855642ec1958fc28e9ccc650b2019bd9b684260"
"1250","0x1a0b10fc966faa16c774ff1dc810512173f203c9","3341.022041848400368696","3341022041848400368696","51115417","0x2f68b8301414dda79c34f6d7a855642ec1958fc28e9ccc650b2019bd9b684260"
"1251","0x649f43146af6e9fc41912955f325b6123ff81578","3338.343460650736250635","3338343460650736250635","51115417","0x2f68b8301414dda79c34f6d7a855642ec1958fc28e9ccc650b2019bd9b684260"
"1252","0x4882e88e7bccad480e812be4fa49c759199611fa","3335.130216481432576802","3335130216481432576802","51115417","0x2f68b8301414dda79c34f6d7a855642ec1958fc28e9ccc650b2019bd9b684260"
"1253","0xe918ba5cdf1c7b440cbb793cbc3203ed6099862b","3324.198056362255474659","3324198056362255474659","51115417","0x2f68b8301414dda79c34f6d7a855642ec1958fc28e9ccc650b2019bd9b684260"
"1254","0xb9650dfb01333d32613382c33fd81e0b2d181a6c","3321.016792301893185053","3321016792301893185053","51115417","0x2f68b8301414dda79c34f6d7a855642ec1958fc28e9ccc650b2019bd9b684260"
"1255","0xb55ef05a3f0cd09038459429b83f7ce955b204df","3318.646187613179850792","3318646187613179850792","51115417","0x2f68b8301414dda79c34f6d7a855642ec1958fc28e9ccc650b2019bd9b684260"
"1256","0x592957a4e606ab27dcc0d203b661d2c6bc565ebe","3305.423256385285923518","3305423256385285923518","51115417","0x2f68b8301414dda79c34f6d7a855642ec1958fc28e9ccc650b2019bd9b684260"
"1257","0xa3f54f260764361bf52d4e61a121c9c754fedd57","3302.245384791933914939","3302245384791933914939","51115417","0x2f68b8301414dda79c34f6d7a855642ec1958fc28e9ccc650b2019bd9b684260"
"1258","0x5f50232b2812efbe89d46137a2dc104a444b3c64","3292.679390689348905489","3292679390689348905489","51115417","0x2f68b8301414dda79c34f6d7a855642ec1958fc28e9ccc650b2019bd9b684260"
"1259","0x0e672beb2bf390879ba8e0de867488b205f04b9b","3281.16840857932990005","3281168408579329900050","51115417","0x2f68b8301414dda79c34f6d7a855642ec1958fc28e9ccc650b2019bd9b684260"
"1260","0xbdcc98c93af33b4a7ef3b5ef24224443c0bb9ac6","3278.13665457285015268","3278136654572850152680","51115417","0x2f68b8301414dda79c34f6d7a855642ec1958fc28e9ccc650b2019bd9b684260"
"1261","0x03656ebf86cba2d4ed4c93e698fb59f861ecacfe","3271.975699984474333728","3271975699984474333728","51115417","0x2f68b8301414dda79c34f6d7a855642ec1958fc28e9ccc650b2019bd9b684260"
"1262","0x6782739b56becf246c505f923ad461f1c8f7342b","3266.10321949651334736","3266103219496513347360","51115417","0x2f68b8301414dda79c34f6d7a855642ec1958fc28e9ccc650b2019bd9b684260"
"1263","0x56897c5f2dbf80b7997108a4606a1d4d6a7b8ee5","3262.933798167995162187","3262933798167995162187","51115417","0x2f68b8301414dda79c34f6d7a855642ec1958fc28e9ccc650b2019bd9b684260"
"1264","0x6f0d30ee2bc8d381eefc23d5149fc9eee268321b","3260.639141722500888569","3260639141722500888569","51115417","0x2f68b8301414dda79c34f6d7a855642ec1958fc28e9ccc650b2019bd9b684260"
"1265","0x5918300a949e3853279a71f2626ba2b567ab139e","3258.021283723531947559","3258021283723531947559","51115417","0x2f68b8301414dda79c34f6d7a855642ec1958fc28e9ccc650b2019bd9b684260"
"1266","0x7d8c0113d5b84b70d6d4968da21cc1ce40cd67dd","3257.851603988315305648","3257851603988315305648","51115417","0x2f68b8301414dda79c34f6d7a855642ec1958fc28e9ccc650b2019bd9b684260"
"1267","0x0601fd15ec63bcc14f02eff18452f2315f552b48","3255.851733198582380861","3255851733198582380861","51115417","0x2f68b8301414dda79c34f6d7a855642ec1958fc28e9ccc650b2019bd9b684260"
"1268","0xb79e7def607612d77c28c5cab874d897e60a2a18","3254.887596205433261005","3254887596205433261005","51115417","0x2f68b8301414dda79c34f6d7a855642ec1958fc28e9ccc650b2019bd9b684260"
"1269","0x7d634b474fb7743b3e94b2134b4a85fd6fa4a121","3254.317010627026309907","3254317010627026309907","51115417","0x2f68b8301414dda79c34f6d7a855642ec1958fc28e9ccc650b2019bd9b684260"
"1270","0x84e9690c35093d7e028dbf0c0cbc171df181be37","3252.864520819333160329","3252864520819333160329","51115417","0x2f68b8301414dda79c34f6d7a855642ec1958fc28e9ccc650b2019bd9b684260"
"1271","0x0e4bc9d869cf6a95969c5a0024caf0dea0a75402","3247.427399536272269227","3247427399536272269227","51115417","0x2f68b8301414dda79c34f6d7a855642ec1958fc28e9ccc650b2019bd9b684260"
"1272","0x6df899e7a9d2bfd378f362081eb97f72113b59b9","3243.010903896867482672","3243010903896867482672","51115417","0x2f68b8301414dda79c34f6d7a855642ec1958fc28e9ccc650b2019bd9b684260"
"1273","0xc4bad4b6c17a053696e60f7d5a30cdf4ea34fb92","3242.59695551004967615","3242596955510049676150","51115417","0x2f68b8301414dda79c34f6d7a855642ec1958fc28e9ccc650b2019bd9b684260"
"1274","0xcf5981880c4c26d5cbf51897ee5587c950d70d5e","3224.750398190821805688","3224750398190821805688","51115417","0x2f68b8301414dda79c34f6d7a855642ec1958fc28e9ccc650b2019bd9b684260"
"1275","0xc7bce6ffd4d305132632807b1d6021c6c0b6cfdd","3217.917973706214590539","3217917973706214590539","51115417","0x2f68b8301414dda79c34f6d7a855642ec1958fc28e9ccc650b2019bd9b684260"
"1276","0x3c4809cea1528295071efe7069dab8dd613400dd","3211.150618789791995412","3211150618789791995412","51115417","0x2f68b8301414dda79c34f6d7a855642ec1958fc28e9ccc650b2019bd9b684260"
"1277","0xbccfbacce2bbe64eebaa3c1cb2dbd9b5c58aa64a","3202.552604785286737671","3202552604785286737671","51115417","0x2f68b8301414dda79c34f6d7a855642ec1958fc28e9ccc650b2019bd9b684260"
"1278","0x175a2b1a82dd948ee20194c4600af44b8f813f93","3185.682037627065645176","3185682037627065645176","51115417","0x2f68b8301414dda79c34f6d7a855642ec1958fc28e9ccc650b2019bd9b684260"
"1279","0xf26e4322e1cf9b7385e600afccc6f5fb850dfea9","3183.187631698130090614","3183187631698130090614","51115417","0x2f68b8301414dda79c34f6d7a855642ec1958fc28e9ccc650b2019bd9b684260"
"1280","0x8e2f8250f7f96f58c32479f5abd815137d37739f","3181.925439396019930475","3181925439396019930475","51115417","0x2f68b8301414dda79c34f6d7a855642ec1958fc28e9ccc650b2019bd9b684260"
"1281","0x70a990e992d5f948be1376727326f22692a0ee55","3176.566811486216942019","3176566811486216942019","51115417","0x2f68b8301414dda79c34f6d7a855642ec1958fc28e9ccc650b2019bd9b684260"
"1282","0x78a9b16786f334c468e967f2a017023ee0acbd72","3161.084159773179781071","3161084159773179781071","51115417","0x2f68b8301414dda79c34f6d7a855642ec1958fc28e9ccc650b2019bd9b684260"
"1283","0xe23b2d15178694f6191f9fb383c4ab59ea12a5ea","3153.525187128874602466","3153525187128874602466","51115417","0x2f68b8301414dda79c34f6d7a855642ec1958fc28e9ccc650b2019bd9b684260"
"1284","0x6f738cab979a02cecb2ea00cf0dd2235b782d285","3143.416084654001596329","3143416084654001596329","51115417","0x2f68b8301414dda79c34f6d7a855642ec1958fc28e9ccc650b2019bd9b684260"
"1285","0x7dd832b337ea8b6f3ea570fab52664c66f73b4a0","3138.270886302457454376","3138270886302457454376","51115417","0x2f68b8301414dda79c34f6d7a855642ec1958fc28e9ccc650b2019bd9b684260"
"1286","0xce8cd6f684ededb2aa3d40152fb69641b25a7057","3131.488607034733624677","3131488607034733624677","51115417","0x2f68b8301414dda79c34f6d7a855642ec1958fc28e9ccc650b2019bd9b684260"
"1287","0x9e36936e314189519174c691325126419ed0d188","3113.539328473797266538","3113539328473797266538","51115417","0x2f68b8301414dda79c34f6d7a855642ec1958fc28e9ccc650b2019bd9b684260"
"1288","0x09d54a5b98edf256e42fe9a624421b288d18eb9e","3105.896927190538180673","3105896927190538180673","51115417","0x2f68b8301414dda79c34f6d7a855642ec1958fc28e9ccc650b2019bd9b684260"
"1289","0x56e085683e5d1dc86c503edfa432d6b2835e51e6","3105.25105937757174341","3105251059377571743410","51115417","0x2f68b8301414dda79c34f6d7a855642ec1958fc28e9ccc650b2019bd9b684260"
"1290","0xba725cfba981709e8a9cb2c169d11d687517d76c","3102.300100926191712913","3102300100926191712913","51115417","0x2f68b8301414dda79c34f6d7a855642ec1958fc28e9ccc650b2019bd9b684260"
"1291","0x6f23dc9cdf96a72cd3633a2db7c65a1a59acf17b","3098.6080269936454956","3098608026993645495600","51115417","0x2f68b8301414dda79c34f6d7a855642ec1958fc28e9ccc650b2019bd9b684260"
"1292","0xeadc1d61f1fab3c49be705e2a9b373932ac759b5","3093.76411318617930968","3093764113186179309680","51115417","0x2f68b8301414dda79c34f6d7a855642ec1958fc28e9ccc650b2019bd9b684260"
"1293","0xd6757d5176f5972ca35ffd1787bca62a8cfe5e61","3079.851434507611765724","3079851434507611765724","51115417","0x2f68b8301414dda79c34f6d7a855642ec1958fc28e9ccc650b2019bd9b684260"
"1294","0xdd8abe31e48085e9e15fd64326ccf88cdf8c1f82","3076.922752809237200855","3076922752809237200855","51115417","0x2f68b8301414dda79c34f6d7a855642ec1958fc28e9ccc650b2019bd9b684260"
"1295","0x66a9f698d4a7771772a6308812a9cc55c3180918","3063.823947505939775192","3063823947505939775192","51115417","0x2f68b8301414dda79c34f6d7a855642ec1958fc28e9ccc650b2019bd9b684260"
"1296","0xb6d6ee1fa5be89cb2602d7875401c7586e3508e3","3059.885937962713686083","3059885937962713686083","51115417","0x2f68b8301414dda79c34f6d7a855642ec1958fc28e9ccc650b2019bd9b684260"
"1297","0x93a68ee92c6a21893d1e3f56b7a4178b66bff6d7","3058.874310347502083851","3058874310347502083851","51115417","0x2f68b8301414dda79c34f6d7a855642ec1958fc28e9ccc650b2019bd9b684260"
"1298","0x858c914fb25a2fbdb17076475b259777b69019a8","3055.846345170438107201","3055846345170438107201","51115417","0x2f68b8301414dda79c34f6d7a855642ec1958fc28e9ccc650b2019bd9b684260"
"1299","0xe0de7e8454124deb731d0a331529a9e44e1d5103","3050.263058819734928902","3050263058819734928902","51115417","0x2f68b8301414dda79c34f6d7a855642ec1958fc28e9ccc650b2019bd9b684260"
"1300","0x17da8cbd21fb21861ed547cae20f861de6ea37b8","3044.864127369103549447","3044864127369103549447","51115417","0x2f68b8301414dda79c34f6d7a855642ec1958fc28e9ccc650b2019bd9b684260"
"1301","0x9fbd13bc36b984fefb96c74435821e40a104bf8b","3019.713017412825693064","3019713017412825693064","51115417","0x2f68b8301414dda79c34f6d7a855642ec1958fc28e9ccc650b2019bd9b684260"
"1302","0x324ec3f8bdf883122e2a8d495ba9e68d9aa5bdea","3019.101031220547367357","3019101031220547367357","51115417","0x2f68b8301414dda79c34f6d7a855642ec1958fc28e9ccc650b2019bd9b684260"
"1303","0x3c04d34826c973bdb8fe976907113a30860f05c8","3012.286733775448248931","3012286733775448248931","51115417","0x2f68b8301414dda79c34f6d7a855642ec1958fc28e9ccc650b2019bd9b684260"
"1304","0x144844b5b9a5ef4587442bb740c0ff12a16b4d14","3010.953798155809754223","3010953798155809754223","51115417","0x2f68b8301414dda79c34f6d7a855642ec1958fc28e9ccc650b2019bd9b684260"
"1305","0x0370159649aa2d18be02a3beb7d6beee9ce6136b","3000.297361355228798443","3000297361355228798443","51115417","0x2f68b8301414dda79c34f6d7a855642ec1958fc28e9ccc650b2019bd9b684260"
"1306","0x7807d6687d1ae83cc96aaff00e119a2ee3f93fea","2996.626416612675605618","2996626416612675605618","51115417","0x2f68b8301414dda79c34f6d7a855642ec1958fc28e9ccc650b2019bd9b684260"
"1307","0xf5f4052cee978bb8e8b9e29c2068e4f3649e91d2","2995.285082853308509204","2995285082853308509204","51115417","0x2f68b8301414dda79c34f6d7a855642ec1958fc28e9ccc650b2019bd9b684260"
"1308","0x41fa4dbe826d316ddcdb99fa17592b1dba80352d","2995.108850895494011105","2995108850895494011105","51115417","0x2f68b8301414dda79c34f6d7a855642ec1958fc28e9ccc650b2019bd9b684260"
"1309","0x0682285b7a990292dd5e6922ba5ecfeb0e0827fb","2983.387457571041406889","2983387457571041406889","51115417","0x2f68b8301414dda79c34f6d7a855642ec1958fc28e9ccc650b2019bd9b684260"
"1310","0xad9a7d2c89f51f9ff9966792beb6623f96f6e110","2980.264853758887287646","2980264853758887287646","51115417","0x2f68b8301414dda79c34f6d7a855642ec1958fc28e9ccc650b2019bd9b684260"
"1311","0x7af9663a6f1bf7c173255801088015fcbb875cf3","2964.271983433262268514","2964271983433262268514","51115417","0x2f68b8301414dda79c34f6d7a855642ec1958fc28e9ccc650b2019bd9b684260"
"1312","0xfd988e2b2722b32e76ceb1b69a5b1e4a868ece77","2953.227898964929821334","2953227898964929821334","51115417","0x2f68b8301414dda79c34f6d7a855642ec1958fc28e9ccc650b2019bd9b684260"
"1313","0x39c365bd3adc81c8a129800c697bc265657372bc","2946.73003947849356251","2946730039478493562510","51115417","0x2f68b8301414dda79c34f6d7a855642ec1958fc28e9ccc650b2019bd9b684260"
"1314","0xac0771ccb9fa3dfeb4eb4fc43dc898abfd9928a6","2944.888902227454224426","2944888902227454224426","51115417","0x2f68b8301414dda79c34f6d7a855642ec1958fc28e9ccc650b2019bd9b684260"
"1315","0xdf3e6fe0808bdfb3e8de36824f4ed28980263667","2929.102315339691884735","2929102315339691884735","51115417","0x2f68b8301414dda79c34f6d7a855642ec1958fc28e9ccc650b2019bd9b684260"
"1316","0x5ddf17336d6a9bf2bd0137ed7a65f75ba7710601","2921.321072528287409612","2921321072528287409612","51115417","0x2f68b8301414dda79c34f6d7a855642ec1958fc28e9ccc650b2019bd9b684260"
"1317","0xba6e7602f384dbb1eba387deead52430e8206cc8","2918.73564288530942243","2918735642885309422430","51115417","0x2f68b8301414dda79c34f6d7a855642ec1958fc28e9ccc650b2019bd9b684260"
"1318","0x1b6a67119c01925321b056470f625b892c436103","2914.613232486452179271","2914613232486452179271","51115417","0x2f68b8301414dda79c34f6d7a855642ec1958fc28e9ccc650b2019bd9b684260"
"1319","0xa92de3fd9fa31525a9f78c7de738300327755aa3","2909.718405016996630955","2909718405016996630955","51115417","0x2f68b8301414dda79c34f6d7a855642ec1958fc28e9ccc650b2019bd9b684260"
"1320","0x2d170d77bf8535db59b22b920d4b28236395927c","2895.10010633633929339","2895100106336339293390","51115417","0x2f68b8301414dda79c34f6d7a855642ec1958fc28e9ccc650b2019bd9b684260"
"1321","0x08ebaacaa5aaa4f0f02e937823b38882816167e6","2892.858396761713308622","2892858396761713308622","51115417","0x2f68b8301414dda79c34f6d7a855642ec1958fc28e9ccc650b2019bd9b684260"
"1322","0x50ccd4971ec745f1c6ceec2d27f71f8ff1d47211","2884.0289324501360971","2884028932450136097100","51115417","0x2f68b8301414dda79c34f6d7a855642ec1958fc28e9ccc650b2019bd9b684260"
"1323","0x8b978c3688ab5ce8c72574d041f7a0bc2553a23d","2872.087624261727391136","2872087624261727391136","51115417","0x2f68b8301414dda79c34f6d7a855642ec1958fc28e9ccc650b2019bd9b684260"
"1324","0xfaaf932dc20918e6f81856bcb19647f3e91c477b","2862.986921657808150578","2862986921657808150578","51115417","0x2f68b8301414dda79c34f6d7a855642ec1958fc28e9ccc650b2019bd9b684260"
"1325","0x28f70a3198a3e17a70294cfe383c7c4d7489e95b","2858.560992356813758567","2858560992356813758567","51115417","0x2f68b8301414dda79c34f6d7a855642ec1958fc28e9ccc650b2019bd9b684260"
"1326","0x3ceef195708660e9c9932f425581c7cc9a54215b","2850.179425134530706149","2850179425134530706149","51115417","0x2f68b8301414dda79c34f6d7a855642ec1958fc28e9ccc650b2019bd9b684260"
"1327","0x5ff2450e93a3c8f7a1987c1ff1b9316e43e2af34","2841.059446031883066757","2841059446031883066757","51115417","0x2f68b8301414dda79c34f6d7a855642ec1958fc28e9ccc650b2019bd9b684260"
"1328","0xb5d6f5409eda574a7032eff8e301b7759bd868df","2833.914097873237703765","2833914097873237703765","51115417","0x2f68b8301414dda79c34f6d7a855642ec1958fc28e9ccc650b2019bd9b684260"
"1329","0xd972ef535a172fddc689edc0583324709d41866b","2828.192573421318980297","2828192573421318980297","51115417","0x2f68b8301414dda79c34f6d7a855642ec1958fc28e9ccc650b2019bd9b684260"
"1330","0x29726936fd16d9b1ab9c23daa4ee5eaea99901a7","2811.542436771926443675","2811542436771926443675","51115417","0x2f68b8301414dda79c34f6d7a855642ec1958fc28e9ccc650b2019bd9b684260"
"1331","0x139b62491955c638629b8285c66b5d11007f9877","2807.462730286329076038","2807462730286329076038","51115417","0x2f68b8301414dda79c34f6d7a855642ec1958fc28e9ccc650b2019bd9b684260"
"1332","0xa9145fec192db9027c39a57dc90fbcc12560aba1","2799.367428047951232981","2799367428047951232981","51115417","0x2f68b8301414dda79c34f6d7a855642ec1958fc28e9ccc650b2019bd9b684260"
"1333","0x9fbb61e802f26fdb620293237c183cccd19a2737","2794.90322248592265172","2794903222485922651720","51115417","0x2f68b8301414dda79c34f6d7a855642ec1958fc28e9ccc650b2019bd9b684260"
"1334","0x9f6cf55e169d12c457fca7e9e9248c6fb8eea184","2783.848036043469179539","2783848036043469179539","51115417","0x2f68b8301414dda79c34f6d7a855642ec1958fc28e9ccc650b2019bd9b684260"
"1335","0x6a553ad3c49e2fb7d745f04599ecd47cfc1b3c2a","2776.424869716852625492","2776424869716852625492","51115417","0x2f68b8301414dda79c34f6d7a855642ec1958fc28e9ccc650b2019bd9b684260"
"1336","0x298bb56ce230b7634c0e63e6768140aa33c442f7","2776.332851118882151604","2776332851118882151604","51115417","0x2f68b8301414dda79c34f6d7a855642ec1958fc28e9ccc650b2019bd9b684260"
"1337","0x824d6046cf90d41b1d77c6a1a95a9a2408005144","2767.926024388017370728","2767926024388017370728","51115417","0x2f68b8301414dda79c34f6d7a855642ec1958fc28e9ccc650b2019bd9b684260"
"1338","0x5ffdf87b7449c02de3410fe77e8fc144b68a4435","2765.202454181733266671","2765202454181733266671","51115417","0x2f68b8301414dda79c34f6d7a855642ec1958fc28e9ccc650b2019bd9b684260"
"1339","0x501c5afbe9ff09a41f7ff0c77dc1a351b789f0d6","2759.904092883009424725","2759904092883009424725","51115417","0x2f68b8301414dda79c34f6d7a855642ec1958fc28e9ccc650b2019bd9b684260"
"1340","0xc886f093388b1476f94e6c7078e2c462cfbfda48","2756.993573441394751284","2756993573441394751284","51115417","0x2f68b8301414dda79c34f6d7a855642ec1958fc28e9ccc650b2019bd9b684260"
"1341","0xd1133d7edc34b9406bbe8cc5eb73b65426d7e265","2748.049934930035152303","2748049934930035152303","51115417","0x2f68b8301414dda79c34f6d7a855642ec1958fc28e9ccc650b2019bd9b684260"
"1342","0x4d171bdf82d82831415db9a4b16acd27ea2d8b38","2744.840483643635067931","2744840483643635067931","51115417","0x2f68b8301414dda79c34f6d7a855642ec1958fc28e9ccc650b2019bd9b684260"
"1343","0xd4bbbfd8297963324098824da15c901026f0593e","2743.549349053761256269","2743549349053761256269","51115417","0x2f68b8301414dda79c34f6d7a855642ec1958fc28e9ccc650b2019bd9b684260"
"1344","0x38277d5b0e8b3dc42129632e30ba1f02c2bb05db","2743.150895385202691472","2743150895385202691472","51115417","0x2f68b8301414dda79c34f6d7a855642ec1958fc28e9ccc650b2019bd9b684260"
"1345","0x1336bbb88a26f6ba4acba2e1aa17374242a631d2","2737.869330269751596222","2737869330269751596222","51115417","0x2f68b8301414dda79c34f6d7a855642ec1958fc28e9ccc650b2019bd9b684260"
"1346","0xe7e72c7357335180fe8d1747bd2cf3383570ce6a","2737.614960450171854244","2737614960450171854244","51115417","0x2f68b8301414dda79c34f6d7a855642ec1958fc28e9ccc650b2019bd9b684260"
"1347","0x5e4ff742b3ad1b730fe51d1b10b0909c889d68a6","2736.85122650697708177","2736851226506977081770","51115417","0x2f68b8301414dda79c34f6d7a855642ec1958fc28e9ccc650b2019bd9b684260"
"1348","0x9e00ed85acb7fadab3dda2cddc3e0a14c647039c","2735.182779901295192849","2735182779901295192849","51115417","0x2f68b8301414dda79c34f6d7a855642ec1958fc28e9ccc650b2019bd9b684260"
"1349","0x60075266fa80e95ef24c60f08bbbe5d564b69160","2733.623380788279230378","2733623380788279230378","51115417","0x2f68b8301414dda79c34f6d7a855642ec1958fc28e9ccc650b2019bd9b684260"
"1350","0xb2c7e06cae9201b72f982ea92fa4308092e8c1c9","2731.88052086467919037","2731880520864679190370","51115417","0x2f68b8301414dda79c34f6d7a855642ec1958fc28e9ccc650b2019bd9b684260"
"1351","0xb1918268158f99f05f4c40cfc92fdf9099297011","2730.21320007745220645","2730213200077452206450","51115417","0x2f68b8301414dda79c34f6d7a855642ec1958fc28e9ccc650b2019bd9b684260"
"1352","0x4c4f2fea8c1f053330834e0361a6a4ac729b04e5","2729.970768287902219386","2729970768287902219386","51115417","0x2f68b8301414dda79c34f6d7a855642ec1958fc28e9ccc650b2019bd9b684260"
"1353","0xe63f28634549fd98e06e2662b8df9d4e5db9be24","2728.955466914236670377","2728955466914236670377","51115417","0x2f68b8301414dda79c34f6d7a855642ec1958fc28e9ccc650b2019bd9b684260"
"1354","0x5dcd71252f9c86465a7d3916cc395fef391d3ef6","2714.431379720367518277","2714431379720367518277","51115417","0x2f68b8301414dda79c34f6d7a855642ec1958fc28e9ccc650b2019bd9b684260"
"1355","0x1b9e1b9a0186ac557c78a2b13b160bfb523fe16d","2708.072534832265872362","2708072534832265872362","51115417","0x2f68b8301414dda79c34f6d7a855642ec1958fc28e9ccc650b2019bd9b684260"
"1356","0x82c25884d65115f55542e87405eac55d3ce41f3c","2701.660058700275448713","2701660058700275448713","51115417","0x2f68b8301414dda79c34f6d7a855642ec1958fc28e9ccc650b2019bd9b684260"
"1357","0x48094bf6ea834bdfc87c46701cea5686acbb3485","2698.897921927655831705","2698897921927655831705","51115417","0x2f68b8301414dda79c34f6d7a855642ec1958fc28e9ccc650b2019bd9b684260"
"1358","0x28e18c2bea5b26acb9551a2b7f964174198eee5e","2695.683185669486078592","2695683185669486078592","51115417","0x2f68b8301414dda79c34f6d7a855642ec1958fc28e9ccc650b2019bd9b684260"
"1359","0x9e148af5281a736b3b2641c7ef3f5006e39dcd1c","2691.912225814303145895","2691912225814303145895","51115417","0x2f68b8301414dda79c34f6d7a855642ec1958fc28e9ccc650b2019bd9b684260"
"1360","0x0a771437ee59dcd30429dda71a1a011db8957bd1","2680.945116811706212189","2680945116811706212189","51115417","0x2f68b8301414dda79c34f6d7a855642ec1958fc28e9ccc650b2019bd9b684260"
"1361","0x9f9aab54d2b4a5681d2f8e68a106e32c84cfdf51","2676.440659998842101713","2676440659998842101713","51115417","0x2f68b8301414dda79c34f6d7a855642ec1958fc28e9ccc650b2019bd9b684260"
"1362","0xe3d73981fcce693036d38f7b2066a43ef69177e0","2657.352552200854915959","2657352552200854915959","51115417","0x2f68b8301414dda79c34f6d7a855642ec1958fc28e9ccc650b2019bd9b684260"
"1363","0x62838a9eb00c3ca6559c76629e423b88723b7397","2656.572288381666769863","2656572288381666769863","51115417","0x2f68b8301414dda79c34f6d7a855642ec1958fc28e9ccc650b2019bd9b684260"
"1364","0x038df456c5fc7870c26ae7d5c5f85c0250931846","2655.862257834443948747","2655862257834443948747","51115417","0x2f68b8301414dda79c34f6d7a855642ec1958fc28e9ccc650b2019bd9b684260"
"1365","0x83cfc0a4f70c7374ece7f849b838df447317e2d1","2655.287505201856146528","2655287505201856146528","51115417","0x2f68b8301414dda79c34f6d7a855642ec1958fc28e9ccc650b2019bd9b684260"
"1366","0x75e6778c708c129934180d6b396cada135c2473e","2654.887290244748109562","2654887290244748109562","51115417","0x2f68b8301414dda79c34f6d7a855642ec1958fc28e9ccc650b2019bd9b684260"
"1367","0xa23ea02660e2d266697b9fb8869b854221d4bd66","2653.194181092444781292","2653194181092444781292","51115417","0x2f68b8301414dda79c34f6d7a855642ec1958fc28e9ccc650b2019bd9b684260"
"1368","0xf8849b467e9234ae3b098cd0f813938434b06994","2648.931780530660047188","2648931780530660047188","51115417","0x2f68b8301414dda79c34f6d7a855642ec1958fc28e9ccc650b2019bd9b684260"
"1369","0xe3f40e0da0899433de5301a27795cb27f86fc32c","2647.10036469075321695","2647100364690753216950","51115417","0x2f68b8301414dda79c34f6d7a855642ec1958fc28e9ccc650b2019bd9b684260"
"1370","0xbd42225094d9352c69c2f3fa55006c46a8064af9","2646.261116694717636235","2646261116694717636235","51115417","0x2f68b8301414dda79c34f6d7a855642ec1958fc28e9ccc650b2019bd9b684260"
"1371","0xb859c86d717b1d2f4f06ac1a77436ca22706ce3e","2630.754619734998706243","2630754619734998706243","51115417","0x2f68b8301414dda79c34f6d7a855642ec1958fc28e9ccc650b2019bd9b684260"
"1372","0xa0538ca2ae565c82bd85a1a44f4c4d81ad9c99ba","2618.622064308811079366","2618622064308811079366","51115417","0x2f68b8301414dda79c34f6d7a855642ec1958fc28e9ccc650b2019bd9b684260"
"1373","0x7a40460713f5a58e5a1756dbd9d799831f5120b3","2615.773824983081488796","2615773824983081488796","51115417","0x2f68b8301414dda79c34f6d7a855642ec1958fc28e9ccc650b2019bd9b684260"
"1374","0xf4ba8e97d59284ebfc7ab33a509bb8938748d492","2614.537373372908733588","2614537373372908733588","51115417","0x2f68b8301414dda79c34f6d7a855642ec1958fc28e9ccc650b2019bd9b684260"
"1375","0x5602e4f1116cdb9236570ffcce9e1d5a00406f09","2612.667102234667965838","2612667102234667965838","51115417","0x2f68b8301414dda79c34f6d7a855642ec1958fc28e9ccc650b2019bd9b684260"
"1376","0x5935dbe7ca78852f229ad164d917f729158c9a13","2611.043937107057662722","2611043937107057662722","51115417","0x2f68b8301414dda79c34f6d7a855642ec1958fc28e9ccc650b2019bd9b684260"
"1377","0x6123ce0e5afd6dd3b400930570862ccc45dac0e7","2608.400394512300537181","2608400394512300537181","51115417","0x2f68b8301414dda79c34f6d7a855642ec1958fc28e9ccc650b2019bd9b684260"
"1378","0x28d6ec0d1275a09c332c62952a4561d5d78f20fe","2598.328773608739696571","2598328773608739696571","51115417","0x2f68b8301414dda79c34f6d7a855642ec1958fc28e9ccc650b2019bd9b684260"
"1379","0xb1a8c7a7bd7d0022451a6ce9bb8c9ac258618da9","2597.740654284034945981","2597740654284034945981","51115417","0x2f68b8301414dda79c34f6d7a855642ec1958fc28e9ccc650b2019bd9b684260"
"1380","0x0dcd149d8a0bd20305e848dec11e7a568f7b9209","2591.230307121491029037","2591230307121491029037","51115417","0x2f68b8301414dda79c34f6d7a855642ec1958fc28e9ccc650b2019bd9b684260"
"1381","0x850a41577515fc7ca9796ba70427c5229079fc69","2586.937751145482313687","2586937751145482313687","51115417","0x2f68b8301414dda79c34f6d7a855642ec1958fc28e9ccc650b2019bd9b684260"
"1382","0xcd6ef30d619afc9596082175637b1d7d4db26e70","2582.336037886391533052","2582336037886391533052","51115417","0x2f68b8301414dda79c34f6d7a855642ec1958fc28e9ccc650b2019bd9b684260"
"1383","0xcb28bac328b102ccff5897af3ab35e2f29331415","2580.667253975560578022","2580667253975560578022","51115417","0x2f68b8301414dda79c34f6d7a855642ec1958fc28e9ccc650b2019bd9b684260"
"1384","0x22e9ce7b6db26a6c446ab83929a202b094a14c37","2578.88365709022954834","2578883657090229548340","51115417","0x2f68b8301414dda79c34f6d7a855642ec1958fc28e9ccc650b2019bd9b684260"
"1385","0x50b2686af731d7432aa83f8b02ed70003038c150","2577.795683220516994929","2577795683220516994929","51115417","0x2f68b8301414dda79c34f6d7a855642ec1958fc28e9ccc650b2019bd9b684260"
"1386","0xf2ae7f34bcbba4ae576f98e1a07b49389daaaa6e","2559.077965359022684131","2559077965359022684131","51115417","0x2f68b8301414dda79c34f6d7a855642ec1958fc28e9ccc650b2019bd9b684260"
"1387","0xa7eae3f838004bfccce205509f7b03956be4a9f8","2558.31429108454266722","2558314291084542667220","51115417","0x2f68b8301414dda79c34f6d7a855642ec1958fc28e9ccc650b2019bd9b684260"
"1388","0xc6d36074d4401d25fc0fdc6e5060413f1f283b52","2553.4789976372516885","2553478997637251688500","51115417","0x2f68b8301414dda79c34f6d7a855642ec1958fc28e9ccc650b2019bd9b684260"
"1389","0xb13b2822770c7b7d026348269794a4986891482f","2544.281250041763549428","2544281250041763549428","51115417","0x2f68b8301414dda79c34f6d7a855642ec1958fc28e9ccc650b2019bd9b684260"
"1390","0xffb987278c35bfc8d7b3034a6dea7523a3375f70","2537.493900128720887437","2537493900128720887437","51115417","0x2f68b8301414dda79c34f6d7a855642ec1958fc28e9ccc650b2019bd9b684260"
"1391","0xc450fb81915d757a6b41b3182e11d2be4399951d","2521.751053315019032344","2521751053315019032344","51115417","0x2f68b8301414dda79c34f6d7a855642ec1958fc28e9ccc650b2019bd9b684260"
"1392","0x337455396f6e258cdc751deb013b81625719ea5b","2521.396759572544835536","2521396759572544835536","51115417","0x2f68b8301414dda79c34f6d7a855642ec1958fc28e9ccc650b2019bd9b684260"
"1393","0xa926f6fd2ff9d42e8b62352cd05adf7bb76b439e","2520.780724055860679011","2520780724055860679011","51115417","0x2f68b8301414dda79c34f6d7a855642ec1958fc28e9ccc650b2019bd9b684260"
"1394","0x14dbe8dd8005ded734d44b0867718069967be9d0","2502.07835208778979704","2502078352087789797040","51115417","0x2f68b8301414dda79c34f6d7a855642ec1958fc28e9ccc650b2019bd9b684260"
"1395","0x90b978272120bb4366c0e5c7f7c206b4ab1071eb","2486.567048000682163068","2486567048000682163068","51115417","0x2f68b8301414dda79c34f6d7a855642ec1958fc28e9ccc650b2019bd9b684260"
"1396","0xbf0b0fd0ebeefa6ec53d1a666f9fe0533d19113f","2482.605222443978828222","2482605222443978828222","51115417","0x2f68b8301414dda79c34f6d7a855642ec1958fc28e9ccc650b2019bd9b684260"
"1397","0x09cabf662c1f9972b9073783bff41712497fae31","2479.633925157156926407","2479633925157156926407","51115417","0x2f68b8301414dda79c34f6d7a855642ec1958fc28e9ccc650b2019bd9b684260"
"1398","0xcac270a3d91b62806e35990551654066b78b29ac","2479.5712747517244422","2479571274751724442200","51115417","0x2f68b8301414dda79c34f6d7a855642ec1958fc28e9ccc650b2019bd9b684260"
"1399","0x750edfe10e0da29fe39a1b5d2aac01b9a45962ef","2464.423040036460625101","2464423040036460625101","51115417","0x2f68b8301414dda79c34f6d7a855642ec1958fc28e9ccc650b2019bd9b684260"
"1400","0x335bb2d2fc2ae29dcf7225735bbabf77165d60d1","2463.59849651405822633","2463598496514058226330","51115417","0x2f68b8301414dda79c34f6d7a855642ec1958fc28e9ccc650b2019bd9b684260"
"1401","0x80fee53ade96aaf46e1e4cb5c07ad3cdb20ca3dd","2463.276908441104332063","2463276908441104332063","51115417","0x2f68b8301414dda79c34f6d7a855642ec1958fc28e9ccc650b2019bd9b684260"
"1402","0x98c1b0cb8acd20ae213037098f1dfb49e69dd61e","2463.263922632565660455","2463263922632565660455","51115417","0x2f68b8301414dda79c34f6d7a855642ec1958fc28e9ccc650b2019bd9b684260"
"1403","0x85d494a1369ddfeda5b6837eb46ebbffe50f5d4a","2460.630076399760386597","2460630076399760386597","51115417","0x2f68b8301414dda79c34f6d7a855642ec1958fc28e9ccc650b2019bd9b684260"
"1404","0xe3afb0134aa19cd7939d88ce4a58dae5b8142a5b","2448.824607197403996925","2448824607197403996925","51115417","0x2f68b8301414dda79c34f6d7a855642ec1958fc28e9ccc650b2019bd9b684260"
"1405","0xf736970b8e730033fcbdb274ba5965b4793e3b6c","2438.522956569364031852","2438522956569364031852","51115417","0x2f68b8301414dda79c34f6d7a855642ec1958fc28e9ccc650b2019bd9b684260"
"1406","0xabd6c509a5a5ee5c1c52c5eb67a44060d213ef81","2437.170656394127014873","2437170656394127014873","51115417","0x2f68b8301414dda79c34f6d7a855642ec1958fc28e9ccc650b2019bd9b684260"
"1407","0x3fbb348fc6c2401d6d3a428c002fa5dbb42d2019","2435.30860689713677509","2435308606897136775090","51115417","0x2f68b8301414dda79c34f6d7a855642ec1958fc28e9ccc650b2019bd9b684260"
"1408","0x5965b734dd2d87b9334028dad796180da7d48a86","2430.136151945395475059","2430136151945395475059","51115417","0x2f68b8301414dda79c34f6d7a855642ec1958fc28e9ccc650b2019bd9b684260"
"1409","0x037398d1e9e775c60b1e96b49841f3f699f73d32","2420.246382837604857816","2420246382837604857816","51115417","0x2f68b8301414dda79c34f6d7a855642ec1958fc28e9ccc650b2019bd9b684260"
"1410","0x5f56a098480aca3593609723a3f3f2a5e6db37a6","2414.015710099991974408","2414015710099991974408","51115417","0x2f68b8301414dda79c34f6d7a855642ec1958fc28e9ccc650b2019bd9b684260"
"1411","0x0a7a79417d6606908ddc4f3099953c9615ab5228","2401.500829606556055814","2401500829606556055814","51115417","0x2f68b8301414dda79c34f6d7a855642ec1958fc28e9ccc650b2019bd9b684260"
"1412","0xed610a81772767d575311a17ce7177128813ac65","2398.58380518952272872","2398583805189522728720","51115417","0x2f68b8301414dda79c34f6d7a855642ec1958fc28e9ccc650b2019bd9b684260"
"1413","0x6315055a465294d2bb8cdb7ef0f0621ac342679f","2394.031635747129398817","2394031635747129398817","51115417","0x2f68b8301414dda79c34f6d7a855642ec1958fc28e9ccc650b2019bd9b684260"
"1414","0xab4f5de9badc23a6e7aa37b6d8fb8193ce1c67fb","2392.028947536030987554","2392028947536030987554","51115417","0x2f68b8301414dda79c34f6d7a855642ec1958fc28e9ccc650b2019bd9b684260"
"1415","0x06169e859a98af8489c7d55433e0c4dec753f96c","2387.080663136403504125","2387080663136403504125","51115417","0x2f68b8301414dda79c34f6d7a855642ec1958fc28e9ccc650b2019bd9b684260"
"1416","0xff2a58bd8f275ad976655a0225645dfb25fca640","2361.902763122635790304","2361902763122635790304","51115417","0x2f68b8301414dda79c34f6d7a855642ec1958fc28e9ccc650b2019bd9b684260"
"1417","0x4f80416fa40e1346b35866b75c227aa7d8e0f0e4","2359.088389341049403054","2359088389341049403054","51115417","0x2f68b8301414dda79c34f6d7a855642ec1958fc28e9ccc650b2019bd9b684260"
"1418","0xe837c02e3b70fa624091b475fba97833bcd9bae2","2353.730098715784525695","2353730098715784525695","51115417","0x2f68b8301414dda79c34f6d7a855642ec1958fc28e9ccc650b2019bd9b684260"
"1419","0x3560de7c0ae65123822c67bd5fad3ccbb5bd3318","2342.012515841639498274","2342012515841639498274","51115417","0x2f68b8301414dda79c34f6d7a855642ec1958fc28e9ccc650b2019bd9b684260"
"1420","0x69aec4cd2c8c509b4e6483858961994ad0263ecd","2338.50500149655928965","2338505001496559289650","51115417","0x2f68b8301414dda79c34f6d7a855642ec1958fc28e9ccc650b2019bd9b684260"
"1421","0x99c408c35a678a6a7f136d7c578fa4bd072442f8","2326.665565618973778188","2326665565618973778188","51115417","0x2f68b8301414dda79c34f6d7a855642ec1958fc28e9ccc650b2019bd9b684260"
"1422","0xf9ef83168fc811d08f8bb04a86192b1c1113b4ac","2326.188566342126995656","2326188566342126995656","51115417","0x2f68b8301414dda79c34f6d7a855642ec1958fc28e9ccc650b2019bd9b684260"
"1423","0xf285a9ad610083472b217568a639cf6f6aa73494","2322.942210584284723028","2322942210584284723028","51115417","0x2f68b8301414dda79c34f6d7a855642ec1958fc28e9ccc650b2019bd9b684260"
"1424","0xdf8ad33af781cff9058452f15786be2a93a77e5b","2317.872277483873138542","2317872277483873138542","51115417","0x2f68b8301414dda79c34f6d7a855642ec1958fc28e9ccc650b2019bd9b684260"
"1425","0x5917c105cbbaad631e4f25ba05ce3a1cc324f35d","2315.628055179629588366","2315628055179629588366","51115417","0x2f68b8301414dda79c34f6d7a855642ec1958fc28e9ccc650b2019bd9b684260"
"1426","0x06e1a0134dc24a6d0e40085663172fa9f57c1222","2303.224731384003854825","2303224731384003854825","51115417","0x2f68b8301414dda79c34f6d7a855642ec1958fc28e9ccc650b2019bd9b684260"
"1427","0x24869cd698df4bac00eaf4dddd5634d420a9858d","2287.289698132525157742","2287289698132525157742","51115417","0x2f68b8301414dda79c34f6d7a855642ec1958fc28e9ccc650b2019bd9b684260"
"1428","0x83ead2047dc4ac68d9222e580a0e7b3261893003","2278.916058453775587647","2278916058453775587647","51115417","0x2f68b8301414dda79c34f6d7a855642ec1958fc28e9ccc650b2019bd9b684260"
"1429","0xce199a62bd02479f683c2d7a13f4555371603fb5","2274.923841267563213894","2274923841267563213894","51115417","0x2f68b8301414dda79c34f6d7a855642ec1958fc28e9ccc650b2019bd9b684260"
"1430","0x4e3e519eacbc640c25bc4b6085f6218d998e3ee2","2270.220534027985701323","2270220534027985701323","51115417","0x2f68b8301414dda79c34f6d7a855642ec1958fc28e9ccc650b2019bd9b684260"
"1431","0x0d31aa58d7c67a969822dc862e1ef03da70b28d9","2263.189486434887895518","2263189486434887895518","51115417","0x2f68b8301414dda79c34f6d7a855642ec1958fc28e9ccc650b2019bd9b684260"
"1432","0xfd8d2bae0bf0298a97b4b99b4bdb9829121ce1fa","2238.471388947653905687","2238471388947653905687","51115417","0x2f68b8301414dda79c34f6d7a855642ec1958fc28e9ccc650b2019bd9b684260"
"1433","0xb11db272ebfabedf611a07684e82165db60dc70e","2237.341766170765283818","2237341766170765283818","51115417","0x2f68b8301414dda79c34f6d7a855642ec1958fc28e9ccc650b2019bd9b684260"
"1434","0xb0bf3177d662c9d230c48d4474585a6f91d6dd93","2231.322553882602403294","2231322553882602403294","51115417","0x2f68b8301414dda79c34f6d7a855642ec1958fc28e9ccc650b2019bd9b684260"
"1435","0x1941f6c9db50c2f5e919fd43832102935ac9ada7","2230.657945064129696489","2230657945064129696489","51115417","0x2f68b8301414dda79c34f6d7a855642ec1958fc28e9ccc650b2019bd9b684260"
"1436","0x7f14e3f0bc159748847f7935de40c3af2c29c01b","2229.444441066066727203","2229444441066066727203","51115417","0x2f68b8301414dda79c34f6d7a855642ec1958fc28e9ccc650b2019bd9b684260"
"1437","0x3b13d4c505a95d673149edfa3aa00c2334285a83","2217.229097390167689421","2217229097390167689421","51115417","0x2f68b8301414dda79c34f6d7a855642ec1958fc28e9ccc650b2019bd9b684260"
"1438","0xe8e9d95227f8001e75ef31d7a2cbb02222aa53d5","2208.912037853954395881","2208912037853954395881","51115417","0x2f68b8301414dda79c34f6d7a855642ec1958fc28e9ccc650b2019bd9b684260"
"1439","0x5fa2709fbf80381db4275d5c04abd6aba0aff2d2","2205.222519686699806019","2205222519686699806019","51115417","0x2f68b8301414dda79c34f6d7a855642ec1958fc28e9ccc650b2019bd9b684260"
"1440","0xb7a7b80c46c62268945c212253919a1038d13d3f","2203.219739585093639354","2203219739585093639354","51115417","0x2f68b8301414dda79c34f6d7a855642ec1958fc28e9ccc650b2019bd9b684260"
"1441","0xc361437aa94576be8f59cad0198ddec5c9932db2","2202.178253071727156092","2202178253071727156092","51115417","0x2f68b8301414dda79c34f6d7a855642ec1958fc28e9ccc650b2019bd9b684260"
"1442","0x8b72996f5e45e3134dcf00e0b48c1bb3cdd7727f","2196.99622376801734854","2196996223768017348540","51115417","0x2f68b8301414dda79c34f6d7a855642ec1958fc28e9ccc650b2019bd9b684260"
"1443","0xb7dbe5b539e4ff3ffbde0d107703b7698bf55d99","2178.724142983989334221","2178724142983989334221","51115417","0x2f68b8301414dda79c34f6d7a855642ec1958fc28e9ccc650b2019bd9b684260"
"1444","0xcd1a602678333d247cf229c95e9e867d93fde645","2165.114198046968448607","2165114198046968448607","51115417","0x2f68b8301414dda79c34f6d7a855642ec1958fc28e9ccc650b2019bd9b684260"
"1445","0xfc5c7a866cba3c67c13dd1e3aee27d74bd10870b","2164.497734200287581016","2164497734200287581016","51115417","0x2f68b8301414dda79c34f6d7a855642ec1958fc28e9ccc650b2019bd9b684260"
"1446","0x8697ba6c2d0f688e73e86e55634598b701a014db","2160.445039408649617677","2160445039408649617677","51115417","0x2f68b8301414dda79c34f6d7a855642ec1958fc28e9ccc650b2019bd9b684260"
"1447","0xdf49921af13b456d82f3505d2b510e1b0f6fa487","2156.068049315728078372","2156068049315728078372","51115417","0x2f68b8301414dda79c34f6d7a855642ec1958fc28e9ccc650b2019bd9b684260"
"1448","0x970b38540f885e3784c2ee99a9a40f34c38ecef7","2149.974586240767941679","2149974586240767941679","51115417","0x2f68b8301414dda79c34f6d7a855642ec1958fc28e9ccc650b2019bd9b684260"
"1449","0x9b2b78003e469a342977e0a078f6aef88077acd9","2147.950367001627301763","2147950367001627301763","51115417","0x2f68b8301414dda79c34f6d7a855642ec1958fc28e9ccc650b2019bd9b684260"
"1450","0x200a13e1c1628859a6e4796b10020352ae13d7ea","2144.065663035460186907","2144065663035460186907","51115417","0x2f68b8301414dda79c34f6d7a855642ec1958fc28e9ccc650b2019bd9b684260"
"1451","0x18e89ffb77669a787143d367ad4b8f9b28c80bb4","2140.57262964507638907","2140572629645076389070","51115417","0x2f68b8301414dda79c34f6d7a855642ec1958fc28e9ccc650b2019bd9b684260"
"1452","0x047f7a81e6e00786b04dfbba2645c52318188888","2135.661688853898548834","2135661688853898548834","51115417","0x2f68b8301414dda79c34f6d7a855642ec1958fc28e9ccc650b2019bd9b684260"
"1453","0xfbf66ba70e37de06cf77ec8aa6a0ce2ef61a8ebd","2135.43393498420137178","2135433934984201371780","51115417","0x2f68b8301414dda79c34f6d7a855642ec1958fc28e9ccc650b2019bd9b684260"
"1454","0xfbcfa6b2439f63128d61fa1d734229347fccf28b","2135.07479362755251192","2135074793627552511920","51115417","0x2f68b8301414dda79c34f6d7a855642ec1958fc28e9ccc650b2019bd9b684260"
"1455","0xaf8e8cb17e74c706b2a882c612d641f546d4d776","2129.94019770241280409","2129940197702412804090","51115417","0x2f68b8301414dda79c34f6d7a855642ec1958fc28e9ccc650b2019bd9b684260"
"1456","0xcf848acb79196e8697e85dd49baf897ee27bfd23","2127.617787341858240992","2127617787341858240992","51115417","0x2f68b8301414dda79c34f6d7a855642ec1958fc28e9ccc650b2019bd9b684260"
"1457","0x754130dcdc440d689c9f67ba6c57195c5520cd17","2113.563195917350139634","2113563195917350139634","51115417","0x2f68b8301414dda79c34f6d7a855642ec1958fc28e9ccc650b2019bd9b684260"
"1458","0x3e6b3f435961db0661e5c4bbb957c814c478f7ef","2109.138455435629801562","2109138455435629801562","51115417","0x2f68b8301414dda79c34f6d7a855642ec1958fc28e9ccc650b2019bd9b684260"
"1459","0x29309ecbf8e861e64103f5fcd0607e64fbca8300","2107.953059022874466248","2107953059022874466248","51115417","0x2f68b8301414dda79c34f6d7a855642ec1958fc28e9ccc650b2019bd9b684260"
"1460","0x6cf0a794e4cd3c6159fac9758f83d43dcc83150c","2106.980768548903038339","2106980768548903038339","51115417","0x2f68b8301414dda79c34f6d7a855642ec1958fc28e9ccc650b2019bd9b684260"
"1461","0xd6e423a4f5a032a4595f4e4003786cae190561a2","2106.741830494855617507","2106741830494855617507","51115417","0x2f68b8301414dda79c34f6d7a855642ec1958fc28e9ccc650b2019bd9b684260"
"1462","0xf5f85ab198d848aa56c8435598eca39d3140cd46","2105.63175333393496732","2105631753333934967320","51115417","0x2f68b8301414dda79c34f6d7a855642ec1958fc28e9ccc650b2019bd9b684260"
"1463","0xa4f5698e9db634bbebb8fa9d47312a1cb0467731","2102.351166661550019221","2102351166661550019221","51115417","0x2f68b8301414dda79c34f6d7a855642ec1958fc28e9ccc650b2019bd9b684260"
"1464","0xfc094178532e8a0ca1d1318ef30faff94075fa90","2098.126133871124519019","2098126133871124519019","51115417","0x2f68b8301414dda79c34f6d7a855642ec1958fc28e9ccc650b2019bd9b684260"
"1465","0x1c3c52fc49a7f2220fbc608588ed9ad8c7cc1278","2097.47666310520491458","2097476663105204914580","51115417","0x2f68b8301414dda79c34f6d7a855642ec1958fc28e9ccc650b2019bd9b684260"
"1466","0x9c61f09b0da5b6328f5f31896b18d4dd8459a311","2085.945199415139953038","2085945199415139953038","51115417","0x2f68b8301414dda79c34f6d7a855642ec1958fc28e9ccc650b2019bd9b684260"
"1467","0x7a7a70131cfcb4c7329a13fca0fc20b856ddfbc0","2084.972024160962150259","2084972024160962150259","51115417","0x2f68b8301414dda79c34f6d7a855642ec1958fc28e9ccc650b2019bd9b684260"
"1468","0x7d1a9a9633d367863f619faa4cdc4d932f4e27ea","2082.485000011212035136","2082485000011212035136","51115417","0x2f68b8301414dda79c34f6d7a855642ec1958fc28e9ccc650b2019bd9b684260"
"1469","0x212e25112baf5e983a60e0f902f6a0b4cddddf60","2081.419154447536642982","2081419154447536642982","51115417","0x2f68b8301414dda79c34f6d7a855642ec1958fc28e9ccc650b2019bd9b684260"
"1470","0x7c10aa50312e7e973ef3497eef582f393a91c63e","2078.402050790322219834","2078402050790322219834","51115417","0x2f68b8301414dda79c34f6d7a855642ec1958fc28e9ccc650b2019bd9b684260"
"1471","0xef904502042cdda0e18c40e1d2ae9fe9e251c2e4","2076.137603210128588174","2076137603210128588174","51115417","0x2f68b8301414dda79c34f6d7a855642ec1958fc28e9ccc650b2019bd9b684260"
"1472","0xb3c389acf74380c27f2ae3643c7264a7030e1720","2072.421674309400155171","2072421674309400155171","51115417","0x2f68b8301414dda79c34f6d7a855642ec1958fc28e9ccc650b2019bd9b684260"
"1473","0x19fe066f404f36305fad3f684f1f913d0e5c4a99","2071.535798218547373885","2071535798218547373885","51115417","0x2f68b8301414dda79c34f6d7a855642ec1958fc28e9ccc650b2019bd9b684260"
"1474","0x9683d5232ee588de37e89e4bee91dd4cd20a6833","2070.762288650538097461","2070762288650538097461","51115417","0x2f68b8301414dda79c34f6d7a855642ec1958fc28e9ccc650b2019bd9b684260"
"1475","0xb3054f61977a53641bbe64311d3cd6fefef7cb5b","2068.751589119244404295","2068751589119244404295","51115417","0x2f68b8301414dda79c34f6d7a855642ec1958fc28e9ccc650b2019bd9b684260"
"1476","0xe5f6badee562e61c1fe7a2e14385937e81aeb280","2064.550557834020926509","2064550557834020926509","51115417","0x2f68b8301414dda79c34f6d7a855642ec1958fc28e9ccc650b2019bd9b684260"
"1477","0x2711e73e9f923a7bf9fed99c90fcfe9ebfc570c7","2060.466504923971569207","2060466504923971569207","51115417","0x2f68b8301414dda79c34f6d7a855642ec1958fc28e9ccc650b2019bd9b684260"
"1478","0xd58091672757fd8e47d61884d94d04d098f0b58d","2059.003621911678297674","2059003621911678297674","51115417","0x2f68b8301414dda79c34f6d7a855642ec1958fc28e9ccc650b2019bd9b684260"
"1479","0xa779339a3001c830ad6f85b122c2f98cb80c5090","2055.097646299467443694","2055097646299467443694","51115417","0x2f68b8301414dda79c34f6d7a855642ec1958fc28e9ccc650b2019bd9b684260"
"1480","0xabf5cbf354b338b6a385e8533037fa93a621d554","2053.58208616561474315","2053582086165614743150","51115417","0x2f68b8301414dda79c34f6d7a855642ec1958fc28e9ccc650b2019bd9b684260"
"1481","0xb608bf4db8aac8751fe6d873fd333c1cb82d868f","2035.597442785316122063","2035597442785316122063","51115417","0x2f68b8301414dda79c34f6d7a855642ec1958fc28e9ccc650b2019bd9b684260"
"1482","0xbcd1d1242e5871e70843822c2a629fdb52339f72","2031.311210490765787504","2031311210490765787504","51115417","0x2f68b8301414dda79c34f6d7a855642ec1958fc28e9ccc650b2019bd9b684260"
"1483","0xabb37e1ae379e58ab399cb62d446b2cad2fdb33b","2027.303317024391484026","2027303317024391484026","51115417","0x2f68b8301414dda79c34f6d7a855642ec1958fc28e9ccc650b2019bd9b684260"
"1484","0xd5e234aff6908e4cc338db468982c528eb084dbd","2023.309853754801718669","2023309853754801718669","51115417","0x2f68b8301414dda79c34f6d7a855642ec1958fc28e9ccc650b2019bd9b684260"
"1485","0x13e0338a228f81e3fdc3520a8756b28df2ea2907","2004.476954291876969399","2004476954291876969399","51115417","0x2f68b8301414dda79c34f6d7a855642ec1958fc28e9ccc650b2019bd9b684260"
"1486","0x86e01f6480161dd0612719c90504264463c55769","2002.947993519664418096","2002947993519664418096","51115417","0x2f68b8301414dda79c34f6d7a855642ec1958fc28e9ccc650b2019bd9b684260"
"1487","0x1facff912de481596115d8ab153b7f9fb5923c44","2001.812075525046285016","2001812075525046285016","51115417","0x2f68b8301414dda79c34f6d7a855642ec1958fc28e9ccc650b2019bd9b684260"
"1488","0x03bd8a7652e94eed4d760de2317beb47bca70cc0","1990.97891186326943597","1990978911863269435970","51115417","0x2f68b8301414dda79c34f6d7a855642ec1958fc28e9ccc650b2019bd9b684260"
"1489","0xd8733e6a1d8cff64c9fce1fb025d480227757c04","1981.500280907284119119","1981500280907284119119","51115417","0x2f68b8301414dda79c34f6d7a855642ec1958fc28e9ccc650b2019bd9b684260"
"1490","0x16eabc0652eb7268e35ad6abf2e053ecafa3a869","1974.683913655120293828","1974683913655120293828","51115417","0x2f68b8301414dda79c34f6d7a855642ec1958fc28e9ccc650b2019bd9b684260"
"1491","0x444917edcf8659f68b162a831d14c19efa573e50","1959.910689508946801803","1959910689508946801803","51115417","0x2f68b8301414dda79c34f6d7a855642ec1958fc28e9ccc650b2019bd9b684260"
"1492","0x01250c64d3fbd3c12700873cd701e8d240ab6baa","1959.667395865442729946","1959667395865442729946","51115417","0x2f68b8301414dda79c34f6d7a855642ec1958fc28e9ccc650b2019bd9b684260"
"1493","0xda7873563154b1c23c917e8fc1362b173b23dde3","1953.406955460632160571","1953406955460632160571","51115417","0x2f68b8301414dda79c34f6d7a855642ec1958fc28e9ccc650b2019bd9b684260"
"1494","0xfac248778b7e1926940856a5c9703bd33f4576f4","1952.777916375636431674","1952777916375636431674","51115417","0x2f68b8301414dda79c34f6d7a855642ec1958fc28e9ccc650b2019bd9b684260"
"1495","0x2c2c9d3884bce175114dabd27797bfa0fe3be83a","1942.909656262777136797","1942909656262777136797","51115417","0x2f68b8301414dda79c34f6d7a855642ec1958fc28e9ccc650b2019bd9b684260"
"1496","0xeba7959ba27db4204e8cf335807d841022ae0496","1940.18200999967855323","1940182009999678553230","51115417","0x2f68b8301414dda79c34f6d7a855642ec1958fc28e9ccc650b2019bd9b684260"
"1497","0x8ae9c4922abc60502b8fb1f90dcc3629f2d2eb3d","1936.291363015781147567","1936291363015781147567","51115417","0x2f68b8301414dda79c34f6d7a855642ec1958fc28e9ccc650b2019bd9b684260"
"1498","0xfebd04463ef0c17e34457d2bfe06650779442b15","1934.681616169508184247","1934681616169508184247","51115417","0x2f68b8301414dda79c34f6d7a855642ec1958fc28e9ccc650b2019bd9b684260"
"1499","0x5e35e46ad61091138899a2a0399da6abab877ce8","1931.507298275797185949","1931507298275797185949","51115417","0x2f68b8301414dda79c34f6d7a855642ec1958fc28e9ccc650b2019bd9b684260"
"1500","0x9ee2c83366f45f0db7ad2023f6f19875b814bada","1930.826840093232689095","1930826840093232689095","51115417","0x2f68b8301414dda79c34f6d7a855642ec1958fc28e9ccc650b2019bd9b684260"
"1501","0x3c5ddedd4516691b571a54718c80afb979ae0ca9","1918.472131563299907329","1918472131563299907329","51115417","0x2f68b8301414dda79c34f6d7a855642ec1958fc28e9ccc650b2019bd9b684260"
"1502","0x4e12767099a1e645742f133867fc563820a3d711","1905.819919060582299353","1905819919060582299353","51115417","0x2f68b8301414dda79c34f6d7a855642ec1958fc28e9ccc650b2019bd9b684260"
"1503","0x119aea2a4264faa05079c375523bbbbd87533c64","1904.54522664708829139","1904545226647088291390","51115417","0x2f68b8301414dda79c34f6d7a855642ec1958fc28e9ccc650b2019bd9b684260"
"1504","0x892fc3407cb2ae7866644e02d000dc62a766e4a0","1893.610697827647237616","1893610697827647237616","51115417","0x2f68b8301414dda79c34f6d7a855642ec1958fc28e9ccc650b2019bd9b684260"
"1505","0x06af1f9a22978cd0f8f12a0f5ecd1e49349b511b","1887.61930815085769676","1887619308150857696760","51115417","0x2f68b8301414dda79c34f6d7a855642ec1958fc28e9ccc650b2019bd9b684260"
"1506","0x10ee3a7f1908a7f744491a5cec582a458de39808","1885.443006280873916879","1885443006280873916879","51115417","0x2f68b8301414dda79c34f6d7a855642ec1958fc28e9ccc650b2019bd9b684260"
"1507","0x08636e2103a54cec431a1a4d155fab6fc41ef625","1884.667007500346742093","1884667007500346742093","51115417","0x2f68b8301414dda79c34f6d7a855642ec1958fc28e9ccc650b2019bd9b684260"
"1508","0x56294ce35d102678ed890ae13d2946f167406d5c","1882.064043472131350092","1882064043472131350092","51115417","0x2f68b8301414dda79c34f6d7a855642ec1958fc28e9ccc650b2019bd9b684260"
"1509","0xe00081c8aaea808b8df2aa438a1946bb94965449","1879.765594020067756949","1879765594020067756949","51115417","0x2f68b8301414dda79c34f6d7a855642ec1958fc28e9ccc650b2019bd9b684260"
"1510","0x4c7eaa456be638d84b301485f000b061af6e7585","1864.191100709071434442","1864191100709071434442","51115417","0x2f68b8301414dda79c34f6d7a855642ec1958fc28e9ccc650b2019bd9b684260"
"1511","0x4757e17ee39689ff677b1c37472e95b4a9ce5c18","1863.471995330115423337","1863471995330115423337","51115417","0x2f68b8301414dda79c34f6d7a855642ec1958fc28e9ccc650b2019bd9b684260"
"1512","0xd4ff9ce83abf1f52d06cf6c5e18fe6251ffacad8","1859.723436628792081655","1859723436628792081655","51115417","0x2f68b8301414dda79c34f6d7a855642ec1958fc28e9ccc650b2019bd9b684260"
"1513","0xfd29afe542f87001f910a193c4233e312d25ffde","1857.267268473367393296","1857267268473367393296","51115417","0x2f68b8301414dda79c34f6d7a855642ec1958fc28e9ccc650b2019bd9b684260"
"1514","0x282b67c52f54e5b4eb972424539a5f073c2561b9","1853.163834938044923824","1853163834938044923824","51115417","0x2f68b8301414dda79c34f6d7a855642ec1958fc28e9ccc650b2019bd9b684260"
"1515","0x194d7ce123f01e2088fe9f2a94ab046f6c0d4c9e","1850.998511884855662527","1850998511884855662527","51115417","0x2f68b8301414dda79c34f6d7a855642ec1958fc28e9ccc650b2019bd9b684260"
"1516","0xf0814c0e02618335a35f466e9224c5ee6260b975","1848.687159500903495227","1848687159500903495227","51115417","0x2f68b8301414dda79c34f6d7a855642ec1958fc28e9ccc650b2019bd9b684260"
"1517","0xe645518308ad05185c63f6521e9b9ba4e5e5d6ea","1846.518565221211643338","1846518565221211643338","51115417","0x2f68b8301414dda79c34f6d7a855642ec1958fc28e9ccc650b2019bd9b684260"
"1518","0x6008ae7de53800141475f4144c26e2a95c77b318","1845.465923014705059226","1845465923014705059226","51115417","0x2f68b8301414dda79c34f6d7a855642ec1958fc28e9ccc650b2019bd9b684260"
"1519","0x76724fb065f4560102fbb325f40567c771d19140","1839.505243894472072305","1839505243894472072305","51115417","0x2f68b8301414dda79c34f6d7a855642ec1958fc28e9ccc650b2019bd9b684260"
"1520","0x9ce09acd20a7eeded1f9367d3a3ceaf659289e0d","1838.504205597097517481","1838504205597097517481","51115417","0x2f68b8301414dda79c34f6d7a855642ec1958fc28e9ccc650b2019bd9b684260"
"1521","0x5e04dc1e1c7cb320518e089e77cdbaa1d54d54a9","1837.805971324626207001","1837805971324626207001","51115417","0x2f68b8301414dda79c34f6d7a855642ec1958fc28e9ccc650b2019bd9b684260"
"1522","0xb63432de9314e6c8984b62b3da579860d0b9395c","1823.767698149695749199","1823767698149695749199","51115417","0x2f68b8301414dda79c34f6d7a855642ec1958fc28e9ccc650b2019bd9b684260"
"1523","0xa0380291810e09596d400e8497d548c6b575c07e","1816.75207457241118057","1816752074572411180570","51115417","0x2f68b8301414dda79c34f6d7a855642ec1958fc28e9ccc650b2019bd9b684260"
"1524","0x832d15aebc931529f7ce0f4abceb5233b351c16f","1815.020513182739782911","1815020513182739782911","51115417","0x2f68b8301414dda79c34f6d7a855642ec1958fc28e9ccc650b2019bd9b684260"
"1525","0x0b065577a714725cbb2f1ebe5f039ac808a720c8","1797.136055271484382291","1797136055271484382291","51115417","0x2f68b8301414dda79c34f6d7a855642ec1958fc28e9ccc650b2019bd9b684260"
"1526","0xcdee12727906a0a002856a5a88b0ce9211de3ab0","1792.800566250228939052","1792800566250228939052","51115417","0x2f68b8301414dda79c34f6d7a855642ec1958fc28e9ccc650b2019bd9b684260"
"1527","0xa1b81f7b4d4ee2c25df0a0fbc0b7ee12d72e2575","1792.725377239018965638","1792725377239018965638","51115417","0x2f68b8301414dda79c34f6d7a855642ec1958fc28e9ccc650b2019bd9b684260"
"1528","0x59963315612e6c119fbc75178b1c0654548fb6a0","1784.960872886472570977","1784960872886472570977","51115417","0x2f68b8301414dda79c34f6d7a855642ec1958fc28e9ccc650b2019bd9b684260"
"1529","0xa82bb1a013c959fdad733362e9d992786a671bcb","1779.24775426903898649","1779247754269038986490","51115417","0x2f68b8301414dda79c34f6d7a855642ec1958fc28e9ccc650b2019bd9b684260"
"1530","0x508ed9daca3376d3e0e3324232f9c09e9d28861c","1775.36828573964633167","1775368285739646331670","51115417","0x2f68b8301414dda79c34f6d7a855642ec1958fc28e9ccc650b2019bd9b684260"
"1531","0x6e10ede4ee042b701f9651d57bab00684eaf9550","1771.253323734581122071","1771253323734581122071","51115417","0x2f68b8301414dda79c34f6d7a855642ec1958fc28e9ccc650b2019bd9b684260"
"1532","0x0c3023b638f05cfc85892f92b83b7e196424b10b","1766.625652468513623524","1766625652468513623524","51115417","0x2f68b8301414dda79c34f6d7a855642ec1958fc28e9ccc650b2019bd9b684260"
"1533","0x6eeea6249e6a0953bb1cf8e7b365594cf0e76d40","1758.269610416281748976","1758269610416281748976","51115417","0x2f68b8301414dda79c34f6d7a855642ec1958fc28e9ccc650b2019bd9b684260"
"1534","0x44ec90ea318036e003681de122352af3d3a5787f","1755.905756591680344319","1755905756591680344319","51115417","0x2f68b8301414dda79c34f6d7a855642ec1958fc28e9ccc650b2019bd9b684260"
"1535","0x71289393ae9204ef21b5048e873c34d38f63e8dd","1748.57375304808999746","1748573753048089997460","51115417","0x2f68b8301414dda79c34f6d7a855642ec1958fc28e9ccc650b2019bd9b684260"
"1536","0x08910f32eefd08c74bc7f2cfbca3e8938d7e8730","1743.677292002432540724","1743677292002432540724","51115417","0x2f68b8301414dda79c34f6d7a855642ec1958fc28e9ccc650b2019bd9b684260"
"1537","0x25b75d6eb94861d5de88bef7ffbf676533597df7","1741.038281832255738454","1741038281832255738454","51115417","0x2f68b8301414dda79c34f6d7a855642ec1958fc28e9ccc650b2019bd9b684260"
"1538","0x616328b7b8166b2e38bbb15e6f9110964a73925a","1738.88178055636436586","1738881780556364365860","51115417","0x2f68b8301414dda79c34f6d7a855642ec1958fc28e9ccc650b2019bd9b684260"
"1539","0x4624b31ff6d3c2af2da7218ee061242a4ddd2439","1736.846115978332861731","1736846115978332861731","51115417","0x2f68b8301414dda79c34f6d7a855642ec1958fc28e9ccc650b2019bd9b684260"
"1540","0xdedd8b3b1cbccc05c860bd8637e6baa67b3de0c7","1736.552724365124606959","1736552724365124606959","51115417","0x2f68b8301414dda79c34f6d7a855642ec1958fc28e9ccc650b2019bd9b684260"
"1541","0x24774361f8965741143f6a1483a0f6e54b8146da","1729.659595320995862641","1729659595320995862641","51115417","0x2f68b8301414dda79c34f6d7a855642ec1958fc28e9ccc650b2019bd9b684260"
"1542","0xa9414b8bea7d7a172e6aed3cf2903579b53ad500","1720.43938489680042263","1720439384896800422630","51115417","0x2f68b8301414dda79c34f6d7a855642ec1958fc28e9ccc650b2019bd9b684260"
"1543","0xd4db598a957bcb3b5a8be646358c32203cd906b4","1720.380362651519083511","1720380362651519083511","51115417","0x2f68b8301414dda79c34f6d7a855642ec1958fc28e9ccc650b2019bd9b684260"
"1544","0x80f6fe79b2d47feee2ffa3a3c254bc15ed40245b","1718.564566933792097566","1718564566933792097566","51115417","0x2f68b8301414dda79c34f6d7a855642ec1958fc28e9ccc650b2019bd9b684260"
"1545","0xe73213495b38b50bc0cf3169421b7b7557c9c56d","1702.857344981001555287","1702857344981001555287","51115417","0x2f68b8301414dda79c34f6d7a855642ec1958fc28e9ccc650b2019bd9b684260"
"1546","0xadf5f17582adfb0fb813f3c62a2cb23efcff2689","1695.37235988724655635","1695372359887246556350","51115417","0x2f68b8301414dda79c34f6d7a855642ec1958fc28e9ccc650b2019bd9b684260"
"1547","0x3a7ba104499187af7cb4bd7732ef13dfda1fe48e","1675.944322320571262989","1675944322320571262989","51115417","0x2f68b8301414dda79c34f6d7a855642ec1958fc28e9ccc650b2019bd9b684260"
"1548","0xfe41de86b0933d1a2cb3b6589f36582a87d83d48","1662.195720069250554143","1662195720069250554143","51115417","0x2f68b8301414dda79c34f6d7a855642ec1958fc28e9ccc650b2019bd9b684260"
"1549","0x653dbe05fa400cee4f12ad8d81479baf026ccdfe","1657.298652374483953335","1657298652374483953335","51115417","0x2f68b8301414dda79c34f6d7a855642ec1958fc28e9ccc650b2019bd9b684260"
"1550","0x9fa204db462f7e1437ccf67b45d5434aa3ca8511","1651.221669558078161515","1651221669558078161515","51115417","0x2f68b8301414dda79c34f6d7a855642ec1958fc28e9ccc650b2019bd9b684260"
"1551","0x3ac601fd4b3ac92258f8513c8789095340347abd","1649.783556482352252672","1649783556482352252672","51115417","0x2f68b8301414dda79c34f6d7a855642ec1958fc28e9ccc650b2019bd9b684260"
"1552","0xfba641004a6848510a1d957ba23cd13b466fcccf","1644.827724804440913367","1644827724804440913367","51115417","0x2f68b8301414dda79c34f6d7a855642ec1958fc28e9ccc650b2019bd9b684260"
"1553","0xedb002d5c65dfc2d946272df41403011470ef34c","1643.194996015077434873","1643194996015077434873","51115417","0x2f68b8301414dda79c34f6d7a855642ec1958fc28e9ccc650b2019bd9b684260"
"1554","0xaec5782be2a6160c8b969bb1c789a89200ecf803","1641.235512164967192137","1641235512164967192137","51115417","0x2f68b8301414dda79c34f6d7a855642ec1958fc28e9ccc650b2019bd9b684260"
"1555","0x86ef6ef23edc4aff2335c3b026f5ddf694e279b5","1639.128077108723765639","1639128077108723765639","51115417","0x2f68b8301414dda79c34f6d7a855642ec1958fc28e9ccc650b2019bd9b684260"
"1556","0xcaa30151b0e5ae821ee1848d1aba3dafe73ab65b","1637.679867859740710321","1637679867859740710321","51115417","0x2f68b8301414dda79c34f6d7a855642ec1958fc28e9ccc650b2019bd9b684260"
"1557","0x956647ef4f3f7cdcb1cb42cec653f63ce104f84e","1635.362037562553818229","1635362037562553818229","51115417","0x2f68b8301414dda79c34f6d7a855642ec1958fc28e9ccc650b2019bd9b684260"
"1558","0xb6d685098b2fb1ade7a03a3f5a99c94ab08f16bb","1634.845769620929724783","1634845769620929724783","51115417","0x2f68b8301414dda79c34f6d7a855642ec1958fc28e9ccc650b2019bd9b684260"
"1559","0x9532c766228ab868a8a8b9b8aca8cdb000f07244","1627.483901456209322295","1627483901456209322295","51115417","0x2f68b8301414dda79c34f6d7a855642ec1958fc28e9ccc650b2019bd9b684260"
"1560","0x849be83ac05313c09b38a747e3ca70bf42b100af","1614.025401440213231665","1614025401440213231665","51115417","0x2f68b8301414dda79c34f6d7a855642ec1958fc28e9ccc650b2019bd9b684260"
"1561","0x80586981a80000ac8951e204ae6a627e052fb08f","1609.379097080729580518","1609379097080729580518","51115417","0x2f68b8301414dda79c34f6d7a855642ec1958fc28e9ccc650b2019bd9b684260"
"1562","0x20a1e9b0f535ddbfe442d415119bdb3d58dae037","1600.532209504443744428","1600532209504443744428","51115417","0x2f68b8301414dda79c34f6d7a855642ec1958fc28e9ccc650b2019bd9b684260"
"1563","0x671bbeee5bb6ad9c304bf16122ed77ac5a2e91a9","1598.196442290068091331","1598196442290068091331","51115417","0x2f68b8301414dda79c34f6d7a855642ec1958fc28e9ccc650b2019bd9b684260"
"1564","0x0599f8a8ffab1bff75088b06dd7fd875ea7487a9","1595.869830544351947861","1595869830544351947861","51115417","0x2f68b8301414dda79c34f6d7a855642ec1958fc28e9ccc650b2019bd9b684260"
"1565","0xfd723c9df58bdfdd836361717bb50624f0009522","1591.752941799731078011","1591752941799731078011","51115417","0x2f68b8301414dda79c34f6d7a855642ec1958fc28e9ccc650b2019bd9b684260"
"1566","0xc971f6e21b7bf4ce460bd2e113a94fa850918918","1586.259737709607996767","1586259737709607996767","51115417","0x2f68b8301414dda79c34f6d7a855642ec1958fc28e9ccc650b2019bd9b684260"
"1567","0xb94ba81598cef8c5679af6c3b4037a8248999453","1586.089013589819696566","1586089013589819696566","51115417","0x2f68b8301414dda79c34f6d7a855642ec1958fc28e9ccc650b2019bd9b684260"
"1568","0x73e9032a317bdf7a2e3eabc4ae96ddbf405a0a2c","1583.125763554957978391","1583125763554957978391","51115417","0x2f68b8301414dda79c34f6d7a855642ec1958fc28e9ccc650b2019bd9b684260"
"1569","0x97ff9e9397b0c0a579b4381fdbf13cecae8e7b29","1579.774620224723589668","1579774620224723589668","51115417","0x2f68b8301414dda79c34f6d7a855642ec1958fc28e9ccc650b2019bd9b684260"
"1570","0xc6fe3591d6f516e17ec73671874a1785d78e215d","1574.822079030817139152","1574822079030817139152","51115417","0x2f68b8301414dda79c34f6d7a855642ec1958fc28e9ccc650b2019bd9b684260"
"1571","0x867b9a75b8e468ca6d482811993300e3d35489c4","1564.055462886975852163","1564055462886975852163","51115417","0x2f68b8301414dda79c34f6d7a855642ec1958fc28e9ccc650b2019bd9b684260"
"1572","0x88f1a936bbbcf1d6f02d76499ea6962ef5960550","1562.812470829930870132","1562812470829930870132","51115417","0x2f68b8301414dda79c34f6d7a855642ec1958fc28e9ccc650b2019bd9b684260"
"1573","0x00754b02cf82146acccd9a67b32c5730cc20f841","1558.878313529158800891","1558878313529158800891","51115417","0x2f68b8301414dda79c34f6d7a855642ec1958fc28e9ccc650b2019bd9b684260"
"1574","0x04d529b7ada2364b20bbcc7f500a7e2db4726d51","1554.34027725220703363","1554340277252207033630","51115417","0x2f68b8301414dda79c34f6d7a855642ec1958fc28e9ccc650b2019bd9b684260"
"1575","0x68401ca90445985a4cb700ff661c05a875620f90","1554.279724691608388984","1554279724691608388984","51115417","0x2f68b8301414dda79c34f6d7a855642ec1958fc28e9ccc650b2019bd9b684260"
"1576","0xffd5d6db6fb80d0586f143d7acbf36817d301f28","1545.484258816741970519","1545484258816741970519","51115417","0x2f68b8301414dda79c34f6d7a855642ec1958fc28e9ccc650b2019bd9b684260"
"1577","0x063c2cb6aa70fcb1410f2f455f153d0664e92369","1542.83286779016701151","1542832867790167011510","51115417","0x2f68b8301414dda79c34f6d7a855642ec1958fc28e9ccc650b2019bd9b684260"
"1578","0x86ed7a01c76cb1231f911b38b2ad4bcc556ccb75","1538.218256690093544326","1538218256690093544326","51115417","0x2f68b8301414dda79c34f6d7a855642ec1958fc28e9ccc650b2019bd9b684260"
"1579","0xf6ae6a97ae4d6c0f9bb14ae78dcbdd9015571803","1537.624639997727741201","1537624639997727741201","51115417","0x2f68b8301414dda79c34f6d7a855642ec1958fc28e9ccc650b2019bd9b684260"
"1580","0x7e1375247d7903cd403b0ffe8e0bc504bc461bc0","1536.220344044141397542","1536220344044141397542","51115417","0x2f68b8301414dda79c34f6d7a855642ec1958fc28e9ccc650b2019bd9b684260"
"1581","0x4c7ec424374735b800adce4c910b479fec741f13","1536.076304330087570663","1536076304330087570663","51115417","0x2f68b8301414dda79c34f6d7a855642ec1958fc28e9ccc650b2019bd9b684260"
"1582","0xa9b7528721e77f63b00e8f23d9194a1ef9ee667a","1535.337253413933199695","1535337253413933199695","51115417","0x2f68b8301414dda79c34f6d7a855642ec1958fc28e9ccc650b2019bd9b684260"
"1583","0x597e7bc7b01999c057c97f9d532e41f0c88f5003","1534.921433950878898101","1534921433950878898101","51115417","0x2f68b8301414dda79c34f6d7a855642ec1958fc28e9ccc650b2019bd9b684260"
"1584","0xca0c1d249c4b6de45b66f7a092d8353bbdd1d687","1531.664747501463050539","1531664747501463050539","51115417","0x2f68b8301414dda79c34f6d7a855642ec1958fc28e9ccc650b2019bd9b684260"
"1585","0xd3a1536072da131765d2afdc0b22507e2189f2a6","1527.348633485560319925","1527348633485560319925","51115417","0x2f68b8301414dda79c34f6d7a855642ec1958fc28e9ccc650b2019bd9b684260"
"1586","0x6ff2f77244895bc77a8d0362510b09236337e44e","1525.216126239964619251","1525216126239964619251","51115417","0x2f68b8301414dda79c34f6d7a855642ec1958fc28e9ccc650b2019bd9b684260"
"1587","0x171f15c19c6547784324c464a6cf8217bdaadf0e","1521.294496366962105158","1521294496366962105158","51115417","0x2f68b8301414dda79c34f6d7a855642ec1958fc28e9ccc650b2019bd9b684260"
"1588","0x3f82129ac9be6779ac81fd94aa9b9a2753ebb4c1","1515.197016897031926181","1515197016897031926181","51115417","0x2f68b8301414dda79c34f6d7a855642ec1958fc28e9ccc650b2019bd9b684260"
"1589","0x2662b8db01d164576e034fa7e781dee6df07834e","1509.360305814609741666","1509360305814609741666","51115417","0x2f68b8301414dda79c34f6d7a855642ec1958fc28e9ccc650b2019bd9b684260"
"1590","0xb58dbae3c3eabf43a9423e7ea2141c6d4f46f661","1508.441808112581509228","1508441808112581509228","51115417","0x2f68b8301414dda79c34f6d7a855642ec1958fc28e9ccc650b2019bd9b684260"
"1591","0x3c6db56bb10d84ea63b9bbd6cbb3afc31433e84b","1505.685778427764385401","1505685778427764385401","51115417","0x2f68b8301414dda79c34f6d7a855642ec1958fc28e9ccc650b2019bd9b684260"
"1592","0xfe0c37c4f08b0881fadf9acd83ff03cea4f20268","1504.573684745968048975","1504573684745968048975","51115417","0x2f68b8301414dda79c34f6d7a855642ec1958fc28e9ccc650b2019bd9b684260"
"1593","0xcc56e47e34be3387a395b6b45a210b9a3cd96526","1503.940811082106744259","1503940811082106744259","51115417","0x2f68b8301414dda79c34f6d7a855642ec1958fc28e9ccc650b2019bd9b684260"
"1594","0xa6267099e37955287d017d02a4a0f200c932248c","1497.909124995879246056","1497909124995879246056","51115417","0x2f68b8301414dda79c34f6d7a855642ec1958fc28e9ccc650b2019bd9b684260"
"1595","0x05e26c16fece06c219e59343d69e999c8c44f8b5","1495.725978220866141735","1495725978220866141735","51115417","0x2f68b8301414dda79c34f6d7a855642ec1958fc28e9ccc650b2019bd9b684260"
"1596","0xf9ebb03c9aab48fb9ad2eb2dcbf6ddfabf80baa5","1487.331421988476072736","1487331421988476072736","51115417","0x2f68b8301414dda79c34f6d7a855642ec1958fc28e9ccc650b2019bd9b684260"
"1597","0x8d56d922db2f35bd88b851f6a688f7385fb4fa71","1483.310195858671543318","1483310195858671543318","51115417","0x2f68b8301414dda79c34f6d7a855642ec1958fc28e9ccc650b2019bd9b684260"
"1598","0x3596ea067efc1548959a0a33ff7297e41de3c297","1481.274232840881804655","1481274232840881804655","51115417","0x2f68b8301414dda79c34f6d7a855642ec1958fc28e9ccc650b2019bd9b684260"
"1599","0xe97b16a62e7f399dcedc927a5127dbc501880b31","1480.318947627710750537","1480318947627710750537","51115417","0x2f68b8301414dda79c34f6d7a855642ec1958fc28e9ccc650b2019bd9b684260"
"1600","0xbaff1eb000ecdd9b8929b5c3fd53482f5cd185ee","1475.772738612434377025","1475772738612434377025","51115417","0x2f68b8301414dda79c34f6d7a855642ec1958fc28e9ccc650b2019bd9b684260"
"1601","0x97c349c080be37dfa47adf201473e800fb3514a0","1475.43077708450451204","1475430777084504512040","51115418","0x3be577df8102c5fdd3d8b5b71f533aff433ef562a8e68649b14a45739003e1e3"
"1602","0x25649162bd0f70e08aea66d9173e5eb9cbf35a6d","1474.794933862948469587","1474794933862948469587","51115418","0x3be577df8102c5fdd3d8b5b71f533aff433ef562a8e68649b14a45739003e1e3"
"1603","0x8c3f70b4aa51b305b646ffdae5cf80eda7d9fad4","1473.326975746499765144","1473326975746499765144","51115418","0x3be577df8102c5fdd3d8b5b71f533aff433ef562a8e68649b14a45739003e1e3"
"1604","0x56e789d7b2f3550a584d70e45de888f6d20acc0d","1471.168465795636246997","1471168465795636246997","51115418","0x3be577df8102c5fdd3d8b5b71f533aff433ef562a8e68649b14a45739003e1e3"
"1605","0x8ba9201bcd2b6e9779efef3a887d1a0318ad1729","1470.608888981741444823","1470608888981741444823","51115418","0x3be577df8102c5fdd3d8b5b71f533aff433ef562a8e68649b14a45739003e1e3"
"1606","0x776355218b0dc551f970c462b112f93f7be7d2b8","1470.508094438366707376","1470508094438366707376","51115418","0x3be577df8102c5fdd3d8b5b71f533aff433ef562a8e68649b14a45739003e1e3"
"1607","0xf5650e14d5cf28686bc1a1c70537750c4e77717d","1467.219562297787736105","1467219562297787736105","51115418","0x3be577df8102c5fdd3d8b5b71f533aff433ef562a8e68649b14a45739003e1e3"
"1608","0x2249c3765d83dba99e1c6a34d05ae7069115f2f9","1464.283547784986518545","1464283547784986518545","51115418","0x3be577df8102c5fdd3d8b5b71f533aff433ef562a8e68649b14a45739003e1e3"
"1609","0x421fb24a0d7a84d5278d11ac3cbb87e95437eedc","1458.859975168164364026","1458859975168164364026","51115418","0x3be577df8102c5fdd3d8b5b71f533aff433ef562a8e68649b14a45739003e1e3"
"1610","0x2e7a1e130ef309362c763d93d7468917573aaceb","1458.693986147347324244","1458693986147347324244","51115418","0x3be577df8102c5fdd3d8b5b71f533aff433ef562a8e68649b14a45739003e1e3"
"1611","0xf617d0caab56a64ff64be5540f15dcff6e041dce","1452.102232204962534012","1452102232204962534012","51115418","0x3be577df8102c5fdd3d8b5b71f533aff433ef562a8e68649b14a45739003e1e3"
"1612","0x69be7ae099b28f52cb9159caf583b6c94fdb5ab7","1450.043257839119798447","1450043257839119798447","51115418","0x3be577df8102c5fdd3d8b5b71f533aff433ef562a8e68649b14a45739003e1e3"
"1613","0x59d60213e3de00ab536f666d82983a4ebf5ea0c9","1446.417139745823655121","1446417139745823655121","51115418","0x3be577df8102c5fdd3d8b5b71f533aff433ef562a8e68649b14a45739003e1e3"
"1614","0xa2e6414a8f18c9f6af1cbb6cbcf32de7261f416b","1445.315588553774582116","1445315588553774582116","51115418","0x3be577df8102c5fdd3d8b5b71f533aff433ef562a8e68649b14a45739003e1e3"
"1615","0xb12242faddc1cf585f462d5f1184997739488543","1441.531316900318212499","1441531316900318212499","51115418","0x3be577df8102c5fdd3d8b5b71f533aff433ef562a8e68649b14a45739003e1e3"
"1616","0xb15d8ec7696929a5a2b56ce9b2d07e2f6319a1a1","1436.120482788055876246","1436120482788055876246","51115418","0x3be577df8102c5fdd3d8b5b71f533aff433ef562a8e68649b14a45739003e1e3"
"1617","0x68e2048a65eecb5b584ae3e43f4a5c8bc67406fc","1434.548445614534180292","1434548445614534180292","51115418","0x3be577df8102c5fdd3d8b5b71f533aff433ef562a8e68649b14a45739003e1e3"
"1618","0x7a0c3b69c1a6cf7b34a35a5ce9b0cc118dd92cfa","1433.704715677017415497","1433704715677017415497","51115418","0x3be577df8102c5fdd3d8b5b71f533aff433ef562a8e68649b14a45739003e1e3"
"1619","0xb41f33cb71a3af8a29179751778b9f4925e5abe5","1432.623071191127462465","1432623071191127462465","51115418","0x3be577df8102c5fdd3d8b5b71f533aff433ef562a8e68649b14a45739003e1e3"
"1620","0x981cc27bd476fc300a28270555c7bebf09efbcff","1428.652591506634294791","1428652591506634294791","51115418","0x3be577df8102c5fdd3d8b5b71f533aff433ef562a8e68649b14a45739003e1e3"
"1621","0xc4cc19c7a53499a9c9705dcdce61bef47d46015b","1426.356729972952145568","1426356729972952145568","51115418","0x3be577df8102c5fdd3d8b5b71f533aff433ef562a8e68649b14a45739003e1e3"
"1622","0xdd8bfba4b44144a7d1c8cced03532f53365db91e","1426.192330132339921464","1426192330132339921464","51115418","0x3be577df8102c5fdd3d8b5b71f533aff433ef562a8e68649b14a45739003e1e3"
"1623","0x7cd17417defb7267fc3a95498c4a339d6455c5af","1424.640340272912427505","1424640340272912427505","51115418","0x3be577df8102c5fdd3d8b5b71f533aff433ef562a8e68649b14a45739003e1e3"
"1624","0x5bcd8e7f93c14230fcec965a1a9dc9b024dd6612","1421.826256666091315555","1421826256666091315555","51115418","0x3be577df8102c5fdd3d8b5b71f533aff433ef562a8e68649b14a45739003e1e3"
"1625","0x70700850044bae544f916153d82459198f2fd883","1413.618121059868660175","1413618121059868660175","51115418","0x3be577df8102c5fdd3d8b5b71f533aff433ef562a8e68649b14a45739003e1e3"
"1626","0xc519528a45f31e3a27aa0cf9cccfc0aab58f60de","1413.481707474742241228","1413481707474742241228","51115418","0x3be577df8102c5fdd3d8b5b71f533aff433ef562a8e68649b14a45739003e1e3"
"1627","0xc2b4210af486af11f71e2f775be4237a1b8c213c","1411.186935484234178426","1411186935484234178426","51115418","0x3be577df8102c5fdd3d8b5b71f533aff433ef562a8e68649b14a45739003e1e3"
"1628","0xb9193d4a565eb2f751f8149271afc4e4bda7808b","1410.903041989942165459","1410903041989942165459","51115418","0x3be577df8102c5fdd3d8b5b71f533aff433ef562a8e68649b14a45739003e1e3"
"1629","0x8cac4055e1f4c247c9609284fb82d2f03442cecc","1403.876714449818462366","1403876714449818462366","51115418","0x3be577df8102c5fdd3d8b5b71f533aff433ef562a8e68649b14a45739003e1e3"
"1630","0x901a97315ba97e2f6275a6ae7b7a6d3b332c42e7","1397.562352942388483452","1397562352942388483452","51115418","0x3be577df8102c5fdd3d8b5b71f533aff433ef562a8e68649b14a45739003e1e3"
"1631","0x2153368e0037a01a4cc1a1cddd4c984e998a2afa","1393.594132053676832781","1393594132053676832781","51115418","0x3be577df8102c5fdd3d8b5b71f533aff433ef562a8e68649b14a45739003e1e3"
"1632","0x1994465b073e3ca8493a2405eea536bdf610c5b8","1393.308183688392177266","1393308183688392177266","51115418","0x3be577df8102c5fdd3d8b5b71f533aff433ef562a8e68649b14a45739003e1e3"
"1633","0x365f9ad6b5a7efb8cc741649e274858f89af1dc3","1389.579647739774983331","1389579647739774983331","51115418","0x3be577df8102c5fdd3d8b5b71f533aff433ef562a8e68649b14a45739003e1e3"
"1634","0x8dd59937df1e4f3847f1a80fb27934f7b184b244","1388.950585934636514464","1388950585934636514464","51115418","0x3be577df8102c5fdd3d8b5b71f533aff433ef562a8e68649b14a45739003e1e3"
"1635","0x08062888445261e92794e93209b61c2fc4e18860","1379.139017084842276393","1379139017084842276393","51115418","0x3be577df8102c5fdd3d8b5b71f533aff433ef562a8e68649b14a45739003e1e3"
"1636","0x07248330bf7adee7ce2ae9779462fdb5249d5d0c","1376.433627066848922949","1376433627066848922949","51115418","0x3be577df8102c5fdd3d8b5b71f533aff433ef562a8e68649b14a45739003e1e3"
"1637","0x03ecdaee4d86ad0233f02a2a0de2df3a1072e3ef","1376.43356374312481218","1376433563743124812180","51115418","0x3be577df8102c5fdd3d8b5b71f533aff433ef562a8e68649b14a45739003e1e3"
"1638","0xd2c0407e633593ca71880f2dddcfed221da2618b","1372.653203581747799445","1372653203581747799445","51115418","0x3be577df8102c5fdd3d8b5b71f533aff433ef562a8e68649b14a45739003e1e3"
"1639","0xa54d08c6ff1b6cfc9c281faf2a356648519bcd91","1370.373250359488770465","1370373250359488770465","51115418","0x3be577df8102c5fdd3d8b5b71f533aff433ef562a8e68649b14a45739003e1e3"
"1640","0xd89d3cba0585cab8060d6a94d5d6f02900815eac","1370.080227256415467785","1370080227256415467785","51115418","0x3be577df8102c5fdd3d8b5b71f533aff433ef562a8e68649b14a45739003e1e3"
"1641","0xd5646a4e97f1dd4ec5d1aab53657319213e5f42a","1365.730352922165181083","1365730352922165181083","51115418","0x3be577df8102c5fdd3d8b5b71f533aff433ef562a8e68649b14a45739003e1e3"
"1642","0x29897123c1fd1d596afb90aa502b618d3cef4679","1360.980833104623480777","1360980833104623480777","51115418","0x3be577df8102c5fdd3d8b5b71f533aff433ef562a8e68649b14a45739003e1e3"
"1643","0xbc8cce949f62452e99445ec92e0fce17cee711c2","1358.620102856513289416","1358620102856513289416","51115418","0x3be577df8102c5fdd3d8b5b71f533aff433ef562a8e68649b14a45739003e1e3"
"1644","0xec92d71dcf37bb35b1bcf539bd8e7a6adebd9533","1357.252812038273405576","1357252812038273405576","51115418","0x3be577df8102c5fdd3d8b5b71f533aff433ef562a8e68649b14a45739003e1e3"
"1645","0x495950a2844bc24a52db05dfb146480086d74478","1353.988107212845344164","1353988107212845344164","51115418","0x3be577df8102c5fdd3d8b5b71f533aff433ef562a8e68649b14a45739003e1e3"
"1646","0xfd40fb972c6362c3a21efab41f328fe9e5c37db5","1351.97351597598910425","1351973515975989104250","51115418","0x3be577df8102c5fdd3d8b5b71f533aff433ef562a8e68649b14a45739003e1e3"
"1647","0x6addff1f3aa250f8397c6ae7f727d92120acd338","1344.624126212446605132","1344624126212446605132","51115418","0x3be577df8102c5fdd3d8b5b71f533aff433ef562a8e68649b14a45739003e1e3"
"1648","0x093c1c700d4a4b4c5df94ad0f1c02d714041046f","1341.018969467266516989","1341018969467266516989","51115418","0x3be577df8102c5fdd3d8b5b71f533aff433ef562a8e68649b14a45739003e1e3"
"1649","0x3c59cc21ca6b4ec69d7e769308d96f168bfaed00","1339.666344724450630426","1339666344724450630426","51115418","0x3be577df8102c5fdd3d8b5b71f533aff433ef562a8e68649b14a45739003e1e3"
"1650","0x70c5894f23385fc14bfe0d4ba2157332332bb030","1334.947131770430328942","1334947131770430328942","51115418","0x3be577df8102c5fdd3d8b5b71f533aff433ef562a8e68649b14a45739003e1e3"
"1651","0x17a15d7161e3ac4edef53ca9048ebede799266e4","1329.022571246535932736","1329022571246535932736","51115418","0x3be577df8102c5fdd3d8b5b71f533aff433ef562a8e68649b14a45739003e1e3"
"1652","0x692997992a4ef609d3c1d4186e776d081b1a11b1","1328.653447729562726468","1328653447729562726468","51115418","0x3be577df8102c5fdd3d8b5b71f533aff433ef562a8e68649b14a45739003e1e3"
"1653","0xcc88ea60abf7133076ba694b5a844455b04b7d1d","1326.195578579502290157","1326195578579502290157","51115418","0x3be577df8102c5fdd3d8b5b71f533aff433ef562a8e68649b14a45739003e1e3"
"1654","0xe25437c737098bd251442626bbc75e2c175d5a58","1320.390611205237837111","1320390611205237837111","51115418","0x3be577df8102c5fdd3d8b5b71f533aff433ef562a8e68649b14a45739003e1e3"
"1655","0xbcd06b87f94f991cea9f2adae9f8a4729f100ea8","1320.33062420924468216","1320330624209244682160","51115418","0x3be577df8102c5fdd3d8b5b71f533aff433ef562a8e68649b14a45739003e1e3"
"1656","0xffbaa0de31cd06c0031682e6e991b2515e71192e","1317.887804752573217956","1317887804752573217956","51115418","0x3be577df8102c5fdd3d8b5b71f533aff433ef562a8e68649b14a45739003e1e3"
"1657","0x3f6d937d9800383fe274e1ee60501c40a50e1f8f","1314.901625119576393085","1314901625119576393085","51115418","0x3be577df8102c5fdd3d8b5b71f533aff433ef562a8e68649b14a45739003e1e3"
"1658","0x9f4646c035e94bb61965adc8cb25717130194961","1313.711089117857715164","1313711089117857715164","51115418","0x3be577df8102c5fdd3d8b5b71f533aff433ef562a8e68649b14a45739003e1e3"
"1659","0xd3ab4fdde00c4a8148b2cfaac1b3e64a5b748db6","1313.378192514661998427","1313378192514661998427","51115418","0x3be577df8102c5fdd3d8b5b71f533aff433ef562a8e68649b14a45739003e1e3"
"1660","0xb3e768c8de29ef90662f1f4f3afeb809fca73af1","1311.733800233189505644","1311733800233189505644","51115418","0x3be577df8102c5fdd3d8b5b71f533aff433ef562a8e68649b14a45739003e1e3"
"1661","0x5be1c28b5bb32aa24e2738639289032282205dff","1309.234698098154795585","1309234698098154795585","51115418","0x3be577df8102c5fdd3d8b5b71f533aff433ef562a8e68649b14a45739003e1e3"
"1662","0xba97436288ad715810a19b543c330c05d73a2448","1307.53726173080954749","1307537261730809547490","51115418","0x3be577df8102c5fdd3d8b5b71f533aff433ef562a8e68649b14a45739003e1e3"
"1663","0x002b9e62b11a5b80f5544f7185416c9e9c281423","1305.996892183540320702","1305996892183540320702","51115418","0x3be577df8102c5fdd3d8b5b71f533aff433ef562a8e68649b14a45739003e1e3"
"1664","0x29d34cbda66ef5f1dd06bd2fe0431be68e45eb61","1304.795132953452290671","1304795132953452290671","51115418","0x3be577df8102c5fdd3d8b5b71f533aff433ef562a8e68649b14a45739003e1e3"
"1665","0x79e5e618bb8e101603c0813803d2a66210ffcf43","1302.369268137075694329","1302369268137075694329","51115418","0x3be577df8102c5fdd3d8b5b71f533aff433ef562a8e68649b14a45739003e1e3"
"1666","0xf62aeba9696d2306cf91d2f51a20bb890de77250","1297.687063987151844543","1297687063987151844543","51115418","0x3be577df8102c5fdd3d8b5b71f533aff433ef562a8e68649b14a45739003e1e3"
"1667","0xac267a809edc679939ca23b3e8e5f5dd7d00640b","1296.844355562916994656","1296844355562916994656","51115418","0x3be577df8102c5fdd3d8b5b71f533aff433ef562a8e68649b14a45739003e1e3"
"1668","0x1028db60e9a2a5267728a85bf667026162d4409a","1296.722128374458612284","1296722128374458612284","51115418","0x3be577df8102c5fdd3d8b5b71f533aff433ef562a8e68649b14a45739003e1e3"
"1669","0xa543f735aa6adc5fef403696d6b81e9579edf6d2","1291.698343497739354235","1291698343497739354235","51115418","0x3be577df8102c5fdd3d8b5b71f533aff433ef562a8e68649b14a45739003e1e3"
"1670","0xc71065fc6c323f5bff756924ce45ae0062a52888","1291.225408900459885385","1291225408900459885385","51115418","0x3be577df8102c5fdd3d8b5b71f533aff433ef562a8e68649b14a45739003e1e3"
"1671","0xe6220f0054a73c43a2d5b9bd2357d63c6e27f915","1286.536741471079368304","1286536741471079368304","51115418","0x3be577df8102c5fdd3d8b5b71f533aff433ef562a8e68649b14a45739003e1e3"
"1672","0xab565fc86780bf97eff61ead2e944fdcc250fd3b","1286.014098987030246348","1286014098987030246348","51115418","0x3be577df8102c5fdd3d8b5b71f533aff433ef562a8e68649b14a45739003e1e3"
"1673","0xe8e31ce32118ed0b8d6ef265b1c926f797c57f76","1277.522843669858902683","1277522843669858902683","51115418","0x3be577df8102c5fdd3d8b5b71f533aff433ef562a8e68649b14a45739003e1e3"
"1674","0xdca7831bfbce76f76dd48b1e75875560ef2859b1","1275.495160780339693612","1275495160780339693612","51115418","0x3be577df8102c5fdd3d8b5b71f533aff433ef562a8e68649b14a45739003e1e3"
"1675","0x041c52425e1b61e50599f90af74d77fc7271cea5","1272.73879269112256978","1272738792691122569780","51115418","0x3be577df8102c5fdd3d8b5b71f533aff433ef562a8e68649b14a45739003e1e3"
"1676","0x8285f89d3a4f13708d81bc5e37424e19eac711b9","1266.169548254387861063","1266169548254387861063","51115418","0x3be577df8102c5fdd3d8b5b71f533aff433ef562a8e68649b14a45739003e1e3"
"1677","0x6ad0a6b15787f5604c3cdb673dfb8b455138279e","1260.682245760845817743","1260682245760845817743","51115418","0x3be577df8102c5fdd3d8b5b71f533aff433ef562a8e68649b14a45739003e1e3"
"1678","0x34d3e6118fdf311399909651a22f8c6d2b4f98ef","1255.887942996142008657","1255887942996142008657","51115418","0x3be577df8102c5fdd3d8b5b71f533aff433ef562a8e68649b14a45739003e1e3"
"1679","0xfcda726b1fc276a343eefe7149065d46fa64fa4e","1253.136592183610876448","1253136592183610876448","51115418","0x3be577df8102c5fdd3d8b5b71f533aff433ef562a8e68649b14a45739003e1e3"
"1680","0x0f539c2167eb3e1cf913c5eacd65fde4df8e938b","1249.224962581091844707","1249224962581091844707","51115418","0x3be577df8102c5fdd3d8b5b71f533aff433ef562a8e68649b14a45739003e1e3"
"1681","0x75b5a031eb0dad33458e4ef3ca326ad93b398484","1248.263590561298027796","1248263590561298027796","51115418","0x3be577df8102c5fdd3d8b5b71f533aff433ef562a8e68649b14a45739003e1e3"
"1682","0xb58bf2d5ffb52c1fad60f6750b639156ab249f53","1247.81336349285406356","1247813363492854063560","51115418","0x3be577df8102c5fdd3d8b5b71f533aff433ef562a8e68649b14a45739003e1e3"
"1683","0x54cc85a3bf84a8d8103e06ed341cad40aa4fef17","1244.890749295507734928","1244890749295507734928","51115418","0x3be577df8102c5fdd3d8b5b71f533aff433ef562a8e68649b14a45739003e1e3"
"1684","0xabf8d844a7180014a98d0bf77041671211447dac","1243.142551780369884224","1243142551780369884224","51115418","0x3be577df8102c5fdd3d8b5b71f533aff433ef562a8e68649b14a45739003e1e3"
"1685","0x43cf8d1ac37785b27a3992011a622ef5e5c2fdaf","1238.145900003005360993","1238145900003005360993","51115418","0x3be577df8102c5fdd3d8b5b71f533aff433ef562a8e68649b14a45739003e1e3"
"1686","0x2676306fa0eca351ad6715f0ab79641a991fe0b1","1235.960036456790405085","1235960036456790405085","51115418","0x3be577df8102c5fdd3d8b5b71f533aff433ef562a8e68649b14a45739003e1e3"
"1687","0x08d0234c666cf18b0c0c279437b54fbe6f3ccd57","1234.840281579961869431","1234840281579961869431","51115418","0x3be577df8102c5fdd3d8b5b71f533aff433ef562a8e68649b14a45739003e1e3"
"1688","0x5699e250bbd1b9fca2a9ea18bfcd0aee8fdd3007","1233.58216182393351867","1233582161823933518670","51115418","0x3be577df8102c5fdd3d8b5b71f533aff433ef562a8e68649b14a45739003e1e3"
"1689","0xbcb36ef0aac8c3f6de3333e0d272f5955e7130a1","1231.818095549795212983","1231818095549795212983","51115418","0x3be577df8102c5fdd3d8b5b71f533aff433ef562a8e68649b14a45739003e1e3"
"1690","0xbdefa6462a1b03d013b6993a424ce0f8a48b7dad","1227.72984114465918192","1227729841144659181920","51115418","0x3be577df8102c5fdd3d8b5b71f533aff433ef562a8e68649b14a45739003e1e3"
"1691","0x8e0cef0fdfaac2d1250587c677a5bb3d09f2c809","1221.494234556635871288","1221494234556635871288","51115418","0x3be577df8102c5fdd3d8b5b71f533aff433ef562a8e68649b14a45739003e1e3"
"1692","0xf6b5b2b8e4ee0173e7e1bc0bbbfb0c12d1db7f65","1218.471939528868800676","1218471939528868800676","51115418","0x3be577df8102c5fdd3d8b5b71f533aff433ef562a8e68649b14a45739003e1e3"
"1693","0x7e42a9a760353e30a22653418b42bd0185937899","1215.538816939165114421","1215538816939165114421","51115418","0x3be577df8102c5fdd3d8b5b71f533aff433ef562a8e68649b14a45739003e1e3"
"1694","0x65b98f801a9a9d4646509f58bdb821800ef1b957","1210.051839377328812537","1210051839377328812537","51115418","0x3be577df8102c5fdd3d8b5b71f533aff433ef562a8e68649b14a45739003e1e3"
"1695","0xc23087388498e3047524630ed1ec44100fff7025","1208.673551542821135792","1208673551542821135792","51115418","0x3be577df8102c5fdd3d8b5b71f533aff433ef562a8e68649b14a45739003e1e3"
"1696","0x4a459ca8a347fe5e3a52432498ed6cb15aa7cfe2","1207.461704569356558603","1207461704569356558603","51115418","0x3be577df8102c5fdd3d8b5b71f533aff433ef562a8e68649b14a45739003e1e3"
"1697","0xcfc9b6f3a403e346483c5f4d295f6d4164c3874a","1204.953997642287992653","1204953997642287992653","51115418","0x3be577df8102c5fdd3d8b5b71f533aff433ef562a8e68649b14a45739003e1e3"
"1698","0x325b99e891e2fb1a18e2e93b8a028ffe20c8cdcd","1204.812849466593870215","1204812849466593870215","51115418","0x3be577df8102c5fdd3d8b5b71f533aff433ef562a8e68649b14a45739003e1e3"
"1699","0x01d54c9ffbea1d8e6eb85dbd718bd0f40ce34daa","1204.695538959620391273","1204695538959620391273","51115418","0x3be577df8102c5fdd3d8b5b71f533aff433ef562a8e68649b14a45739003e1e3"
"1700","0x5006ffaec38fbfa960eb82ff4ba4a95f98fba6aa","1202.682676425393751837","1202682676425393751837","51115418","0x3be577df8102c5fdd3d8b5b71f533aff433ef562a8e68649b14a45739003e1e3"
"1701","0xeea6dbf2989fa1e37bc0fdd47edca1aae22566d4","1202.454330437310713154","1202454330437310713154","51115418","0x3be577df8102c5fdd3d8b5b71f533aff433ef562a8e68649b14a45739003e1e3"
"1702","0x4268097288eccbee25d8ccf2b4e7ff4b8a6e0dc8","1201.336363773809211795","1201336363773809211795","51115418","0x3be577df8102c5fdd3d8b5b71f533aff433ef562a8e68649b14a45739003e1e3"
"1703","0xedb9394b623723cf030fb94a358297b8ed4e16c3","1201.329878035281901328","1201329878035281901328","51115418","0x3be577df8102c5fdd3d8b5b71f533aff433ef562a8e68649b14a45739003e1e3"
"1704","0x481e2a2cc0956c5da182215350fc99ae393850e9","1187.280112219318830084","1187280112219318830084","51115418","0x3be577df8102c5fdd3d8b5b71f533aff433ef562a8e68649b14a45739003e1e3"
"1705","0x3dfdfa3375b81feb2743eaa6d58224d593e1bd5c","1186.891976264302501906","1186891976264302501906","51115418","0x3be577df8102c5fdd3d8b5b71f533aff433ef562a8e68649b14a45739003e1e3"
"1706","0x6074c47e2b0833f45619107943eb47b13d252a8c","1186.757485248448512741","1186757485248448512741","51115418","0x3be577df8102c5fdd3d8b5b71f533aff433ef562a8e68649b14a45739003e1e3"
"1707","0x714de6dd1cf95633cd6c1b1abdd7376166bf7e19","1186.547514077904389364","1186547514077904389364","51115418","0x3be577df8102c5fdd3d8b5b71f533aff433ef562a8e68649b14a45739003e1e3"
"1708","0xaa27c89de0b0a8158f6e9540accb42cdcc3f4854","1184.52991509125377715","1184529915091253777150","51115418","0x3be577df8102c5fdd3d8b5b71f533aff433ef562a8e68649b14a45739003e1e3"
"1709","0x87ae3a1cd4a5c86bb069561fa9c85c4f2886621e","1181.516466278506919424","1181516466278506919424","51115418","0x3be577df8102c5fdd3d8b5b71f533aff433ef562a8e68649b14a45739003e1e3"
"1710","0xd19b06d9ddf6e5d4e000815d823ff7bec1ccaf08","1178.909275815949290887","1178909275815949290887","51115418","0x3be577df8102c5fdd3d8b5b71f533aff433ef562a8e68649b14a45739003e1e3"
"1711","0x6980cdd80f92782cc625fec942011c539bc3dc54","1174.193127099480727304","1174193127099480727304","51115418","0x3be577df8102c5fdd3d8b5b71f533aff433ef562a8e68649b14a45739003e1e3"
"1712","0xc067034de0f62616624c3b07cabd6251a8be5e57","1174.182749847759783521","1174182749847759783521","51115418","0x3be577df8102c5fdd3d8b5b71f533aff433ef562a8e68649b14a45739003e1e3"
"1713","0x89d67c170b0729f1f93e36d643f8286cf1976492","1173.800611254691790654","1173800611254691790654","51115418","0x3be577df8102c5fdd3d8b5b71f533aff433ef562a8e68649b14a45739003e1e3"
"1714","0xc5814642980546736ebb41c78bd839205b752996","1173.057023008549803901","1173057023008549803901","51115418","0x3be577df8102c5fdd3d8b5b71f533aff433ef562a8e68649b14a45739003e1e3"
"1715","0xebff09190ba23d88b0345f59d8929017dfec34fd","1162.662261697347493885","1162662261697347493885","51115418","0x3be577df8102c5fdd3d8b5b71f533aff433ef562a8e68649b14a45739003e1e3"
"1716","0x8184f92a1cc4c239a0fdcddfaddf5d9e091602ea","1159.683223842705647186","1159683223842705647186","51115418","0x3be577df8102c5fdd3d8b5b71f533aff433ef562a8e68649b14a45739003e1e3"
"1717","0x3a9e5e90b35c13f271b4fc1dbdf3becf7b37ec69","1143.556596038245146288","1143556596038245146288","51115418","0x3be577df8102c5fdd3d8b5b71f533aff433ef562a8e68649b14a45739003e1e3"
"1718","0x4988953b9e61e27339eaf90d40dab8bc04b56462","1140.708318499804966144","1140708318499804966144","51115418","0x3be577df8102c5fdd3d8b5b71f533aff433ef562a8e68649b14a45739003e1e3"
"1719","0x91dd8de710f415f425647df911b370466a02b797","1140.708217361848729339","1140708217361848729339","51115418","0x3be577df8102c5fdd3d8b5b71f533aff433ef562a8e68649b14a45739003e1e3"
"1720","0xc494e1c786937f99f222c8e5e3748863a8baf6e8","1140.70811610022676247","1140708116100226762470","51115418","0x3be577df8102c5fdd3d8b5b71f533aff433ef562a8e68649b14a45739003e1e3"
"1721","0x0c8cc417855e88132746a6f1076e50b357a5ccd0","1139.795850470832207233","1139795850470832207233","51115418","0x3be577df8102c5fdd3d8b5b71f533aff433ef562a8e68649b14a45739003e1e3"
"1722","0x4457fbc396a860d8033f09e06b3d1ec102ccd19e","1138.017196745192951209","1138017196745192951209","51115418","0x3be577df8102c5fdd3d8b5b71f533aff433ef562a8e68649b14a45739003e1e3"
"1723","0x4d94745861aecd2abdf0b69b44b7aad79eec310c","1134.900873874246839198","1134900873874246839198","51115418","0x3be577df8102c5fdd3d8b5b71f533aff433ef562a8e68649b14a45739003e1e3"
"1724","0xfb1d8a9f8188ecdfad337a8f4ba818da20f04645","1132.507310683969155103","1132507310683969155103","51115418","0x3be577df8102c5fdd3d8b5b71f533aff433ef562a8e68649b14a45739003e1e3"
"1725","0xb182008844ebb4c48a477aca552f65d9d7f9b7c6","1129.978431373216180874","1129978431373216180874","51115418","0x3be577df8102c5fdd3d8b5b71f533aff433ef562a8e68649b14a45739003e1e3"
"1726","0xfe82905fad139abce33ce047d54d697c6bca574e","1125.027281782899814834","1125027281782899814834","51115418","0x3be577df8102c5fdd3d8b5b71f533aff433ef562a8e68649b14a45739003e1e3"
"1727","0xddcc309669a5232d4edb16e963b9f8f6856cc069","1124.696260914016425554","1124696260914016425554","51115418","0x3be577df8102c5fdd3d8b5b71f533aff433ef562a8e68649b14a45739003e1e3"
"1728","0x9330065a70e54ad29cf60c2c013e69900da13d73","1122.702739205308772902","1122702739205308772902","51115418","0x3be577df8102c5fdd3d8b5b71f533aff433ef562a8e68649b14a45739003e1e3"
"1729","0x99f97bbccb3f35b1f0fa39df032c564e5f3cd94e","1115.932674731518579881","1115932674731518579881","51115418","0x3be577df8102c5fdd3d8b5b71f533aff433ef562a8e68649b14a45739003e1e3"
"1730","0x289348002bdb57c2f913876d6bcccb21fa56d483","1110.776564816726118793","1110776564816726118793","51115418","0x3be577df8102c5fdd3d8b5b71f533aff433ef562a8e68649b14a45739003e1e3"
"1731","0xda836867078ee286a84791d08e9a174d5f96af80","1109.207403317999087487","1109207403317999087487","51115418","0x3be577df8102c5fdd3d8b5b71f533aff433ef562a8e68649b14a45739003e1e3"
"1732","0x1ff88966e606a94b1286e62db17a12cac9a72440","1107.898686972042938407","1107898686972042938407","51115418","0x3be577df8102c5fdd3d8b5b71f533aff433ef562a8e68649b14a45739003e1e3"
"1733","0x57818e0e6b708c8764e42fd78401830810bb7d80","1105.507761379418592013","1105507761379418592013","51115418","0x3be577df8102c5fdd3d8b5b71f533aff433ef562a8e68649b14a45739003e1e3"
"1734","0x6826669bba691227311daeaf856ea35b852ebd20","1104.82494645094404965","1104824946450944049650","51115418","0x3be577df8102c5fdd3d8b5b71f533aff433ef562a8e68649b14a45739003e1e3"
"1735","0xae78d31a018d5392205f3c050b6ab35bc12ba680","1104.188831700666698114","1104188831700666698114","51115418","0x3be577df8102c5fdd3d8b5b71f533aff433ef562a8e68649b14a45739003e1e3"
"1736","0x2283b0831ef8c18f32dd14ca07298eca34137303","1102.945626567568816941","1102945626567568816941","51115418","0x3be577df8102c5fdd3d8b5b71f533aff433ef562a8e68649b14a45739003e1e3"
"1737","0x043ec3ed7f303cf945a168efc63bfc9056c50ac0","1102.483640887458464693","1102483640887458464693","51115418","0x3be577df8102c5fdd3d8b5b71f533aff433ef562a8e68649b14a45739003e1e3"
"1738","0xac858f456386f063e580e154f2aac1001931f29d","1102.087441548974497945","1102087441548974497945","51115418","0x3be577df8102c5fdd3d8b5b71f533aff433ef562a8e68649b14a45739003e1e3"
"1739","0x3ec73b97886a778d172f14cf242e9da51eaa4f19","1099.532952748753397656","1099532952748753397656","51115418","0x3be577df8102c5fdd3d8b5b71f533aff433ef562a8e68649b14a45739003e1e3"
"1740","0x4b394d1ea9496036a2ca990c44a4e8dfc5d9c667","1097.176478910184346518","1097176478910184346518","51115418","0x3be577df8102c5fdd3d8b5b71f533aff433ef562a8e68649b14a45739003e1e3"
"1741","0xb595a230755871c1b9aaca0592e55fac30812705","1091.326576672278720211","1091326576672278720211","51115418","0x3be577df8102c5fdd3d8b5b71f533aff433ef562a8e68649b14a45739003e1e3"
"1742","0xa71522689913c3b8a2f1d6ab8fa0d553987e32c8","1084.452866335597629236","1084452866335597629236","51115418","0x3be577df8102c5fdd3d8b5b71f533aff433ef562a8e68649b14a45739003e1e3"
"1743","0xd403136ba0507ba41519503c4729fcf52a8841c0","1074.593165100434745065","1074593165100434745065","51115418","0x3be577df8102c5fdd3d8b5b71f533aff433ef562a8e68649b14a45739003e1e3"
"1744","0xffb964ca4865a4f6d95635f68d92496037ac291f","1068.344580536035666837","1068344580536035666837","51115418","0x3be577df8102c5fdd3d8b5b71f533aff433ef562a8e68649b14a45739003e1e3"
"1745","0x22bce88ac287d45736ea0ea0f15b0c37c0740a08","1065.777790705645165698","1065777790705645165698","51115418","0x3be577df8102c5fdd3d8b5b71f533aff433ef562a8e68649b14a45739003e1e3"
"1746","0x4e0eca12c7a9f8e30a11c72f272754a95813dd86","1065.72885558541172342","1065728855585411723420","51115418","0x3be577df8102c5fdd3d8b5b71f533aff433ef562a8e68649b14a45739003e1e3"
"1747","0x9b04a3cb987515bd48081d8a977b4b78e1b685d2","1059.998970533183790807","1059998970533183790807","51115418","0x3be577df8102c5fdd3d8b5b71f533aff433ef562a8e68649b14a45739003e1e3"
"1748","0xb5fbeee9c58f09e53dcba4b77dd30029f839e5c5","1058.267517570876385354","1058267517570876385354","51115418","0x3be577df8102c5fdd3d8b5b71f533aff433ef562a8e68649b14a45739003e1e3"
"1749","0xbb87b5b6b1b828fb26ed6bcd731fbc2e8aa89039","1054.753735475599376255","1054753735475599376255","51115418","0x3be577df8102c5fdd3d8b5b71f533aff433ef562a8e68649b14a45739003e1e3"
"1750","0x6811523b054bc922331802c59f44b147108402f3","1054.055737432153760109","1054055737432153760109","51115418","0x3be577df8102c5fdd3d8b5b71f533aff433ef562a8e68649b14a45739003e1e3"
"1751","0x96119fb863f53a8fdfd3f944c68db9dae2af931a","1053.701473177085865072","1053701473177085865072","51115418","0x3be577df8102c5fdd3d8b5b71f533aff433ef562a8e68649b14a45739003e1e3"
"1752","0xf3789222dcfd262bc59ff9b8de3498126adbec09","1052.386863478930682292","1052386863478930682292","51115418","0x3be577df8102c5fdd3d8b5b71f533aff433ef562a8e68649b14a45739003e1e3"
"1753","0x6da1bac246f79002bc7aca4e8c5630f9eb900fc8","1038.040407500000740021","1038040407500000740021","51115418","0x3be577df8102c5fdd3d8b5b71f533aff433ef562a8e68649b14a45739003e1e3"
"1754","0x204f745f5e61d2c306b873aa88b248e33adf7a8e","1036.361899505483444109","1036361899505483444109","51115418","0x3be577df8102c5fdd3d8b5b71f533aff433ef562a8e68649b14a45739003e1e3"
"1755","0x6da09e519b60143688526d35554082e1e43b0fa6","1033.568540213925447595","1033568540213925447595","51115418","0x3be577df8102c5fdd3d8b5b71f533aff433ef562a8e68649b14a45739003e1e3"
"1756","0x56ebcc941e5754cc9114e84f8ed48b38e0f1171f","1029.717828157666705786","1029717828157666705786","51115418","0x3be577df8102c5fdd3d8b5b71f533aff433ef562a8e68649b14a45739003e1e3"
"1757","0x336c20c1e9aae29dda0f574857e5c32e74030709","1027.383337056829894675","1027383337056829894675","51115418","0x3be577df8102c5fdd3d8b5b71f533aff433ef562a8e68649b14a45739003e1e3"
"1758","0x6cc76c912a73ff6748498d0b315fa2f00a1bc74d","1025.740630717125673801","1025740630717125673801","51115418","0x3be577df8102c5fdd3d8b5b71f533aff433ef562a8e68649b14a45739003e1e3"
"1759","0xec1257d76f124950918d418733a11f529941e5b5","1025.062708575168859294","1025062708575168859294","51115418","0x3be577df8102c5fdd3d8b5b71f533aff433ef562a8e68649b14a45739003e1e3"
"1760","0xa91f401786cc859e4db738171b405a54fae4a5e7","1017.53586055008096227","1017535860550080962270","51115418","0x3be577df8102c5fdd3d8b5b71f533aff433ef562a8e68649b14a45739003e1e3"
"1761","0x895cde841340e16579626f700e8f93f7f847b5bb","1012.416919641467931606","1012416919641467931606","51115418","0x3be577df8102c5fdd3d8b5b71f533aff433ef562a8e68649b14a45739003e1e3"
"1762","0x9ccb43a5441f4cf242e7176d0bd99076e57caefc","1010.258211605586125329","1010258211605586125329","51115418","0x3be577df8102c5fdd3d8b5b71f533aff433ef562a8e68649b14a45739003e1e3"
"1763","0xbcfd98ef8a736bb54bae21443f65b5e16eaac853","1008.864215049273332241","1008864215049273332241","51115418","0x3be577df8102c5fdd3d8b5b71f533aff433ef562a8e68649b14a45739003e1e3"
"1764","0x75d84dcb49022917dba07fca7ebe335667231a75","1006.134437263040421863","1006134437263040421863","51115418","0x3be577df8102c5fdd3d8b5b71f533aff433ef562a8e68649b14a45739003e1e3"
"1765","0xc006d2dbfee189576234f6b7d853f06ad3be35a9","1004.598929201118580231","1004598929201118580231","51115418","0x3be577df8102c5fdd3d8b5b71f533aff433ef562a8e68649b14a45739003e1e3"
"1766","0xb987462e8f1e7141c8ecfe9eeb18042f6a19188d","995.376103178029117121","995376103178029117121","51115418","0x3be577df8102c5fdd3d8b5b71f533aff433ef562a8e68649b14a45739003e1e3"
"1767","0xf5bdd97237163cdc2996797f97859057dfe498e2","995.30343984698677408","995303439846986774080","51115418","0x3be577df8102c5fdd3d8b5b71f533aff433ef562a8e68649b14a45739003e1e3"
"1768","0xb48c2d3c004a4b7ac37a547cf8b3c0b85daba66c","992.187613858073738249","992187613858073738249","51115418","0x3be577df8102c5fdd3d8b5b71f533aff433ef562a8e68649b14a45739003e1e3"
"1769","0x42864b0fcab52e4d346124964c98e2e8ee374dba","987.577484335354583291","987577484335354583291","51115418","0x3be577df8102c5fdd3d8b5b71f533aff433ef562a8e68649b14a45739003e1e3"
"1770","0xd3dbb1dfd87b745ecc49a62a78c665277a443ff3","985.510237584090083767","985510237584090083767","51115418","0x3be577df8102c5fdd3d8b5b71f533aff433ef562a8e68649b14a45739003e1e3"
"1771","0x1cd935e80a753325a4fbb836ec7d932b5bf9301e","980.520086804229897152","980520086804229897152","51115418","0x3be577df8102c5fdd3d8b5b71f533aff433ef562a8e68649b14a45739003e1e3"
"1772","0xa2fb24202db6c0b120e91a1b2ff671dbbbe88e2d","979.462873012328469709","979462873012328469709","51115418","0x3be577df8102c5fdd3d8b5b71f533aff433ef562a8e68649b14a45739003e1e3"
"1773","0x16d33ed79ef60e74d7e4fd3776aad391f29cbf2d","978.436826982928277059","978436826982928277059","51115418","0x3be577df8102c5fdd3d8b5b71f533aff433ef562a8e68649b14a45739003e1e3"
"1774","0xc644d7b70b5a8940409c6ea04949981e6fab4a89","977.5139065409519692","977513906540951969200","51115418","0x3be577df8102c5fdd3d8b5b71f533aff433ef562a8e68649b14a45739003e1e3"
"1775","0x9e4805f95ff722a5ac3686936608692c95e411a9","968.30380388711102827","968303803887111028270","51115418","0x3be577df8102c5fdd3d8b5b71f533aff433ef562a8e68649b14a45739003e1e3"
"1776","0xcba3984fbb08f0f7c1bbffce57277fe2881d7d41","967.932717657595349992","967932717657595349992","51115418","0x3be577df8102c5fdd3d8b5b71f533aff433ef562a8e68649b14a45739003e1e3"
"1777","0xf50a0c58c959071d3937bfaa85265fdf9364345a","967.898410097781308595","967898410097781308595","51115418","0x3be577df8102c5fdd3d8b5b71f533aff433ef562a8e68649b14a45739003e1e3"
"1778","0x6a8c1cff6bf9183a7e74d0a3c5694424b5075134","967.413966727961771374","967413966727961771374","51115418","0x3be577df8102c5fdd3d8b5b71f533aff433ef562a8e68649b14a45739003e1e3"
"1779","0xee02568c9140e7a87eda83c3fdc5e7dcff3d2071","967.25216772879978281","967252167728799782810","51115418","0x3be577df8102c5fdd3d8b5b71f533aff433ef562a8e68649b14a45739003e1e3"
"1780","0x1f01a21790196b220acb184c8ab8a97379dba063","966.944719849623109785","966944719849623109785","51115418","0x3be577df8102c5fdd3d8b5b71f533aff433ef562a8e68649b14a45739003e1e3"
"1781","0x12f35ee435f6674084e5a4b252b5dc90d066b81e","964.606875421979582696","964606875421979582696","51115418","0x3be577df8102c5fdd3d8b5b71f533aff433ef562a8e68649b14a45739003e1e3"
"1782","0xe3e1191557037ca31dd33a582a4263e0b12e949a","958.517026251260042121","958517026251260042121","51115418","0x3be577df8102c5fdd3d8b5b71f533aff433ef562a8e68649b14a45739003e1e3"
"1783","0x6d6fa74b78654924def772b3e84557f11d481c0b","955.426405069454136729","955426405069454136729","51115418","0x3be577df8102c5fdd3d8b5b71f533aff433ef562a8e68649b14a45739003e1e3"
"1784","0x2cf6ada56e42dc4d8cfabb321c005caad32a9be9","954.179490479728230494","954179490479728230494","51115418","0x3be577df8102c5fdd3d8b5b71f533aff433ef562a8e68649b14a45739003e1e3"
"1785","0xc784c70cddbfe35e0fdbe2f67c028aa4ae9a6a98","953.461939688924209014","953461939688924209014","51115418","0x3be577df8102c5fdd3d8b5b71f533aff433ef562a8e68649b14a45739003e1e3"
"1786","0x9a51a4dffe37657f66692bce976f6945b5ab793b","950.878321955001199931","950878321955001199931","51115418","0x3be577df8102c5fdd3d8b5b71f533aff433ef562a8e68649b14a45739003e1e3"
"1787","0x10a29807a0e3bb02f614642796cffc42032a0d50","943.306109238546021146","943306109238546021146","51115418","0x3be577df8102c5fdd3d8b5b71f533aff433ef562a8e68649b14a45739003e1e3"
"1788","0x97e802ceb92715427c61001fad21f296252c212a","943.197255296488280503","943197255296488280503","51115418","0x3be577df8102c5fdd3d8b5b71f533aff433ef562a8e68649b14a45739003e1e3"
"1789","0x089dad2435924a3428ec2db215b9a1c290df2b81","938.931688919495198133","938931688919495198133","51115418","0x3be577df8102c5fdd3d8b5b71f533aff433ef562a8e68649b14a45739003e1e3"
"1790","0x53d22e9ef1f4a93071024143dffd46f0b8a6287d","932.048417311931713005","932048417311931713005","51115418","0x3be577df8102c5fdd3d8b5b71f533aff433ef562a8e68649b14a45739003e1e3"
"1791","0x48433711cb68824f9bfd177b1dade8f443c1a95d","931.020038775104567261","931020038775104567261","51115418","0x3be577df8102c5fdd3d8b5b71f533aff433ef562a8e68649b14a45739003e1e3"
"1792","0x93ecc85f965f1f85426ff440d5e629c35e13f903","927.236259331864804764","927236259331864804764","51115418","0x3be577df8102c5fdd3d8b5b71f533aff433ef562a8e68649b14a45739003e1e3"
"1793","0x85a39f361aa3d7baf075f77ae2d4aa6332c84c0e","926.389515165843476017","926389515165843476017","51115418","0x3be577df8102c5fdd3d8b5b71f533aff433ef562a8e68649b14a45739003e1e3"
"1794","0x4203d39b29e0b947fe32b574236a4ce96cbb9b9d","925.342940769529453299","925342940769529453299","51115418","0x3be577df8102c5fdd3d8b5b71f533aff433ef562a8e68649b14a45739003e1e3"
"1795","0x2634aff5a0e7b496ac11fc9cfb65933b7c612fb9","924.693207406302377686","924693207406302377686","51115418","0x3be577df8102c5fdd3d8b5b71f533aff433ef562a8e68649b14a45739003e1e3"
"1796","0xdad85506de27670693ddc101ac7a9a11c02b3567","919.279701104333877681","919279701104333877681","51115418","0x3be577df8102c5fdd3d8b5b71f533aff433ef562a8e68649b14a45739003e1e3"
"1797","0x6577a36c980e16faba52990311a937ffc509ec26","917.371469938941647663","917371469938941647663","51115418","0x3be577df8102c5fdd3d8b5b71f533aff433ef562a8e68649b14a45739003e1e3"
"1798","0x336538447e7d1167353c3f5dc1d9568924e11341","915.093292920693200159","915093292920693200159","51115418","0x3be577df8102c5fdd3d8b5b71f533aff433ef562a8e68649b14a45739003e1e3"
"1799","0xce1fed3a277093ebb7afd28efc120cbb70ae17af","913.76009965037643681","913760099650376436810","51115418","0x3be577df8102c5fdd3d8b5b71f533aff433ef562a8e68649b14a45739003e1e3"
"1800","0x2b25bccca8f8cc5643e065fa088a8905e302c903","913.30296881888595632","913302968818885956320","51115418","0x3be577df8102c5fdd3d8b5b71f533aff433ef562a8e68649b14a45739003e1e3"
"1801","0xdfd4392dda1415fb0eaa43b1b89591b059a34367","913.302885667423125394","913302885667423125394","51115418","0x3be577df8102c5fdd3d8b5b71f533aff433ef562a8e68649b14a45739003e1e3"
"1802","0xb5c851f7bad536761d1a95b02c257dec271edf24","900.080519200307442403","900080519200307442403","51115418","0x3be577df8102c5fdd3d8b5b71f533aff433ef562a8e68649b14a45739003e1e3"
"1803","0x026d94921f6c01c4246658cd46298c78ef5f1187","885.760518639401806161","885760518639401806161","51115418","0x3be577df8102c5fdd3d8b5b71f533aff433ef562a8e68649b14a45739003e1e3"
"1804","0x7126721334fa55c9124cce057a3f7aa29b736ce3","885.176880314944627502","885176880314944627502","51115418","0x3be577df8102c5fdd3d8b5b71f533aff433ef562a8e68649b14a45739003e1e3"
"1805","0x9c22879b6eedb7fa3d0d6a8d77d5977acf8c80db","885.029773800710323076","885029773800710323076","51115418","0x3be577df8102c5fdd3d8b5b71f533aff433ef562a8e68649b14a45739003e1e3"
"1806","0xaf4bd675cfebd4b7d29733d49822a4b8e3cad92b","884.541692666034605846","884541692666034605846","51115418","0x3be577df8102c5fdd3d8b5b71f533aff433ef562a8e68649b14a45739003e1e3"
"1807","0xd61682cf29d358582693fd21763120876e6021a2","880.914692650584515781","880914692650584515781","51115418","0x3be577df8102c5fdd3d8b5b71f533aff433ef562a8e68649b14a45739003e1e3"
"1808","0xa45fa07f85e609b6fdde19ccef095491c74fa2e8","877.681606988183375379","877681606988183375379","51115418","0x3be577df8102c5fdd3d8b5b71f533aff433ef562a8e68649b14a45739003e1e3"
"1809","0xfc7f4cc5b4de14991866ac6fd174fded01098ee4","876.67774552585720447","876677745525857204470","51115418","0x3be577df8102c5fdd3d8b5b71f533aff433ef562a8e68649b14a45739003e1e3"
"1810","0x31244b0d5ef0e5abb0457f149c674b7ac2284875","874.55645019321655511","874556450193216555110","51115418","0x3be577df8102c5fdd3d8b5b71f533aff433ef562a8e68649b14a45739003e1e3"
"1811","0x71537a5c980083bb8841e7c0748862793c306d2e","868.588411498666993458","868588411498666993458","51115418","0x3be577df8102c5fdd3d8b5b71f533aff433ef562a8e68649b14a45739003e1e3"
"1812","0xf2563c96639774d075f30c0219aeb9c82ce062d9","865.850189156834797598","865850189156834797598","51115418","0x3be577df8102c5fdd3d8b5b71f533aff433ef562a8e68649b14a45739003e1e3"
"1813","0xa660c263f11be5d0124e30a1d301853731515b35","863.374007104544297695","863374007104544297695","51115418","0x3be577df8102c5fdd3d8b5b71f533aff433ef562a8e68649b14a45739003e1e3"
"1814","0x33d7a0865b93afa375ae08d0d0234ed491429043","862.521279330951944017","862521279330951944017","51115418","0x3be577df8102c5fdd3d8b5b71f533aff433ef562a8e68649b14a45739003e1e3"
"1815","0x609a90fcca59d243b653f015dc4d9d50e2fc1a6d","862.507669518880009447","862507669518880009447","51115418","0x3be577df8102c5fdd3d8b5b71f533aff433ef562a8e68649b14a45739003e1e3"
"1816","0x7efe7c38fe281869163a468cb3f3ae91d4ad6bff","857.382769797674831553","857382769797674831553","51115418","0x3be577df8102c5fdd3d8b5b71f533aff433ef562a8e68649b14a45739003e1e3"
"1817","0xa7391153afaa117dbf8e50fc4bfc99ade8a15ea4","855.860503814035944463","855860503814035944463","51115418","0x3be577df8102c5fdd3d8b5b71f533aff433ef562a8e68649b14a45739003e1e3"
"1818","0xd31fb66057f64bc6942111bf8799c453df3c4dc6","852.307351441973422401","852307351441973422401","51115418","0x3be577df8102c5fdd3d8b5b71f533aff433ef562a8e68649b14a45739003e1e3"
"1819","0xcdf198a569fee3af4d4e2aa82f4b696c21a64396","851.781458108785896958","851781458108785896958","51115418","0x3be577df8102c5fdd3d8b5b71f533aff433ef562a8e68649b14a45739003e1e3"
"1820","0xd2c011721103f1cbc3836f88ecd0c47a5c26f028","848.319046311206509153","848319046311206509153","51115418","0x3be577df8102c5fdd3d8b5b71f533aff433ef562a8e68649b14a45739003e1e3"
"1821","0x0bbe8959e5047c52e53c8296425937cfa38482ad","844.409031151052817697","844409031151052817697","51115418","0x3be577df8102c5fdd3d8b5b71f533aff433ef562a8e68649b14a45739003e1e3"
"1822","0x4525d67590b426008d47fd7dbf2363b071de5837","843.904476621270774111","843904476621270774111","51115418","0x3be577df8102c5fdd3d8b5b71f533aff433ef562a8e68649b14a45739003e1e3"
"1823","0xabe92b5356c626da4a5a24aab715e85e987ce510","843.111382235257095925","843111382235257095925","51115418","0x3be577df8102c5fdd3d8b5b71f533aff433ef562a8e68649b14a45739003e1e3"
"1824","0x0b809277652ebfdb59e74b109ffac1bacf0f5bf0","842.744905714532712171","842744905714532712171","51115418","0x3be577df8102c5fdd3d8b5b71f533aff433ef562a8e68649b14a45739003e1e3"
"1825","0x39e39a5cbb3856ba4af53b1704c5789a1ef15789","842.666259511043406243","842666259511043406243","51115418","0x3be577df8102c5fdd3d8b5b71f533aff433ef562a8e68649b14a45739003e1e3"
"1826","0x31e7f30ead43471153fadcffabc1f80b1553aff8","841.445041773753597483","841445041773753597483","51115418","0x3be577df8102c5fdd3d8b5b71f533aff433ef562a8e68649b14a45739003e1e3"
"1827","0xcbc7fd8cf17a36a77cdcc45554f4b583afa34968","839.485089003805909556","839485089003805909556","51115418","0x3be577df8102c5fdd3d8b5b71f533aff433ef562a8e68649b14a45739003e1e3"
"1828","0xcca41696ef4c70c030068f0837c05924cbecbb06","839.035378947427748478","839035378947427748478","51115418","0x3be577df8102c5fdd3d8b5b71f533aff433ef562a8e68649b14a45739003e1e3"
"1829","0x1512bb3b85696fa4d85cb4bbf78e9c4fe95db90f","837.562051216887465271","837562051216887465271","51115418","0x3be577df8102c5fdd3d8b5b71f533aff433ef562a8e68649b14a45739003e1e3"
"1830","0x0022b5edaee9aec27da8a28c1e1483f89c49288f","836.842353884433232621","836842353884433232621","51115418","0x3be577df8102c5fdd3d8b5b71f533aff433ef562a8e68649b14a45739003e1e3"
"1831","0x743b7f5956b7e9f96e2c6c4fb99b69948ebced63","836.227913147263336309","836227913147263336309","51115418","0x3be577df8102c5fdd3d8b5b71f533aff433ef562a8e68649b14a45739003e1e3"
"1832","0xe87dec6b9ae8ab23b56ea7b3dec8457161468f1f","833.729241918594713637","833729241918594713637","51115418","0x3be577df8102c5fdd3d8b5b71f533aff433ef562a8e68649b14a45739003e1e3"
"1833","0xcc9b8a5da7bc5e36481ad65ccf42a62c5be26550","831.923626246971130463","831923626246971130463","51115418","0x3be577df8102c5fdd3d8b5b71f533aff433ef562a8e68649b14a45739003e1e3"
"1834","0x6bc4dfceb7df2c7cceaa09d73c916094d4df4eda","830.71364222215645585","830713642222156455850","51115418","0x3be577df8102c5fdd3d8b5b71f533aff433ef562a8e68649b14a45739003e1e3"
"1835","0x68d003d209836e1fc8c4b4978a8b3c64b11cc8ad","827.547120023699737339","827547120023699737339","51115418","0x3be577df8102c5fdd3d8b5b71f533aff433ef562a8e68649b14a45739003e1e3"
"1836","0x7cac76d1116356f646d0f36ba868800825150bfe","827.526372768443695153","827526372768443695153","51115418","0x3be577df8102c5fdd3d8b5b71f533aff433ef562a8e68649b14a45739003e1e3"
"1837","0x056613a0f63963ba86355454a32154f853655bb3","826.175813263930821449","826175813263930821449","51115418","0x3be577df8102c5fdd3d8b5b71f533aff433ef562a8e68649b14a45739003e1e3"
"1838","0xbad38bfc2774e06574e5f515e6bff09724c7f5e5","820.154304070330609401","820154304070330609401","51115418","0x3be577df8102c5fdd3d8b5b71f533aff433ef562a8e68649b14a45739003e1e3"
"1839","0x0f880d5658de6f115841fcdd3c54e1333df3ec05","819.889326121982213713","819889326121982213713","51115418","0x3be577df8102c5fdd3d8b5b71f533aff433ef562a8e68649b14a45739003e1e3"
"1840","0x51d761312ab2c663e89ad65c94392c1e1bfcf20e","815.661055110063413158","815661055110063413158","51115418","0x3be577df8102c5fdd3d8b5b71f533aff433ef562a8e68649b14a45739003e1e3"
"1841","0x249f7d4e03ae79be0dc4346bd78a8528a393d871","815.369013081578294672","815369013081578294672","51115418","0x3be577df8102c5fdd3d8b5b71f533aff433ef562a8e68649b14a45739003e1e3"
"1842","0x966f7e49bce4897d0c9974754ff0d697c89baf43","809.874919642487144551","809874919642487144551","51115418","0x3be577df8102c5fdd3d8b5b71f533aff433ef562a8e68649b14a45739003e1e3"
"1843","0xd781462cca877223f99e9f4e39385f923c042818","807.689624333431511372","807689624333431511372","51115418","0x3be577df8102c5fdd3d8b5b71f533aff433ef562a8e68649b14a45739003e1e3"
"1844","0xf3e5297c229c82fb977d9bf18831ccfca454e73f","803.417984011051592798","803417984011051592798","51115418","0x3be577df8102c5fdd3d8b5b71f533aff433ef562a8e68649b14a45739003e1e3"
"1845","0x54a4e49dbf58a05f68c15a44e83f009b73e21b98","802.952138702895008567","802952138702895008567","51115418","0x3be577df8102c5fdd3d8b5b71f533aff433ef562a8e68649b14a45739003e1e3"
"1846","0x699bc5c447587282472aba1963bff6628aef7666","800.020914086724106161","800020914086724106161","51115418","0x3be577df8102c5fdd3d8b5b71f533aff433ef562a8e68649b14a45739003e1e3"
"1847","0xa312a0ad6efd03260b8d678c7cdbe7532abfa9d9","799.457317188498314814","799457317188498314814","51115418","0x3be577df8102c5fdd3d8b5b71f533aff433ef562a8e68649b14a45739003e1e3"
"1848","0x0fe68320ae148627b6adec74e2fe05892c655a41","799.197719977286885255","799197719977286885255","51115418","0x3be577df8102c5fdd3d8b5b71f533aff433ef562a8e68649b14a45739003e1e3"
"1849","0x92b45113b0774e4f96d4bff200257b15213d99eb","797.851304298408565773","797851304298408565773","51115418","0x3be577df8102c5fdd3d8b5b71f533aff433ef562a8e68649b14a45739003e1e3"
"1850","0xb211aa35b3bafdfd6313f960e1b842465a38c20f","793.627092373617952703","793627092373617952703","51115418","0x3be577df8102c5fdd3d8b5b71f533aff433ef562a8e68649b14a45739003e1e3"
"1851","0x6b5f6af3bbe9012248678fcb993dd38f22557e07","787.053986405758832694","787053986405758832694","51115418","0x3be577df8102c5fdd3d8b5b71f533aff433ef562a8e68649b14a45739003e1e3"
"1852","0x6071c9f7cb68833be6b1a7a8fb171f0461b87f6a","784.445268829452243603","784445268829452243603","51115418","0x3be577df8102c5fdd3d8b5b71f533aff433ef562a8e68649b14a45739003e1e3"
"1853","0xf2d1b17e6b4fcd3d4c6e52855e7f9ddf53d35d40","781.225699570274929924","781225699570274929924","51115418","0x3be577df8102c5fdd3d8b5b71f533aff433ef562a8e68649b14a45739003e1e3"
"1854","0xa8f7e0b6a66e996980fb33d9b933b40a11d26754","780.868888261479058565","780868888261479058565","51115418","0x3be577df8102c5fdd3d8b5b71f533aff433ef562a8e68649b14a45739003e1e3"
"1855","0xba8e0562099224372efe3766b6b9933eb33b9db4","778.904273004954612414","778904273004954612414","51115418","0x3be577df8102c5fdd3d8b5b71f533aff433ef562a8e68649b14a45739003e1e3"
"1856","0x4bef3a6dbea1a8a07b4c806ab3d2ee527cd0701f","778.789337347179996586","778789337347179996586","51115418","0x3be577df8102c5fdd3d8b5b71f533aff433ef562a8e68649b14a45739003e1e3"
"1857","0x431041618d9db7cd41738433681be09c8462e35a","773.238283589617081842","773238283589617081842","51115418","0x3be577df8102c5fdd3d8b5b71f533aff433ef562a8e68649b14a45739003e1e3"
"1858","0xb99ed4dacb2e20f31ed7eaa4c84a66e3b868bc96","772.739436810384201887","772739436810384201887","51115418","0x3be577df8102c5fdd3d8b5b71f533aff433ef562a8e68649b14a45739003e1e3"
"1859","0x786d164141881d42cc42117b74b6c5a9ae1240ca","771.950588102474421761","771950588102474421761","51115418","0x3be577df8102c5fdd3d8b5b71f533aff433ef562a8e68649b14a45739003e1e3"
"1860","0x60896ae0a23296427ed80ad2360d8feee326446d","769.100688894094010963","769100688894094010963","51115418","0x3be577df8102c5fdd3d8b5b71f533aff433ef562a8e68649b14a45739003e1e3"
"1861","0xa120cfbc2cae14d13aea4a6a46fbd1f32c82d7af","765.658114488032042627","765658114488032042627","51115418","0x3be577df8102c5fdd3d8b5b71f533aff433ef562a8e68649b14a45739003e1e3"
"1862","0x850966c817a83c9900942e55f49ed03f5f945198","762.760688176198780766","762760688176198780766","51115418","0x3be577df8102c5fdd3d8b5b71f533aff433ef562a8e68649b14a45739003e1e3"
"1863","0x7063459dc8deb04a977cf53b195c32539fbe3f57","762.653716591440244306","762653716591440244306","51115418","0x3be577df8102c5fdd3d8b5b71f533aff433ef562a8e68649b14a45739003e1e3"
"1864","0x80822f8b875d6e614dcbea07e813d83ea12581db","757.644428478019890142","757644428478019890142","51115418","0x3be577df8102c5fdd3d8b5b71f533aff433ef562a8e68649b14a45739003e1e3"
"1865","0x2aac3f8177c1e05a7cd7b71e7a3b3d6a274a78cf","756.811296095851858641","756811296095851858641","51115418","0x3be577df8102c5fdd3d8b5b71f533aff433ef562a8e68649b14a45739003e1e3"
"1866","0x34c35553ca196f81b17bd12fb8064252cbf3ae41","756.603161100327079126","756603161100327079126","51115418","0x3be577df8102c5fdd3d8b5b71f533aff433ef562a8e68649b14a45739003e1e3"
"1867","0x7f954145c410bef094fa8a25cf3852224938bace","753.473584897516576808","753473584897516576808","51115418","0x3be577df8102c5fdd3d8b5b71f533aff433ef562a8e68649b14a45739003e1e3"
"1868","0x744a01601424d95f738ae96791f905175b302126","753.293441887323095385","753293441887323095385","51115418","0x3be577df8102c5fdd3d8b5b71f533aff433ef562a8e68649b14a45739003e1e3"
"1869","0x3f8a7b69b8b061f3e32a18275cf1601923129913","753.29334432880271208","753293344328802712080","51115418","0x3be577df8102c5fdd3d8b5b71f533aff433ef562a8e68649b14a45739003e1e3"
"1870","0x011aca2f188d9d6136bfb80d7a424a000d601ac6","749.845046129998263562","749845046129998263562","51115418","0x3be577df8102c5fdd3d8b5b71f533aff433ef562a8e68649b14a45739003e1e3"
"1871","0x263fa1c268b2a7148a28083c25f2216b48eeb325","747.693503877363704418","747693503877363704418","51115418","0x3be577df8102c5fdd3d8b5b71f533aff433ef562a8e68649b14a45739003e1e3"
"1872","0x0ffc05a5ad8fc711cf66ce1337d594b6d14ccafc","737.994113186895129725","737994113186895129725","51115418","0x3be577df8102c5fdd3d8b5b71f533aff433ef562a8e68649b14a45739003e1e3"
"1873","0x9e632a19921cee12a5f0ecf0a04e7b5b09271f4b","731.269007313695963791","731269007313695963791","51115418","0x3be577df8102c5fdd3d8b5b71f533aff433ef562a8e68649b14a45739003e1e3"
"1874","0xd2a7398cd82a6995e3af5b87a195e643548250db","728.796238785941447368","728796238785941447368","51115418","0x3be577df8102c5fdd3d8b5b71f533aff433ef562a8e68649b14a45739003e1e3"
"1875","0x13755966ba36496c8add99ab04dbdb1e68dc6886","723.875874192080815059","723875874192080815059","51115418","0x3be577df8102c5fdd3d8b5b71f533aff433ef562a8e68649b14a45739003e1e3"
"1876","0x651856f61c8438c3111e15459a12fd58275360b3","723.510002005168295858","723510002005168295858","51115418","0x3be577df8102c5fdd3d8b5b71f533aff433ef562a8e68649b14a45739003e1e3"
"1877","0x20ba15bc0add3769b09037b54ef75b8f29cbb61b","719.03689856332560858","719036898563325608580","51115418","0x3be577df8102c5fdd3d8b5b71f533aff433ef562a8e68649b14a45739003e1e3"
"1878","0xed04e37cf978c767470dc25734db99ced4b98008","717.859525081603544449","717859525081603544449","51115418","0x3be577df8102c5fdd3d8b5b71f533aff433ef562a8e68649b14a45739003e1e3"
"1879","0x6179ee593aa0eb527ff8c7b412c869f6be4daf00","716.549613911715115021","716549613911715115021","51115418","0x3be577df8102c5fdd3d8b5b71f533aff433ef562a8e68649b14a45739003e1e3"
"1880","0x4831bb85f44274f573cfd7acf9ae77e36fa19d06","712.446898434583940022","712446898434583940022","51115418","0x3be577df8102c5fdd3d8b5b71f533aff433ef562a8e68649b14a45739003e1e3"
"1881","0xab1439aa7285c34f8ab61c71bf59e32c468cba6f","711.70276873178350759","711702768731783507590","51115418","0x3be577df8102c5fdd3d8b5b71f533aff433ef562a8e68649b14a45739003e1e3"
"1882","0x06fb7ed2a8823a21dcb5664759622ad3e28a4d7c","710.116658920324796664","710116658920324796664","51115418","0x3be577df8102c5fdd3d8b5b71f533aff433ef562a8e68649b14a45739003e1e3"
"1883","0xb8494e9d81e068088c11d6833d6f1bd019daf2a7","709.333764930297435005","709333764930297435005","51115418","0x3be577df8102c5fdd3d8b5b71f533aff433ef562a8e68649b14a45739003e1e3"
"1884","0x60ec1dbdcd0c2353c9f2d2b0d0abf57e5a38fb67","708.31353612996910373","708313536129969103730","51115418","0x3be577df8102c5fdd3d8b5b71f533aff433ef562a8e68649b14a45739003e1e3"
"1885","0x1c0e32acc8a526fde7881d71ffc7a89290b2f572","707.841097975022337502","707841097975022337502","51115418","0x3be577df8102c5fdd3d8b5b71f533aff433ef562a8e68649b14a45739003e1e3"
"1886","0xc89b320ac43990220239346d7140df067203e977","698.350489436584600478","698350489436584600478","51115418","0x3be577df8102c5fdd3d8b5b71f533aff433ef562a8e68649b14a45739003e1e3"
"1887","0xde18e3d1be09ccad5a34e5bea4171da341a3da0c","698.210211283653065351","698210211283653065351","51115418","0x3be577df8102c5fdd3d8b5b71f533aff433ef562a8e68649b14a45739003e1e3"
"1888","0x6cb2bcbf61efc9bdb10477816565f7d1b153c210","692.732623832458431615","692732623832458431615","51115418","0x3be577df8102c5fdd3d8b5b71f533aff433ef562a8e68649b14a45739003e1e3"
"1889","0xe2bf44d0a7e0beae0c7e5cdf2c5ad27a6c3f8a5a","691.224733694515719807","691224733694515719807","51115418","0x3be577df8102c5fdd3d8b5b71f533aff433ef562a8e68649b14a45739003e1e3"
"1890","0xab4df3391f488767d24b2c07eab5d086fe5f2ae0","687.428835215839299681","687428835215839299681","51115418","0x3be577df8102c5fdd3d8b5b71f533aff433ef562a8e68649b14a45739003e1e3"
"1891","0x1cf4c66a6a92798b1243321948af0ab5f4f83074","686.187466505092222496","686187466505092222496","51115418","0x3be577df8102c5fdd3d8b5b71f533aff433ef562a8e68649b14a45739003e1e3"
"1892","0x52d40adfa4cbc16c102aad5a748b249340c0633b","683.379601560043394211","683379601560043394211","51115418","0x3be577df8102c5fdd3d8b5b71f533aff433ef562a8e68649b14a45739003e1e3"
"1893","0x8774706ac625a3962bbc8d53ce22e1f06acc9fdb","683.306168787698915379","683306168787698915379","51115418","0x3be577df8102c5fdd3d8b5b71f533aff433ef562a8e68649b14a45739003e1e3"
"1894","0xf3b8f26d36a3d494e3df99733887e54be0e44de6","680.344781364841501274","680344781364841501274","51115418","0x3be577df8102c5fdd3d8b5b71f533aff433ef562a8e68649b14a45739003e1e3"
"1895","0x02ceafcc8890759189cd1da183452a4d7ca53d6b","680.299986490806759718","680299986490806759718","51115418","0x3be577df8102c5fdd3d8b5b71f533aff433ef562a8e68649b14a45739003e1e3"
"1896","0x79b9b74dff9161f70e91d399779244d5ac971199","680.14762805103398681","680147628051033986810","51115418","0x3be577df8102c5fdd3d8b5b71f533aff433ef562a8e68649b14a45739003e1e3"
"1897","0x543918930d5c3547d6537d8a8f0aa5a217dec024","672.350947393865462427","672350947393865462427","51115418","0x3be577df8102c5fdd3d8b5b71f533aff433ef562a8e68649b14a45739003e1e3"
"1898","0x42dc71028909d1802cdb13512536dbe54c18d77c","671.912662024201244983","671912662024201244983","51115418","0x3be577df8102c5fdd3d8b5b71f533aff433ef562a8e68649b14a45739003e1e3"
"1899","0xfbf35b351a22a35de239001ec7c1003fd420bc27","671.595128359688750804","671595128359688750804","51115418","0x3be577df8102c5fdd3d8b5b71f533aff433ef562a8e68649b14a45739003e1e3"
"1900","0xcb18014d2bc6dddc44a37dceb54f48ab1a5833bc","669.128283214294718464","669128283214294718464","51115418","0x3be577df8102c5fdd3d8b5b71f533aff433ef562a8e68649b14a45739003e1e3"
"1901","0xdb6fa11b6453a75903c010506b69438be301f22b","667.691282250738632601","667691282250738632601","51115418","0x3be577df8102c5fdd3d8b5b71f533aff433ef562a8e68649b14a45739003e1e3"
"1902","0x6f569dffadf9382736f32d7228915bacc949663a","665.435631446754461838","665435631446754461838","51115418","0x3be577df8102c5fdd3d8b5b71f533aff433ef562a8e68649b14a45739003e1e3"
"1903","0x1a55ddd1942178b13efdba36e717872b5b69c7d8","664.037120878314488243","664037120878314488243","51115418","0x3be577df8102c5fdd3d8b5b71f533aff433ef562a8e68649b14a45739003e1e3"
"1904","0xc5592cf00a213d13c7a7c6fa6dee42c5422f439d","663.614944852458245682","663614944852458245682","51115418","0x3be577df8102c5fdd3d8b5b71f533aff433ef562a8e68649b14a45739003e1e3"
"1905","0x745824537a4df19aa9a4f985d082344cefb64675","659.717232584330224363","659717232584330224363","51115418","0x3be577df8102c5fdd3d8b5b71f533aff433ef562a8e68649b14a45739003e1e3"
"1906","0xa492899977d5ff3cf13eff6000eac26b3fc81e2d","659.469629925257507003","659469629925257507003","51115418","0x3be577df8102c5fdd3d8b5b71f533aff433ef562a8e68649b14a45739003e1e3"
"1907","0x2473b3b01653605cfb520e980ec9f073ad27e8b2","657.727884010035150946","657727884010035150946","51115418","0x3be577df8102c5fdd3d8b5b71f533aff433ef562a8e68649b14a45739003e1e3"
"1908","0xc89e3b392348b20bbebe4c5c918ecb505c64b8a7","655.743056524295144993","655743056524295144993","51115418","0x3be577df8102c5fdd3d8b5b71f533aff433ef562a8e68649b14a45739003e1e3"
"1909","0x3063cdb76315d3141d1929c6ef28798e32560412","652.925783640128564427","652925783640128564427","51115418","0x3be577df8102c5fdd3d8b5b71f533aff433ef562a8e68649b14a45739003e1e3"
"1910","0xeabf8ee34f52692a273386102aab1153ce99a4ea","650.167281094151183948","650167281094151183948","51115418","0x3be577df8102c5fdd3d8b5b71f533aff433ef562a8e68649b14a45739003e1e3"
"1911","0xe4a765dad02d3c4da9da96344aa782b85856e082","643.536304291401434598","643536304291401434598","51115418","0x3be577df8102c5fdd3d8b5b71f533aff433ef562a8e68649b14a45739003e1e3"
"1912","0xb833b06453f19beb5bf8c65c6135f4f300154d26","643.48238715982602376","643482387159826023760","51115418","0x3be577df8102c5fdd3d8b5b71f533aff433ef562a8e68649b14a45739003e1e3"
"1913","0xe163b5aa8a42983f481986993eba17cede267b37","640.343587534037342009","640343587534037342009","51115418","0x3be577df8102c5fdd3d8b5b71f533aff433ef562a8e68649b14a45739003e1e3"
"1914","0x5b97f7d52129d3c1f20554d73b647cd89f16d216","639.247706127158303189","639247706127158303189","51115418","0x3be577df8102c5fdd3d8b5b71f533aff433ef562a8e68649b14a45739003e1e3"
"1915","0x379e0f5717dff42a5b99c610b90a7b58b0b9cb69","633.129091297689233231","633129091297689233231","51115418","0x3be577df8102c5fdd3d8b5b71f533aff433ef562a8e68649b14a45739003e1e3"
"1916","0xcc74d21e0f69b77bd99a01506d07bf1ba7dfcda7","633.12076227336310026","633120762273363100260","51115418","0x3be577df8102c5fdd3d8b5b71f533aff433ef562a8e68649b14a45739003e1e3"
"1917","0x202aab38f89cbc3ea0f67a075e0d8f3046168665","623.290358500810927874","623290358500810927874","51115418","0x3be577df8102c5fdd3d8b5b71f533aff433ef562a8e68649b14a45739003e1e3"
"1918","0x32dc039b172565e51015c029a72d2b55dafe9b4d","623.057787342524226635","623057787342524226635","51115418","0x3be577df8102c5fdd3d8b5b71f533aff433ef562a8e68649b14a45739003e1e3"
"1919","0x5c6434de44e97ef5e9721556979e529bb559b897","622.092977016956185218","622092977016956185218","51115418","0x3be577df8102c5fdd3d8b5b71f533aff433ef562a8e68649b14a45739003e1e3"
"1920","0x01ec9d20e5eb613119afc4546b98b2c47f089dcd","621.210810746858300847","621210810746858300847","51115418","0x3be577df8102c5fdd3d8b5b71f533aff433ef562a8e68649b14a45739003e1e3"
"1921","0x27244541c454a9baf2c6cc77f5229ccf4d84adc3","619.929261020540052089","619929261020540052089","51115418","0x3be577df8102c5fdd3d8b5b71f533aff433ef562a8e68649b14a45739003e1e3"
"1922","0xefb94413b7eaa4a4a021118cc7abfb789604fe4c","619.225490982198504405","619225490982198504405","51115418","0x3be577df8102c5fdd3d8b5b71f533aff433ef562a8e68649b14a45739003e1e3"
"1923","0x31929e20d3fc56c2eb70d2089ac48cd663c71647","613.816809093339643901","613816809093339643901","51115418","0x3be577df8102c5fdd3d8b5b71f533aff433ef562a8e68649b14a45739003e1e3"
"1924","0xb9742391ed81c96318a2f275cc070f3608269e93","609.657271631596416803","609657271631596416803","51115418","0x3be577df8102c5fdd3d8b5b71f533aff433ef562a8e68649b14a45739003e1e3"
"1925","0xe6d3474310ff037f3788a233a7526eeeed93397a","606.673859486491406165","606673859486491406165","51115418","0x3be577df8102c5fdd3d8b5b71f533aff433ef562a8e68649b14a45739003e1e3"
"1926","0xc141c69480016581858cc32692dae2dffd9532a0","606.31017702805016359","606310177028050163590","51115418","0x3be577df8102c5fdd3d8b5b71f533aff433ef562a8e68649b14a45739003e1e3"
"1927","0xefaf37c008fc1066e74f125bbea0526d44f15bc0","604.166543205723473646","604166543205723473646","51115418","0x3be577df8102c5fdd3d8b5b71f533aff433ef562a8e68649b14a45739003e1e3"
"1928","0x7d37ea14dae35464732b040b3f8a93f9bf272be5","602.689895874769190069","602689895874769190069","51115418","0x3be577df8102c5fdd3d8b5b71f533aff433ef562a8e68649b14a45739003e1e3"
"1929","0x00c756b6b77485f1b8ab5c1e19156ab86bd33445","598.722611815795634263","598722611815795634263","51115418","0x3be577df8102c5fdd3d8b5b71f533aff433ef562a8e68649b14a45739003e1e3"
"1930","0x5690fc225d43bb6322361827110e9efed1afdc07","598.091575467426517325","598091575467426517325","51115418","0x3be577df8102c5fdd3d8b5b71f533aff433ef562a8e68649b14a45739003e1e3"
"1931","0x5b65e809a382d3f4b0ffad556ebe2a7ba9b7f289","596.491879127404715423","596491879127404715423","51115418","0x3be577df8102c5fdd3d8b5b71f533aff433ef562a8e68649b14a45739003e1e3"
"1932","0x143c13d782ebbf5e7cf71ee370d783605b0d1273","592.686463931860315632","592686463931860315632","51115418","0x3be577df8102c5fdd3d8b5b71f533aff433ef562a8e68649b14a45739003e1e3"
"1933","0x4a2fa67d4632d14aed49a4656c04c84cb8f4ecaa","591.824590933253092574","591824590933253092574","51115418","0x3be577df8102c5fdd3d8b5b71f533aff433ef562a8e68649b14a45739003e1e3"
"1934","0x7f3a6f4d62185c5969aefc6ce324798feb4a1f7b","590.790916047409112261","590790916047409112261","51115418","0x3be577df8102c5fdd3d8b5b71f533aff433ef562a8e68649b14a45739003e1e3"
"1935","0xa536f3c4ada83acddedf17c67b11e44766a7ffd3","590.513462253641234513","590513462253641234513","51115418","0x3be577df8102c5fdd3d8b5b71f533aff433ef562a8e68649b14a45739003e1e3"
"1936","0x1886acf7650d5557ec5bf5cffd4c3ec7e8be83ee","588.884673756731580987","588884673756731580987","51115418","0x3be577df8102c5fdd3d8b5b71f533aff433ef562a8e68649b14a45739003e1e3"
"1937","0xc00d043a3ed15bce57315f07c542797626640b2d","588.828383397352434532","588828383397352434532","51115418","0x3be577df8102c5fdd3d8b5b71f533aff433ef562a8e68649b14a45739003e1e3"
"1938","0x695c02a021da6bab5d08c641b6d81fdaf4ce8223","586.476493895489059922","586476493895489059922","51115418","0x3be577df8102c5fdd3d8b5b71f533aff433ef562a8e68649b14a45739003e1e3"
"1939","0x1d2f0da169ceb9fc7b3144628db156f3f6c60dbe","586.376568893954626206","586376568893954626206","51115418","0x3be577df8102c5fdd3d8b5b71f533aff433ef562a8e68649b14a45739003e1e3"
"1940","0x1f9606ee62b91bc8f8c46193fbdb9acb2cf63fe3","585.7199381364661326","585719938136466132600","51115418","0x3be577df8102c5fdd3d8b5b71f533aff433ef562a8e68649b14a45739003e1e3"
"1941","0x0db13601704f269bfc8f50b31dd47c70a7983ad2","584.701886643073524921","584701886643073524921","51115418","0x3be577df8102c5fdd3d8b5b71f533aff433ef562a8e68649b14a45739003e1e3"
"1942","0x73cac22e15670a91c26bacf32d677db8c50c7a86","581.288952246824225497","581288952246824225497","51115418","0x3be577df8102c5fdd3d8b5b71f533aff433ef562a8e68649b14a45739003e1e3"
"1943","0x3daddac5e7c1afa3f61de908a6094b549d2d3a8c","576.306829873641024537","576306829873641024537","51115418","0x3be577df8102c5fdd3d8b5b71f533aff433ef562a8e68649b14a45739003e1e3"
"1944","0x807257b89e22329d15d1c16c1f5bb13a9d0e658f","572.562380385288456014","572562380385288456014","51115418","0x3be577df8102c5fdd3d8b5b71f533aff433ef562a8e68649b14a45739003e1e3"
"1945","0x81985073004ea350374f2b69f265f5e3da9bb731","568.859924433020369143","568859924433020369143","51115418","0x3be577df8102c5fdd3d8b5b71f533aff433ef562a8e68649b14a45739003e1e3"
"1946","0x459080fe44e477aeab9d5947db55df2d6b33a9a3","566.365925378077359657","566365925378077359657","51115418","0x3be577df8102c5fdd3d8b5b71f533aff433ef562a8e68649b14a45739003e1e3"
"1947","0xa42b37b50fe7f1a4850e66881c22e80a80a08240","566.154933779761618596","566154933779761618596","51115418","0x3be577df8102c5fdd3d8b5b71f533aff433ef562a8e68649b14a45739003e1e3"
"1948","0xf65d967ebc53df0d1a1d1bd6708fcb4c3c7021c3","563.868271485537103086","563868271485537103086","51115418","0x3be577df8102c5fdd3d8b5b71f533aff433ef562a8e68649b14a45739003e1e3"
"1949","0xa22817474d36aef0e45b4059ce21ac2200b66fa1","558.624244930688777554","558624244930688777554","51115418","0x3be577df8102c5fdd3d8b5b71f533aff433ef562a8e68649b14a45739003e1e3"
"1950","0xf6d38e9fb6373ce27a7f951e9e6a3eabd0dc6e96","556.578375092485574407","556578375092485574407","51115418","0x3be577df8102c5fdd3d8b5b71f533aff433ef562a8e68649b14a45739003e1e3"
"1951","0xf92a64885002fcc7162840aed64bca3f10eee9d5","554.575815576190249064","554575815576190249064","51115418","0x3be577df8102c5fdd3d8b5b71f533aff433ef562a8e68649b14a45739003e1e3"
"1952","0xca082d7a4ebf0fe10b6db605b74e8979535c7400","554.342358016302045458","554342358016302045458","51115418","0x3be577df8102c5fdd3d8b5b71f533aff433ef562a8e68649b14a45739003e1e3"
"1953","0xa73fb4ce40fb48475f288f975baaff361d4cc0e4","551.052280954108984512","551052280954108984512","51115418","0x3be577df8102c5fdd3d8b5b71f533aff433ef562a8e68649b14a45739003e1e3"
"1954","0x5b4047f42106dac79adb241a3a508f50c2d449e2","546.961252754128905985","546961252754128905985","51115418","0x3be577df8102c5fdd3d8b5b71f533aff433ef562a8e68649b14a45739003e1e3"
"1955","0xb0a8fbfa54bbdf788db224434c4e5f618697877d","545.064424049970799884","545064424049970799884","51115418","0x3be577df8102c5fdd3d8b5b71f533aff433ef562a8e68649b14a45739003e1e3"
"1956","0x28d4f7bd61ba1ea8d04f759136b02b8b0577d0d0","544.397333219073811739","544397333219073811739","51115418","0x3be577df8102c5fdd3d8b5b71f533aff433ef562a8e68649b14a45739003e1e3"
"1957","0x2027ded4d7abcf6fb54fa4d7ef438bb1c7a1a92f","543.175982389977181473","543175982389977181473","51115418","0x3be577df8102c5fdd3d8b5b71f533aff433ef562a8e68649b14a45739003e1e3"
"1958","0x61f2ddd8e22ab2d9bf57e326654872df70f6754c","542.951140003173840742","542951140003173840742","51115418","0x3be577df8102c5fdd3d8b5b71f533aff433ef562a8e68649b14a45739003e1e3"
"1959","0x992f09e9144f68cbb365b0d447590cfbd9eb7400","541.097772087765507851","541097772087765507851","51115418","0x3be577df8102c5fdd3d8b5b71f533aff433ef562a8e68649b14a45739003e1e3"
"1960","0xd4df826ec0235b1e9862da59287033d37d9b46bf","530.190998516226500906","530190998516226500906","51115418","0x3be577df8102c5fdd3d8b5b71f533aff433ef562a8e68649b14a45739003e1e3"
"1961","0x8afc3a7cef925274be5dd261ccd4bcce4b94ec4b","529.752267627029093591","529752267627029093591","51115418","0x3be577df8102c5fdd3d8b5b71f533aff433ef562a8e68649b14a45739003e1e3"
"1962","0xe241022be9781fb86c7b0f9dd11fb3d276d30c98","529.079457517188772576","529079457517188772576","51115418","0x3be577df8102c5fdd3d8b5b71f533aff433ef562a8e68649b14a45739003e1e3"
"1963","0x2ebbd5a37bca00ae65fe068a385f100729bd7bdb","526.948929953821835938","526948929953821835938","51115418","0x3be577df8102c5fdd3d8b5b71f533aff433ef562a8e68649b14a45739003e1e3"
"1964","0x32f7840251e304bada0c7b6cdc88eb973e29bb9b","526.833926802039878871","526833926802039878871","51115418","0x3be577df8102c5fdd3d8b5b71f533aff433ef562a8e68649b14a45739003e1e3"
"1965","0xc2c046503b6e5d41c19231bb91992898eb83cd8b","526.075918987495821109","526075918987495821109","51115418","0x3be577df8102c5fdd3d8b5b71f533aff433ef562a8e68649b14a45739003e1e3"
"1966","0x185694811ca844364dc88ef82f524c30636410e4","525.873718806541238199","525873718806541238199","51115418","0x3be577df8102c5fdd3d8b5b71f533aff433ef562a8e68649b14a45739003e1e3"
"1967","0x954ffddad4d3dda9b6807a63716cf74395edcaea","525.514966715259026063","525514966715259026063","51115418","0x3be577df8102c5fdd3d8b5b71f533aff433ef562a8e68649b14a45739003e1e3"
"1968","0x612a930f4df7edec95609e824ec2be055e49ff78","524.25666286905083934","524256662869050839340","51115418","0x3be577df8102c5fdd3d8b5b71f533aff433ef562a8e68649b14a45739003e1e3"
"1969","0x4c92ded13335a65345e3951ab80416f69ceb11ac","522.075183266096310647","522075183266096310647","51115418","0x3be577df8102c5fdd3d8b5b71f533aff433ef562a8e68649b14a45739003e1e3"
"1970","0xebf5c8018cf7f10c8ff766f2436dd0d9f2b126aa","521.091392030375995136","521091392030375995136","51115418","0x3be577df8102c5fdd3d8b5b71f533aff433ef562a8e68649b14a45739003e1e3"
"1971","0x37ce6d9390c1844e4000974f35e7f1574970e92e","521.064255963043738798","521064255963043738798","51115418","0x3be577df8102c5fdd3d8b5b71f533aff433ef562a8e68649b14a45739003e1e3"
"1972","0x7edbc49422b7da38121357e52fc77c522307a9b7","519.508334632651164388","519508334632651164388","51115418","0x3be577df8102c5fdd3d8b5b71f533aff433ef562a8e68649b14a45739003e1e3"
"1973","0x9f6a2efe497fb81a90999ca0b965dda2bac5b373","518.91456364667615223","518914563646676152230","51115418","0x3be577df8102c5fdd3d8b5b71f533aff433ef562a8e68649b14a45739003e1e3"
"1974","0x8c62abe541805f575497af366dfafd4459eb82d2","517.134030126366431669","517134030126366431669","51115418","0x3be577df8102c5fdd3d8b5b71f533aff433ef562a8e68649b14a45739003e1e3"
"1975","0x52e6a352c0eda356dfc5791cb8093a2e012d8cc8","515.878150176559714851","515878150176559714851","51115418","0x3be577df8102c5fdd3d8b5b71f533aff433ef562a8e68649b14a45739003e1e3"
"1976","0x8ef37e2b9ec55c555112ae7e0ef89b5735662b23","512.858011700496672204","512858011700496672204","51115418","0x3be577df8102c5fdd3d8b5b71f533aff433ef562a8e68649b14a45739003e1e3"
"1977","0x2a381a41627de73c9285de8f5b74791ad18bd292","510.391780246288079209","510391780246288079209","51115418","0x3be577df8102c5fdd3d8b5b71f533aff433ef562a8e68649b14a45739003e1e3"
"1978","0x3d890f90c90e794dae372ef09bc7ff7a56639e9a","510.382226402219807193","510382226402219807193","51115418","0x3be577df8102c5fdd3d8b5b71f533aff433ef562a8e68649b14a45739003e1e3"
"1979","0x969ffba6f8d02b149a8f1c4bacac20088ef10274","509.88408661309538104","509884086613095381040","51115418","0x3be577df8102c5fdd3d8b5b71f533aff433ef562a8e68649b14a45739003e1e3"
"1980","0x87b03024ba6059dbc1e2a50589d7920ffbb83d4e","507.960436797608534928","507960436797608534928","51115418","0x3be577df8102c5fdd3d8b5b71f533aff433ef562a8e68649b14a45739003e1e3"
"1981","0xc584810bdb24526929a72a6bb51de4ab76445db2","504.29455830337043881","504294558303370438810","51115418","0x3be577df8102c5fdd3d8b5b71f533aff433ef562a8e68649b14a45739003e1e3"
"1982","0x439b2bbf87fe192003931204698e731f77b4e361","504.225606242720161761","504225606242720161761","51115418","0x3be577df8102c5fdd3d8b5b71f533aff433ef562a8e68649b14a45739003e1e3"
"1983","0x897349fa3b34ea72dc1aca981bdbe99ff0d868a4","503.492039317717041477","503492039317717041477","51115418","0x3be577df8102c5fdd3d8b5b71f533aff433ef562a8e68649b14a45739003e1e3"
"1984","0x6aa6b31a89e3dd23d4e3839867830bccdfb566c8","495.79347380725315543","495793473807253155430","51115418","0x3be577df8102c5fdd3d8b5b71f533aff433ef562a8e68649b14a45739003e1e3"
"1985","0x74c5ff1f32c8dab535991081b5e902c8d536cc4a","493.315774300881276587","493315774300881276587","51115418","0x3be577df8102c5fdd3d8b5b71f533aff433ef562a8e68649b14a45739003e1e3"
"1986","0x2924ec8fce10fb62510f4b65667d82fa258490bf","492.056478263909836644","492056478263909836644","51115418","0x3be577df8102c5fdd3d8b5b71f533aff433ef562a8e68649b14a45739003e1e3"
"1987","0xac4e0a5965db85943ad00d3451a1df0ac472e175","490.290108172793952559","490290108172793952559","51115418","0x3be577df8102c5fdd3d8b5b71f533aff433ef562a8e68649b14a45739003e1e3"
"1988","0x6a4dbc1878345f5ba3723eff9e35d8991aec4336","488.834685522387257383","488834685522387257383","51115418","0x3be577df8102c5fdd3d8b5b71f533aff433ef562a8e68649b14a45739003e1e3"
"1989","0x57a93e43c932039027094c83262ab0bb6e13e913","488.626133897017894461","488626133897017894461","51115418","0x3be577df8102c5fdd3d8b5b71f533aff433ef562a8e68649b14a45739003e1e3"
"1990","0x7a1b5c6931f175de1462e2294ce002bed33174db","485.95633480056326978","485956334800563269780","51115418","0x3be577df8102c5fdd3d8b5b71f533aff433ef562a8e68649b14a45739003e1e3"
"1991","0x5bcbe4d48296885cdd842d3ef3a9f4e3fe2c85f3","485.432525104391263286","485432525104391263286","51115418","0x3be577df8102c5fdd3d8b5b71f533aff433ef562a8e68649b14a45739003e1e3"
"1992","0x6febef600d58b3b6d3cd5ab79db522ed3b2d7906","481.333850714154233217","481333850714154233217","51115418","0x3be577df8102c5fdd3d8b5b71f533aff433ef562a8e68649b14a45739003e1e3"
"1993","0x6f6dcc3635c3c42f943b3dcbcaee0ecafafe4af2","479.4474239261599002","479447423926159900200","51115418","0x3be577df8102c5fdd3d8b5b71f533aff433ef562a8e68649b14a45739003e1e3"
"1994","0x57141ee2db0a521239b7cf8b97ac12f8d200d824","478.769219819468222931","478769219819468222931","51115418","0x3be577df8102c5fdd3d8b5b71f533aff433ef562a8e68649b14a45739003e1e3"
"1995","0x63def45816564ec90383ed3ded4853564310fa86","477.250588557134492623","477250588557134492623","51115418","0x3be577df8102c5fdd3d8b5b71f533aff433ef562a8e68649b14a45739003e1e3"
"1996","0x62c950ffedd76e314ee6df56252787a4b002084f","476.301473267697440537","476301473267697440537","51115418","0x3be577df8102c5fdd3d8b5b71f533aff433ef562a8e68649b14a45739003e1e3"
"1997","0x0ae6e0007f765f882ca9bd565a106713fa60bcf4","475.925649094898710384","475925649094898710384","51115418","0x3be577df8102c5fdd3d8b5b71f533aff433ef562a8e68649b14a45739003e1e3"
"1998","0xa39a097e8d7167025eb2412d3d9800be7334c727","473.064317594361957055","473064317594361957055","51115418","0x3be577df8102c5fdd3d8b5b71f533aff433ef562a8e68649b14a45739003e1e3"
"1999","0x0df811d84f143fdee3694cb16ce78ce84665debc","471.431801963495197745","471431801963495197745","51115418","0x3be577df8102c5fdd3d8b5b71f533aff433ef562a8e68649b14a45739003e1e3"
"2000","0xfe97f5ce3c11d6d6bb784af42c3ee0a54695b345","470.465865826342569663","470465865826342569663","51115418","0x3be577df8102c5fdd3d8b5b71f533aff433ef562a8e68649b14a45739003e1e3"
"2001","0xee1f287ac0903ce02e55f1776dc1c4a15e2550c6","465.603630982189409318","465603630982189409318","51115420","0xac79707cfc7801e60e65d8dbc83b63b16b1d730c8197d17654f86afd579d9daa"
"2002","0xb3a60853cffab43a0154a33ab10c498084bce8af","465.154648341376117504","465154648341376117504","51115420","0xac79707cfc7801e60e65d8dbc83b63b16b1d730c8197d17654f86afd579d9daa"
"2003","0x63d3f5aa0e8307bdb39db658af6c4b86bed99736","462.210340028370880017","462210340028370880017","51115420","0xac79707cfc7801e60e65d8dbc83b63b16b1d730c8197d17654f86afd579d9daa"
"2004","0x029f8c7e0b220c2937ebc10b3c4deb0dfa2b47f8","462.060376299887282065","462060376299887282065","51115420","0xac79707cfc7801e60e65d8dbc83b63b16b1d730c8197d17654f86afd579d9daa"
"2005","0x1d3498607b5bec917ca361e2697e8a3e584fdf6f","461.258157780736028637","461258157780736028637","51115420","0xac79707cfc7801e60e65d8dbc83b63b16b1d730c8197d17654f86afd579d9daa"
"2006","0xc1511d6ba6ddf37c2e03f4e6d8b057ccd4c106f5","460.25678175225267082","460256781752252670820","51115420","0xac79707cfc7801e60e65d8dbc83b63b16b1d730c8197d17654f86afd579d9daa"
"2007","0xc1260b5f58b302e0acbc875de8100154a01e9d69","460.074385401310431854","460074385401310431854","51115420","0xac79707cfc7801e60e65d8dbc83b63b16b1d730c8197d17654f86afd579d9daa"
"2008","0x666a3371f6ede9c7c0f1bc014535c6df5a48179a","459.603412224953587685","459603412224953587685","51115420","0xac79707cfc7801e60e65d8dbc83b63b16b1d730c8197d17654f86afd579d9daa"
"2009","0x7e7f323db7c621f9b34d7a9bb342b2c93201153e","458.450848823068928473","458450848823068928473","51115420","0xac79707cfc7801e60e65d8dbc83b63b16b1d730c8197d17654f86afd579d9daa"
"2010","0x4a84f9588dd3ac94e1298acf8287546d76286948","457.439575331545680965","457439575331545680965","51115420","0xac79707cfc7801e60e65d8dbc83b63b16b1d730c8197d17654f86afd579d9daa"
"2011","0xfb017fbf65a571542ba54fe01a7462e5916cfdfb","456.611864496205536495","456611864496205536495","51115420","0xac79707cfc7801e60e65d8dbc83b63b16b1d730c8197d17654f86afd579d9daa"
"2012","0x24cdf51acfd08d913615e72875cdf6fe85fc2cbd","455.681665377911070343","455681665377911070343","51115420","0xac79707cfc7801e60e65d8dbc83b63b16b1d730c8197d17654f86afd579d9daa"
"2013","0xf403ced831c0d9c6efc168936d2888576b98f9ca","453.64730697106113193","453647306971061131930","51115420","0xac79707cfc7801e60e65d8dbc83b63b16b1d730c8197d17654f86afd579d9daa"
"2014","0x3bd1765c3b581c1ff1e89d8f139fe17b1553bd2f","451.209018784756510405","451209018784756510405","51115420","0xac79707cfc7801e60e65d8dbc83b63b16b1d730c8197d17654f86afd579d9daa"
"2015","0xd54cff6855a0ed7b346e978257e367d9d70f99e5","450.298882019683085618","450298882019683085618","51115420","0xac79707cfc7801e60e65d8dbc83b63b16b1d730c8197d17654f86afd579d9daa"
"2016","0x5a08471e4d2c184aa5b347e989137d8bed17ae00","449.602437368954068487","449602437368954068487","51115420","0xac79707cfc7801e60e65d8dbc83b63b16b1d730c8197d17654f86afd579d9daa"
"2017","0x0562679b83c819375c9e19dff0b390b9f852be33","448.747249183218284533","448747249183218284533","51115420","0xac79707cfc7801e60e65d8dbc83b63b16b1d730c8197d17654f86afd579d9daa"
"2018","0x9c2c49a07bf56f8206a0ab9d39339dcbb4f3c72e","448.490053691020733519","448490053691020733519","51115420","0xac79707cfc7801e60e65d8dbc83b63b16b1d730c8197d17654f86afd579d9daa"
"2019","0x36b1c65cff09d802f53c2f9e1593bf96dac70aa4","446.579162036074467408","446579162036074467408","51115420","0xac79707cfc7801e60e65d8dbc83b63b16b1d730c8197d17654f86afd579d9daa"
"2020","0x7fd3224da668b42e2c05bd2ebedbc19ec3bb1898","441.030237314590641535","441030237314590641535","51115420","0xac79707cfc7801e60e65d8dbc83b63b16b1d730c8197d17654f86afd579d9daa"
"2021","0x996cbe921f56a063d8fbee9a0854adfdbdd24727","437.223035705742611705","437223035705742611705","51115420","0xac79707cfc7801e60e65d8dbc83b63b16b1d730c8197d17654f86afd579d9daa"
"2022","0x02a47d897acbcd8a6c75a503626c289afdc0f8c7","435.533781351651724612","435533781351651724612","51115420","0xac79707cfc7801e60e65d8dbc83b63b16b1d730c8197d17654f86afd579d9daa"
"2023","0xd694e15383a8ac5b195c9dd4b0ef0c6edf86ec05","434.045767017176253614","434045767017176253614","51115420","0xac79707cfc7801e60e65d8dbc83b63b16b1d730c8197d17654f86afd579d9daa"
"2024","0xaabcf80ca85fbaae2a4cead6cec680405a6eb82f","432.462436984608861549","432462436984608861549","51115420","0xac79707cfc7801e60e65d8dbc83b63b16b1d730c8197d17654f86afd579d9daa"
"2025","0x221adebd7aac82672de5abea2db3082e64f35938","430.151116307175818823","430151116307175818823","51115420","0xac79707cfc7801e60e65d8dbc83b63b16b1d730c8197d17654f86afd579d9daa"
"2026","0xecdb6081688a9252160b9555fe1f668c52beaba2","428.634725593058102838","428634725593058102838","51115420","0xac79707cfc7801e60e65d8dbc83b63b16b1d730c8197d17654f86afd579d9daa"
"2027","0x087ba64d3c0bbb0ae3d623c2e1b6340bc9f2424b","426.168614513697089835","426168614513697089835","51115420","0xac79707cfc7801e60e65d8dbc83b63b16b1d730c8197d17654f86afd579d9daa"
"2028","0x25f9b177bdf8aa55b7a617dc0bcd07fab22429e2","425.870334545326434476","425870334545326434476","51115420","0xac79707cfc7801e60e65d8dbc83b63b16b1d730c8197d17654f86afd579d9daa"
"2029","0x071ee9749aafd7e491f207e550835eca153e8fb9","425.076088109982441186","425076088109982441186","51115420","0xac79707cfc7801e60e65d8dbc83b63b16b1d730c8197d17654f86afd579d9daa"
"2030","0x30a807f639daaaa12b538cc43a0c4b14beba0221","419.839946777506642967","419839946777506642967","51115420","0xac79707cfc7801e60e65d8dbc83b63b16b1d730c8197d17654f86afd579d9daa"
"2031","0x510218869100f87c6f039f3e35fec94ad35d7153","418.93852079973837503","418938520799738375030","51115420","0xac79707cfc7801e60e65d8dbc83b63b16b1d730c8197d17654f86afd579d9daa"
"2032","0xade1762c020d50b41e5e4e3092a639f4f4a5d1c9","413.876260855583214231","413876260855583214231","51115420","0xac79707cfc7801e60e65d8dbc83b63b16b1d730c8197d17654f86afd579d9daa"
"2033","0x0b68c46c2466f2ad3bc95dce22a1e4482f7af789","413.685420320038879974","413685420320038879974","51115420","0xac79707cfc7801e60e65d8dbc83b63b16b1d730c8197d17654f86afd579d9daa"
"2034","0x0d872795899a418da8895f0d45712b65a6f97ee8","408.630513299732143832","408630513299732143832","51115420","0xac79707cfc7801e60e65d8dbc83b63b16b1d730c8197d17654f86afd579d9daa"
"2035","0x110e475862024af1a7014b6547e160c5addd8593","406.020915147854002025","406020915147854002025","51115420","0xac79707cfc7801e60e65d8dbc83b63b16b1d730c8197d17654f86afd579d9daa"
"2036","0xbb2be711e20b6c69963e51c4ba80812176e8c252","405.674234219630276329","405674234219630276329","51115420","0xac79707cfc7801e60e65d8dbc83b63b16b1d730c8197d17654f86afd579d9daa"
"2037","0xbab858fb0a45860d2bea54d46646962f0f5d231f","404.230194697381905167","404230194697381905167","51115420","0xac79707cfc7801e60e65d8dbc83b63b16b1d730c8197d17654f86afd579d9daa"
"2038","0x0b6bf9739d3294a099c924a841632de2eb90c840","404.037127732125738818","404037127732125738818","51115420","0xac79707cfc7801e60e65d8dbc83b63b16b1d730c8197d17654f86afd579d9daa"
"2039","0x1fd25a97177ccb07527cb9d4d9df4f1a75dd04da","403.548292167793451821","403548292167793451821","51115420","0xac79707cfc7801e60e65d8dbc83b63b16b1d730c8197d17654f86afd579d9daa"
"2040","0xafc2a63e322b5492f48285e3f1e63587f482b379","402.635916723230600334","402635916723230600334","51115420","0xac79707cfc7801e60e65d8dbc83b63b16b1d730c8197d17654f86afd579d9daa"
"2041","0x928ef8988189ec349cbc08c370a736f3d465c724","400.680155774961367881","400680155774961367881","51115420","0xac79707cfc7801e60e65d8dbc83b63b16b1d730c8197d17654f86afd579d9daa"
"2042","0x9bff5049548e6d7d468758596d6e5969687c023c","398.602159668664482308","398602159668664482308","51115420","0xac79707cfc7801e60e65d8dbc83b63b16b1d730c8197d17654f86afd579d9daa"
"2043","0x1ce8047d4c14e45e2ae8d75cafbd15e0bcf2b7c3","397.192067976362034948","397192067976362034948","51115420","0xac79707cfc7801e60e65d8dbc83b63b16b1d730c8197d17654f86afd579d9daa"
"2044","0x9215825ea76b9b2b25922114d51ea92d1916bd89","396.161386536309649608","396161386536309649608","51115420","0xac79707cfc7801e60e65d8dbc83b63b16b1d730c8197d17654f86afd579d9daa"
"2045","0xa4697bcd379ea99933a3d1dc202eb83c8affa5e7","396.102952754404816913","396102952754404816913","51115420","0xac79707cfc7801e60e65d8dbc83b63b16b1d730c8197d17654f86afd579d9daa"
"2046","0x5ef7656277cdf560d114a90136c069ae580b9130","395.430235970968783701","395430235970968783701","51115420","0xac79707cfc7801e60e65d8dbc83b63b16b1d730c8197d17654f86afd579d9daa"
"2047","0x29010f8f0ba8a959cff4b842050337dd9286a1c8","393.448404294409880599","393448404294409880599","51115420","0xac79707cfc7801e60e65d8dbc83b63b16b1d730c8197d17654f86afd579d9daa"
"2048","0x178f407d14c8ec6b6ffbf0a3c012c2d697730b22","389.662340133677516154","389662340133677516154","51115420","0xac79707cfc7801e60e65d8dbc83b63b16b1d730c8197d17654f86afd579d9daa"
"2049","0xfad99e216d51824c6a2218020b09bfad3d77997d","387.801408100835083761","387801408100835083761","51115420","0xac79707cfc7801e60e65d8dbc83b63b16b1d730c8197d17654f86afd579d9daa"
"2050","0x43891e8e9f77ac9397312ee73a50447417739172","387.17674715368078744","387176747153680787440","51115420","0xac79707cfc7801e60e65d8dbc83b63b16b1d730c8197d17654f86afd579d9daa"
"2051","0x7a39af4edd4c58d116d5579b2ee71b996d0c224e","386.332874815075854704","386332874815075854704","51115420","0xac79707cfc7801e60e65d8dbc83b63b16b1d730c8197d17654f86afd579d9daa"
"2052","0x3c84c7dd3045a44b64f0394a53688151db960834","386.213573647104909436","386213573647104909436","51115420","0xac79707cfc7801e60e65d8dbc83b63b16b1d730c8197d17654f86afd579d9daa"
"2053","0x17aaf8376715874d83d605ef2b9c2302bcfc6f67","385.93800932828603285","385938009328286032850","51115420","0xac79707cfc7801e60e65d8dbc83b63b16b1d730c8197d17654f86afd579d9daa"
"2054","0x5017c1e062c4db1cf739e6dffda748be40b1b5ad","384.568530492284138261","384568530492284138261","51115420","0xac79707cfc7801e60e65d8dbc83b63b16b1d730c8197d17654f86afd579d9daa"
"2055","0x5a9caa9d7ab6fc928aab4382c5035d861bc1a1af","382.361646568177976933","382361646568177976933","51115420","0xac79707cfc7801e60e65d8dbc83b63b16b1d730c8197d17654f86afd579d9daa"
"2056","0xd608f6639e9f0b9dc90334d0639f8383d51b6ec0","381.464683995772020248","381464683995772020248","51115420","0xac79707cfc7801e60e65d8dbc83b63b16b1d730c8197d17654f86afd579d9daa"
"2057","0x50ab48630af3a1488d9d0ca757e6f7d4e22bfe04","379.131148047812308387","379131148047812308387","51115420","0xac79707cfc7801e60e65d8dbc83b63b16b1d730c8197d17654f86afd579d9daa"
"2058","0x2b467a6a63d28375e4f213b5513b1fc68f3d7da8","378.942041738633517437","378942041738633517437","51115420","0xac79707cfc7801e60e65d8dbc83b63b16b1d730c8197d17654f86afd579d9daa"
"2059","0x74ea165a63536ae94f9a3bc97f47957a63ef60b4","375.057321585996400957","375057321585996400957","51115420","0xac79707cfc7801e60e65d8dbc83b63b16b1d730c8197d17654f86afd579d9daa"
"2060","0x544d2e8690a3c7e6e0ce6f5c0007a48d6ef54090","369.787383433171722952","369787383433171722952","51115420","0xac79707cfc7801e60e65d8dbc83b63b16b1d730c8197d17654f86afd579d9daa"
"2061","0xbdc428e926ad87dbefe28024457a016e50961f42","368.757676630219240175","368757676630219240175","51115420","0xac79707cfc7801e60e65d8dbc83b63b16b1d730c8197d17654f86afd579d9daa"
"2062","0x15e787223102c26b292ba0ecaaeb8b6d49ef6d04","368.304061182604405339","368304061182604405339","51115420","0xac79707cfc7801e60e65d8dbc83b63b16b1d730c8197d17654f86afd579d9daa"
"2063","0x5233999c7f108831843ac378b035fdd6e69f9a39","368.246959947033233535","368246959947033233535","51115420","0xac79707cfc7801e60e65d8dbc83b63b16b1d730c8197d17654f86afd579d9daa"
"2064","0x3269710878717a6bd2e1ea5e2c1069ea8ed08c71","363.346738906686065851","363346738906686065851","51115420","0xac79707cfc7801e60e65d8dbc83b63b16b1d730c8197d17654f86afd579d9daa"
"2065","0x01419ff9897a02d410b9303e8b1844793f761abe","361.385528208932173587","361385528208932173587","51115420","0xac79707cfc7801e60e65d8dbc83b63b16b1d730c8197d17654f86afd579d9daa"
"2066","0xc83610866514428e4f444a38733a905205f8ee03","361.213500178297040496","361213500178297040496","51115420","0xac79707cfc7801e60e65d8dbc83b63b16b1d730c8197d17654f86afd579d9daa"
"2067","0x5a8efb2c5a7623d2692e850c1e03b1403bde8f98","360.763348903204968416","360763348903204968416","51115420","0xac79707cfc7801e60e65d8dbc83b63b16b1d730c8197d17654f86afd579d9daa"
"2068","0x4991e914e3998fbb4788db1318ca1a60fb0fd3e2","360.620321709186353504","360620321709186353504","51115420","0xac79707cfc7801e60e65d8dbc83b63b16b1d730c8197d17654f86afd579d9daa"
"2069","0xd7b23858dfe634d9030b98cf62d39744349e6c50","358.640125669924859877","358640125669924859877","51115420","0xac79707cfc7801e60e65d8dbc83b63b16b1d730c8197d17654f86afd579d9daa"
"2070","0x09afb123e5501553495232d077902f6d18250e6f","354.448387486448133883","354448387486448133883","51115420","0xac79707cfc7801e60e65d8dbc83b63b16b1d730c8197d17654f86afd579d9daa"
"2071","0xc8e470ec46e8689941a68a6e96372cc65407230c","354.322335138330615516","354322335138330615516","51115420","0xac79707cfc7801e60e65d8dbc83b63b16b1d730c8197d17654f86afd579d9daa"
"2072","0xbf5afa02a6f11396eeccc5658afba4473448c5e4","352.423518445728876125","352423518445728876125","51115420","0xac79707cfc7801e60e65d8dbc83b63b16b1d730c8197d17654f86afd579d9daa"
"2073","0x67cdc407b56170761e99b75d79eb3c9ebbea43c9","347.42415768123317696","347424157681233176960","51115420","0xac79707cfc7801e60e65d8dbc83b63b16b1d730c8197d17654f86afd579d9daa"
"2074","0x2c71c0e20fad84273cd81575bfdbfb8746932e04","344.21846237038657648","344218462370386576480","51115420","0xac79707cfc7801e60e65d8dbc83b63b16b1d730c8197d17654f86afd579d9daa"
"2075","0x1c503e39d81269d65b00a32a23aae38dd788c7a3","343.770381864203778426","343770381864203778426","51115420","0xac79707cfc7801e60e65d8dbc83b63b16b1d730c8197d17654f86afd579d9daa"
"2076","0x531216af56218f3f364064d5c2bee39310d4b47e","343.743788977979870316","343743788977979870316","51115420","0xac79707cfc7801e60e65d8dbc83b63b16b1d730c8197d17654f86afd579d9daa"
"2077","0x9da75247357eafca528ccc1cc0c6c84fc74ba743","341.811776164442715497","341811776164442715497","51115420","0xac79707cfc7801e60e65d8dbc83b63b16b1d730c8197d17654f86afd579d9daa"
"2078","0xe8b3e96a056986a9de606fe9751b627ffdff55dd","340.242929889661615656","340242929889661615656","51115420","0xac79707cfc7801e60e65d8dbc83b63b16b1d730c8197d17654f86afd579d9daa"
"2079","0x5c63117821d64592e1d1bcbd3951a910637c13ee","339.815028951201004006","339815028951201004006","51115420","0xac79707cfc7801e60e65d8dbc83b63b16b1d730c8197d17654f86afd579d9daa"
"2080","0x9dbe1c6ea8cbd65c2e0a66153c4580f468312be9","338.524146866137026682","338524146866137026682","51115420","0xac79707cfc7801e60e65d8dbc83b63b16b1d730c8197d17654f86afd579d9daa"
"2081","0x5efcefa38474c16e1388461321dd2040bd0f5929","337.850067306966650428","337850067306966650428","51115420","0xac79707cfc7801e60e65d8dbc83b63b16b1d730c8197d17654f86afd579d9daa"
"2082","0x6f1970686f50d31fe074c2fa5209cd66f19716cf","337.758261455273795513","337758261455273795513","51115420","0xac79707cfc7801e60e65d8dbc83b63b16b1d730c8197d17654f86afd579d9daa"
"2083","0x8fa74d850babb2b21ba2ea1f8c9ccd13770864cd","336.930582841726650882","336930582841726650882","51115420","0xac79707cfc7801e60e65d8dbc83b63b16b1d730c8197d17654f86afd579d9daa"
"2084","0xfc45e0ce83ce45f5cc7d50df4a8cc46b27863f97","332.019706501005128659","332019706501005128659","51115420","0xac79707cfc7801e60e65d8dbc83b63b16b1d730c8197d17654f86afd579d9daa"
"2085","0x73d56c1aafdad1c0a09782744844915de46f2b22","331.973790652089909582","331973790652089909582","51115420","0xac79707cfc7801e60e65d8dbc83b63b16b1d730c8197d17654f86afd579d9daa"
"2086","0x6a79fda6d6395b8411bc4bff2049776bc47c877e","329.148364060380515847","329148364060380515847","51115420","0xac79707cfc7801e60e65d8dbc83b63b16b1d730c8197d17654f86afd579d9daa"
"2087","0x7363c82af29ad0b64283bb0ce307d16054d094d6","328.830904794545291443","328830904794545291443","51115420","0xac79707cfc7801e60e65d8dbc83b63b16b1d730c8197d17654f86afd579d9daa"
"2088","0x23572b691ae68f4e0473d78122a408f47261b94d","327.862661295330823147","327862661295330823147","51115420","0xac79707cfc7801e60e65d8dbc83b63b16b1d730c8197d17654f86afd579d9daa"
"2089","0x29a9355cd369b45188a796110d594036c48276f2","322.614169885483017288","322614169885483017288","51115420","0xac79707cfc7801e60e65d8dbc83b63b16b1d730c8197d17654f86afd579d9daa"
"2090","0xc5d5ea28512ec378215dc913c72ea9fff7080035","321.895293061407118253","321895293061407118253","51115420","0xac79707cfc7801e60e65d8dbc83b63b16b1d730c8197d17654f86afd579d9daa"
"2091","0x3e2a266445f470f2268d0cecb3efd3a2edd0ae25","318.411742139354390871","318411742139354390871","51115420","0xac79707cfc7801e60e65d8dbc83b63b16b1d730c8197d17654f86afd579d9daa"
"2092","0x5ca654d08a68bfdb467a7d480f39474523495d56","317.614706835687919064","317614706835687919064","51115420","0xac79707cfc7801e60e65d8dbc83b63b16b1d730c8197d17654f86afd579d9daa"
"2093","0x1e2d74815a011d43acab02a468f3021f0f1a9645","317.328898721081792054","317328898721081792054","51115420","0xac79707cfc7801e60e65d8dbc83b63b16b1d730c8197d17654f86afd579d9daa"
"2094","0x9784421c33f2743d20d3e4f7aa011ea6942f6500","316.936400642936074504","316936400642936074504","51115420","0xac79707cfc7801e60e65d8dbc83b63b16b1d730c8197d17654f86afd579d9daa"
"2095","0xe81cb7dfe51523571529443deda97934f944a94d","316.234442259447726455","316234442259447726455","51115420","0xac79707cfc7801e60e65d8dbc83b63b16b1d730c8197d17654f86afd579d9daa"
"2096","0x3973dc2f8a45177279376e8567dde6aacab45f3b","310.214335194765290941","310214335194765290941","51115420","0xac79707cfc7801e60e65d8dbc83b63b16b1d730c8197d17654f86afd579d9daa"
"2097","0x4fe377cdd53d1c6f499ba0faa9e1170b00ccf499","309.298510712990972783","309298510712990972783","51115420","0xac79707cfc7801e60e65d8dbc83b63b16b1d730c8197d17654f86afd579d9daa"
"2098","0xb00ddb153300354ff5a9ad93938c611e686b0b34","308.289472438316710201","308289472438316710201","51115420","0xac79707cfc7801e60e65d8dbc83b63b16b1d730c8197d17654f86afd579d9daa"
"2099","0x5736ddb2ff0e8f68d6a50c3355e90990b187c080","306.930643440786092353","306930643440786092353","51115420","0xac79707cfc7801e60e65d8dbc83b63b16b1d730c8197d17654f86afd579d9daa"
"2100","0x045b4b174743d663222a7cacca41dd7112e1945d","305.7980763958445307","305798076395844530700","51115420","0xac79707cfc7801e60e65d8dbc83b63b16b1d730c8197d17654f86afd579d9daa"
"2101","0x9e3701ab1803b1fb69858273d8c99bc545d99238","305.170378039731601887","305170378039731601887","51115420","0xac79707cfc7801e60e65d8dbc83b63b16b1d730c8197d17654f86afd579d9daa"
"2102","0x99e3399a6eb3cc42b771b3a9944167f9dd0600e7","302.08091643712490879","302080916437124908790","51115420","0xac79707cfc7801e60e65d8dbc83b63b16b1d730c8197d17654f86afd579d9daa"
"2103","0x39da38bccd0d398380e181c4eb0469e08520a972","300.908824732474486764","300908824732474486764","51115420","0xac79707cfc7801e60e65d8dbc83b63b16b1d730c8197d17654f86afd579d9daa"
"2104","0x72e35050c24dc5abba38f5a0d8bcaf6c74ec9d46","298.198702714023442823","298198702714023442823","51115420","0xac79707cfc7801e60e65d8dbc83b63b16b1d730c8197d17654f86afd579d9daa"
"2105","0xa6f511683d2f5af05e1e1a55a2c26a20da1c8f7f","297.894591487390882236","297894591487390882236","51115420","0xac79707cfc7801e60e65d8dbc83b63b16b1d730c8197d17654f86afd579d9daa"
"2106","0xf411753f278cca723105e59f6121e6c4a47f1c4d","297.473436047323579108","297473436047323579108","51115420","0xac79707cfc7801e60e65d8dbc83b63b16b1d730c8197d17654f86afd579d9daa"
"2107","0x125efaeb25280e6fe8c78285cef3046ba7c5dc04","297.034615211918505721","297034615211918505721","51115420","0xac79707cfc7801e60e65d8dbc83b63b16b1d730c8197d17654f86afd579d9daa"
"2108","0x30489f486b07ad307054a6efb477e3ec9fdc8bcd","296.981864371843322282","296981864371843322282","51115420","0xac79707cfc7801e60e65d8dbc83b63b16b1d730c8197d17654f86afd579d9daa"
"2109","0x535608c92cd1c7ddec9318662d04da3cf4cb39fa","295.35414332316398386","295354143323163983860","51115420","0xac79707cfc7801e60e65d8dbc83b63b16b1d730c8197d17654f86afd579d9daa"
"2110","0xe2620e4919d7bfd332227d131a3a9dc389442b89","294.953643048605735748","294953643048605735748","51115420","0xac79707cfc7801e60e65d8dbc83b63b16b1d730c8197d17654f86afd579d9daa"
"2111","0xce631360377f5ba13ec67197a32ed31657b84d53","294.781214588336657548","294781214588336657548","51115420","0xac79707cfc7801e60e65d8dbc83b63b16b1d730c8197d17654f86afd579d9daa"
"2112","0x4ae6f90f3ce637d268733f8c940b12206e165991","291.923383899730357409","291923383899730357409","51115420","0xac79707cfc7801e60e65d8dbc83b63b16b1d730c8197d17654f86afd579d9daa"
"2113","0xa8faabcd0af5695b92d085176b6d2c0736f2ebbd","291.452397566713898169","291452397566713898169","51115420","0xac79707cfc7801e60e65d8dbc83b63b16b1d730c8197d17654f86afd579d9daa"
"2114","0x8c9c32c85f9bc1f5206d960a7aa0b2cff455e433","290.9402855974471785","290940285597447178500","51115420","0xac79707cfc7801e60e65d8dbc83b63b16b1d730c8197d17654f86afd579d9daa"
"2115","0x9a4c2e593bf0af29b75d33a2cca4511bfa2dda8e","289.955260136518920793","289955260136518920793","51115420","0xac79707cfc7801e60e65d8dbc83b63b16b1d730c8197d17654f86afd579d9daa"
"2116","0x66cbf962fd607da93e01a68a20ecbf3fb0d28e27","289.080193859499889857","289080193859499889857","51115420","0xac79707cfc7801e60e65d8dbc83b63b16b1d730c8197d17654f86afd579d9daa"
"2117","0x5336ea9fa8b90f1b4b3449f80c63cdf426c724a8","287.970795169996277197","287970795169996277197","51115420","0xac79707cfc7801e60e65d8dbc83b63b16b1d730c8197d17654f86afd579d9daa"
"2118","0xd38408e320901f9b0f10f89213b22239424fd996","286.245685668793744333","286245685668793744333","51115420","0xac79707cfc7801e60e65d8dbc83b63b16b1d730c8197d17654f86afd579d9daa"
"2119","0x6e4d867b0b9da23d0b15e28d1ddc8f382e9e3a5b","285.924271566040775844","285924271566040775844","51115420","0xac79707cfc7801e60e65d8dbc83b63b16b1d730c8197d17654f86afd579d9daa"
"2120","0x2efa14743526e5d881870c54ccb76bf6a5f86ed0","285.743062406107144982","285743062406107144982","51115420","0xac79707cfc7801e60e65d8dbc83b63b16b1d730c8197d17654f86afd579d9daa"
"2121","0x97af4def5ab5071efc15961511489caa651b7eac","283.168571127489308997","283168571127489308997","51115420","0xac79707cfc7801e60e65d8dbc83b63b16b1d730c8197d17654f86afd579d9daa"
"2122","0x6e4cd8a1c90f4dfe7c8738f931fd432b45f07da0","282.729608509324717986","282729608509324717986","51115420","0xac79707cfc7801e60e65d8dbc83b63b16b1d730c8197d17654f86afd579d9daa"
"2123","0x560e140a594a914ff937d83c8475d4e7cc1cf0ef","280.603319946112255987","280603319946112255987","51115420","0xac79707cfc7801e60e65d8dbc83b63b16b1d730c8197d17654f86afd579d9daa"
"2124","0x655b8f66e9a69c7eaa785d570dc7b250111116b3","277.901158091466157744","277901158091466157744","51115420","0xac79707cfc7801e60e65d8dbc83b63b16b1d730c8197d17654f86afd579d9daa"
"2125","0xe861320b914f81056d5b8841277034da584b326d","277.788888604998842586","277788888604998842586","51115420","0xac79707cfc7801e60e65d8dbc83b63b16b1d730c8197d17654f86afd579d9daa"
"2126","0x2ce9912f26befb0ef27c3c68fe2cafd218abbe2c","277.181838592168860295","277181838592168860295","51115420","0xac79707cfc7801e60e65d8dbc83b63b16b1d730c8197d17654f86afd579d9daa"
"2127","0x3bc79ddb399fec8d13dfe8816ea04d92341b3419","276.089298152393849456","276089298152393849456","51115420","0xac79707cfc7801e60e65d8dbc83b63b16b1d730c8197d17654f86afd579d9daa"
"2128","0xd6b64714e15c442b5bde6943de15238060cebc4e","275.821432993986301545","275821432993986301545","51115420","0xac79707cfc7801e60e65d8dbc83b63b16b1d730c8197d17654f86afd579d9daa"
"2129","0xe6fc8cfd0942f5f83192c2fc822184aedf2d08d0","273.386951774737860031","273386951774737860031","51115420","0xac79707cfc7801e60e65d8dbc83b63b16b1d730c8197d17654f86afd579d9daa"
"2130","0x8b7ae2f084e5c05f43c8f2ba1500f96e0e24a8eb","272.595126748740098705","272595126748740098705","51115420","0xac79707cfc7801e60e65d8dbc83b63b16b1d730c8197d17654f86afd579d9daa"
"2131","0x369aef7668158ea25ffe6806bef389ad73bdf210","271.556359507371341645","271556359507371341645","51115420","0xac79707cfc7801e60e65d8dbc83b63b16b1d730c8197d17654f86afd579d9daa"
"2132","0x46d62b416d1d0f78d3455a31a934a2727f0bd669","268.97483669839687896","268974836698396878960","51115420","0xac79707cfc7801e60e65d8dbc83b63b16b1d730c8197d17654f86afd579d9daa"
"2133","0xf8f3c91887408562478c79e5e78888968bbf7b7f","268.779229432935661415","268779229432935661415","51115420","0xac79707cfc7801e60e65d8dbc83b63b16b1d730c8197d17654f86afd579d9daa"
"2134","0xcda47bc706adc4fbb1b1376c723576fc4b1578e3","268.473559750161887554","268473559750161887554","51115420","0xac79707cfc7801e60e65d8dbc83b63b16b1d730c8197d17654f86afd579d9daa"
"2135","0x2dada690936c655cb7c4a7a5b3b021402a382a2c","266.363607368057928295","266363607368057928295","51115420","0xac79707cfc7801e60e65d8dbc83b63b16b1d730c8197d17654f86afd579d9daa"
"2136","0xf9aa8fda37c92aa0656d54dc69213519573ede2a","265.863865324512891433","265863865324512891433","51115420","0xac79707cfc7801e60e65d8dbc83b63b16b1d730c8197d17654f86afd579d9daa"
"2137","0xdbd8f59180f75ae81599e91d7ca75afc9663352f","265.774205190032047267","265774205190032047267","51115420","0xac79707cfc7801e60e65d8dbc83b63b16b1d730c8197d17654f86afd579d9daa"
"2138","0x2f526aab19343b53353b36df970cfb62f126a0f6","265.34085549828293465","265340855498282934650","51115420","0xac79707cfc7801e60e65d8dbc83b63b16b1d730c8197d17654f86afd579d9daa"
"2139","0x9f0f1fd646397a1c393c52c83ab0af493f114414","264.151796690580181712","264151796690580181712","51115420","0xac79707cfc7801e60e65d8dbc83b63b16b1d730c8197d17654f86afd579d9daa"
"2140","0x842c73d0e643d5ac21ef2d86b377c5f1a05ed567","263.869428640549773444","263869428640549773444","51115420","0xac79707cfc7801e60e65d8dbc83b63b16b1d730c8197d17654f86afd579d9daa"
"2141","0x050ffe44b90f8a5047e4db0666a069d7fc5c51d3","262.87722694662007825","262877226946620078250","51115420","0xac79707cfc7801e60e65d8dbc83b63b16b1d730c8197d17654f86afd579d9daa"
"2142","0x67ded304b519f71fc2315d179c77b4c39b81b7b3","262.432478132611553426","262432478132611553426","51115420","0xac79707cfc7801e60e65d8dbc83b63b16b1d730c8197d17654f86afd579d9daa"
"2143","0xd0e40a3e2456412d315be8d7a450ee47af4a8c81","261.869971189778948711","261869971189778948711","51115420","0xac79707cfc7801e60e65d8dbc83b63b16b1d730c8197d17654f86afd579d9daa"
"2144","0x91d22659c47b6cf70840bd747147a36a9d2df571","261.700684457382129771","261700684457382129771","51115420","0xac79707cfc7801e60e65d8dbc83b63b16b1d730c8197d17654f86afd579d9daa"
"2145","0x298bc35b3c2a178381e11ecbd0237d808dff7eef","261.14349373939730814","261143493739397308140","51115420","0xac79707cfc7801e60e65d8dbc83b63b16b1d730c8197d17654f86afd579d9daa"
"2146","0xa8950ef80baa376c5b5650e478759e4f469a2bc7","260.778031676137907347","260778031676137907347","51115420","0xac79707cfc7801e60e65d8dbc83b63b16b1d730c8197d17654f86afd579d9daa"
"2147","0x807986258d8b711d1b71b061361cde80161704c4","260.202829113272542998","260202829113272542998","51115420","0xac79707cfc7801e60e65d8dbc83b63b16b1d730c8197d17654f86afd579d9daa"
"2148","0xc302c38157b7da56edbb127559920b95b5e90978","259.553322340014535115","259553322340014535115","51115420","0xac79707cfc7801e60e65d8dbc83b63b16b1d730c8197d17654f86afd579d9daa"
"2149","0xe45fd1edf54a9971f213e6694818e188aa1f41fe","254.354783317825354267","254354783317825354267","51115420","0xac79707cfc7801e60e65d8dbc83b63b16b1d730c8197d17654f86afd579d9daa"
"2150","0x88e7c0772760510b4d06bcc763617a3fd959af76","254.350492639136349823","254350492639136349823","51115420","0xac79707cfc7801e60e65d8dbc83b63b16b1d730c8197d17654f86afd579d9daa"
"2151","0x7197b52e82083785045eefa2c6bdf6b3f62bbe5e","253.699553445727018224","253699553445727018224","51115420","0xac79707cfc7801e60e65d8dbc83b63b16b1d730c8197d17654f86afd579d9daa"
"2152","0x57ca2ceb706348518207b5ee4f38d6db4bd32eb1","252.572122417183264016","252572122417183264016","51115420","0xac79707cfc7801e60e65d8dbc83b63b16b1d730c8197d17654f86afd579d9daa"
"2153","0x5984d242b249bd0726eaa53bcf41c41812fb20ca","250.346270890731447078","250346270890731447078","51115420","0xac79707cfc7801e60e65d8dbc83b63b16b1d730c8197d17654f86afd579d9daa"
"2154","0x981a453beb373a4382c4bd371830c826736075d7","250.143066860083393308","250143066860083393308","51115420","0xac79707cfc7801e60e65d8dbc83b63b16b1d730c8197d17654f86afd579d9daa"
"2155","0x8504fd6b101aa3dc7f724dfe99bc6b59fd5af83c","249.775591161482007754","249775591161482007754","51115420","0xac79707cfc7801e60e65d8dbc83b63b16b1d730c8197d17654f86afd579d9daa"
"2156","0x316673def397db30a185e8c61abf0449e257108e","249.032133891088794757","249032133891088794757","51115420","0xac79707cfc7801e60e65d8dbc83b63b16b1d730c8197d17654f86afd579d9daa"
"2157","0x2188910f77badce03aabd4fc6c7cde4672802dd6","247.390890819265230066","247390890819265230066","51115420","0xac79707cfc7801e60e65d8dbc83b63b16b1d730c8197d17654f86afd579d9daa"
"2158","0x00342abf8d32d4b31ecfbcc1aaffd2f52859d0f2","245.931407817591773425","245931407817591773425","51115420","0xac79707cfc7801e60e65d8dbc83b63b16b1d730c8197d17654f86afd579d9daa"
"2159","0x9ecd1a7d4ffc1cc5371f2b880bca098c2ebd2227","245.899575970120098474","245899575970120098474","51115420","0xac79707cfc7801e60e65d8dbc83b63b16b1d730c8197d17654f86afd579d9daa"
"2160","0x0202e767b5b2b56a6850dbb57177fdf9cac0af2e","244.358471724748565358","244358471724748565358","51115420","0xac79707cfc7801e60e65d8dbc83b63b16b1d730c8197d17654f86afd579d9daa"
"2161","0x529ab8f50815e148f1424f1aa2e6c5425ed03783","244.312227206674429596","244312227206674429596","51115420","0xac79707cfc7801e60e65d8dbc83b63b16b1d730c8197d17654f86afd579d9daa"
"2162","0x340e3c1b17530407a4c503d373c359fe1fd11ede","243.973344289002263208","243973344289002263208","51115420","0xac79707cfc7801e60e65d8dbc83b63b16b1d730c8197d17654f86afd579d9daa"
"2163","0xb9a645ad7a8d55bef2f3c7f16226f4bea3e4e15c","242.796237739758540806","242796237739758540806","51115420","0xac79707cfc7801e60e65d8dbc83b63b16b1d730c8197d17654f86afd579d9daa"
"2164","0xdca6ad81e87726e52c924bf78065064d982bb490","242.606666543619168397","242606666543619168397","51115420","0xac79707cfc7801e60e65d8dbc83b63b16b1d730c8197d17654f86afd579d9daa"
"2165","0xb631d8d61dd940374f3862716dea969e88b708b3","242.458365068046216887","242458365068046216887","51115420","0xac79707cfc7801e60e65d8dbc83b63b16b1d730c8197d17654f86afd579d9daa"
"2166","0xad10c4f4c9fa1d20721307dcaf1f6cc9bee5693e","242.030361170995009166","242030361170995009166","51115420","0xac79707cfc7801e60e65d8dbc83b63b16b1d730c8197d17654f86afd579d9daa"
"2167","0x19b973bd7fc05561f2f786da78ef7edae85765ea","241.285239339264188545","241285239339264188545","51115420","0xac79707cfc7801e60e65d8dbc83b63b16b1d730c8197d17654f86afd579d9daa"
"2168","0x4d4cc0fce33e7785b2fa309fc6112de6f123551c","237.73895194043085287","237738951940430852870","51115420","0xac79707cfc7801e60e65d8dbc83b63b16b1d730c8197d17654f86afd579d9daa"
"2169","0xeda5a7cf83eea32afd5a3f8fe2a98d441c8ef50f","237.205031615851919163","237205031615851919163","51115420","0xac79707cfc7801e60e65d8dbc83b63b16b1d730c8197d17654f86afd579d9daa"
"2170","0x3426411ff813950401b25e768859c5eb0690848f","237.165796821744008932","237165796821744008932","51115420","0xac79707cfc7801e60e65d8dbc83b63b16b1d730c8197d17654f86afd579d9daa"
"2171","0x635c9fd10bccc2c5b06c084ad4452e4cef06b964","236.465328390452737402","236465328390452737402","51115420","0xac79707cfc7801e60e65d8dbc83b63b16b1d730c8197d17654f86afd579d9daa"
"2172","0xc152d957934c3419e388139841b8dc55af0f0092","235.455844630596876632","235455844630596876632","51115420","0xac79707cfc7801e60e65d8dbc83b63b16b1d730c8197d17654f86afd579d9daa"
"2173","0xda958789bb553f58059b0d0119fc7b6ed0d541e1","234.837274866458123678","234837274866458123678","51115420","0xac79707cfc7801e60e65d8dbc83b63b16b1d730c8197d17654f86afd579d9daa"
"2174","0xf17f05801548651d9c60f2415f5d081fe8189a0d","231.855946564478182096","231855946564478182096","51115420","0xac79707cfc7801e60e65d8dbc83b63b16b1d730c8197d17654f86afd579d9daa"
"2175","0xca0247a209fc334302e49c5ec1d5bf32d298f68c","231.291462247843774528","231291462247843774528","51115420","0xac79707cfc7801e60e65d8dbc83b63b16b1d730c8197d17654f86afd579d9daa"
"2176","0x5c927effeec7dd88c614d436dfb55a0b3a2f38a6","229.776254265898066031","229776254265898066031","51115420","0xac79707cfc7801e60e65d8dbc83b63b16b1d730c8197d17654f86afd579d9daa"
"2177","0xb6fccc51b0e8fac3704715cb1d9d8adb244d1468","229.765723723634390396","229765723723634390396","51115420","0xac79707cfc7801e60e65d8dbc83b63b16b1d730c8197d17654f86afd579d9daa"
"2178","0xee2a776d3eba6a57060bce85555c0b7d5a0d33a5","229.732079568629273809","229732079568629273809","51115420","0xac79707cfc7801e60e65d8dbc83b63b16b1d730c8197d17654f86afd579d9daa"
"2179","0xb70de9859c19530dab5ba742557f1f522207538d","228.912591886009691414","228912591886009691414","51115420","0xac79707cfc7801e60e65d8dbc83b63b16b1d730c8197d17654f86afd579d9daa"
"2180","0x06882c7e3539f3bdfb255a5659ad75838620798d","228.422754670485801349","228422754670485801349","51115420","0xac79707cfc7801e60e65d8dbc83b63b16b1d730c8197d17654f86afd579d9daa"
"2181","0xddc98e21da3692528abd1aa9da49630d9503a187","228.312286409728450484","228312286409728450484","51115420","0xac79707cfc7801e60e65d8dbc83b63b16b1d730c8197d17654f86afd579d9daa"
"2182","0x8f260a08d37ab537caeb6c6528659fd0880e8cfa","227.533870761135464394","227533870761135464394","51115420","0xac79707cfc7801e60e65d8dbc83b63b16b1d730c8197d17654f86afd579d9daa"
"2183","0x1967086bb141253df24fbd5566aa230b1f32042f","226.637992386795928058","226637992386795928058","51115420","0xac79707cfc7801e60e65d8dbc83b63b16b1d730c8197d17654f86afd579d9daa"
"2184","0xffff2f3ffd5f1458ae9d4e2ab33a849c3ac0eb71","226.396497873554727754","226396497873554727754","51115420","0xac79707cfc7801e60e65d8dbc83b63b16b1d730c8197d17654f86afd579d9daa"
"2185","0x6067b9d0bd72fc8c097c0d87c755290bd628ebe3","226.022177915733941424","226022177915733941424","51115420","0xac79707cfc7801e60e65d8dbc83b63b16b1d730c8197d17654f86afd579d9daa"
"2186","0x34a5e21a3cd68358662f42ed871b19eefc24a369","225.587517614577617485","225587517614577617485","51115420","0xac79707cfc7801e60e65d8dbc83b63b16b1d730c8197d17654f86afd579d9daa"
"2187","0x20653f0a0c33c0ab7f6f51fcde7da7b455d19e61","225.503023059474384239","225503023059474384239","51115420","0xac79707cfc7801e60e65d8dbc83b63b16b1d730c8197d17654f86afd579d9daa"
"2188","0xb98e4df5a9e6e62c972fef6781568f336e066291","221.119885316390890976","221119885316390890976","51115420","0xac79707cfc7801e60e65d8dbc83b63b16b1d730c8197d17654f86afd579d9daa"
"2189","0x2c97939115e01879aefd67d30c755931fafb6aef","220.305516350707543831","220305516350707543831","51115420","0xac79707cfc7801e60e65d8dbc83b63b16b1d730c8197d17654f86afd579d9daa"
"2190","0x82dade0dd6ec364eeb29d2cb363565f72db383f9","218.691943211172918936","218691943211172918936","51115420","0xac79707cfc7801e60e65d8dbc83b63b16b1d730c8197d17654f86afd579d9daa"
"2191","0xe270b5430473189edb12cdc1f1acc576a6913440","218.550223706676222184","218550223706676222184","51115420","0xac79707cfc7801e60e65d8dbc83b63b16b1d730c8197d17654f86afd579d9daa"
"2192","0x3aa0a52fb93493d24ce9a242d48c1030cf70bc3a","217.873266287949950162","217873266287949950162","51115420","0xac79707cfc7801e60e65d8dbc83b63b16b1d730c8197d17654f86afd579d9daa"
"2193","0x76337b85c89bb576bf9ca773ebf40a2b057d39fd","215.877039521933210255","215877039521933210255","51115420","0xac79707cfc7801e60e65d8dbc83b63b16b1d730c8197d17654f86afd579d9daa"
"2194","0x81ee9a84c2d0a1ce3ceb2674c7748a543059149d","214.1158307986897966","214115830798689796600","51115420","0xac79707cfc7801e60e65d8dbc83b63b16b1d730c8197d17654f86afd579d9daa"
"2195","0x238a9bdcd0a7aacbc791988e859b1c7c4642eb37","214.10783215423184619","214107832154231846190","51115420","0xac79707cfc7801e60e65d8dbc83b63b16b1d730c8197d17654f86afd579d9daa"
"2196","0x7c8e64bc316d26173c6a45f5bf2e29d834314986","212.276784838200604719","212276784838200604719","51115420","0xac79707cfc7801e60e65d8dbc83b63b16b1d730c8197d17654f86afd579d9daa"
"2197","0x00fb6dd0a89c038443bf0385b0bef22cab067628","204.238165378044672456","204238165378044672456","51115420","0xac79707cfc7801e60e65d8dbc83b63b16b1d730c8197d17654f86afd579d9daa"
"2198","0xc7472674dc02dffb2e5ba90e71a4ec58ebe30034","203.602870277355862429","203602870277355862429","51115420","0xac79707cfc7801e60e65d8dbc83b63b16b1d730c8197d17654f86afd579d9daa"
"2199","0xb6a99d07f7beb9f42c997243d8a951901d5f9c8b","203.371178842721240136","203371178842721240136","51115420","0xac79707cfc7801e60e65d8dbc83b63b16b1d730c8197d17654f86afd579d9daa"
"2200","0x3a99ec1924bcfe04ca46f0e80cb4bdfc1eaae0ee","203.120214653681712595","203120214653681712595","51115420","0xac79707cfc7801e60e65d8dbc83b63b16b1d730c8197d17654f86afd579d9daa"
"2201","0x61a7ecca34dbbd6358992e695b95b9b4593cf879","203.000940650949471241","203000940650949471241","51115420","0xac79707cfc7801e60e65d8dbc83b63b16b1d730c8197d17654f86afd579d9daa"
"2202","0x9bfb96d1641dfad899972595eca5923bb846d2a5","198.520429954780951476","198520429954780951476","51115420","0xac79707cfc7801e60e65d8dbc83b63b16b1d730c8197d17654f86afd579d9daa"
"2203","0x0e20e5db6ddb0890c1f2badaaddbc0e21c318830","198.355526636630047814","198355526636630047814","51115420","0xac79707cfc7801e60e65d8dbc83b63b16b1d730c8197d17654f86afd579d9daa"
"2204","0x2dda5d9966dca1fb1cbf087296d3921626e553a6","197.156963217560224746","197156963217560224746","51115420","0xac79707cfc7801e60e65d8dbc83b63b16b1d730c8197d17654f86afd579d9daa"
"2205","0xc5e0743184a2ad53ae86160fba182b2b32ca50dd","196.892428074969275873","196892428074969275873","51115420","0xac79707cfc7801e60e65d8dbc83b63b16b1d730c8197d17654f86afd579d9daa"
"2206","0xaa90a3b3513aa2d2949875c5796fffd7dbc858a7","195.739813441120778751","195739813441120778751","51115420","0xac79707cfc7801e60e65d8dbc83b63b16b1d730c8197d17654f86afd579d9daa"
"2207","0x91cc7e811459121e7bb99efe5d672259f639a3ee","195.422483515898563932","195422483515898563932","51115420","0xac79707cfc7801e60e65d8dbc83b63b16b1d730c8197d17654f86afd579d9daa"
"2208","0x21e41bce4355b245b552492ec9c67c7d5a3d6574","194.61007729710928048","194610077297109280480","51115420","0xac79707cfc7801e60e65d8dbc83b63b16b1d730c8197d17654f86afd579d9daa"
"2209","0x496e2ebb17d81d9bcdb97b75980b952bb9b750b5","193.798488577498899102","193798488577498899102","51115420","0xac79707cfc7801e60e65d8dbc83b63b16b1d730c8197d17654f86afd579d9daa"
"2210","0x8239da3bba70cd7f216200bb79d4bf0e7fb744ba","193.660546779372585706","193660546779372585706","51115420","0xac79707cfc7801e60e65d8dbc83b63b16b1d730c8197d17654f86afd579d9daa"
"2211","0xc204c5ecf5d3e506562b9bdd627ce5f5ea7d2099","192.497711234767218216","192497711234767218216","51115420","0xac79707cfc7801e60e65d8dbc83b63b16b1d730c8197d17654f86afd579d9daa"
"2212","0x0b2ba40ef84e26417a06aeadd9de8b4f0639f4e5","191.637378554660799143","191637378554660799143","51115420","0xac79707cfc7801e60e65d8dbc83b63b16b1d730c8197d17654f86afd579d9daa"
"2213","0xa320ca3b6e384bcf284e035ba8bd432cfda29141","191.43565963263539441","191435659632635394410","51115420","0xac79707cfc7801e60e65d8dbc83b63b16b1d730c8197d17654f86afd579d9daa"
"2214","0xe50843a22b564bff77f1e6e79fffea7b9a09b5e2","189.399470705038103366","189399470705038103366","51115420","0xac79707cfc7801e60e65d8dbc83b63b16b1d730c8197d17654f86afd579d9daa"
"2215","0xd27e2c7dbe412920a69b589c305d26af76736aa1","189.100457646219632502","189100457646219632502","51115420","0xac79707cfc7801e60e65d8dbc83b63b16b1d730c8197d17654f86afd579d9daa"
"2216","0xb91bdd2fc5a16436371768a58e8cb0d5db384a2b","189.10034010881352563","189100340108813525630","51115420","0xac79707cfc7801e60e65d8dbc83b63b16b1d730c8197d17654f86afd579d9daa"
"2217","0x06fb9b83a74a7cc193c046bf3b6dd6692086f781","189.100236057842314","189100236057842314000","51115420","0xac79707cfc7801e60e65d8dbc83b63b16b1d730c8197d17654f86afd579d9daa"
"2218","0x06763a3fa512ef21f6c99f91d132b2b2f5a34860","189.100234676908328293","189100234676908328293","51115420","0xac79707cfc7801e60e65d8dbc83b63b16b1d730c8197d17654f86afd579d9daa"
"2219","0xa7e1194aa2ed61e4e7d440b4308322e9fc6925a1","189.100221266046934757","189100221266046934757","51115420","0xac79707cfc7801e60e65d8dbc83b63b16b1d730c8197d17654f86afd579d9daa"
"2220","0x5896c77d67041bddf365e981020b41d2b8955878","189.080175353497673479","189080175353497673479","51115420","0xac79707cfc7801e60e65d8dbc83b63b16b1d730c8197d17654f86afd579d9daa"
"2221","0x870de9f8ab88251f3f1676d4cfada99c592a6071","187.607003373074086718","187607003373074086718","51115420","0xac79707cfc7801e60e65d8dbc83b63b16b1d730c8197d17654f86afd579d9daa"
"2222","0x961014e56176cb180cc486fb1e0c5fa972a8c265","187.527593128352857764","187527593128352857764","51115420","0xac79707cfc7801e60e65d8dbc83b63b16b1d730c8197d17654f86afd579d9daa"
"2223","0xff58bd20272669a5d8621ec8f1cc46b63ab368b0","186.720994664466449168","186720994664466449168","51115420","0xac79707cfc7801e60e65d8dbc83b63b16b1d730c8197d17654f86afd579d9daa"
"2224","0x454ba032bbb3e78f854eec6c61f9b8d6dea269b0","184.180863730318436618","184180863730318436618","51115420","0xac79707cfc7801e60e65d8dbc83b63b16b1d730c8197d17654f86afd579d9daa"
"2225","0xc439608b7c775829f3fba14a070665c0f90a341a","183.272339057961480912","183272339057961480912","51115420","0xac79707cfc7801e60e65d8dbc83b63b16b1d730c8197d17654f86afd579d9daa"
"2226","0x6c6d054e96aec9ae6592666e532c9e7bb6bcef41","182.8515335644289837","182851533564428983700","51115420","0xac79707cfc7801e60e65d8dbc83b63b16b1d730c8197d17654f86afd579d9daa"
"2227","0x899bc2782039cfb2c48f5e5b133a7304da0c44e4","182.384626214982615468","182384626214982615468","51115420","0xac79707cfc7801e60e65d8dbc83b63b16b1d730c8197d17654f86afd579d9daa"
"2228","0xc0477ebae433007ec103e22a550f2fdb9f0d0da7","180.470319530900650107","180470319530900650107","51115420","0xac79707cfc7801e60e65d8dbc83b63b16b1d730c8197d17654f86afd579d9daa"
"2229","0x576e4430d911d872ab2fc611fdb69c5462c3a0e1","180.407160570764235408","180407160570764235408","51115420","0xac79707cfc7801e60e65d8dbc83b63b16b1d730c8197d17654f86afd579d9daa"
"2230","0x9c1822fbb6335fa79b04af4c209e4612ed22c19b","179.961440884590256616","179961440884590256616","51115420","0xac79707cfc7801e60e65d8dbc83b63b16b1d730c8197d17654f86afd579d9daa"
"2231","0x98f566a7443c3317f150159b1dff927a29477a82","179.689432944836541683","179689432944836541683","51115420","0xac79707cfc7801e60e65d8dbc83b63b16b1d730c8197d17654f86afd579d9daa"
"2232","0x2487b5c3dd5a5abb06afb9c93af3cacaae35dd13","178.69772147560145426","178697721475601454260","51115420","0xac79707cfc7801e60e65d8dbc83b63b16b1d730c8197d17654f86afd579d9daa"
"2233","0x30a9c02bc438248187afb5bcbb64ac3cf6785277","177.831139890581432697","177831139890581432697","51115420","0xac79707cfc7801e60e65d8dbc83b63b16b1d730c8197d17654f86afd579d9daa"
"2234","0xae6cfbbe5a8a37f732e743aad72268c895ae0385","176.579970815003520556","176579970815003520556","51115420","0xac79707cfc7801e60e65d8dbc83b63b16b1d730c8197d17654f86afd579d9daa"
"2235","0x2837f748b8ab20c9781aa732749d0b4d1c43611f","176.471410180576216818","176471410180576216818","51115420","0xac79707cfc7801e60e65d8dbc83b63b16b1d730c8197d17654f86afd579d9daa"
"2236","0x0ba580e7b32f5f84e0f9d67d501d7774921425bf","176.04183687609636688","176041836876096366880","51115420","0xac79707cfc7801e60e65d8dbc83b63b16b1d730c8197d17654f86afd579d9daa"
"2237","0x07ce62dea5cdafdaf2956b2d6d6bf82f7e4ceabc","175.192728427425777098","175192728427425777098","51115420","0xac79707cfc7801e60e65d8dbc83b63b16b1d730c8197d17654f86afd579d9daa"
"2238","0x891be8e2fbfa801a50e48b29d256fc57af05ef4e","173.936869342775849301","173936869342775849301","51115420","0xac79707cfc7801e60e65d8dbc83b63b16b1d730c8197d17654f86afd579d9daa"
"2239","0x837b4225b99a36e4a3daff701410c559297e07f8","173.858505907848651545","173858505907848651545","51115420","0xac79707cfc7801e60e65d8dbc83b63b16b1d730c8197d17654f86afd579d9daa"
"2240","0xa61ba19486e7aee84a8c94bd301edbabd3c9d27d","172.859407685317648803","172859407685317648803","51115420","0xac79707cfc7801e60e65d8dbc83b63b16b1d730c8197d17654f86afd579d9daa"
"2241","0x5a196ecb8e9b0d5a0b12722bd1b7eba601dc5df9","172.608918530698886251","172608918530698886251","51115420","0xac79707cfc7801e60e65d8dbc83b63b16b1d730c8197d17654f86afd579d9daa"
"2242","0x29f88164051f976ef73e550554e9f3b88af92e12","172.300437987713637607","172300437987713637607","51115420","0xac79707cfc7801e60e65d8dbc83b63b16b1d730c8197d17654f86afd579d9daa"
"2243","0xf09a8da6725d227d5d1b7f90d00ef021f98b8d07","172.138809502982451385","172138809502982451385","51115420","0xac79707cfc7801e60e65d8dbc83b63b16b1d730c8197d17654f86afd579d9daa"
"2244","0x5bf960dec9cd97a8d603fc926e4e2d48363a7aa4","168.831763070532008366","168831763070532008366","51115420","0xac79707cfc7801e60e65d8dbc83b63b16b1d730c8197d17654f86afd579d9daa"
"2245","0x8a441c79eb07c012b1c9103c19fdcf7423aa445f","168.59542534266094781","168595425342660947810","51115420","0xac79707cfc7801e60e65d8dbc83b63b16b1d730c8197d17654f86afd579d9daa"
"2246","0x5dff3a9249b07d1cfa8814c7816d1fb6bcda656d","168.321257793911545013","168321257793911545013","51115420","0xac79707cfc7801e60e65d8dbc83b63b16b1d730c8197d17654f86afd579d9daa"
"2247","0x0b558b1172aa26b11ab537983626e1ae04354cf0","167.513930533526281446","167513930533526281446","51115420","0xac79707cfc7801e60e65d8dbc83b63b16b1d730c8197d17654f86afd579d9daa"
"2248","0xd9e40ec9f21532e907448e73ab327871999f7ee0","165.723989067228490267","165723989067228490267","51115420","0xac79707cfc7801e60e65d8dbc83b63b16b1d730c8197d17654f86afd579d9daa"
"2249","0xf996b743f747a4a4788a994aaa068901213852ad","164.73331362825796352","164733313628257963520","51115420","0xac79707cfc7801e60e65d8dbc83b63b16b1d730c8197d17654f86afd579d9daa"
"2250","0xcc11f5c6a531c45fcfa2a9c9d91726bb2bb1f4ca","163.073533654345280499","163073533654345280499","51115420","0xac79707cfc7801e60e65d8dbc83b63b16b1d730c8197d17654f86afd579d9daa"
"2251","0x37933fcbfc0bee9202f359a2bdc8cfae4f961b4d","162.685230523872861691","162685230523872861691","51115420","0xac79707cfc7801e60e65d8dbc83b63b16b1d730c8197d17654f86afd579d9daa"
"2252","0x608db4f29055dd43d136bedf8cff95dc3739ebab","162.36555769643205012","162365557696432050120","51115420","0xac79707cfc7801e60e65d8dbc83b63b16b1d730c8197d17654f86afd579d9daa"
"2253","0x8d7e19518a7d2e30138addfd1788f4e9e4fdd73d","159.414229436426901866","159414229436426901866","51115420","0xac79707cfc7801e60e65d8dbc83b63b16b1d730c8197d17654f86afd579d9daa"
"2254","0xdaf7c64e1ca34e433bc2949364ebcec16b3ded69","158.862540118979996503","158862540118979996503","51115420","0xac79707cfc7801e60e65d8dbc83b63b16b1d730c8197d17654f86afd579d9daa"
"2255","0x2bc995c9a43c819150212a82a331304b027d88bb","158.300600740015517506","158300600740015517506","51115420","0xac79707cfc7801e60e65d8dbc83b63b16b1d730c8197d17654f86afd579d9daa"
"2256","0xbd26be6b5541bb2a089321529b5886b08779c604","157.897998038121099153","157897998038121099153","51115420","0xac79707cfc7801e60e65d8dbc83b63b16b1d730c8197d17654f86afd579d9daa"
"2257","0xc091c67d3773ced69e55fad0a72805ba55f1f12f","157.888248781588372042","157888248781588372042","51115420","0xac79707cfc7801e60e65d8dbc83b63b16b1d730c8197d17654f86afd579d9daa"
"2258","0x78b787b11ae1d50acc97be2f3e54f1d1851f522b","157.832782750484554492","157832782750484554492","51115420","0xac79707cfc7801e60e65d8dbc83b63b16b1d730c8197d17654f86afd579d9daa"
"2259","0x12b630b3a44a09ef0cd13cda265a1fb0ce85d096","154.788083552788142987","154788083552788142987","51115420","0xac79707cfc7801e60e65d8dbc83b63b16b1d730c8197d17654f86afd579d9daa"
"2260","0xf91d48a7d3aafa334ae1e4b32a7c04bcea8c45a9","154.465802683803478855","154465802683803478855","51115420","0xac79707cfc7801e60e65d8dbc83b63b16b1d730c8197d17654f86afd579d9daa"
"2261","0xa75fc2cbe4c8a68276853c274e700561f05a78ae","154.261822877419782716","154261822877419782716","51115420","0xac79707cfc7801e60e65d8dbc83b63b16b1d730c8197d17654f86afd579d9daa"
"2262","0xa52d7286e3eecb8177a60868c7352ef1f16a7a46","153.571884067769529682","153571884067769529682","51115420","0xac79707cfc7801e60e65d8dbc83b63b16b1d730c8197d17654f86afd579d9daa"
"2263","0xb4c5c6c175c26accbd22781e9fefe1c6610684fe","152.715627300200905045","152715627300200905045","51115420","0xac79707cfc7801e60e65d8dbc83b63b16b1d730c8197d17654f86afd579d9daa"
"2264","0xf2619723b6f948875b65ba37a24ffd867f49b43c","152.633161900488779509","152633161900488779509","51115420","0xac79707cfc7801e60e65d8dbc83b63b16b1d730c8197d17654f86afd579d9daa"
"2265","0xd4aef0f7a6c7bbb7848071355649fdd6ad2f832a","152.567449538450245236","152567449538450245236","51115420","0xac79707cfc7801e60e65d8dbc83b63b16b1d730c8197d17654f86afd579d9daa"
"2266","0x26a4a9b4d73fea04057a474cb8eae73605e46e7c","151.677687458139773463","151677687458139773463","51115420","0xac79707cfc7801e60e65d8dbc83b63b16b1d730c8197d17654f86afd579d9daa"
"2267","0x2d4f4cfcd524de330876b2e98bdfd79e4d5e7d5e","151.248538698111230986","151248538698111230986","51115420","0xac79707cfc7801e60e65d8dbc83b63b16b1d730c8197d17654f86afd579d9daa"
"2268","0x691589d587cc717646f680fb5473d70b55292de3","151.170997193718262574","151170997193718262574","51115420","0xac79707cfc7801e60e65d8dbc83b63b16b1d730c8197d17654f86afd579d9daa"
"2269","0x298e1ae0a13ce2b4fd6aac1db6109bed819571c0","149.567231193148352771","149567231193148352771","51115420","0xac79707cfc7801e60e65d8dbc83b63b16b1d730c8197d17654f86afd579d9daa"
"2270","0x584300dc94dd0db3de3773d336b8df2fd901a92c","149.230666155995400317","149230666155995400317","51115420","0xac79707cfc7801e60e65d8dbc83b63b16b1d730c8197d17654f86afd579d9daa"
"2271","0x78fa1fdccfc92ca78a5623e22d0c548084b604ee","148.411523356486009579","148411523356486009579","51115420","0xac79707cfc7801e60e65d8dbc83b63b16b1d730c8197d17654f86afd579d9daa"
"2272","0x21ae6237031eab82d17f058283c1f5d6ed8c7023","148.159269498769561442","148159269498769561442","51115420","0xac79707cfc7801e60e65d8dbc83b63b16b1d730c8197d17654f86afd579d9daa"
"2273","0x121167fc31dffebd3b99298b7edf72ee0966ae3c","146.602733632142392254","146602733632142392254","51115420","0xac79707cfc7801e60e65d8dbc83b63b16b1d730c8197d17654f86afd579d9daa"
"2274","0x5f0ab641ec7240bd9f6885b6d8c15b177f1a8cae","144.619005095042275873","144619005095042275873","51115420","0xac79707cfc7801e60e65d8dbc83b63b16b1d730c8197d17654f86afd579d9daa"
"2275","0xc2f561b3b1758908db4d62e8788fcdb9ac2056ef","144.142016687039102241","144142016687039102241","51115420","0xac79707cfc7801e60e65d8dbc83b63b16b1d730c8197d17654f86afd579d9daa"
"2276","0xeec82d50cf96fe6d4d842de0eef53c6e6231b542","143.901550949006298897","143901550949006298897","51115420","0xac79707cfc7801e60e65d8dbc83b63b16b1d730c8197d17654f86afd579d9daa"
"2277","0x70150553ed125bcafebdf3e6a94727128d5aa95b","143.718809934804055054","143718809934804055054","51115420","0xac79707cfc7801e60e65d8dbc83b63b16b1d730c8197d17654f86afd579d9daa"
"2278","0xb20000000000000000000066c938c21d88a50d01","143.05526173546523652","143055261735465236520","51115420","0xac79707cfc7801e60e65d8dbc83b63b16b1d730c8197d17654f86afd579d9daa"
"2279","0x7612be18f6220111469781f96347be7f399a6f29","142.937911222628082085","142937911222628082085","51115420","0xac79707cfc7801e60e65d8dbc83b63b16b1d730c8197d17654f86afd579d9daa"
"2280","0x788eb362829db935ae4a837035376e6416ef6d4e","142.115239710825472199","142115239710825472199","51115420","0xac79707cfc7801e60e65d8dbc83b63b16b1d730c8197d17654f86afd579d9daa"
"2281","0x9db4162a09bdc09be43d0743e82ef789e2440ca3","140.74425743619160585","140744257436191605850","51115420","0xac79707cfc7801e60e65d8dbc83b63b16b1d730c8197d17654f86afd579d9daa"
"2282","0xa1c4c0286e5339a720f83924049f3d3a68b8c24a","140.091772400545527437","140091772400545527437","51115420","0xac79707cfc7801e60e65d8dbc83b63b16b1d730c8197d17654f86afd579d9daa"
"2283","0x2ae8693486cddc27cfa7665cd5790b8c1b6f9452","139.593675042507149685","139593675042507149685","51115420","0xac79707cfc7801e60e65d8dbc83b63b16b1d730c8197d17654f86afd579d9daa"
"2284","0x169c4d1b07cf08bfe5b12e3697d21cac7cf2aa7f","137.612525904593739527","137612525904593739527","51115420","0xac79707cfc7801e60e65d8dbc83b63b16b1d730c8197d17654f86afd579d9daa"
"2285","0x7ad046bcc9327fbd6df240a0d40aa9dabdabc61a","137.270656803056460218","137270656803056460218","51115420","0xac79707cfc7801e60e65d8dbc83b63b16b1d730c8197d17654f86afd579d9daa"
"2286","0x68dc2230a04a5da2be3122c8bf04ec7674315389","136.085486726068414172","136085486726068414172","51115420","0xac79707cfc7801e60e65d8dbc83b63b16b1d730c8197d17654f86afd579d9daa"
"2287","0xc91515cac69777fed62d6928e541d5b027975596","135.600496561353083536","135600496561353083536","51115420","0xac79707cfc7801e60e65d8dbc83b63b16b1d730c8197d17654f86afd579d9daa"
"2288","0x34466d184db59dce045744cbec99150d6384d5e9","135.541750818903529381","135541750818903529381","51115420","0xac79707cfc7801e60e65d8dbc83b63b16b1d730c8197d17654f86afd579d9daa"
"2289","0x62ebf095a04941c5724fb8fba99ec708cc3e009c","135.302330750191913318","135302330750191913318","51115420","0xac79707cfc7801e60e65d8dbc83b63b16b1d730c8197d17654f86afd579d9daa"
"2290","0xad51ed32419d3358cba911f53be644a3a9ea180b","135.095928146657681171","135095928146657681171","51115420","0xac79707cfc7801e60e65d8dbc83b63b16b1d730c8197d17654f86afd579d9daa"
"2291","0x24eff302091aab4519f53be8e3ce648bbb10703e","134.299399315988683789","134299399315988683789","51115420","0xac79707cfc7801e60e65d8dbc83b63b16b1d730c8197d17654f86afd579d9daa"
"2292","0x17c9504cfd58e0e541c722dfabaacd9d13521d6f","132.529550610940892884","132529550610940892884","51115420","0xac79707cfc7801e60e65d8dbc83b63b16b1d730c8197d17654f86afd579d9daa"
"2293","0x36365498a6107a11c8475ce8f2a5515fbcd56ec0","131.473686527428331791","131473686527428331791","51115420","0xac79707cfc7801e60e65d8dbc83b63b16b1d730c8197d17654f86afd579d9daa"
"2294","0x511a70da8dcb2b8ad40ad76c8e97d4128d8884bd","131.337928789760667117","131337928789760667117","51115420","0xac79707cfc7801e60e65d8dbc83b63b16b1d730c8197d17654f86afd579d9daa"
"2295","0x342ab2a7bd521d63320fcf646261b6511dc54bbe","131.265474206470671001","131265474206470671001","51115420","0xac79707cfc7801e60e65d8dbc83b63b16b1d730c8197d17654f86afd579d9daa"
"2296","0x7baaacdb75ad15115febf0613aa4d6f5763c3ecd","130.519505319451463167","130519505319451463167","51115420","0xac79707cfc7801e60e65d8dbc83b63b16b1d730c8197d17654f86afd579d9daa"
"2297","0xd956ea4de154c1958f0058d28d082bf0805c2178","128.038097682422998275","128038097682422998275","51115420","0xac79707cfc7801e60e65d8dbc83b63b16b1d730c8197d17654f86afd579d9daa"
"2298","0x54ff3c403acab8430779324078b6f878438bc28d","126.690575318926341926","126690575318926341926","51115420","0xac79707cfc7801e60e65d8dbc83b63b16b1d730c8197d17654f86afd579d9daa"
"2299","0x12fa6b007e1f8813353cd95ad47c1bcaf5709940","126.397071630215058079","126397071630215058079","51115420","0xac79707cfc7801e60e65d8dbc83b63b16b1d730c8197d17654f86afd579d9daa"
"2300","0x950769f9392c55577d9ebf290eb6fa7cad890082","124.326819746747472595","124326819746747472595","51115420","0xac79707cfc7801e60e65d8dbc83b63b16b1d730c8197d17654f86afd579d9daa"
"2301","0x6084a10f63bd36265e0b6e07fd4c03f2108f852c","124.295047121419861313","124295047121419861313","51115420","0xac79707cfc7801e60e65d8dbc83b63b16b1d730c8197d17654f86afd579d9daa"
"2302","0xe0b33a36c89c8bbbabc449f58e5562d1dca71e94","123.959057006245973346","123959057006245973346","51115420","0xac79707cfc7801e60e65d8dbc83b63b16b1d730c8197d17654f86afd579d9daa"
"2303","0x7c3b5e74f1eed66ef0ef65528b539f7f01765266","123.463583518964896263","123463583518964896263","51115420","0xac79707cfc7801e60e65d8dbc83b63b16b1d730c8197d17654f86afd579d9daa"
"2304","0xada85812f4faebaa79d4fe7b7730b9f908eeaad7","123.167043197640951988","123167043197640951988","51115420","0xac79707cfc7801e60e65d8dbc83b63b16b1d730c8197d17654f86afd579d9daa"
"2305","0x9d0b18af4194efc32cac2b4793fbf529af704aa0","122.575589212784406648","122575589212784406648","51115420","0xac79707cfc7801e60e65d8dbc83b63b16b1d730c8197d17654f86afd579d9daa"
"2306","0x0a999c4ad36c9a7fc202565f0984334bd6c54094","122.337926880667682601","122337926880667682601","51115420","0xac79707cfc7801e60e65d8dbc83b63b16b1d730c8197d17654f86afd579d9daa"
"2307","0xa767a793add58b795825eaac789d9ac23dfd5c13","121.850164583725342021","121850164583725342021","51115420","0xac79707cfc7801e60e65d8dbc83b63b16b1d730c8197d17654f86afd579d9daa"
"2308","0x47e6b83f577ab9511f58c15b96b89e176dabd26e","121.588649701778456857","121588649701778456857","51115420","0xac79707cfc7801e60e65d8dbc83b63b16b1d730c8197d17654f86afd579d9daa"
"2309","0x5d9b194af4c48d9a0eb75890c181626a9d7daeb8","120.582987158019006729","120582987158019006729","51115420","0xac79707cfc7801e60e65d8dbc83b63b16b1d730c8197d17654f86afd579d9daa"
"2310","0x3980ccb4838fe69085cd164c164a3d6254951c2c","118.76089930733544282","118760899307335442820","51115420","0xac79707cfc7801e60e65d8dbc83b63b16b1d730c8197d17654f86afd579d9daa"
"2311","0x87ebe571f7a9c8c05abb5aa3671974e350fb20ec","118.482168960328349527","118482168960328349527","51115420","0xac79707cfc7801e60e65d8dbc83b63b16b1d730c8197d17654f86afd579d9daa"
"2312","0xd920752cdf0cb10b59f510f5af5b3c20731d4394","117.783364904876090525","117783364904876090525","51115420","0xac79707cfc7801e60e65d8dbc83b63b16b1d730c8197d17654f86afd579d9daa"
"2313","0x7cb8791ead9ed1c8ce1e46f97811f092f7058f64","117.439292753320279434","117439292753320279434","51115420","0xac79707cfc7801e60e65d8dbc83b63b16b1d730c8197d17654f86afd579d9daa"
"2314","0x7a33d55d7614f65f10af025c2f77a8f67cdab66d","116.584224887469528777","116584224887469528777","51115420","0xac79707cfc7801e60e65d8dbc83b63b16b1d730c8197d17654f86afd579d9daa"
"2315","0xea13ae7413b5caa87161e25ee47d0d24d7e72400","114.825759612874068708","114825759612874068708","51115420","0xac79707cfc7801e60e65d8dbc83b63b16b1d730c8197d17654f86afd579d9daa"
"2316","0x5ff903581cc74bff86c842d0ab5f3e4b16a1ee47","114.437488848471334812","114437488848471334812","51115420","0xac79707cfc7801e60e65d8dbc83b63b16b1d730c8197d17654f86afd579d9daa"
"2317","0x50c364556bc3e3510eed6d7bc0c1563e1f1076c2","114.16980228398895338","114169802283988953380","51115420","0xac79707cfc7801e60e65d8dbc83b63b16b1d730c8197d17654f86afd579d9daa"
"2318","0x5ba0ba024a076c3cf8fbefaf4187c30833f9025a","113.824292154194284059","113824292154194284059","51115420","0xac79707cfc7801e60e65d8dbc83b63b16b1d730c8197d17654f86afd579d9daa"
"2319","0x8370970362ea00a6e0db0c73b55fbcc1f65ecff0","113.675601962880151773","113675601962880151773","51115420","0xac79707cfc7801e60e65d8dbc83b63b16b1d730c8197d17654f86afd579d9daa"
"2320","0xeb8c1f92debb6f61f1fa4314a8cb7f1c164dcfbb","112.934307832826251783","112934307832826251783","51115420","0xac79707cfc7801e60e65d8dbc83b63b16b1d730c8197d17654f86afd579d9daa"
"2321","0x163cd6a2a83d27014a05bffc675b82d36d88daad","109.085946036897045494","109085946036897045494","51115420","0xac79707cfc7801e60e65d8dbc83b63b16b1d730c8197d17654f86afd579d9daa"
"2322","0x90993cb58224f1748310062821d53f74028ff1fd","108.768456699678460687","108768456699678460687","51115420","0xac79707cfc7801e60e65d8dbc83b63b16b1d730c8197d17654f86afd579d9daa"
"2323","0xd798049a8ec49a3b98947144c9a262ffc3871778","108.23390030041694617","108233900300416946170","51115420","0xac79707cfc7801e60e65d8dbc83b63b16b1d730c8197d17654f86afd579d9daa"
"2324","0x96d88438fa18b9af642b27a8ea55039469f45462","106.720187011187966619","106720187011187966619","51115420","0xac79707cfc7801e60e65d8dbc83b63b16b1d730c8197d17654f86afd579d9daa"
"2325","0xe27251df45119fa7f451e989ba5c3eb5f95fb709","105.248018653737345601","105248018653737345601","51115420","0xac79707cfc7801e60e65d8dbc83b63b16b1d730c8197d17654f86afd579d9daa"
"2326","0xe58686597201a52df0f090df3f4a5a0a068b5cb7","105.043650818644302373","105043650818644302373","51115420","0xac79707cfc7801e60e65d8dbc83b63b16b1d730c8197d17654f86afd579d9daa"
"2327","0x753be6f0a917d4360d10871b703e77e0bc2a61b1","104.978534951384410304","104978534951384410304","51115420","0xac79707cfc7801e60e65d8dbc83b63b16b1d730c8197d17654f86afd579d9daa"
"2328","0x6cdf3acb65030aec17609a6e434d6c8ceb078f5b","104.94970815367200127","104949708153672001270","51115420","0xac79707cfc7801e60e65d8dbc83b63b16b1d730c8197d17654f86afd579d9daa"
"2329","0x72cf9aabee89aea6622576582a87cef197fac1ef","104.905838409223226919","104905838409223226919","51115420","0xac79707cfc7801e60e65d8dbc83b63b16b1d730c8197d17654f86afd579d9daa"
"2330","0x28342adfb362bf021e89063e982129a0535405ac","104.86857692855898246","104868576928558982460","51115420","0xac79707cfc7801e60e65d8dbc83b63b16b1d730c8197d17654f86afd579d9daa"
"2331","0xbb377944bb7b3e0ca15525c69894bd97cdd6b989","104.468747987157019886","104468747987157019886","51115420","0xac79707cfc7801e60e65d8dbc83b63b16b1d730c8197d17654f86afd579d9daa"
"2332","0x3e979f6eb09e637a42f6ce0f3cd3e018ef4f9c87","103.06893964306448821","103068939643064488210","51115420","0xac79707cfc7801e60e65d8dbc83b63b16b1d730c8197d17654f86afd579d9daa"
"2333","0x94fbea3376266acdf93a81421315e882831edfb2","102.488852386916396817","102488852386916396817","51115420","0xac79707cfc7801e60e65d8dbc83b63b16b1d730c8197d17654f86afd579d9daa"
"2334","0x8575e8ed0e39452c6e855cf98cce50ee6835fe1b","101.318767591566307773","101318767591566307773","51115420","0xac79707cfc7801e60e65d8dbc83b63b16b1d730c8197d17654f86afd579d9daa"
"2335","0x1b9a929870fd05a1fa211bd8205fca3ff143294c","100.335532247043263668","100335532247043263668","51115420","0xac79707cfc7801e60e65d8dbc83b63b16b1d730c8197d17654f86afd579d9daa"
"2336","0x2aa56aaa45e7a5911233f2d4ee9e8bcb2ac2d08a","100.286531226716334301","100286531226716334301","51115420","0xac79707cfc7801e60e65d8dbc83b63b16b1d730c8197d17654f86afd579d9daa"
"2337","0x117c0df1eb4520cc776a01f15815dfe548671d45","99.777069894967155679","99777069894967155679","51115420","0xac79707cfc7801e60e65d8dbc83b63b16b1d730c8197d17654f86afd579d9daa"
"2338","0x11db74950bf0fadc75fb95b6256ea4b4bf69b2fa","99.643164065347826258","99643164065347826258","51115420","0xac79707cfc7801e60e65d8dbc83b63b16b1d730c8197d17654f86afd579d9daa"
"2339","0xaded9de60b828f7639c02af3c92eab9c7596e952","99.394545787726327009","99394545787726327009","51115420","0xac79707cfc7801e60e65d8dbc83b63b16b1d730c8197d17654f86afd579d9daa"
"2340","0x01739366cf5197c7d45a9953f82ea5b06b8c5d04","97.896419560705354817","97896419560705354817","51115420","0xac79707cfc7801e60e65d8dbc83b63b16b1d730c8197d17654f86afd579d9daa"
"2341","0xf13813187a966fef27a6297359b9a40af03e1e0c","97.858006834538040667","97858006834538040667","51115420","0xac79707cfc7801e60e65d8dbc83b63b16b1d730c8197d17654f86afd579d9daa"
"2342","0x9540ea70f9fc0c1f3b4986a63298c3fd5bd91f11","96.889033281556461755","96889033281556461755","51115420","0xac79707cfc7801e60e65d8dbc83b63b16b1d730c8197d17654f86afd579d9daa"
"2343","0xd3d03b32d9ab362d9d8254cc9e2c086aafbf7185","96.683269926791882045","96683269926791882045","51115420","0xac79707cfc7801e60e65d8dbc83b63b16b1d730c8197d17654f86afd579d9daa"
"2344","0x1ec1c0d9a92cc5db30a7bdcbd2c4e193a6b26b6b","95.434802033663515174","95434802033663515174","51115420","0xac79707cfc7801e60e65d8dbc83b63b16b1d730c8197d17654f86afd579d9daa"
"2345","0xad88929ae54eede7575de4b8a158d6536b1bf311","94.950736957312241722","94950736957312241722","51115420","0xac79707cfc7801e60e65d8dbc83b63b16b1d730c8197d17654f86afd579d9daa"
"2346","0x6627853e685b52cc248ccbadd0620d617c83967f","93.782207251647380895","93782207251647380895","51115420","0xac79707cfc7801e60e65d8dbc83b63b16b1d730c8197d17654f86afd579d9daa"
"2347","0x9c2829c47cf2b6b54bcc8b40f26af4efc105bb30","91.359529431670565333","91359529431670565333","51115420","0xac79707cfc7801e60e65d8dbc83b63b16b1d730c8197d17654f86afd579d9daa"
"2348","0x0c99ae5b316b7bd7b6aa3da04234dc9517566399","90.883585373887458307","90883585373887458307","51115420","0xac79707cfc7801e60e65d8dbc83b63b16b1d730c8197d17654f86afd579d9daa"
"2349","0xfae4c296fe090d8df283e1b5dde576d0bdf7e850","89.91108122614543595","89911081226145435950","51115420","0xac79707cfc7801e60e65d8dbc83b63b16b1d730c8197d17654f86afd579d9daa"
"2350","0xe52d1a3fde4913ad225b255fce72ebaf8937051e","89.321636671996053216","89321636671996053216","51115420","0xac79707cfc7801e60e65d8dbc83b63b16b1d730c8197d17654f86afd579d9daa"
"2351","0xbbc8b6d0dbc54840b8e79dcf505d6ffb24c5e7c6","88.726119773244006765","88726119773244006765","51115420","0xac79707cfc7801e60e65d8dbc83b63b16b1d730c8197d17654f86afd579d9daa"
"2352","0x9e95aaea5128c4da13465b62e5e8ed000aabae43","88.58884096083719963","88588840960837199630","51115420","0xac79707cfc7801e60e65d8dbc83b63b16b1d730c8197d17654f86afd579d9daa"
"2353","0x8402f2f33f48f8092afd9c957ed01103ad5c97ee","87.967591889342485945","87967591889342485945","51115420","0xac79707cfc7801e60e65d8dbc83b63b16b1d730c8197d17654f86afd579d9daa"
"2354","0x49dbb47606ee9b7bc41a862e55183f01b8522c59","87.603878061027717301","87603878061027717301","51115420","0xac79707cfc7801e60e65d8dbc83b63b16b1d730c8197d17654f86afd579d9daa"
"2355","0x5444eacc3d709ed09bcf6d8621453d8951368b5c","85.275867800181242482","85275867800181242482","51115420","0xac79707cfc7801e60e65d8dbc83b63b16b1d730c8197d17654f86afd579d9daa"
"2356","0x07dae3c1e939b897f3dc22b905c19eb6f3b06924","84.369450048348649319","84369450048348649319","51115420","0xac79707cfc7801e60e65d8dbc83b63b16b1d730c8197d17654f86afd579d9daa"
"2357","0xd01de2310cec52fe43d763441915ce6ab7c411b3","82.060827832719090469","82060827832719090469","51115420","0xac79707cfc7801e60e65d8dbc83b63b16b1d730c8197d17654f86afd579d9daa"
"2358","0xed072e635cdb543f670ca9d12e8b8267dbcf4123","81.051260893919125427","81051260893919125427","51115420","0xac79707cfc7801e60e65d8dbc83b63b16b1d730c8197d17654f86afd579d9daa"
"2359","0xb13311d631de6bbbe713192d08cc5f051b65f66d","79.67973030604911322","79679730306049113220","51115420","0xac79707cfc7801e60e65d8dbc83b63b16b1d730c8197d17654f86afd579d9daa"
"2360","0xb5f4da83d4cd56e87a69ed058ea7224dc8f2087b","78.673073228747857004","78673073228747857004","51115420","0xac79707cfc7801e60e65d8dbc83b63b16b1d730c8197d17654f86afd579d9daa"
"2361","0x289bad042fdaf86e36322d08a9ade041a1ea039b","78.616609263294656624","78616609263294656624","51115420","0xac79707cfc7801e60e65d8dbc83b63b16b1d730c8197d17654f86afd579d9daa"
"2362","0x1d3c5e08e7a5a92ca93b5ab15b04bd683a990ca4","78.557988560638833183","78557988560638833183","51115420","0xac79707cfc7801e60e65d8dbc83b63b16b1d730c8197d17654f86afd579d9daa"
"2363","0xe3342d7623e1ef936bfd4abc12fd3f0d5e4411ab","77.137250039064540624","77137250039064540624","51115420","0xac79707cfc7801e60e65d8dbc83b63b16b1d730c8197d17654f86afd579d9daa"
"2364","0x6b7d66dbbdf07589c669781e7cb8bc3ac1b4367b","76.52706253734871291","76527062537348712910","51115420","0xac79707cfc7801e60e65d8dbc83b63b16b1d730c8197d17654f86afd579d9daa"
"2365","0x9ca3ebe552a588cede477568f798f96811d60e7f","76.431370194664928919","76431370194664928919","51115420","0xac79707cfc7801e60e65d8dbc83b63b16b1d730c8197d17654f86afd579d9daa"
"2366","0x753f45bfd676318813df9867a350955efc84dce7","76.427868482722773601","76427868482722773601","51115420","0xac79707cfc7801e60e65d8dbc83b63b16b1d730c8197d17654f86afd579d9daa"
"2367","0x2a98049a11418e8a9f628ad6cfb93297bb83f1c2","76.194264275889669879","76194264275889669879","51115420","0xac79707cfc7801e60e65d8dbc83b63b16b1d730c8197d17654f86afd579d9daa"
"2368","0xa8886b42627ce1fc4dcc909f585ec861aafbf026","76.134804597439823364","76134804597439823364","51115420","0xac79707cfc7801e60e65d8dbc83b63b16b1d730c8197d17654f86afd579d9daa"
"2369","0xa10e878584aa26c6ae8553c2900f285a3803b5f9","75.286275776916358813","75286275776916358813","51115420","0xac79707cfc7801e60e65d8dbc83b63b16b1d730c8197d17654f86afd579d9daa"
"2370","0xf90f23741df271da54162384473a50d31d5d88f9","74.697200536729173583","74697200536729173583","51115420","0xac79707cfc7801e60e65d8dbc83b63b16b1d730c8197d17654f86afd579d9daa"
"2371","0xd43b0b03e437f69a5bc5c37e45b0bc7d3a7c1ce8","74.129865773109034289","74129865773109034289","51115420","0xac79707cfc7801e60e65d8dbc83b63b16b1d730c8197d17654f86afd579d9daa"
"2372","0x2818a14ee8924185859daced5d3b7de2655b2d06","73.994516118609941977","73994516118609941977","51115420","0xac79707cfc7801e60e65d8dbc83b63b16b1d730c8197d17654f86afd579d9daa"
"2373","0x170e7328ff804ed2c75fe56f43e93658df4addc9","73.827812303002817728","73827812303002817728","51115420","0xac79707cfc7801e60e65d8dbc83b63b16b1d730c8197d17654f86afd579d9daa"
"2374","0x87aa5f514debf300d465e5797655801a6d10b343","73.78067841534965808","73780678415349658080","51115420","0xac79707cfc7801e60e65d8dbc83b63b16b1d730c8197d17654f86afd579d9daa"
"2375","0x4e420d76f66b7574c3ea45c4755431fc1e9fcad4","73.759423244329290728","73759423244329290728","51115420","0xac79707cfc7801e60e65d8dbc83b63b16b1d730c8197d17654f86afd579d9daa"
"2376","0x94a386164c9db1ff93b17275451f5ca4f3567ed3","73.027512327117448686","73027512327117448686","51115420","0xac79707cfc7801e60e65d8dbc83b63b16b1d730c8197d17654f86afd579d9daa"
"2377","0x111d3290ee2ff19fe33942030ca63985ef64fbbf","70.957462568415333401","70957462568415333401","51115420","0xac79707cfc7801e60e65d8dbc83b63b16b1d730c8197d17654f86afd579d9daa"
"2378","0x6e67d15ad6c6932632e8328771cb64345acd991d","70.957449576643358413","70957449576643358413","51115420","0xac79707cfc7801e60e65d8dbc83b63b16b1d730c8197d17654f86afd579d9daa"
"2379","0x5784c0d82bce7b9576b8c27cd195676416858f89","70.158096997045686314","70158096997045686314","51115420","0xac79707cfc7801e60e65d8dbc83b63b16b1d730c8197d17654f86afd579d9daa"
"2380","0x1fd0d445ca6f31bdb61435ff12ac71a70ddff6de","69.440957965030547413","69440957965030547413","51115420","0xac79707cfc7801e60e65d8dbc83b63b16b1d730c8197d17654f86afd579d9daa"
"2381","0xcd88a42f8b7a4788ba2cda9b31ed7bb2b1f6a8b4","68.294838035474790351","68294838035474790351","51115420","0xac79707cfc7801e60e65d8dbc83b63b16b1d730c8197d17654f86afd579d9daa"
"2382","0x0625fb66f89f056000ebc71c4a4f1d61a43d4914","67.775924746478275235","67775924746478275235","51115420","0xac79707cfc7801e60e65d8dbc83b63b16b1d730c8197d17654f86afd579d9daa"
"2383","0xabfe22163b5abde1faad7bc1ab16b316d655f01d","66.00479336673763065","66004793366737630650","51115420","0xac79707cfc7801e60e65d8dbc83b63b16b1d730c8197d17654f86afd579d9daa"
"2384","0xc435dcf27d670e6f9186c778ce3e294db51fcb17","65.150782547455233102","65150782547455233102","51115420","0xac79707cfc7801e60e65d8dbc83b63b16b1d730c8197d17654f86afd579d9daa"
"2385","0x0bb8f1ef50ee733d4b2b6adc393963fbd8c682cb","65.121018968096957562","65121018968096957562","51115420","0xac79707cfc7801e60e65d8dbc83b63b16b1d730c8197d17654f86afd579d9daa"
"2386","0x98f858bdf669b9b1595514d9839fd3edb6664191","64.705059852081822769","64705059852081822769","51115420","0xac79707cfc7801e60e65d8dbc83b63b16b1d730c8197d17654f86afd579d9daa"
"2387","0xd919080c2e9f157a8dc095245cbfd378a900a1c7","63.363845801141427672","63363845801141427672","51115420","0xac79707cfc7801e60e65d8dbc83b63b16b1d730c8197d17654f86afd579d9daa"
"2388","0xf2f6809ef5f23384dc69f32a4b4c7a2bed4756fb","63.183746163267606798","63183746163267606798","51115420","0xac79707cfc7801e60e65d8dbc83b63b16b1d730c8197d17654f86afd579d9daa"
"2389","0x45de06e6d64807bb21840809411dc26921d30063","62.871437259054877185","62871437259054877185","51115420","0xac79707cfc7801e60e65d8dbc83b63b16b1d730c8197d17654f86afd579d9daa"
"2390","0x32d4b62e3475f3d314f82f943db505fb0445f368","62.806460124133161178","62806460124133161178","51115420","0xac79707cfc7801e60e65d8dbc83b63b16b1d730c8197d17654f86afd579d9daa"
"2391","0x05b8b328ddd0748278e12fda04cfdda6fbfa6619","62.779024160535182893","62779024160535182893","51115420","0xac79707cfc7801e60e65d8dbc83b63b16b1d730c8197d17654f86afd579d9daa"
"2392","0xea8aa792a6247d781e547894de00aa4eab8e3250","61.618522105812290666","61618522105812290666","51115420","0xac79707cfc7801e60e65d8dbc83b63b16b1d730c8197d17654f86afd579d9daa"
"2393","0xbbdf5e33bf944bf56114adaa05087f16e4e9f9e9","61.074085680378825389","61074085680378825389","51115420","0xac79707cfc7801e60e65d8dbc83b63b16b1d730c8197d17654f86afd579d9daa"
"2394","0xc2ecc20d0a4cdc0849114c97fd8ff9d5e3f3682b","61.061154113003423231","61061154113003423231","51115420","0xac79707cfc7801e60e65d8dbc83b63b16b1d730c8197d17654f86afd579d9daa"
"2395","0x16fc1230203875d21f5dbfa11fed0456e2955cae","60.915764072232079686","60915764072232079686","51115420","0xac79707cfc7801e60e65d8dbc83b63b16b1d730c8197d17654f86afd579d9daa"
"2396","0x24240b8c54984411d25f4f21967ca23323f869d5","60.492969463523741941","60492969463523741941","51115420","0xac79707cfc7801e60e65d8dbc83b63b16b1d730c8197d17654f86afd579d9daa"
"2397","0x8a8feac106666e03acc82aad10c2bd063fc283ab","60.01085555070981625","60010855550709816250","51115420","0xac79707cfc7801e60e65d8dbc83b63b16b1d730c8197d17654f86afd579d9daa"
"2398","0x06507c603f7ad552648129f51e7952273b863054","59.374172226627543478","59374172226627543478","51115420","0xac79707cfc7801e60e65d8dbc83b63b16b1d730c8197d17654f86afd579d9daa"
"2399","0xc7e4eb5b0747acff2ae4d2c2907edfde2fd37a3c","59.061225564504240526","59061225564504240526","51115420","0xac79707cfc7801e60e65d8dbc83b63b16b1d730c8197d17654f86afd579d9daa"
"2400","0xfee03169f9c7ea2299337227f3e6ed0d5c65c804","59.020507764091092334","59020507764091092334","51115420","0xac79707cfc7801e60e65d8dbc83b63b16b1d730c8197d17654f86afd579d9daa"
"2401","0xbe0c6b83d086bdfd8c7aae68887f0e5394e65e37","58.38034355887186158","58380343558871861580","51115422","0x970d060a433fa24e6d7dfa59a7a600385c5f51c85fac22a4e1aa33211ee1d80b"
"2402","0x7945dfff02f98ac032d67cba5edea3fd344af8a5","58.351739249548473176","58351739249548473176","51115422","0x970d060a433fa24e6d7dfa59a7a600385c5f51c85fac22a4e1aa33211ee1d80b"
"2403","0xbb3255787b7a48526091e69db8347a7a1983ce22","58.306976617917686469","58306976617917686469","51115422","0x970d060a433fa24e6d7dfa59a7a600385c5f51c85fac22a4e1aa33211ee1d80b"
"2404","0x1fb9d2e59f66d62c8fee59370b1281ad3729531b","57.303226722690987707","57303226722690987707","51115422","0x970d060a433fa24e6d7dfa59a7a600385c5f51c85fac22a4e1aa33211ee1d80b"
"2405","0x16303ef39eea9ebbf3b03e986c33f6836b4d12dd","57.129400530507868559","57129400530507868559","51115422","0x970d060a433fa24e6d7dfa59a7a600385c5f51c85fac22a4e1aa33211ee1d80b"
"2406","0x10fbb7240781e6707e3e0057573686ca313b96e0","55.710316024332536554","55710316024332536554","51115422","0x970d060a433fa24e6d7dfa59a7a600385c5f51c85fac22a4e1aa33211ee1d80b"
"2407","0xe2ce39bc22f1a9bbe6795f72f642c79474ed51f1","55.419432200982962992","55419432200982962992","51115422","0x970d060a433fa24e6d7dfa59a7a600385c5f51c85fac22a4e1aa33211ee1d80b"
"2408","0x564cc021b1eeeac8ee1534a7c5b3a51cc9439c76","54.71523634718121553","54715236347181215530","51115422","0x970d060a433fa24e6d7dfa59a7a600385c5f51c85fac22a4e1aa33211ee1d80b"
"2409","0xd7871fe178a536e38ef7d7f7a6d3a3f42f1b8dc4","53.582492790020943464","53582492790020943464","51115422","0x970d060a433fa24e6d7dfa59a7a600385c5f51c85fac22a4e1aa33211ee1d80b"
"2410","0x5805e9e5f18f0e6d13728ad7ad9c5c18a3e6ad66","53.493788770261765708","53493788770261765708","51115422","0x970d060a433fa24e6d7dfa59a7a600385c5f51c85fac22a4e1aa33211ee1d80b"
"2411","0x1dcbbd943bcd3533d5a3f5b74389e6f6cdf2e049","53.303208633523034832","53303208633523034832","51115422","0x970d060a433fa24e6d7dfa59a7a600385c5f51c85fac22a4e1aa33211ee1d80b"
"2412","0x042835e222447da891036c832f44832b5760ddc7","52.944759111060377678","52944759111060377678","51115422","0x970d060a433fa24e6d7dfa59a7a600385c5f51c85fac22a4e1aa33211ee1d80b"
"2413","0x060486fb3d11dc841b79f8a790d03c9bd7bae4ea","52.944759111060377678","52944759111060377678","51115422","0x970d060a433fa24e6d7dfa59a7a600385c5f51c85fac22a4e1aa33211ee1d80b"
"2414","0xc2db3e2beb0d995646c183fdc85c1a92ee381ead","52.658314344664929562","52658314344664929562","51115422","0x970d060a433fa24e6d7dfa59a7a600385c5f51c85fac22a4e1aa33211ee1d80b"
"2415","0x57b7aab1ed8651c419c62ef0da61b86692192047","52.161000010548039558","52161000010548039558","51115422","0x970d060a433fa24e6d7dfa59a7a600385c5f51c85fac22a4e1aa33211ee1d80b"
"2416","0x4a543a38203b87fea43e5096540cc136bf071f5a","51.175227821590067694","51175227821590067694","51115422","0x970d060a433fa24e6d7dfa59a7a600385c5f51c85fac22a4e1aa33211ee1d80b"
"2417","0x47905805fc44c88fa3c06ca667cfb4ab43fec6ba","50.956384246372231349","50956384246372231349","51115422","0x970d060a433fa24e6d7dfa59a7a600385c5f51c85fac22a4e1aa33211ee1d80b"
"2418","0xd7cfa62926a7d006f814af17cd58a4f64f91c886","50.676259121687981955","50676259121687981955","51115422","0x970d060a433fa24e6d7dfa59a7a600385c5f51c85fac22a4e1aa33211ee1d80b"
"2419","0xbfbed3129d823914fb9bcddcfa65acadc8418f8a","50.615571099022689589","50615571099022689589","51115422","0x970d060a433fa24e6d7dfa59a7a600385c5f51c85fac22a4e1aa33211ee1d80b"
"2420","0x3ae6dd9398e490da5cb05895ee80033a18fe8d9b","49.994442161914414106","49994442161914414106","51115422","0x970d060a433fa24e6d7dfa59a7a600385c5f51c85fac22a4e1aa33211ee1d80b"
"2421","0x807b082fdb86a7aabf7497eed1319da5e06c3df5","49.951876548162659424","49951876548162659424","51115422","0x970d060a433fa24e6d7dfa59a7a600385c5f51c85fac22a4e1aa33211ee1d80b"
"2422","0x131352e022bc072ba83aab65e59472b63aeb6ca4","49.455575551648863473","49455575551648863473","51115422","0x970d060a433fa24e6d7dfa59a7a600385c5f51c85fac22a4e1aa33211ee1d80b"
"2423","0x291b51578d686d53e37746ea0d0692aea6bf2e90","49.130174074150507566","49130174074150507566","51115422","0x970d060a433fa24e6d7dfa59a7a600385c5f51c85fac22a4e1aa33211ee1d80b"
"2424","0x2d1f22eaaee458f7afa58e29d71c746e2c326c27","48.142290725681759321","48142290725681759321","51115422","0x970d060a433fa24e6d7dfa59a7a600385c5f51c85fac22a4e1aa33211ee1d80b"
"2425","0xbb644efbe1925c713c6fad7bb4a83c14e38de062","47.992690711850914338","47992690711850914338","51115422","0x970d060a433fa24e6d7dfa59a7a600385c5f51c85fac22a4e1aa33211ee1d80b"
"2426","0x41198f3ccd69dc1731470a5d01a11b3e8f4ec121","47.88574570835402316","47885745708354023160","51115422","0x970d060a433fa24e6d7dfa59a7a600385c5f51c85fac22a4e1aa33211ee1d80b"
"2427","0x1cfef1c430eaca70aab800cbdf4f409f3472007d","47.405304601259709316","47405304601259709316","51115422","0x970d060a433fa24e6d7dfa59a7a600385c5f51c85fac22a4e1aa33211ee1d80b"
"2428","0xf40a34f9f57a54d12dbb2bb6381c154713b091d0","47.178899539939696483","47178899539939696483","51115422","0x970d060a433fa24e6d7dfa59a7a600385c5f51c85fac22a4e1aa33211ee1d80b"
"2429","0x94e279095489480026db3f4a0080f624bbb56905","47.025100717316647448","47025100717316647448","51115422","0x970d060a433fa24e6d7dfa59a7a600385c5f51c85fac22a4e1aa33211ee1d80b"
"2430","0x4e3067d8dfd89fa6086d6f5e4cfaeef3c7d0eaaa","46.5418871688309985","46541887168830998500","51115422","0x970d060a433fa24e6d7dfa59a7a600385c5f51c85fac22a4e1aa33211ee1d80b"
"2431","0xef04dc76f71d8ff42cb1703fad6037bbc6121b94","46.497511617805628397","46497511617805628397","51115422","0x970d060a433fa24e6d7dfa59a7a600385c5f51c85fac22a4e1aa33211ee1d80b"
"2432","0x104032b88ea3fb5e8ef84a487a1ab956fba7c526","46.482409764959842906","46482409764959842906","51115422","0x970d060a433fa24e6d7dfa59a7a600385c5f51c85fac22a4e1aa33211ee1d80b"
"2433","0xbce4a244a099e1ec9937c28f03836c1eccace399","46.324194736061456795","46324194736061456795","51115422","0x970d060a433fa24e6d7dfa59a7a600385c5f51c85fac22a4e1aa33211ee1d80b"
"2434","0xbb5796e549fb51146524e72d64c84a3989903490","46.062574119915367471","46062574119915367471","51115422","0x970d060a433fa24e6d7dfa59a7a600385c5f51c85fac22a4e1aa33211ee1d80b"
"2435","0xd2eefdd1ceef356deeb8078c19682ee23ff0e957","46.011977612431389195","46011977612431389195","51115422","0x970d060a433fa24e6d7dfa59a7a600385c5f51c85fac22a4e1aa33211ee1d80b"
"2436","0x05cf6d9751ed20b716c7df08ccebb5a9e6f76006","45.138251590243193099","45138251590243193099","51115422","0x970d060a433fa24e6d7dfa59a7a600385c5f51c85fac22a4e1aa33211ee1d80b"
"2437","0x2cb50ba6e82bc5abf6e49c72aa39d82ee00b5dfe","44.951554674223862958","44951554674223862958","51115422","0x970d060a433fa24e6d7dfa59a7a600385c5f51c85fac22a4e1aa33211ee1d80b"
"2438","0x5cb125a4044b73c59aa3f6563a4a472ba036e57f","44.917111377530440368","44917111377530440368","51115422","0x970d060a433fa24e6d7dfa59a7a600385c5f51c85fac22a4e1aa33211ee1d80b"
"2439","0x1d26d3c17120a3e55ccb42e7c29bf7d0b93b9da5","44.907584417017820455","44907584417017820455","51115422","0x970d060a433fa24e6d7dfa59a7a600385c5f51c85fac22a4e1aa33211ee1d80b"
"2440","0xdf4e2400e239c8f94e3782fef042ff83250b7557","44.804035267598150373","44804035267598150373","51115422","0x970d060a433fa24e6d7dfa59a7a600385c5f51c85fac22a4e1aa33211ee1d80b"
"2441","0xc166215597746945fbe909a7f0198382096af2bb","44.752874521480121415","44752874521480121415","51115422","0x970d060a433fa24e6d7dfa59a7a600385c5f51c85fac22a4e1aa33211ee1d80b"
"2442","0x21ce8366a4000e9d61306f6595e83b1a6c9bcda5","44.330152456463102495","44330152456463102495","51115422","0x970d060a433fa24e6d7dfa59a7a600385c5f51c85fac22a4e1aa33211ee1d80b"
"2443","0x56897fc85db3fde157a1ea8f9d3aae99913343eb","43.901948949182935863","43901948949182935863","51115422","0x970d060a433fa24e6d7dfa59a7a600385c5f51c85fac22a4e1aa33211ee1d80b"
"2444","0xc54aa2d02580387b042de0a77b82e88abb18b12c","42.032462373814963317","42032462373814963317","51115422","0x970d060a433fa24e6d7dfa59a7a600385c5f51c85fac22a4e1aa33211ee1d80b"
"2445","0xc04f3f6b8ff749c28a54740957ac11947a22a168","41.81279446345147973","41812794463451479730","51115422","0x970d060a433fa24e6d7dfa59a7a600385c5f51c85fac22a4e1aa33211ee1d80b"
"2446","0x6bed6251cb2a51f9c039eae73a27f125d3dde6de","41.340689848719331015","41340689848719331015","51115422","0x970d060a433fa24e6d7dfa59a7a600385c5f51c85fac22a4e1aa33211ee1d80b"
"2447","0x81acba6316c8ef64acc24d078ab2ca591c6d7f77","41.220830082645689621","41220830082645689621","51115422","0x970d060a433fa24e6d7dfa59a7a600385c5f51c85fac22a4e1aa33211ee1d80b"
"2448","0x98d09b3e86e951db5dff72e01dc4fcc8336f8e22","40.924132053164322898","40924132053164322898","51115422","0x970d060a433fa24e6d7dfa59a7a600385c5f51c85fac22a4e1aa33211ee1d80b"
"2449","0xbcfaf5235313b46e9876ccac818244daec7eaf17","40.119686231770808598","40119686231770808598","51115422","0x970d060a433fa24e6d7dfa59a7a600385c5f51c85fac22a4e1aa33211ee1d80b"
"2450","0xa0948aa156c125c7a7b7c5d37acff7a430b2c535","40.061608717093651724","40061608717093651724","51115422","0x970d060a433fa24e6d7dfa59a7a600385c5f51c85fac22a4e1aa33211ee1d80b"
"2451","0x8622cfbd8ba8ec4c7ce60f726557f1ac7c4641ac","39.96465566412473697","39964655664124736970","51115422","0x970d060a433fa24e6d7dfa59a7a600385c5f51c85fac22a4e1aa33211ee1d80b"
"2452","0x8b86abdd6ed429a301606368c6affc8080c74266","39.794747209140342904","39794747209140342904","51115422","0x970d060a433fa24e6d7dfa59a7a600385c5f51c85fac22a4e1aa33211ee1d80b"
"2453","0x9a721672dd218932dd1e6da42d80066e92721ff3","39.639461326724237164","39639461326724237164","51115422","0x970d060a433fa24e6d7dfa59a7a600385c5f51c85fac22a4e1aa33211ee1d80b"
"2454","0x3e4ea3019792778d647364e0f0d3d178eaeee0fb","39.091744420469381555","39091744420469381555","51115422","0x970d060a433fa24e6d7dfa59a7a600385c5f51c85fac22a4e1aa33211ee1d80b"
"2455","0xf0b588bc388d7a3ff8bf3cf62dc2e6b99715743a","38.777130077883946048","38777130077883946048","51115422","0x970d060a433fa24e6d7dfa59a7a600385c5f51c85fac22a4e1aa33211ee1d80b"
"2456","0xc584152849d5a93e1f14f9c4764e32eb3fdbae72","38.77425922605275387","38774259226052753870","51115422","0x970d060a433fa24e6d7dfa59a7a600385c5f51c85fac22a4e1aa33211ee1d80b"
"2457","0x1652de36ebc4539817f2ff87bca4704d8db63749","38.712121875382710794","38712121875382710794","51115422","0x970d060a433fa24e6d7dfa59a7a600385c5f51c85fac22a4e1aa33211ee1d80b"
"2458","0x6914ed25ae79ff1c8da66a509b894aa57bae14ff","38.707687359709006007","38707687359709006007","51115422","0x970d060a433fa24e6d7dfa59a7a600385c5f51c85fac22a4e1aa33211ee1d80b"
"2459","0x08d4dba2a1d9a34a666c271ca7bc546c2a4d1665","38.628943769457275195","38628943769457275195","51115422","0x970d060a433fa24e6d7dfa59a7a600385c5f51c85fac22a4e1aa33211ee1d80b"
"2460","0xf609db6b0dbe34a533195009ecc4f9d74d2013df","38.538280850182302381","38538280850182302381","51115422","0x970d060a433fa24e6d7dfa59a7a600385c5f51c85fac22a4e1aa33211ee1d80b"
"2461","0x3f68ddfddec2847d4602ec20dcaf2adf82234d02","38.43134912701075634","38431349127010756340","51115422","0x970d060a433fa24e6d7dfa59a7a600385c5f51c85fac22a4e1aa33211ee1d80b"
"2462","0xb8a94a7141fa8cd703d7868923383d410db93783","37.992928363983074545","37992928363983074545","51115422","0x970d060a433fa24e6d7dfa59a7a600385c5f51c85fac22a4e1aa33211ee1d80b"
"2463","0xc42324396285eaf34b19cb6ebcc900c80a2a46e8","37.848269744172190649","37848269744172190649","51115422","0x970d060a433fa24e6d7dfa59a7a600385c5f51c85fac22a4e1aa33211ee1d80b"
"2464","0x6683bbcf598fcd1779709407cf955247b5ac7943","37.517679197677830123","37517679197677830123","51115422","0x970d060a433fa24e6d7dfa59a7a600385c5f51c85fac22a4e1aa33211ee1d80b"
"2465","0x94bfef5699dff7386f1b9fb0126d3d4514e51bf9","37.511250730124175659","37511250730124175659","51115422","0x970d060a433fa24e6d7dfa59a7a600385c5f51c85fac22a4e1aa33211ee1d80b"
"2466","0xc23c519bbb65c2b4835c229299bc81b42242d70b","37.490034225255408112","37490034225255408112","51115422","0x970d060a433fa24e6d7dfa59a7a600385c5f51c85fac22a4e1aa33211ee1d80b"
"2467","0xc47269afb3bcb6fa91e09f34fdaa88120714d3e0","37.355246947534097195","37355246947534097195","51115422","0x970d060a433fa24e6d7dfa59a7a600385c5f51c85fac22a4e1aa33211ee1d80b"
"2468","0xc08c2a7e5caa9973c992ec6bc2a27948e62add37","37.269156706034583272","37269156706034583272","51115422","0x970d060a433fa24e6d7dfa59a7a600385c5f51c85fac22a4e1aa33211ee1d80b"
"2469","0x7e1d356435156f9518ee1f02d9321e21286712a1","36.502606055987431353","36502606055987431353","51115422","0x970d060a433fa24e6d7dfa59a7a600385c5f51c85fac22a4e1aa33211ee1d80b"
"2470","0xfa6a3edc86a648954f7ac4d63cfb6b309a30d840","36.295460242026473518","36295460242026473518","51115422","0x970d060a433fa24e6d7dfa59a7a600385c5f51c85fac22a4e1aa33211ee1d80b"
"2471","0x744c63d8d53309f0d749c0bd4374200ab5cb49b3","36.220168382150997422","36220168382150997422","51115422","0x970d060a433fa24e6d7dfa59a7a600385c5f51c85fac22a4e1aa33211ee1d80b"
"2472","0xbc5edb37a36cc2a8dbad0a459595ea0655d96101","36.068166903508052357","36068166903508052357","51115422","0x970d060a433fa24e6d7dfa59a7a600385c5f51c85fac22a4e1aa33211ee1d80b"
"2473","0x22a05c91fb8d813b7d322e15fb081ccf08ed764f","35.97950660645477033","35979506606454770330","51115422","0x970d060a433fa24e6d7dfa59a7a600385c5f51c85fac22a4e1aa33211ee1d80b"
"2474","0x471ffa32713c7cd0a062eeca3070a905c5acb104","35.651683602814770732","35651683602814770732","51115422","0x970d060a433fa24e6d7dfa59a7a600385c5f51c85fac22a4e1aa33211ee1d80b"
"2475","0xf395fa99fa6808b894041ef3d91cc25cfddad31d","34.740087458460868419","34740087458460868419","51115422","0x970d060a433fa24e6d7dfa59a7a600385c5f51c85fac22a4e1aa33211ee1d80b"
"2476","0x70ee3fa11ba67bf9df48e21d199e9211b384ad6c","34.223199525569420734","34223199525569420734","51115422","0x970d060a433fa24e6d7dfa59a7a600385c5f51c85fac22a4e1aa33211ee1d80b"
"2477","0x1e0c8d661fa6fbad74b14003b0a3dfcafb6daea2","33.856417392474458772","33856417392474458772","51115422","0x970d060a433fa24e6d7dfa59a7a600385c5f51c85fac22a4e1aa33211ee1d80b"
"2478","0x121908ede5e1d254d24c9d9f45fec9fa34805c26","33.421258395521017724","33421258395521017724","51115422","0x970d060a433fa24e6d7dfa59a7a600385c5f51c85fac22a4e1aa33211ee1d80b"
"2479","0xcf3f71997f37451e89f608dc638d2b56ba17ea49","32.86192910545525567","32861929105455255670","51115422","0x970d060a433fa24e6d7dfa59a7a600385c5f51c85fac22a4e1aa33211ee1d80b"
"2480","0xdc2e5e54814148375e4eba3bf2e3b11881abfeb7","32.658105420185446167","32658105420185446167","51115422","0x970d060a433fa24e6d7dfa59a7a600385c5f51c85fac22a4e1aa33211ee1d80b"
"2481","0xfae9411d6e46147acc71b445510745a30d59edf9","32.018743372724271295","32018743372724271295","51115422","0x970d060a433fa24e6d7dfa59a7a600385c5f51c85fac22a4e1aa33211ee1d80b"
"2482","0x39f7fb406035ef90917bbd05a0c9836fc09e175f","31.577871383168775597","31577871383168775597","51115422","0x970d060a433fa24e6d7dfa59a7a600385c5f51c85fac22a4e1aa33211ee1d80b"
"2483","0x34276b860f11ae04a81c0e77fa9ccbd4dd69fb0b","31.512536813065266504","31512536813065266504","51115422","0x970d060a433fa24e6d7dfa59a7a600385c5f51c85fac22a4e1aa33211ee1d80b"
"2484","0x06c44363090ddcaf7b5c0e778ad29f5bdcbf4a32","31.382727843584340582","31382727843584340582","51115422","0x970d060a433fa24e6d7dfa59a7a600385c5f51c85fac22a4e1aa33211ee1d80b"
"2485","0x183c0ce2911815616b722d092548d0a3052ac4e7","30.904518057868514668","30904518057868514668","51115422","0x970d060a433fa24e6d7dfa59a7a600385c5f51c85fac22a4e1aa33211ee1d80b"
"2486","0xf1ff76b811e33670ebd49bc3fd08f2a59149ef26","30.062039672502537612","30062039672502537612","51115422","0x970d060a433fa24e6d7dfa59a7a600385c5f51c85fac22a4e1aa33211ee1d80b"
"2487","0xf83ed46123029b2e2b0d21656defb42106e410e1","30.004529941543693235","30004529941543693235","51115422","0x970d060a433fa24e6d7dfa59a7a600385c5f51c85fac22a4e1aa33211ee1d80b"
"2488","0x1e96e0c5e781284487c0f37e07b9e5571758c6ee","29.935510276960981558","29935510276960981558","51115422","0x970d060a433fa24e6d7dfa59a7a600385c5f51c85fac22a4e1aa33211ee1d80b"
"2489","0xb0b1e64589512773f6ddae3def59b1a8bb7b6309","29.906346139747914732","29906346139747914732","51115422","0x970d060a433fa24e6d7dfa59a7a600385c5f51c85fac22a4e1aa33211ee1d80b"
"2490","0x4a2dfeaf03ecae4e9f8f9448652708dd40d3f22e","29.646350024113210845","29646350024113210845","51115422","0x970d060a433fa24e6d7dfa59a7a600385c5f51c85fac22a4e1aa33211ee1d80b"
"2491","0x12fbec495e26e86dc2c3dfecbd5dc539e9caf0bb","29.635110677977040479","29635110677977040479","51115422","0x970d060a433fa24e6d7dfa59a7a600385c5f51c85fac22a4e1aa33211ee1d80b"
"2492","0x7094d625e30e319fde17002d99295949680b7e55","29.536383729424505431","29536383729424505431","51115422","0x970d060a433fa24e6d7dfa59a7a600385c5f51c85fac22a4e1aa33211ee1d80b"
"2493","0xdf9555a5a2c6ec17f08419026ab797325d76c9f7","29.102602368703970037","29102602368703970037","51115422","0x970d060a433fa24e6d7dfa59a7a600385c5f51c85fac22a4e1aa33211ee1d80b"
"2494","0x503a241b1dc374a20db89284cdd0ce1ec030ddc7","28.266959105034005743","28266959105034005743","51115422","0x970d060a433fa24e6d7dfa59a7a600385c5f51c85fac22a4e1aa33211ee1d80b"
"2495","0x1bd15cfcf37b7f93ca887ca17dd605d1c4783784","28.126180181469215777","28126180181469215777","51115422","0x970d060a433fa24e6d7dfa59a7a600385c5f51c85fac22a4e1aa33211ee1d80b"
"2496","0xbdbd5d7705a2ff408de20ff43b29b394e1027945","28.106954797909243125","28106954797909243125","51115422","0x970d060a433fa24e6d7dfa59a7a600385c5f51c85fac22a4e1aa33211ee1d80b"
"2497","0x318d7c153a8007e17ddf03ec81f3061cb6aef91b","27.740805022654641738","27740805022654641738","51115422","0x970d060a433fa24e6d7dfa59a7a600385c5f51c85fac22a4e1aa33211ee1d80b"
"2498","0x3044aad98447a37a3c65600787106f4d0c9fb2e9","27.423207409219068136","27423207409219068136","51115422","0x970d060a433fa24e6d7dfa59a7a600385c5f51c85fac22a4e1aa33211ee1d80b"
"2499","0xcba65b585c2cd42c9d0e0de4c36013333411edd7","27.390554696112506054","27390554696112506054","51115422","0x970d060a433fa24e6d7dfa59a7a600385c5f51c85fac22a4e1aa33211ee1d80b"
"2500","0x3cecb0e02cf57dc2bce0cb65ac833eb64676baa2","27.356207604486754408","27356207604486754408","51115422","0x970d060a433fa24e6d7dfa59a7a600385c5f51c85fac22a4e1aa33211ee1d80b"
"2501","0x6c04d441e2a4a91d9363edb8f422b9c08c7fe30d","26.336042684378319187","26336042684378319187","51115422","0x970d060a433fa24e6d7dfa59a7a600385c5f51c85fac22a4e1aa33211ee1d80b"
"2502","0x818446929b3e8a27bfd12ca2edd3b60a379c5670","26.134944186450323916","26134944186450323916","51115422","0x970d060a433fa24e6d7dfa59a7a600385c5f51c85fac22a4e1aa33211ee1d80b"
"2503","0xb5e30c47efa0a550daab5e2d02f9182e6529adcb","25.966980004073985747","25966980004073985747","51115422","0x970d060a433fa24e6d7dfa59a7a600385c5f51c85fac22a4e1aa33211ee1d80b"
"2504","0xfd35598c095fb81f08583657389b6eaa9a1460ce","25.223840286664620408","25223840286664620408","51115422","0x970d060a433fa24e6d7dfa59a7a600385c5f51c85fac22a4e1aa33211ee1d80b"
"2505","0x2285d833305f78c916094ef30f62caed6e1b4dc3","24.146712622862047655","24146712622862047655","51115422","0x970d060a433fa24e6d7dfa59a7a600385c5f51c85fac22a4e1aa33211ee1d80b"
"2506","0xa05acd29f345ab1367992f11d5c525980284637b","23.206049851723233463","23206049851723233463","51115422","0x970d060a433fa24e6d7dfa59a7a600385c5f51c85fac22a4e1aa33211ee1d80b"
"2507","0xb39645a797f2100637de5674582026beca808e89","22.847063056625997773","22847063056625997773","51115422","0x970d060a433fa24e6d7dfa59a7a600385c5f51c85fac22a4e1aa33211ee1d80b"
"2508","0x3eb1eac487e6210735b3bd0c9c51ad3d8f7ac2ba","21.246057467520015245","21246057467520015245","51115422","0x970d060a433fa24e6d7dfa59a7a600385c5f51c85fac22a4e1aa33211ee1d80b"
"2509","0xa646f193e7a50607aa858ad140a4f6600f379015","21.213205851827282947","21213205851827282947","51115422","0x970d060a433fa24e6d7dfa59a7a600385c5f51c85fac22a4e1aa33211ee1d80b"
"2510","0xf31328c2412ff85415b299d7b4abab3f00c752e5","20.958453753994641825","20958453753994641825","51115422","0x970d060a433fa24e6d7dfa59a7a600385c5f51c85fac22a4e1aa33211ee1d80b"
"2511","0x563ba372ace51fbd79600dbc7cc9eaf85b037b7f","20.840203689766688288","20840203689766688288","51115422","0x970d060a433fa24e6d7dfa59a7a600385c5f51c85fac22a4e1aa33211ee1d80b"
"2512","0x68f1d2f4a013c6ce85c1e9275df715840d3561cd","20.622516341032715854","20622516341032715854","51115422","0x970d060a433fa24e6d7dfa59a7a600385c5f51c85fac22a4e1aa33211ee1d80b"
"2513","0xf969ccf3110a27ad5d8b8b3c99b7722da024b4ab","20.578142713696480069","20578142713696480069","51115422","0x970d060a433fa24e6d7dfa59a7a600385c5f51c85fac22a4e1aa33211ee1d80b"
"2514","0x5de170852454c356a5440ee8ceddbc9fe4975bc1","20.491795776492946327","20491795776492946327","51115422","0x970d060a433fa24e6d7dfa59a7a600385c5f51c85fac22a4e1aa33211ee1d80b"
"2515","0x2ab5765e9b3cc5c8326aa2c148b5fce31c48c798","20.172418372740619412","20172418372740619412","51115422","0x970d060a433fa24e6d7dfa59a7a600385c5f51c85fac22a4e1aa33211ee1d80b"
"2516","0x8f7542059f3e4ddd73eb64cd2d6572de94e1c6de","20.009460206598518765","20009460206598518765","51115422","0x970d060a433fa24e6d7dfa59a7a600385c5f51c85fac22a4e1aa33211ee1d80b"
"2517","0xf036f13acca60715477d967bdac3dbfddb7a46e7","19.757444693965812714","19757444693965812714","51115422","0x970d060a433fa24e6d7dfa59a7a600385c5f51c85fac22a4e1aa33211ee1d80b"
"2518","0x248658a1fe34cd507eac70cdabd1847fd9356380","19.072393387558486497","19072393387558486497","51115422","0x970d060a433fa24e6d7dfa59a7a600385c5f51c85fac22a4e1aa33211ee1d80b"
"2519","0xc89ab156f6d193f9df8a2b0a63cc981c73ab5f5b","18.843799855035452683","18843799855035452683","51115422","0x970d060a433fa24e6d7dfa59a7a600385c5f51c85fac22a4e1aa33211ee1d80b"
"2520","0x7d27e5416f97a0d5a3f38197a835efd88b1eb3ae","18.140446913720135311","18140446913720135311","51115422","0x970d060a433fa24e6d7dfa59a7a600385c5f51c85fac22a4e1aa33211ee1d80b"
"2521","0x7be7dd6428bedc56eef003cbd91586b2c4fe2d13","17.873220894157146447","17873220894157146447","51115422","0x970d060a433fa24e6d7dfa59a7a600385c5f51c85fac22a4e1aa33211ee1d80b"
"2522","0xec5f559509b0a64a115b64b86c939203fe81d37c","17.401525997729334265","17401525997729334265","51115422","0x970d060a433fa24e6d7dfa59a7a600385c5f51c85fac22a4e1aa33211ee1d80b"
"2523","0x448dd97e7457f18e132f5b0bde39ec21ca10926c","17.274387644651672957","17274387644651672957","51115422","0x970d060a433fa24e6d7dfa59a7a600385c5f51c85fac22a4e1aa33211ee1d80b"
"2524","0x79e0da8e8034882c84777cf7f958b62956ed8dc8","17.108242901199210077","17108242901199210077","51115422","0x970d060a433fa24e6d7dfa59a7a600385c5f51c85fac22a4e1aa33211ee1d80b"
"2525","0xcd0fa1dbc4e36f893d992de4e9c194854c45e198","17.019888195905551247","17019888195905551247","51115422","0x970d060a433fa24e6d7dfa59a7a600385c5f51c85fac22a4e1aa33211ee1d80b"
"2526","0x64da6dc3dfcef3085de419731decfa61fe6a40f3","16.934879864656451501","16934879864656451501","51115422","0x970d060a433fa24e6d7dfa59a7a600385c5f51c85fac22a4e1aa33211ee1d80b"
"2527","0x617d67793acfd009ee9c12d60283232df7dedfb2","16.81703459958490531","16817034599584905310","51115422","0x970d060a433fa24e6d7dfa59a7a600385c5f51c85fac22a4e1aa33211ee1d80b"
"2528","0xbbf3fb274db2684f60f048118d7d01325b24a154","16.613374187430371105","16613374187430371105","51115422","0x970d060a433fa24e6d7dfa59a7a600385c5f51c85fac22a4e1aa33211ee1d80b"
"2529","0x621ba667c3462f64d6d9ec2e23da50b651435895","16.439140887663883428","16439140887663883428","51115422","0x970d060a433fa24e6d7dfa59a7a600385c5f51c85fac22a4e1aa33211ee1d80b"
"2530","0x9c2ed89c38b25345d8f7dea994610a173446ced4","15.639795631825558413","15639795631825558413","51115422","0x970d060a433fa24e6d7dfa59a7a600385c5f51c85fac22a4e1aa33211ee1d80b"
"2531","0x3a037c484ad5f05a30c32456c5b138fa44e8a720","15.460447414408875766","15460447414408875766","51115422","0x970d060a433fa24e6d7dfa59a7a600385c5f51c85fac22a4e1aa33211ee1d80b"
"2532","0xf50b21cf91800d08c8810bffe4171978c725618c","15.228291711142322332","15228291711142322332","51115422","0x970d060a433fa24e6d7dfa59a7a600385c5f51c85fac22a4e1aa33211ee1d80b"
"2533","0xe6fab07466de853e49fd145edb3f4cc3cb42d00c","15.136906728280464663","15136906728280464663","51115422","0x970d060a433fa24e6d7dfa59a7a600385c5f51c85fac22a4e1aa33211ee1d80b"
"2534","0xdcc18ca3e66f0ddb43459914289c072bb2c474e7","15.032199689759893152","15032199689759893152","51115422","0x970d060a433fa24e6d7dfa59a7a600385c5f51c85fac22a4e1aa33211ee1d80b"
"2535","0x52357c832cec362c5107f4a942180eac20cbc439","14.812653067996328358","14812653067996328358","51115422","0x970d060a433fa24e6d7dfa59a7a600385c5f51c85fac22a4e1aa33211ee1d80b"
"2536","0x75e6ab826a795685aeedbfa733e30221f4392628","14.437120595173544286","14437120595173544286","51115422","0x970d060a433fa24e6d7dfa59a7a600385c5f51c85fac22a4e1aa33211ee1d80b"
"2537","0x8d1999b7f9d14431d88305def6ce5e6df9be0d36","14.430959245596826645","14430959245596826645","51115422","0x970d060a433fa24e6d7dfa59a7a600385c5f51c85fac22a4e1aa33211ee1d80b"
"2538","0x209b3bceb680b55d7f04aa938cf71ce64bde3f48","14.10684805510404165","14106848055104041650","51115422","0x970d060a433fa24e6d7dfa59a7a600385c5f51c85fac22a4e1aa33211ee1d80b"
"2539","0x58e9ed665109608bc82f9d32fad958654acc13ac","13.504671495715987312","13504671495715987312","51115422","0x970d060a433fa24e6d7dfa59a7a600385c5f51c85fac22a4e1aa33211ee1d80b"
"2540","0x4e57e0e27dca8b9146f29d29222a06c6c40bd6a9","13.121686225227115758","13121686225227115758","51115422","0x970d060a433fa24e6d7dfa59a7a600385c5f51c85fac22a4e1aa33211ee1d80b"
"2541","0x5c082d66dcdda59af314e8ee475d593a731fe6cb","12.82214283279558658","12822142832795586580","51115422","0x970d060a433fa24e6d7dfa59a7a600385c5f51c85fac22a4e1aa33211ee1d80b"
"2542","0x80e615a541e343f824ed18524b482fb3a9f6674f","12.296616312774384026","12296616312774384026","51115422","0x970d060a433fa24e6d7dfa59a7a600385c5f51c85fac22a4e1aa33211ee1d80b"
"2543","0xa4527f2595aa4f0f9e58cc5b1fb950849f6ea260","12.21459191879630105","12214591918796301050","51115422","0x970d060a433fa24e6d7dfa59a7a600385c5f51c85fac22a4e1aa33211ee1d80b"
"2544","0xccbe52cbe25256ec821411a89f3793663b2e8f89","12.139851106543668879","12139851106543668879","51115422","0x970d060a433fa24e6d7dfa59a7a600385c5f51c85fac22a4e1aa33211ee1d80b"
"2545","0xd1de90278132c2a8f510304071416c7c24de1220","12.087319670084572824","12087319670084572824","51115422","0x970d060a433fa24e6d7dfa59a7a600385c5f51c85fac22a4e1aa33211ee1d80b"
"2546","0x79bf9f5ea964c935fece95fbafed6d73c60fc479","11.825801985047806224","11825801985047806224","51115422","0x970d060a433fa24e6d7dfa59a7a600385c5f51c85fac22a4e1aa33211ee1d80b"
"2547","0x865e42005f87d0c883a6f2f609025bf41fa822b3","11.739372624635185263","11739372624635185263","51115422","0x970d060a433fa24e6d7dfa59a7a600385c5f51c85fac22a4e1aa33211ee1d80b"
"2548","0x094984dd8aec56ebbb58d62ccca9984bf2fad111","11.653005468084786164","11653005468084786164","51115422","0x970d060a433fa24e6d7dfa59a7a600385c5f51c85fac22a4e1aa33211ee1d80b"
"2549","0x49c4a00d054d421f6deb02af357275afec2555c8","11.425457261367022788","11425457261367022788","51115422","0x970d060a433fa24e6d7dfa59a7a600385c5f51c85fac22a4e1aa33211ee1d80b"
"2550","0x647ffabc351d3eac7bf20f65e3ac52e4f4f44483","11.327732596075377798","11327732596075377798","51115422","0x970d060a433fa24e6d7dfa59a7a600385c5f51c85fac22a4e1aa33211ee1d80b"
"2551","0x5bae4bb1f8af98871a01a5b9afc953a34f2e991a","10.761182134255936906","10761182134255936906","51115422","0x970d060a433fa24e6d7dfa59a7a600385c5f51c85fac22a4e1aa33211ee1d80b"
"2552","0x2f6935e27859b7e61a384fb560f7071932e8dccb","10.444275310718178808","10444275310718178808","51115422","0x970d060a433fa24e6d7dfa59a7a600385c5f51c85fac22a4e1aa33211ee1d80b"
"2553","0x2f2eb92a01c961c29a6560df2213fdc60a02e8be","10.136648013178138882","10136648013178138882","51115422","0x970d060a433fa24e6d7dfa59a7a600385c5f51c85fac22a4e1aa33211ee1d80b"
"2554","0xbfb18b9587f7703904fae6d561671f485eab83e8","10.096959304008031145","10096959304008031145","51115422","0x970d060a433fa24e6d7dfa59a7a600385c5f51c85fac22a4e1aa33211ee1d80b"
"2555","0x92a0a8ee727de9bb6f8ca4fe43ee7e3b0c1ae794","9.692862424670759109","9692862424670759109","51115422","0x970d060a433fa24e6d7dfa59a7a600385c5f51c85fac22a4e1aa33211ee1d80b"
"2556","0xf569946cd54e2879dd1143413e792be2287e991b","9.681282956555004525","9681282956555004525","51115422","0x970d060a433fa24e6d7dfa59a7a600385c5f51c85fac22a4e1aa33211ee1d80b"
"2557","0xc3b05dd20a14d4838c26f585cf3e9ac4d6e7affe","9.546349183035796903","9546349183035796903","51115422","0x970d060a433fa24e6d7dfa59a7a600385c5f51c85fac22a4e1aa33211ee1d80b"
"2558","0xae9854e69c2b4957bd434e8909461be0f95e7a90","9.477658221963593595","9477658221963593595","51115422","0x970d060a433fa24e6d7dfa59a7a600385c5f51c85fac22a4e1aa33211ee1d80b"
"2559","0xa4829170a2b346b4cd003e125fc2365344e439eb","9.471729604420536831","9471729604420536831","51115422","0x970d060a433fa24e6d7dfa59a7a600385c5f51c85fac22a4e1aa33211ee1d80b"
"2560","0x1893d2f9938d37968766ff2740a328f549838993","9.469607424919148138","9469607424919148138","51115422","0x970d060a433fa24e6d7dfa59a7a600385c5f51c85fac22a4e1aa33211ee1d80b"
"2561","0x30f0fd43212b707054d126778b9a0e0817a59012","9.23065890737690028","9230658907376900280","51115422","0x970d060a433fa24e6d7dfa59a7a600385c5f51c85fac22a4e1aa33211ee1d80b"
"2562","0xe6035b0c4c12f3a5910dcb032768641c95c3a2a4","9.213351977768673635","9213351977768673635","51115422","0x970d060a433fa24e6d7dfa59a7a600385c5f51c85fac22a4e1aa33211ee1d80b"
"2563","0x515273f20e4ad5a547ffd3cc7dde947f07d52bbd","9.184635146371564262","9184635146371564262","51115422","0x970d060a433fa24e6d7dfa59a7a600385c5f51c85fac22a4e1aa33211ee1d80b"
"2564","0x5117d51ea616f2d065e901249091f8ad93e9d884","9.097646782507465301","9097646782507465301","51115422","0x970d060a433fa24e6d7dfa59a7a600385c5f51c85fac22a4e1aa33211ee1d80b"
"2565","0x6f007a0fbfe7043c3451a9899c13f2e27a0b868b","8.726803322560538041","8726803322560538041","51115422","0x970d060a433fa24e6d7dfa59a7a600385c5f51c85fac22a4e1aa33211ee1d80b"
"2566","0x10ec9761f72c0cf24c9eade20099cce3cd496a65","8.625410573697892514","8625410573697892514","51115422","0x970d060a433fa24e6d7dfa59a7a600385c5f51c85fac22a4e1aa33211ee1d80b"
"2567","0xbd7277b69ba4ab3843d99338cc11a22aceb5d5c7","8.591604602084988041","8591604602084988041","51115422","0x970d060a433fa24e6d7dfa59a7a600385c5f51c85fac22a4e1aa33211ee1d80b"
"2568","0x50c1a419a66acbc07761dbe5ce487c30a580dfb7","8.529204942660843938","8529204942660843938","51115422","0x970d060a433fa24e6d7dfa59a7a600385c5f51c85fac22a4e1aa33211ee1d80b"
"2569","0x3184851a07f55c7573badd97a950566952287522","8.485760340381072354","8485760340381072354","51115422","0x970d060a433fa24e6d7dfa59a7a600385c5f51c85fac22a4e1aa33211ee1d80b"
"2570","0xc25d4f90fa02104132ddb864605d3c5b2076a081","8.448303488474282822","8448303488474282822","51115422","0x970d060a433fa24e6d7dfa59a7a600385c5f51c85fac22a4e1aa33211ee1d80b"
"2571","0x438ef5df153145a0d8b1c299c086ad541f6e31e5","8.43043767908030824","8430437679080308240","51115422","0x970d060a433fa24e6d7dfa59a7a600385c5f51c85fac22a4e1aa33211ee1d80b"
"2572","0x5c387654d51be9abc3e47da975a6113a0fceaabb","8.412130128828229056","8412130128828229056","51115422","0x970d060a433fa24e6d7dfa59a7a600385c5f51c85fac22a4e1aa33211ee1d80b"
"2573","0xac779d021d53c0ef9b90dc2ab5ac883ee8b35ee9","8.083906619980782644","8083906619980782644","51115422","0x970d060a433fa24e6d7dfa59a7a600385c5f51c85fac22a4e1aa33211ee1d80b"
"2574","0x4099aa1e6135006ce94ec16a646221aad89710ec","8.025023574219266493","8025023574219266493","51115422","0x970d060a433fa24e6d7dfa59a7a600385c5f51c85fac22a4e1aa33211ee1d80b"
"2575","0x5ed44cb56478eedeeb107360502af393eec14615","7.960402273695171085","7960402273695171085","51115422","0x970d060a433fa24e6d7dfa59a7a600385c5f51c85fac22a4e1aa33211ee1d80b"
"2576","0x0678ad3cd94b6682ea9be254ee814ab7b482700e","7.833556080904784428","7833556080904784428","51115422","0x970d060a433fa24e6d7dfa59a7a600385c5f51c85fac22a4e1aa33211ee1d80b"
"2577","0x6f50bdbedf9283c0746ade62949b736c43019372","7.679280650558071263","7679280650558071263","51115422","0x970d060a433fa24e6d7dfa59a7a600385c5f51c85fac22a4e1aa33211ee1d80b"
"2578","0xbc7a7b6bbed583946d4424002a378397b1ef386d","7.636149341664778487","7636149341664778487","51115422","0x970d060a433fa24e6d7dfa59a7a600385c5f51c85fac22a4e1aa33211ee1d80b"
"2579","0x062560e61b71c12fbda6894da84889b9178b4b17","7.395178010035247834","7395178010035247834","51115422","0x970d060a433fa24e6d7dfa59a7a600385c5f51c85fac22a4e1aa33211ee1d80b"
"2580","0x5d22e5006c5646899a9e02e19707ba10289a2884","6.669906403576499922","6669906403576499922","51115422","0x970d060a433fa24e6d7dfa59a7a600385c5f51c85fac22a4e1aa33211ee1d80b"
"2581","0x9c0f46573d07ec8b6c62c2c0129aea05b81f2f1a","6.304268240317488926","6304268240317488926","51115422","0x970d060a433fa24e6d7dfa59a7a600385c5f51c85fac22a4e1aa33211ee1d80b"
"2582","0x8fb13a2fe4e00b18df459e4612acd1daff7403d4","6.145264938574405712","6145264938574405712","51115422","0x970d060a433fa24e6d7dfa59a7a600385c5f51c85fac22a4e1aa33211ee1d80b"
"2583","0x88d702d4f6602fa6ee32afdfe7cf453d6d457dd2","5.985595751837478084","5985595751837478084","51115422","0x970d060a433fa24e6d7dfa59a7a600385c5f51c85fac22a4e1aa33211ee1d80b"
"2584","0x819d53007d3feb73e5332bdf1fd30886fe30c397","5.944547715832832405","5944547715832832405","51115422","0x970d060a433fa24e6d7dfa59a7a600385c5f51c85fac22a4e1aa33211ee1d80b"
"2585","0x9a3bf45d9f9ba2b95ced710f1f6706ac103d9439","5.856571544468579134","5856571544468579134","51115422","0x970d060a433fa24e6d7dfa59a7a600385c5f51c85fac22a4e1aa33211ee1d80b"
"2586","0xd3d27e0a6c4865ed3ce7aeae336bcf26603e9468","5.741715891550995953","5741715891550995953","51115422","0x970d060a433fa24e6d7dfa59a7a600385c5f51c85fac22a4e1aa33211ee1d80b"
"2587","0x08c671435f2bbb29a61c0d42455adcd3ee34023f","5.507248587236188468","5507248587236188468","51115422","0x970d060a433fa24e6d7dfa59a7a600385c5f51c85fac22a4e1aa33211ee1d80b"
"2588","0xb7e098c55e97c00f34007dbdfe81e635b5adc0bb","5.386587556545874983","5386587556545874983","51115422","0x970d060a433fa24e6d7dfa59a7a600385c5f51c85fac22a4e1aa33211ee1d80b"
"2589","0xa9e0cb4e0b385b7e740234735016b39014c6cb56","5.163585995967392162","5163585995967392162","51115422","0x970d060a433fa24e6d7dfa59a7a600385c5f51c85fac22a4e1aa33211ee1d80b"
"2590","0x1d17d3f4462e50f43df307b19100d394a599ddda","4.936302894223292912","4936302894223292912","51115422","0x970d060a433fa24e6d7dfa59a7a600385c5f51c85fac22a4e1aa33211ee1d80b"
"2591","0xda94d79707338d0f67a46aaa4a44ad192414880c","4.378833014593489955","4378833014593489955","51115422","0x970d060a433fa24e6d7dfa59a7a600385c5f51c85fac22a4e1aa33211ee1d80b"
"2592","0xf606c6d005245ce299f585596c651c9a7aa60792","4.364393432954103694","4364393432954103694","51115422","0x970d060a433fa24e6d7dfa59a7a600385c5f51c85fac22a4e1aa33211ee1d80b"
"2593","0xcad75b96193da5801056bb01085864bf7d4fddf3","4.360997681931657651","4360997681931657651","51115422","0x970d060a433fa24e6d7dfa59a7a600385c5f51c85fac22a4e1aa33211ee1d80b"
"2594","0x8f0fb154012b191912242c43756cf7c7b80af800","4.141911261571568582","4141911261571568582","51115422","0x970d060a433fa24e6d7dfa59a7a600385c5f51c85fac22a4e1aa33211ee1d80b"
"2595","0x8df7d6282fdabf44e59025b42c24468834f15921","3.961859564779102265","3961859564779102265","51115422","0x970d060a433fa24e6d7dfa59a7a600385c5f51c85fac22a4e1aa33211ee1d80b"
"2596","0xce4a20601e8c13c5070f14bb88a6354ae20b202d","3.849068463132698258","3849068463132698258","51115422","0x970d060a433fa24e6d7dfa59a7a600385c5f51c85fac22a4e1aa33211ee1d80b"
"2597","0x2f34e81f34294563e3a5a780adc1b83ea0d5d602","3.837466872591899009","3837466872591899009","51115422","0x970d060a433fa24e6d7dfa59a7a600385c5f51c85fac22a4e1aa33211ee1d80b"
"2598","0xf33adefa06beef4820fe6faa343af393944ae7f3","3.77102332318372854","3771023323183728540","51115422","0x970d060a433fa24e6d7dfa59a7a600385c5f51c85fac22a4e1aa33211ee1d80b"
"2599","0x41d3947599020fed10eac6b05c8134616b294a65","3.629745587026409738","3629745587026409738","51115422","0x970d060a433fa24e6d7dfa59a7a600385c5f51c85fac22a4e1aa33211ee1d80b"
"2600","0xf0d9a893315e45da5d2735b07d02391bc7b2c322","3.537062904085495692","3537062904085495692","51115422","0x970d060a433fa24e6d7dfa59a7a600385c5f51c85fac22a4e1aa33211ee1d80b"
"2601","0xdc8e76e6e8b634e9fecec782907665c04ea7b8b6","3.524605759672526544","3524605759672526544","51115422","0x970d060a433fa24e6d7dfa59a7a600385c5f51c85fac22a4e1aa33211ee1d80b"
"2602","0x3d968dfc11504654e2f69e24049dcddcea218b55","3.467064315324239256","3467064315324239256","51115422","0x970d060a433fa24e6d7dfa59a7a600385c5f51c85fac22a4e1aa33211ee1d80b"
"2603","0x9948e05c198b1a2bfdb7d5e22fece913baf8eb98","3.446219824452775597","3446219824452775597","51115422","0x970d060a433fa24e6d7dfa59a7a600385c5f51c85fac22a4e1aa33211ee1d80b"
"2604","0x416f59b171fd5cfdbe58a9aabc552239f4b64c91","3.424259016776666803","3424259016776666803","51115422","0x970d060a433fa24e6d7dfa59a7a600385c5f51c85fac22a4e1aa33211ee1d80b"
"2605","0x6961ffad3428e9ae1a498d901dc72e5e33833eca","3.357830726345522483","3357830726345522483","51115422","0x970d060a433fa24e6d7dfa59a7a600385c5f51c85fac22a4e1aa33211ee1d80b"
"2606","0xd3a1b8db6921b938b3626f2db02e2258d8d17bc3","3.325260120413404124","3325260120413404124","51115422","0x970d060a433fa24e6d7dfa59a7a600385c5f51c85fac22a4e1aa33211ee1d80b"
"2607","0xa9c98372d6e08a4816115f4df9409259651d0b50","3.315111506016392454","3315111506016392454","51115422","0x970d060a433fa24e6d7dfa59a7a600385c5f51c85fac22a4e1aa33211ee1d80b"
"2608","0x7e2fa00a33f4a0b4f323fcf76339865dc5ef31f8","3.289888149049752513","3289888149049752513","51115422","0x970d060a433fa24e6d7dfa59a7a600385c5f51c85fac22a4e1aa33211ee1d80b"
"2609","0x9e0584da53b86d13882b0daf40e499cbd33f1e5e","3.271891796737059398","3271891796737059398","51115422","0x970d060a433fa24e6d7dfa59a7a600385c5f51c85fac22a4e1aa33211ee1d80b"
"2610","0xc506d91e10203c48b1eddbda728886959165ced9","3.269415864544506173","3269415864544506173","51115422","0x970d060a433fa24e6d7dfa59a7a600385c5f51c85fac22a4e1aa33211ee1d80b"
"2611","0x56682a24f42007915804bcf366c5265749561bff","3.266807417651871737","3266807417651871737","51115422","0x970d060a433fa24e6d7dfa59a7a600385c5f51c85fac22a4e1aa33211ee1d80b"
"2612","0xd5287e4166f633ab982e5adb29240352d7eb94f8","3.26543312726399613","3265433127263996130","51115422","0x970d060a433fa24e6d7dfa59a7a600385c5f51c85fac22a4e1aa33211ee1d80b"
"2613","0x6de1d3a2b7ddf040b39f8f3eac363d7145cec3f1","3.264074061501554987","3264074061501554987","51115422","0x970d060a433fa24e6d7dfa59a7a600385c5f51c85fac22a4e1aa33211ee1d80b"
"2614","0xe95fb5d31bf99115ea41e0108e42208198b78962","3.262906073032698385","3262906073032698385","51115422","0x970d060a433fa24e6d7dfa59a7a600385c5f51c85fac22a4e1aa33211ee1d80b"
"2615","0x0cbf1879dbda7fe7d7af4a22d8012229151dd7ad","3.259127631538252987","3259127631538252987","51115422","0x970d060a433fa24e6d7dfa59a7a600385c5f51c85fac22a4e1aa33211ee1d80b"
"2616","0xb435cace8473f0433d34ea6a985713c1f84625d2","3.256514471607239471","3256514471607239471","51115422","0x970d060a433fa24e6d7dfa59a7a600385c5f51c85fac22a4e1aa33211ee1d80b"
"2617","0x650e690fa81393a44c963378476eecab03ce1eb0","3.254336491380318863","3254336491380318863","51115422","0x970d060a433fa24e6d7dfa59a7a600385c5f51c85fac22a4e1aa33211ee1d80b"
"2618","0xf43f3ac8c01b799c4b38ce6effaacefc1dd5bf99","3.237543166160000297","3237543166160000297","51115422","0x970d060a433fa24e6d7dfa59a7a600385c5f51c85fac22a4e1aa33211ee1d80b"
"2619","0x9df86e29460d13a9c96f85f8e78c1836158222a0","3.235353018599305123","3235353018599305123","51115422","0x970d060a433fa24e6d7dfa59a7a600385c5f51c85fac22a4e1aa33211ee1d80b"
"2620","0x8aea71d1398fc29a084521e9328b2d7bb37da47e","3.144681490815456234","3144681490815456234","51115422","0x970d060a433fa24e6d7dfa59a7a600385c5f51c85fac22a4e1aa33211ee1d80b"
"2621","0x8de398d7f73d9b7841eed7608a340876f8aa7c3b","3.103295545073730803","3103295545073730803","51115422","0x970d060a433fa24e6d7dfa59a7a600385c5f51c85fac22a4e1aa33211ee1d80b"
"2622","0x04040b13d1a396ea16a54495ea882d9d73447615","3.050446809832565555","3050446809832565555","51115422","0x970d060a433fa24e6d7dfa59a7a600385c5f51c85fac22a4e1aa33211ee1d80b"
"2623","0x027e217f83d099a8caa0cbe7c42abf5be32cd9fb","2.967846593863715963","2967846593863715963","51115422","0x970d060a433fa24e6d7dfa59a7a600385c5f51c85fac22a4e1aa33211ee1d80b"
"2624","0xfe0f4136733b6dba42e3dace007b0efe31f1dd5f","2.885839272626700065","2885839272626700065","51115422","0x970d060a433fa24e6d7dfa59a7a600385c5f51c85fac22a4e1aa33211ee1d80b"
"2625","0x4ace4d3964839e2cdba743a11764b017f1213fd4","2.682824216954819759","2682824216954819759","51115422","0x970d060a433fa24e6d7dfa59a7a600385c5f51c85fac22a4e1aa33211ee1d80b"
"2626","0x327358c0d99ff3731941955a9a7c6f43da3dbd8d","2.557693157915318296","2557693157915318296","51115422","0x970d060a433fa24e6d7dfa59a7a600385c5f51c85fac22a4e1aa33211ee1d80b"
"2627","0xd8037d111b486762111acfc41f4d2a961a8ab412","2.505172954426702994","2505172954426702994","51115422","0x970d060a433fa24e6d7dfa59a7a600385c5f51c85fac22a4e1aa33211ee1d80b"
"2628","0x10631ab956bd2fddb17d65252ca2bd03a2680b5b","2.472834991214107134","2472834991214107134","51115422","0x970d060a433fa24e6d7dfa59a7a600385c5f51c85fac22a4e1aa33211ee1d80b"
"2629","0xfed618487df926c7d260c1bf6d441a7473701b89","2.346836884259858217","2346836884259858217","51115422","0x970d060a433fa24e6d7dfa59a7a600385c5f51c85fac22a4e1aa33211ee1d80b"
"2630","0xb01da48df9c95145e4017c2d6834757fa5b7545d","2.263975390084658127","2263975390084658127","51115422","0x970d060a433fa24e6d7dfa59a7a600385c5f51c85fac22a4e1aa33211ee1d80b"
"2631","0xce98844b262ec87d4d7df138f342142f9023978a","2.255678628773435015","2255678628773435015","51115422","0x970d060a433fa24e6d7dfa59a7a600385c5f51c85fac22a4e1aa33211ee1d80b"
"2632","0xa7a8b45d70858040f961614bb3b24e189566b397","2.230985371829029936","2230985371829029936","51115422","0x970d060a433fa24e6d7dfa59a7a600385c5f51c85fac22a4e1aa33211ee1d80b"
"2633","0xa5b8f3dce07e8aa8812066babd0f1545da4e6649","2.183847307022321481","2183847307022321481","51115422","0x970d060a433fa24e6d7dfa59a7a600385c5f51c85fac22a4e1aa33211ee1d80b"
"2634","0x6b250ebb46c74d484e7367d6fd3fa59e009adb3e","2.100954388011048627","2100954388011048627","51115422","0x970d060a433fa24e6d7dfa59a7a600385c5f51c85fac22a4e1aa33211ee1d80b"
"2635","0x21941e2a5f6fb6321e77dcd6a190b15f1f3ce934","2.079167399388862201","2079167399388862201","51115422","0x970d060a433fa24e6d7dfa59a7a600385c5f51c85fac22a4e1aa33211ee1d80b"
"2636","0xa7213244d8c82a6c97d6a4e83e2a1c0b4d541448","2.074586436009489067","2074586436009489067","51115422","0x970d060a433fa24e6d7dfa59a7a600385c5f51c85fac22a4e1aa33211ee1d80b"
"2637","0x5ffe17b7f1f15b12df80a023d34d83f50cc076a7","2.031278291992524045","2031278291992524045","51115422","0x970d060a433fa24e6d7dfa59a7a600385c5f51c85fac22a4e1aa33211ee1d80b"
"2638","0xc59f0c8c4bc35ae93a4c027ee039bc2b604ac3a5","2.025472824905655361","2025472824905655361","51115422","0x970d060a433fa24e6d7dfa59a7a600385c5f51c85fac22a4e1aa33211ee1d80b"
"2639","0xabc15b31559c9a9ff3ecda8e2fedbf496feadff6","1.963171885085693492","1963171885085693492","51115422","0x970d060a433fa24e6d7dfa59a7a600385c5f51c85fac22a4e1aa33211ee1d80b"
"2640","0x5c4a76a429d499920ca05e9f4ca5f38716d37fe7","1.921926444224275031","1921926444224275031","51115422","0x970d060a433fa24e6d7dfa59a7a600385c5f51c85fac22a4e1aa33211ee1d80b"
"2641","0xb95ef940ae7dd2b9a3f6f49a3c8ed5e75191f1a6","1.577978707263226001","1577978707263226001","51115422","0x970d060a433fa24e6d7dfa59a7a600385c5f51c85fac22a4e1aa33211ee1d80b"
"2642","0x33191fd5f26549885b938e059b01f665c90f6db4","1.536543164693426833","1536543164693426833","51115422","0x970d060a433fa24e6d7dfa59a7a600385c5f51c85fac22a4e1aa33211ee1d80b"
"2643","0x0d9c209bd967695f601706dd7b0800b926b81391","1.5139207178802058","1513920717880205800","51115422","0x970d060a433fa24e6d7dfa59a7a600385c5f51c85fac22a4e1aa33211ee1d80b"
"2644","0x033396d433c87ff07652d4a258ea1f7bf4088f34","1.458047682247794773","1458047682247794773","51115422","0x970d060a433fa24e6d7dfa59a7a600385c5f51c85fac22a4e1aa33211ee1d80b"
"2645","0x451187382d6f3c5740196694a4645eb284afac75","1.405880482585645288","1405880482585645288","51115422","0x970d060a433fa24e6d7dfa59a7a600385c5f51c85fac22a4e1aa33211ee1d80b"
"2646","0x2d05c24ab7e27d9d38d5c2d4976a9c9afc9c2606","1.32805239660389175","1328052396603891750","51115422","0x970d060a433fa24e6d7dfa59a7a600385c5f51c85fac22a4e1aa33211ee1d80b"
"2647","0x9fbd4d230da608b3720f4a475fb1e198e3af170d","1.321163830701536613","1321163830701536613","51115422","0x970d060a433fa24e6d7dfa59a7a600385c5f51c85fac22a4e1aa33211ee1d80b"
"2648","0x3ab5d4a205361b6a1b169b826cd24b4cdd51b7f9","1.29057711850332278","1290577118503322780","51115422","0x970d060a433fa24e6d7dfa59a7a600385c5f51c85fac22a4e1aa33211ee1d80b"
"2649","0x120dcb7a777a04ec6a9cc0f6ec1d0ea31195a5f6","1.290292041514253424","1290292041514253424","51115422","0x970d060a433fa24e6d7dfa59a7a600385c5f51c85fac22a4e1aa33211ee1d80b"
"2650","0xd2c100561239414c286f687b9ba3a3f33ed7f311","1.222966913468053058","1222966913468053058","51115422","0x970d060a433fa24e6d7dfa59a7a600385c5f51c85fac22a4e1aa33211ee1d80b"
"2651","0xf35bbf292661d2cca098c36edb50bfc8a34450c1","1.176531826503889683","1176531826503889683","51115422","0x970d060a433fa24e6d7dfa59a7a600385c5f51c85fac22a4e1aa33211ee1d80b"
"2652","0x6428c2483c427be972cd47456b42900275abf05c","1.160818996248407904","1160818996248407904","51115422","0x970d060a433fa24e6d7dfa59a7a600385c5f51c85fac22a4e1aa33211ee1d80b"
"2653","0x49b6f79de9b16b9d0568a12f2c1a9c584afcd8c9","1.13241141849059527","1132411418490595270","51115422","0x970d060a433fa24e6d7dfa59a7a600385c5f51c85fac22a4e1aa33211ee1d80b"
"2654","0x13d644dd2655b810be253bab62857a7808f255d5","1.129290432109394967","1129290432109394967","51115422","0x970d060a433fa24e6d7dfa59a7a600385c5f51c85fac22a4e1aa33211ee1d80b"
"2655","0x2329817343770956c84ae45e35b3707ca24d62dd","1.129006461241577845","1129006461241577845","51115422","0x970d060a433fa24e6d7dfa59a7a600385c5f51c85fac22a4e1aa33211ee1d80b"
"2656","0x9f05967353c587de5455e665711a2e97c8c733f2","1.129006337575847782","1129006337575847782","51115422","0x970d060a433fa24e6d7dfa59a7a600385c5f51c85fac22a4e1aa33211ee1d80b"
"2657","0x709d327fa7a966f685a53261ddac7a2a7620afd7","1.129005767339425823","1129005767339425823","51115422","0x970d060a433fa24e6d7dfa59a7a600385c5f51c85fac22a4e1aa33211ee1d80b"
"2658","0xbd0a88db1223dc71fe03ca36209ef9965e65fe83","1.129005767339425823","1129005767339425823","51115422","0x970d060a433fa24e6d7dfa59a7a600385c5f51c85fac22a4e1aa33211ee1d80b"
"2659","0x1a86eeb4a5f7ba55537769f141175080e9f3878d","1.129004901679315379","1129004901679315379","51115422","0x970d060a433fa24e6d7dfa59a7a600385c5f51c85fac22a4e1aa33211ee1d80b"
"2660","0xd16c0544be660fed32136929ea671c0542b30990","1.129004750532311969","1129004750532311969","51115422","0x970d060a433fa24e6d7dfa59a7a600385c5f51c85fac22a4e1aa33211ee1d80b"
"2661","0x81f5633a94e287add4b51dec28fc33e42bb464f4","1.129004015408249925","1129004015408249925","51115422","0x970d060a433fa24e6d7dfa59a7a600385c5f51c85fac22a4e1aa33211ee1d80b"
"2662","0xf70bc7f73b5823978e6f2bc2ed298bcffd07b3ff","1.129004015408249925","1129004015408249925","51115422","0x970d060a433fa24e6d7dfa59a7a600385c5f51c85fac22a4e1aa33211ee1d80b"
"2663","0x377e51090e2ef3995f21d91401c96f7e51e9ea3a","1.129003919223793209","1129003919223793209","51115422","0x970d060a433fa24e6d7dfa59a7a600385c5f51c85fac22a4e1aa33211ee1d80b"
"2664","0xe050bc47fe44f25b8534862f75340a1ce8a3d4a6","1.129003149748139482","1129003149748139482","51115422","0x970d060a433fa24e6d7dfa59a7a600385c5f51c85fac22a4e1aa33211ee1d80b"
"2665","0x659a92b62ca7de275786127b85715737b314d27d","1.128962559907405358","1128962559907405358","51115422","0x970d060a433fa24e6d7dfa59a7a600385c5f51c85fac22a4e1aa33211ee1d80b"
"2666","0xc8489203792641df927eff89322559ab5ed38509","1.128718952159817243","1128718952159817243","51115422","0x970d060a433fa24e6d7dfa59a7a600385c5f51c85fac22a4e1aa33211ee1d80b"
"2667","0xe36d0bf1cb412dbe0174736860aade6ac20ecb7c","1.12871832696084859","1128718326960848590","51115422","0x970d060a433fa24e6d7dfa59a7a600385c5f51c85fac22a4e1aa33211ee1d80b"
"2668","0xa8072266bb73980576c50336ce1d38b387f0458d","1.128718258257665221","1128718258257665221","51115422","0x970d060a433fa24e6d7dfa59a7a600385c5f51c85fac22a4e1aa33211ee1d80b"
"2669","0x77b9562673cf45e23db4d73fdab1548a4c2a7750","1.128717571225831536","1128717571225831536","51115422","0x970d060a433fa24e6d7dfa59a7a600385c5f51c85fac22a4e1aa33211ee1d80b"
"2670","0x4fa41b799b0e2d4ae01bd3996b5124a6a45a8a07","1.127579097644550052","1127579097644550052","51115422","0x970d060a433fa24e6d7dfa59a7a600385c5f51c85fac22a4e1aa33211ee1d80b"
"2671","0x0529c1875a963935f8b8621ddba9d427aaafb6e6","1.09917749706369048","1099177497063690480","51115422","0x970d060a433fa24e6d7dfa59a7a600385c5f51c85fac22a4e1aa33211ee1d80b"
"2672","0x284522de155920e150d79fb24e2b845e3a33acd7","1.032260850664526014","1032260850664526014","51115422","0x970d060a433fa24e6d7dfa59a7a600385c5f51c85fac22a4e1aa33211ee1d80b"
"2673","0xddaf79cf778b2338d010206e15dc408065ada541","1.011191425570713805","1011191425570713805","51115422","0x970d060a433fa24e6d7dfa59a7a600385c5f51c85fac22a4e1aa33211ee1d80b"
"2674","0x574453c60e23add99e752f136173b5d4e3c474fb","0.998712694617530267","998712694617530267","51115422","0x970d060a433fa24e6d7dfa59a7a600385c5f51c85fac22a4e1aa33211ee1d80b"
"2675","0xeeeb643ed7a58d44f63e7822894b056cd1ce9310","0.995489718360619389","995489718360619389","51115422","0x970d060a433fa24e6d7dfa59a7a600385c5f51c85fac22a4e1aa33211ee1d80b"
"2676","0x5f04c0b98be7a698a6b037f9d386f7bacfab74fa","0.972780341409482162","972780341409482162","51115422","0x970d060a433fa24e6d7dfa59a7a600385c5f51c85fac22a4e1aa33211ee1d80b"
"2677","0x64d267e5cb935bfd82605eeec412c8e87051e124","0.972540010803740727","972540010803740727","51115422","0x970d060a433fa24e6d7dfa59a7a600385c5f51c85fac22a4e1aa33211ee1d80b"
"2678","0x3262f236a9d1099d3f6e53049b98d773a6b4ede6","0.972540010803740727","972540010803740727","51115422","0x970d060a433fa24e6d7dfa59a7a600385c5f51c85fac22a4e1aa33211ee1d80b"
"2679","0xd823cc413428ab6196d6162094dbd302e54ade11","0.967962585638311072","967962585638311072","51115422","0x970d060a433fa24e6d7dfa59a7a600385c5f51c85fac22a4e1aa33211ee1d80b"
"2680","0x03d28be91b0aebc11a55487bed12bfa0c08df8dc","0.96771844887621102","967718448876211020","51115422","0x970d060a433fa24e6d7dfa59a7a600385c5f51c85fac22a4e1aa33211ee1d80b"
"2681","0xcafe312b42bde71b5686b364b2b808c437c4eaa8","0.937324407885435877","937324407885435877","51115422","0x970d060a433fa24e6d7dfa59a7a600385c5f51c85fac22a4e1aa33211ee1d80b"
"2682","0x2339ef1a0ec78ded75a5b83560777e479c768987","0.933865930856574372","933865930856574372","51115422","0x970d060a433fa24e6d7dfa59a7a600385c5f51c85fac22a4e1aa33211ee1d80b"
"2683","0x8cb88c72b47f6406cd6437b40f5c4c210c3b3b46","0.78424587630714079","784245876307140790","51115422","0x970d060a433fa24e6d7dfa59a7a600385c5f51c85fac22a4e1aa33211ee1d80b"
"2684","0x4cb4c202a46422552bbc98ad3750c2f662eb5d3b","0.773360090493221525","773360090493221525","51115422","0x970d060a433fa24e6d7dfa59a7a600385c5f51c85fac22a4e1aa33211ee1d80b"
"2685","0xc15be9f0685c5d30a001977f8ec061391f5cfa0d","0.770002552181365056","770002552181365056","51115422","0x970d060a433fa24e6d7dfa59a7a600385c5f51c85fac22a4e1aa33211ee1d80b"
"2686","0x790963d8f988d21d7982013fa7edd2c986a2e818","0.762617798148085761","762617798148085761","51115422","0x970d060a433fa24e6d7dfa59a7a600385c5f51c85fac22a4e1aa33211ee1d80b"
"2687","0x4616275e7e80834458280ee623a7c035778098fa","0.691679157469434477","691679157469434477","51115422","0x970d060a433fa24e6d7dfa59a7a600385c5f51c85fac22a4e1aa33211ee1d80b"
"2688","0xb150e412ddcc7e49acda08315e8c5af7885a5f85","0.66264788534268404","662647885342684040","51115422","0x970d060a433fa24e6d7dfa59a7a600385c5f51c85fac22a4e1aa33211ee1d80b"
"2689","0x42cbfc7ff7da22f9e794097e1919efd1953896e2","0.626989827053167556","626989827053167556","51115422","0x970d060a433fa24e6d7dfa59a7a600385c5f51c85fac22a4e1aa33211ee1d80b"
"2690","0x5f5922e309827e00e8b70ae7bef64198a3f20ddd","0.625547238830705298","625547238830705298","51115422","0x970d060a433fa24e6d7dfa59a7a600385c5f51c85fac22a4e1aa33211ee1d80b"
"2691","0x1c864d90fd0771fd9a31954091386e68a7a16422","0.61372946685311865","613729466853118650","51115422","0x970d060a433fa24e6d7dfa59a7a600385c5f51c85fac22a4e1aa33211ee1d80b"
"2692","0xfcbd83a733d381776b76e1b9c8895d41016c2513","0.609196643794331841","609196643794331841","51115422","0x970d060a433fa24e6d7dfa59a7a600385c5f51c85fac22a4e1aa33211ee1d80b"
"2693","0x51a416a465408b5355faf4e4424a07456d0faaa6","0.586687488530485505","586687488530485505","51115422","0x970d060a433fa24e6d7dfa59a7a600385c5f51c85fac22a4e1aa33211ee1d80b"
"2694","0x197d65eeecf9393446ef4aa20a79b7ecb644566d","0.574305127532612996","574305127532612996","51115422","0x970d060a433fa24e6d7dfa59a7a600385c5f51c85fac22a4e1aa33211ee1d80b"
"2695","0x4d5aec7283cdd6adacf9174880cbf29dd492334b","0.566179409666704164","566179409666704164","51115422","0x970d060a433fa24e6d7dfa59a7a600385c5f51c85fac22a4e1aa33211ee1d80b"
"2696","0xcec69b83e2ff2d4ae957f8ffc11b3c6af8d12ada","0.545803158471170347","545803158471170347","51115422","0x970d060a433fa24e6d7dfa59a7a600385c5f51c85fac22a4e1aa33211ee1d80b"
"2697","0x2d96ea1786dbf70e2035e3dbce137508808b6767","0.532421468449292626","532421468449292626","51115422","0x970d060a433fa24e6d7dfa59a7a600385c5f51c85fac22a4e1aa33211ee1d80b"
"2698","0x27b00038bfa1286c0734b387a3d7681581410a8e","0.447866138510051584","447866138510051584","51115422","0x970d060a433fa24e6d7dfa59a7a600385c5f51c85fac22a4e1aa33211ee1d80b"
"2699","0xa285bac7a9432bf1ce39bddb7c9182a84a640550","0.423029188857631235","423029188857631235","51115422","0x970d060a433fa24e6d7dfa59a7a600385c5f51c85fac22a4e1aa33211ee1d80b"
"2700","0x7e5c3a62a35ddb900781c16322c3b159eed3f7e7","0.315589797253220155","315589797253220155","51115422","0x970d060a433fa24e6d7dfa59a7a600385c5f51c85fac22a4e1aa33211ee1d80b"
"2701","0x366f90ce923875d69e92f675f4cfb92a334ad8b2","0.314047932930790379","314047932930790379","51115422","0x970d060a433fa24e6d7dfa59a7a600385c5f51c85fac22a4e1aa33211ee1d80b"
"2702","0x29487fe67170c10bc294b812abc0361edb1dbc90","0.272316272770354533","272316272770354533","51115422","0x970d060a433fa24e6d7dfa59a7a600385c5f51c85fac22a4e1aa33211ee1d80b"
"2703","0xc6f089771479ecdf0931928876bc38a6ecf83147","0.257276397066285788","257276397066285788","51115422","0x970d060a433fa24e6d7dfa59a7a600385c5f51c85fac22a4e1aa33211ee1d80b"
"2704","0xa0af5c79b3de08a038e402718db129ef32daa1e2","0.170001808869955217","170001808869955217","51115422","0x970d060a433fa24e6d7dfa59a7a600385c5f51c85fac22a4e1aa33211ee1d80b"
"2705","0x752d25c162a699e637c77b543f8af2733191ca63","0.162451658793034536","162451658793034536","51115422","0x970d060a433fa24e6d7dfa59a7a600385c5f51c85fac22a4e1aa33211ee1d80b"
"2706","0x4ef6f9798712205a704e8d4e686f577700d5a1dc","0.160081295912045385","160081295912045385","51115422","0x970d060a433fa24e6d7dfa59a7a600385c5f51c85fac22a4e1aa33211ee1d80b"
"2707","0xdc2280e4148d2e1cb682d048f774448dc96b9102","0.152247332984629329","152247332984629329","51115422","0x970d060a433fa24e6d7dfa59a7a600385c5f51c85fac22a4e1aa33211ee1d80b"
"2708","0x8cbf72ba1b6a4028c0f5a60a543d61884323a21e","0.142828854798548317","142828854798548317","51115422","0x970d060a433fa24e6d7dfa59a7a600385c5f51c85fac22a4e1aa33211ee1d80b"
"2709","0xa11175402ff9ffd9c75eeabcc55c3ce6bfdaf350","0.139404763712962758","139404763712962758","51115422","0x970d060a433fa24e6d7dfa59a7a600385c5f51c85fac22a4e1aa33211ee1d80b"
"2710","0x50efc5f065ad1a7c705f05888de0b0f3e91b8b3a","0.139028400804151644","139028400804151644","51115422","0x970d060a433fa24e6d7dfa59a7a600385c5f51c85fac22a4e1aa33211ee1d80b"
"2711","0xc9750ae9f25aeb6dfeab369e514907ea0c24a3d8","0.056227653983686003","56227653983686003","51115422","0x970d060a433fa24e6d7dfa59a7a600385c5f51c85fac22a4e1aa33211ee1d80b"
"2712","0xf4836a89c27ecd5e58d7a0ffafbeb58fc52b7363","0.022784462660240687","22784462660240687","51115422","0x970d060a433fa24e6d7dfa59a7a600385c5f51c85fac22a4e1aa33211ee1d80b"
"2713","0x6fd65677deddb088fc523bb9a41f85edad71c585","0.022532033423908054","22532033423908054","51115422","0x970d060a433fa24e6d7dfa59a7a600385c5f51c85fac22a4e1aa33211ee1d80b"
"2714","0x837c0f678c1512b4e01e3c9b026a95cba9229418","0.017930424737932679","17930424737932679","51115422","0x970d060a433fa24e6d7dfa59a7a600385c5f51c85fac22a4e1aa33211ee1d80b"
"2715","0x0cdba086df31873256b122b3ac915c06da43e7cd","0.01184275932537778","11842759325377780","51115422","0x970d060a433fa24e6d7dfa59a7a600385c5f51c85fac22a4e1aa33211ee1d80b"
"2716","0xafb3fde713608d4276e63754f54298c050cf6620","0.00544318146032978","5443181460329780","51115422","0x970d060a433fa24e6d7dfa59a7a600385c5f51c85fac22a4e1aa33211ee1d80b"
"2717","0xe3bbe0c6ce44ef1b2d842158d59b5bdb4cb89451","0.003071733069043407","3071733069043407","51115422","0x970d060a433fa24e6d7dfa59a7a600385c5f51c85fac22a4e1aa33211ee1d80b"